Service,Average Response Time,Medium Response Time,Request Size,Request Type,Frequency,Size
/CatalogService/AddItem093afc98-7253-4399-9da7-deb797ca16c1,8.67931405082345,8.67931405082345,100000.0,1,0,2
/CatalogService/AddItem33fadafa-ba62-4626-bfae-d4a2f7ebecbe,12.71057315170765,12.71057315170765,100000.0,1,0,2
/CatalogService/AddItem345aa504-e573-457b-9a91-6771a23b8910,6.840378046035767,6.840378046035767,100000.0,1,0,2
/CatalogService/AddItem517a16a9-32f4-433f-97aa-3e295f113719,13.12952022999525,13.12952022999525,100000.0,1,0,2
/CatalogService/AddItem76b862c2-3044-496f-8953-76f2c0288d38,5.76244480907917,5.76244480907917,100000.0,1,0,2
/CatalogService/AddItema9f7208c-8081-4c83-b128-dc2ebcd8b85a,7.421816233545542,7.421816233545542,100000.0,1,0,2
/CatalogService/AddItemde92c299-0181-4bf1-9acb-453ebcbe1ad7,6.085267290472984,6.085267290472984,100000.0,1,0,2
/CatalogService/AddItemec4d021a-b0dc-4b97-8b03-bea331df49e1,10.635831393301487,10.635831393301487,100000.0,1,0,2
/CatalogService/GetItem27c584a3-976f-4595-a3c0-91dde153881d,9.708733763545752,9.708733763545752,3.0,1,0,2
/CatalogService/GetItem4a733612-dfc7-4985-aa6d-45d14c7bec78,7.4092489667236805,7.4092489667236805,3.0,1,0,2
/CatalogService/GetItem531d5551-205a-4e35-81dc-545fc40755a4,6.055058911442757,6.055058911442757,3.0,1,0,2
/CatalogService/GetItemb34c20e8-0cf6-4c05-9769-115038976b65,2.9538199305534363,2.9538199305534363,3.0,1,0,2
/CatalogService/GetItemc1335b77-c636-4f6c-85bc-9d24abe8d460,4.082439932972193,4.082439932972193,3.0,1,0,2
/CatalogService/GetItemc50e7045-0023-4a11-9ee0-66174ab5f87f,3.433173056691885,3.433173056691885,3.0,1,0,2
/CatalogService/GetItemc96c6f61-ed84-4a4d-be35-c088c09e00f9,3.8068308494985104,3.8068308494985104,3.0,1,0,2
/CatalogService/GetItemf501ded2-cfe1-43e3-b471-8e9a6a35f9cd,7.985007017850876,7.985007017850876,3.0,1,0,2
/CatalogService/UpdateItem02b469a1-7caf-444a-ad69-a47bed5a3ff3,15.635559801012278,15.635559801012278,100000.0,1,0,2
/CatalogService/UpdateItem15178d2a-073f-465a-97eb-f49ed5d2b948,11.41444407403469,11.41444407403469,100000.0,1,0,2
/CatalogService/UpdateItem24a5400f-c3e8-4bb8-a5ff-f89dda22d3b9,5.963917821645737,5.963917821645737,100000.0,1,0,2
/CatalogService/UpdateItem49818b38-9e5e-4677-aa9a-b91070a9cd86,14.765178319066763,14.765178319066763,100000.0,1,0,2
/CatalogService/UpdateItem6abb4f16-cbb9-4b9d-9173-eda4ec74ac33,10.02679392695427,10.02679392695427,100000.0,1,0,2
/CatalogService/UpdateItem82122464-e33e-4dd2-bbb8-3a2ba6f099af,18.86997139081359,18.86997139081359,100000.0,1,0,2
/CatalogService/UpdateItemb64e548f-2c25-4d4a-9217-bcb0f86a01d6,15.074210241436958,15.074210241436958,100000.0,1,0,2
/CatalogService/UpdateIteme7b0f473-9d12-48d9-8899-f22664577e6b,11.761602945625782,11.761602945625782,100000.0,1,0,2
/CustomerService/CreateCustomer14750006-c690-422a-8502-686f43aca23b,15.28061693534255,15.28061693534255,100000.0,1,0,2
/CustomerService/CreateCustomer1e39f361-9547-46d9-8e40-310ed5b865b4,25.15909494832158,25.15909494832158,100000.0,1,0,2
/CustomerService/CreateCustomer71a56fcb-8096-4904-9b3e-9c6ce053b76b,16.508302185684443,16.508302185684443,100000.0,1,0,2
/CustomerService/CreateCustomer78bc642c-9eae-4123-8bc8-c9084f2f71a5,24.530142080038786,24.530142080038786,100000.0,1,0,2
/CustomerService/CreateCustomerc27953e9-9982-48e1-9667-58a4a74f6c62,25.95320576801896,25.95320576801896,100000.0,1,0,2
/CustomerService/CreateCustomerc5ba6791-324c-4531-a09e-f19a7583319f,24.038988165557384,24.038988165557384,100000.0,1,0,2
/CustomerService/CreateCustomerda96bfe0-22a5-477f-a78c-32bfef264c36,17.53337401896715,17.53337401896715,100000.0,1,0,2
/CustomerService/CreateCustomerea14c5be-5df9-482a-a88b-6f6c2801dd96,25.240429677069187,25.240429677069187,100000.0,1,0,2
/CustomerService/UpdateCustomer06170097-6195-4124-a1fd-d2f2b93160a5,14.26181336864829,14.26181336864829,100000.0,1,0,2
/CustomerService/UpdateCustomer10899362-9e15-4725-8ee3-234216a1f365,22.142129950225353,22.142129950225353,100000.0,1,0,2
/CustomerService/UpdateCustomer50bb2045-a5a1-4b91-8d92-734a79895993,15.753290615975857,15.753290615975857,100000.0,1,0,2
/CustomerService/UpdateCustomera59fb327-4718-450d-9ec3-64b4e1b48be6,11.054153088480234,11.054153088480234,100000.0,1,0,2
/CustomerService/UpdateCustomera62cdd01-f4ab-465d-ae8b-0abb8f90377a,18.63508392125368,18.63508392125368,100000.0,1,0,2
/CustomerService/UpdateCustomerae59956b-6d4e-478d-baec-efcd7fe3f34c,7.807365152984858,7.807365152984858,100000.0,1,0,2
/CustomerService/UpdateCustomerc7230722-fd74-47a0-9a4a-32ac265dc72a,8.703005965799093,8.703005965799093,100000.0,1,0,2
/CustomerService/UpdateCustomerd51e2aea-386b-4051-9040-6ae80422c020,9.521396830677986,9.521396830677986,100000.0,1,0,2
/CustomerService/getCustomer112ebdcf-7312-4d7c-83f3-d459a28a6d6b,8.051505777984858,8.051505777984858,2.0,1,0,2
/CustomerService/getCustomer332e9d25-3e33-408a-98d9-0b8f04e72a9c,3.296376671642065,3.296376671642065,2.0,1,0,2
/CustomerService/getCustomer36573ada-3833-4d67-9e19-cd9efc631f09,5.384654272347689,5.384654272347689,2.0,1,0,2
/CustomerService/getCustomer52011a7d-70dc-456a-aa6d-b3177564ff5a,5.0869653932750225,5.0869653932750225,2.0,1,0,2
/CustomerService/getCustomerc866273d-ac0d-493a-8333-a227dc5190ae,8.520668838173151,8.520668838173151,2.0,1,0,2
/CustomerService/getCustomere47e9f5d-781c-48a0-9d07-394e568d9e4f,7.194115314632654,7.194115314632654,2.0,1,0,2
/CustomerService/getCustomere8b43e4b-17e2-45da-8968-3bb56d37a375,8.12687398865819,8.12687398865819,2.0,1,0,2
/CustomerService/getCustomerffcd9591-b3a7-4742-9921-0f4e7df9b2cf,3.8828952237963676,3.8828952237963676,2.0,1,0,2
/OrderService/CreateOrder23e86c10-bba4-4ab5-8eeb-b3b214b3c528,6.381950806826353,6.381950806826353,100000.0,1,0,2
/OrderService/CreateOrder45108089-8ea4-4169-be0a-b2019070dd76,11.18498481810093,11.18498481810093,100000.0,1,0,2
/OrderService/CreateOrder51cb27b1-b8ad-4861-9c6a-4c5b65895d5c,16.087083145976067,16.087083145976067,100000.0,1,0,2
/OrderService/CreateOrder5f4d3b75-28b6-405b-b649-6d6735f9b9fb,12.377751059830189,12.377751059830189,100000.0,1,0,2
/OrderService/CreateOrder898585d8-7f6e-4ba1-b104-fb1cb5e6fa4e,16.66958723217249,16.66958723217249,100000.0,1,0,2
/OrderService/CreateOrder9f0669ce-27de-4e6d-9307-1d41f25e70e2,7.263320963829756,7.263320963829756,100000.0,1,0,2
/OrderService/CreateOrderd88c94e9-ee0f-4030-9598-9ce3b90f767d,5.400105379521847,5.400105379521847,100000.0,1,0,2
/OrderService/CreateOrderfea2f560-8cc1-4b3b-98ff-42b3cb71bdc5,8.378345053642988,8.378345053642988,100000.0,1,0,2
/OrderService/GetOrder18bb69a5-b231-4f61-b3e2-63dfeb507bd6,9.901848156005144,9.901848156005144,3.0,1,0,2
/OrderService/GetOrder39ac1479-71fe-4c11-957b-54cdccc366fa,5.22532407194376,5.22532407194376,3.0,1,0,2
/OrderService/GetOrder3d2aff87-692a-4f07-842a-9d32b69e4f9c,2.15713307261467,2.15713307261467,3.0,1,0,2
/OrderService/GetOrder48db86a4-db82-4592-b88e-065c73499ff3,9.840040002018213,9.840040002018213,3.0,1,0,2
/OrderService/GetOrder7d82db75-8fca-43b1-b416-d1dfb11d2c73,3.6900420673191547,3.6900420673191547,3.0,1,0,2
/OrderService/GetOrder9a86d35f-2877-4c2f-b894-521ec2e38715,5.2531505934894085,5.2531505934894085,3.0,1,0,2
/OrderService/GetOrderdfc953b7-e5f7-4a2c-a226-38daacd7c8c8,3.1021013855934143,3.1021013855934143,3.0,1,0,2
/OrderService/GetOrdere6f846cd-8379-4236-b942-152d7f7aba06,5.257660988718271,5.257660988718271,3.0,1,0,2
Aggregated,10.62575020478107,9.0,62501.0,-1,0,2
