Service,Average Response Time,Medium Response Time,Request Size,Request Type,Frequency,Size
/CatalogService/AddItem0311336e-4160-4932-9af4-c77d330c5346,3.007369115948677,3.007369115948677,50.0,1,0,0
/CatalogService/AddItem1a39719c-70e9-41e2-95b2-9a5d9fe949e7,3.6596860736608505,3.6596860736608505,50.0,1,0,0
/CatalogService/AddItem46db2e79-5e37-4979-8984-8c0c6a5dd084,4.063490312546492,4.063490312546492,50.0,1,0,0
/CatalogService/AddItem4ba55884-3798-4683-833a-c91ba617a319,2.3176646791398525,2.3176646791398525,50.0,1,0,0
/CatalogService/AddItemb1c777cf-dba8-4ac8-bced-bad478cd4a0f,6.134000141173601,6.134000141173601,50.0,1,0,0
/CatalogService/AddItemc856dd5a-1f93-4ac8-b918-91fe4135f9a6,5.074245389550924,5.074245389550924,50.0,1,0,0
/CatalogService/AddItemee7920ef-0b17-422b-a0ac-8e4ae4e871fd,17.22368272021413,17.22368272021413,50.0,1,0,0
/CatalogService/AddItemf68c6a95-fca2-402f-a4e0-c341ab72d5d4,7.06434715539217,7.06434715539217,50.0,1,0,0
/CatalogService/GetItem15643efd-3741-439b-be06-21884ff64529,13.26625095680356,13.26625095680356,3.0,1,0,0
/CatalogService/GetItem2a6ffa6c-2b14-43a7-9ac0-253a843fd8ce,6.9290874525904655,6.9290874525904655,3.0,1,0,0
/CatalogService/GetItem4108b9dd-a543-45a8-a1c7-31cb6d385dbd,7.0944190956652164,7.0944190956652164,3.0,1,0,0
/CatalogService/GetItem54971eaf-dd76-41f8-a0c8-8b862719b281,4.4565349817276,4.4565349817276,3.0,1,0,0
/CatalogService/GetItem576d1f08-b622-4e17-912b-247550bed21b,5.9791686944663525,5.9791686944663525,3.0,1,0,0
/CatalogService/GetItema01004f5-fb43-497b-a627-a61603e9ced6,4.644116852432489,4.644116852432489,2.0,1,0,0
/CatalogService/GetItemc3ea4700-7921-4f96-987b-375dfeba1bf9,15.439390204846859,15.439390204846859,3.0,1,0,0
/CatalogService/GetIteme6e7a282-0dd8-4334-ba93-3d59b38e8a46,2.205049153417349,2.205049153417349,3.0,1,0,0
/CatalogService/UpdateItem17769a4c-d991-4aab-af4b-ab82bae511ca,7.728044874966145,7.728044874966145,50.0,1,0,0
/CatalogService/UpdateItem18854386-6d60-45fc-a104-5af7a6c333d3,12.070280034095049,12.070280034095049,50.0,1,0,0
/CatalogService/UpdateItem2e1fc61b-5b92-400a-b380-ff038ab7732b,4.911036696285009,4.911036696285009,50.0,1,0,0
/CatalogService/UpdateItem50befe37-fd69-4554-a6ac-79ed2df4de09,8.163653314113617,8.163653314113617,50.0,1,0,0
/CatalogService/UpdateItem81c73dac-1e05-4baf-893d-7800bde520a8,7.951674051582813,7.951674051582813,50.0,1,0,0
/CatalogService/UpdateItema143954d-ac5f-403e-b41f-4621dc8394e2,13.520033098757267,13.520033098757267,50.0,1,0,0
/CatalogService/UpdateItemdce2ef45-99a2-4dfd-96a6-1534a226e82a,6.217997055500746,6.217997055500746,50.0,1,0,0
/CatalogService/UpdateItemdd184db6-41aa-448a-87dd-448fdf99637e,8.737309835851192,8.737309835851192,50.0,1,0,0
/CustomerService/CreateCustomer13aa7ae8-01b3-415f-8d06-8c22c5b233d2,14.888253062963486,14.888253062963486,50.0,1,0,0
/CustomerService/CreateCustomer1f4b7d05-56c9-40ab-af94-47e98dea7e9f,22.48309087008238,22.48309087008238,50.0,1,0,0
/CustomerService/CreateCustomer2de0306e-7399-44ea-b77e-1826ba6dc7f3,16.246055252850056,16.246055252850056,50.0,1,0,0
/CustomerService/CreateCustomer382b7834-b828-4817-8285-83fbcc04cb28,22.31368888169527,22.31368888169527,50.0,1,0,0
/CustomerService/CreateCustomer94483469-27c6-4a41-8401-5519a9b5b547,14.718098100274801,14.718098100274801,50.0,1,0,0
/CustomerService/CreateCustomera653a268-bec8-4c71-b2fa-12eb90089001,15.758020337671041,15.758020337671041,50.0,1,0,0
/CustomerService/CreateCustomera6a7f760-18f6-432d-8351-42f9cf818d98,15.749614220112562,15.749614220112562,50.0,1,0,0
/CustomerService/CreateCustomerd99eb272-bef7-4c36-b306-50b88f7dc22e,20.36444703117013,20.36444703117013,50.0,1,0,0
/CustomerService/UpdateCustomer081c6c83-c41e-4ffe-ba80-02d1172c5be6,10.652703698724508,10.652703698724508,50.0,1,0,0
/CustomerService/UpdateCustomer2169c07d-06d2-47e1-bd94-a0dc59e21e3c,17.165015917271376,17.165015917271376,50.0,1,0,0
/CustomerService/UpdateCustomer37f66aca-5332-4d31-affe-011705b3ca2e,12.950843200087547,12.950843200087547,50.0,1,0,0
/CustomerService/UpdateCustomera3230a98-5cac-47f7-ba2c-45a5f02c77ae,17.085773404687643,17.085773404687643,50.0,1,0,0
/CustomerService/UpdateCustomera689cb24-f7b1-4554-aed0-e11d58af200d,12.141057755798101,12.141057755798101,50.0,1,0,0
/CustomerService/UpdateCustomerc76fd50d-ec05-4ca8-9ab8-450501d32226,10.588678997009993,10.588678997009993,50.0,1,0,0
/CustomerService/UpdateCustomereb5bd3fe-dab1-4680-b9bc-88e34536616d,9.27783502265811,9.27783502265811,50.0,1,0,0
/CustomerService/UpdateCustomerffe9fd0c-8129-4059-a7be-bfd489d1b465,17.07167411223054,17.07167411223054,50.0,1,0,0
/CustomerService/getCustomer146b20df-ab10-49d5-84c7-44f14347174a,6.20070518925786,6.20070518925786,2.0,1,0,0
/CustomerService/getCustomer29cd34e9-0fb7-4f47-8dbe-9509da934e9f,4.861646331846714,4.861646331846714,2.0,1,0,0
/CustomerService/getCustomer441e2afd-9212-4cab-8467-3d317dd6d26a,6.988723762333393,6.988723762333393,2.0,1,0,0
/CustomerService/getCustomer4516f4de-7ec2-43c9-a3c6-d24f7127aa5e,8.48654704168439,8.48654704168439,2.0,1,0,0
/CustomerService/getCustomerae838e3d-90b2-4951-aa06-f61085240c8c,3.1236722134053707,3.1236722134053707,2.0,1,0,0
/CustomerService/getCustomerc08ac523-2d62-4a48-90ff-c1771b597e4c,6.2021529302001,6.2021529302001,2.0,1,0,0
/CustomerService/getCustomerc5b7167f-7274-4015-862b-646a47fb4c70,2.552181947976351,2.552181947976351,2.0,1,0,0
/CustomerService/getCustomerfbb08817-3f44-4333-bf73-a426366ff65b,4.838760942220688,4.838760942220688,2.0,1,0,0
/OrderService/CreateOrder051744c2-636b-4eeb-bccd-28998cbe8f94,7.428458891808987,7.428458891808987,50.0,1,0,0
/OrderService/CreateOrder16738b0f-2510-4526-91ee-dc21ee28527a,5.368086975067854,5.368086975067854,50.0,1,0,0
/OrderService/CreateOrder2ca4852b-e438-443f-a31b-5ba67b5b68bf,3.1698145903646946,3.1698145903646946,50.0,1,0,0
/OrderService/CreateOrder33754dbb-eadd-4d99-aed3-bf59eff96a07,6.504375021904707,6.504375021904707,50.0,1,0,0
/OrderService/CreateOrder6ff82408-2e0c-4bac-84b4-8aa16473fd68,4.021951928734779,4.021951928734779,50.0,1,0,0
/OrderService/CreateOrder9ff38c8d-7ced-47e0-b018-0f6a14883135,4.589359741657972,4.589359741657972,50.0,1,0,0
/OrderService/CreateOrderddf071a4-aeef-4bd0-8b13-f5a60235f8cf,1.7974316142499447,1.7974316142499447,50.0,1,0,0
/OrderService/CreateOrderf96bf642-8dc5-4dfd-aebe-edf7f5bf13f0,3.775348886847496,3.775348886847496,50.0,1,0,0
/OrderService/GetOrder0c3e644e-75e9-4f4c-b8b9-706035ab9f59,4.2878626845777035,4.2878626845777035,3.0,1,0,0
/OrderService/GetOrder3e9028cd-bbe3-496f-b91f-6ec8bdd870e3,2.9382319189608097,2.9382319189608097,3.0,1,0,0
/OrderService/GetOrder62393260-210f-41b7-9718-a7936ea07db4,7.227799855172634,7.227799855172634,3.0,1,0,0
/OrderService/GetOrder71b36cb3-bac2-4180-ac62-f8cc333d18bd,3.5221772268414497,3.5221772268414497,3.0,1,0,0
/OrderService/GetOrdera4dd549f-3859-481a-bfd4-b199bbea8199,3.1601497903466225,3.1601497903466225,3.0,1,0,0
/OrderService/GetOrderb24b79a2-1fec-4a73-8af0-f9375cb89065,2.6345630176365376,2.6345630176365376,3.0,1,0,0
/OrderService/GetOrderb6b8fa82-ac4c-43c0-81ab-9f7bfccda835,1.1556567624211311,1.1556567624211311,3.0,1,0,0
/OrderService/GetOrderc7ed302e-d247-4ec8-a57e-0dca1ba7c450,2.0221900194883347,2.0221900194883347,3.0,1,0,0
Aggregated,8.346425485797226,7.0,32.234375,-1,0,0
