Service,Average Response Time,Medium Response Time,Request Size,Request Type,Frequency,Size
/CatalogService/AddItem02c9ecde-9e16-4758-a2f9-13998d4d2732,8.27424880117178,8.27424880117178,50.0,1,1,0
/CatalogService/AddItem068c0130-78f5-4a34-83b9-40a84e49c0b3,2.9135551303625107,2.9135551303625107,50.0,1,1,0
/CatalogService/AddItem06ff643e-d469-44f8-9649-fd9683082204,11.602019891142845,11.602019891142845,50.0,1,1,0
/CatalogService/AddItem082f501f-c5eb-41be-b2bb-e5689841a65c,12.4022769741714,12.4022769741714,50.0,1,1,0
/CatalogService/AddItem095fada7-e4af-4365-80a6-ed4d5f91e529,7.672952953726053,7.672952953726053,50.0,1,1,0
/CatalogService/AddItem09659231-63a7-4c6e-9696-17524e764b7e,10.662307031452656,10.662307031452656,50.0,1,1,0
/CatalogService/AddItem09d2dcfd-70f5-48de-a664-ffcbc0fbc808,10.13322127982974,10.13322127982974,50.0,1,1,0
/CatalogService/AddItem0a92391e-431c-49e8-8ac9-e4bc94dafd57,22.044654935598373,22.044654935598373,50.0,1,1,0
/CatalogService/AddItem0ba17cf8-b85d-4fa1-ae2c-f64d7d3b75ee,14.806624036282301,14.806624036282301,50.0,1,1,0
/CatalogService/AddItem0f67a393-121b-4677-a3a2-9cf37bc6c402,2.0931269973516464,2.0931269973516464,50.0,1,1,0
/CatalogService/AddItem0fa21912-0bf9-41ae-a910-671298de6665,12.38781725987792,12.38781725987792,50.0,1,1,0
/CatalogService/AddItem0fd29328-57c7-442d-9c9a-e7886fdbca11,10.242754593491554,10.242754593491554,50.0,1,1,0
/CatalogService/AddItem0fd3b6af-9abf-4546-936b-7baf278e0c80,4.0145087987184525,4.0145087987184525,50.0,1,1,0
/CatalogService/AddItem1012d970-f92e-4f6a-8efb-16a8f1bfab15,5.2926610223948956,5.2926610223948956,50.0,1,1,0
/CatalogService/AddItem103d0353-fad9-4fa6-a316-89ba1c49d072,2.2139600478112698,2.2139600478112698,50.0,1,1,0
/CatalogService/AddItem10adf91e-fd31-406f-b5a0-c56b9930312d,14.45805188268423,14.45805188268423,50.0,1,1,0
/CatalogService/AddItem11b8e085-4305-4b54-bbbc-5e7624852737,14.001219067722559,14.001219067722559,50.0,1,1,0
/CatalogService/AddItem162f48fe-0376-4d68-ba5e-dbfd52935f51,20.89518867433071,20.89518867433071,50.0,1,1,0
/CatalogService/AddItem1bd55691-d48d-44c2-b417-11247b7b14e9,22.565267980098724,22.565267980098724,50.0,1,1,0
/CatalogService/AddItem1ee582f9-ae95-4256-9736-1982c8b0f8cb,1.8882337026298046,1.8882337026298046,50.0,1,1,0
/CatalogService/AddItem24ae24ac-4a71-4f6d-a91a-31152af5a8ba,11.4039471372962,11.4039471372962,50.0,1,1,0
/CatalogService/AddItem2efcd21d-a2f8-426e-b3d2-40faf6543763,21.608849987387657,21.608849987387657,50.0,1,1,0
/CatalogService/AddItem35ab1675-78aa-43ca-aed0-6e08c1ec6fc6,16.048850025981665,16.048850025981665,50.0,1,1,0
/CatalogService/AddItem38dd9080-f8a5-4b3f-96e8-7cb995ffb947,11.019899044185877,11.019899044185877,50.0,1,1,0
/CatalogService/AddItem3d990bcf-a7ee-4d63-99e1-8a3a0fda0305,3.9999419823288918,3.9999419823288918,50.0,1,1,0
/CatalogService/AddItem3d9c64c3-3d97-47b4-a84a-3df2ee6fa964,11.127064004540443,11.127064004540443,50.0,1,1,0
/CatalogService/AddItem3e60057c-10f0-47b8-ba0e-15e6b446dbf2,11.714327149093151,11.714327149093151,50.0,1,1,0
/CatalogService/AddItem426b7c23-3155-4533-899c-c508308d91bf,3.940130118280649,3.940130118280649,50.0,1,1,0
/CatalogService/AddItem43401d81-6f4f-4f71-9fed-6450788dd41b,15.68362582474947,15.68362582474947,50.0,1,1,0
/CatalogService/AddItem44c3575a-7720-475b-b792-21818872a181,2.361973747611046,2.361973747611046,50.0,1,1,0
/CatalogService/AddItem46451afc-aaf1-475f-8295-63cb420fcad4,10.288752149790525,10.288752149790525,50.0,1,1,0
/CatalogService/AddItem46f558f1-9eec-4461-9711-5dc9087450e7,2.166710328310728,2.166710328310728,50.0,1,1,0
/CatalogService/AddItem47699d0c-c28e-4f87-abbc-58e7609f9da9,10.084721259772778,10.084721259772778,50.0,1,1,0
/CatalogService/AddItem4917d724-6b81-43dc-8404-f42c8545afe4,2.82606715336442,2.82606715336442,50.0,1,1,0
/CatalogService/AddItem4c9d16ce-da52-4a5b-9e07-b9964c3a0240,15.191526152193546,15.191526152193546,50.0,1,1,0
/CatalogService/AddItem521be911-825b-49f1-8155-80ced973809f,15.615542884916067,15.615542884916067,50.0,1,1,0
/CatalogService/AddItem55dba3d2-05ae-4ae9-814b-c0df1cc9bb34,22.0402330160141,22.0402330160141,50.0,1,1,0
/CatalogService/AddItem5ae49ca9-ddcb-4ce9-9e68-1e69bd11bd9a,15.12177288532257,15.12177288532257,50.0,1,1,0
/CatalogService/AddItem5b8dff38-b80d-4f93-ac0c-9db9324b23f1,12.723532039672136,12.723532039672136,50.0,1,1,0
/CatalogService/AddItem62481ff4-b870-4c23-8dda-988defcf89c0,8.272838778793812,8.272838778793812,50.0,1,1,0
/CatalogService/AddItem6486844f-a896-4082-8dae-7827fbb2b5cc,9.714769665151834,9.714769665151834,50.0,1,1,0
/CatalogService/AddItem68b79720-8b64-4785-87d3-8131450a01eb,15.163091011345387,15.163091011345387,50.0,1,1,0
/CatalogService/AddItem7bd75536-2bd3-4b16-b4d3-5db9b220e244,4.203307908028364,4.203307908028364,50.0,1,1,0
/CatalogService/AddItem7da48ef2-7092-406e-86db-50ecb17beba0,8.237011730670929,8.237011730670929,50.0,1,1,0
/CatalogService/AddItem81e73cb6-6f16-46b3-955d-fecf609e0a8f,11.568690650165081,11.568690650165081,50.0,1,1,0
/CatalogService/AddItem87973839-f880-460d-9ed5-bcf518287f2a,16.45788736641407,16.45788736641407,50.0,1,1,0
/CatalogService/AddItem880f4788-61cd-4984-b532-5965abed4c49,3.656423185020685,3.656423185020685,50.0,1,1,0
/CatalogService/AddItem88951570-bb79-40b7-916d-e1711ed25d26,2.733235713094473,2.733235713094473,50.0,1,1,0
/CatalogService/AddItem901749f0-3045-4ece-b10a-4824e0825bf9,18.462995998561382,18.462995998561382,50.0,1,1,0
/CatalogService/AddItem93707d92-ddab-42da-90f0-12f7195d63d7,10.8173293992877,10.8173293992877,50.0,1,1,0
/CatalogService/AddItem9a66e3bc-a63b-4896-bf7a-f66a02a4a696,7.827750872820616,7.827750872820616,50.0,1,1,0
/CatalogService/AddItem9d3022c0-091b-4932-94f1-e457a16c9000,2.990203909575939,2.990203909575939,50.0,1,1,0
/CatalogService/AddItem9e21e0ed-2655-4669-ba6e-7e145eda5d8c,4.473010078072548,4.473010078072548,50.0,1,1,0
/CatalogService/AddItema3f8ea05-c59f-428e-a171-d7cbb840da1e,11.418913956731558,11.418913956731558,50.0,1,1,0
/CatalogService/AddItema68e607e-5a6a-4f8b-9638-75ebf0fa4402,16.609455924481153,16.609455924481153,50.0,1,1,0
/CatalogService/AddItema7a31fab-c06b-448c-93f4-5ad85eec4ed3,5.086306948214769,5.086306948214769,50.0,1,1,0
/CatalogService/AddItema805e029-92f6-4fe1-b157-27b317bb4447,11.176053900271654,11.176053900271654,50.0,1,1,0
/CatalogService/AddItemaea66ab0-9601-45f9-ac78-77750f9d5d4c,9.677175898104906,9.677175898104906,50.0,1,1,0
/CatalogService/AddItemb1f0983d-c80f-4371-840b-bd07425b0645,14.780680648982525,14.780680648982525,50.0,1,1,0
/CatalogService/AddItemb2819332-f3e4-47b8-8c9e-531d29adb4ad,6.031498312950134,6.031498312950134,50.0,1,1,0
/CatalogService/AddItembe8e2e5a-eeb3-4e7b-a84b-749a0a4dc5ea,4.863451234996319,4.863451234996319,50.0,1,1,0
/CatalogService/AddItembeb597ae-f682-4362-88a9-cf76681d16cb,5.3458488546311855,5.3458488546311855,50.0,1,1,0
/CatalogService/AddItembf90f244-a0c3-4e37-b79e-727347ea7556,7.365318946540356,7.365318946540356,50.0,1,1,0
/CatalogService/AddItemc44ef1ec-c372-47cc-a884-dc63d1c86013,8.291896432638168,8.291896432638168,50.0,1,1,0
/CatalogService/AddItemc7b5f089-de5e-4ed2-9342-0cf8b3a6062c,4.285646136850119,4.285646136850119,50.0,1,1,0
/CatalogService/AddItemcb5f497f-61ba-475f-91e7-1278c40bd0b0,7.206438109278679,7.206438109278679,50.0,1,1,0
/CatalogService/AddItemd41ddd56-3136-4bef-bf3a-1c0265d79cc2,15.207752119749784,15.207752119749784,50.0,1,1,0
/CatalogService/AddItemd93474e2-f74b-4a45-891d-0c345e7ad3c9,14.825889840722084,14.825889840722084,50.0,1,1,0
/CatalogService/AddItemd976d8c5-292b-4c67-b3da-e0438905aceb,7.355690002441406,7.355690002441406,50.0,1,1,0
/CatalogService/AddItemdf2cb06f-9563-438a-95d4-e3ec195d3f0e,7.774204947054386,7.774204947054386,50.0,1,1,0
/CatalogService/AddIteme214380c-c660-4371-91cb-f7c19cc7c5bb,9.168599266558886,9.168599266558886,50.0,1,1,0
/CatalogService/AddIteme27fb134-1ef8-46a6-9ae5-8e8ffddd6d2d,2.2014868445694447,2.2014868445694447,50.0,1,1,0
/CatalogService/AddIteme2a64a78-c17d-499d-923a-37bfdf3ff309,1.9284123554825783,1.9284123554825783,50.0,1,1,0
/CatalogService/AddIteme329f9ea-db6a-4596-ad08-24d9b9ffa57a,2.5646667927503586,2.5646667927503586,50.0,1,1,0
/CatalogService/AddIteme3a89867-1c6b-4854-84e1-0c78fb6dad85,16.34753542020917,16.34753542020917,50.0,1,1,0
/CatalogService/AddItemf3fd024c-14e0-4a14-aaab-538e4ed06044,8.118896279484034,8.118896279484034,50.0,1,1,0
/CatalogService/AddItemf4069384-e3db-4ae2-8219-f06ddca277de,7.640368305146694,7.640368305146694,50.0,1,1,0
/CatalogService/AddItemf7f66409-9f9e-4d4f-8986-8a3b87f9e955,8.255915250629187,8.255915250629187,50.0,1,1,0
/CatalogService/AddItemff727176-75e3-471a-b396-a94e76aa44cc,14.95372736826539,14.95372736826539,50.0,1,1,0
/CatalogService/AddItemffc94e20-3942-4495-b054-ed30c78c0195,11.916915886104107,11.916915886104107,50.0,1,1,0
/CatalogService/GetItem00194e92-454a-4825-b222-2900837ecc78,4.993701819330454,4.993701819330454,3.0,1,1,0
/CatalogService/GetItem0119ad62-948f-4bc4-9e94-76bcfa6094ff,7.5946468859910965,7.5946468859910965,3.0,1,1,0
/CatalogService/GetItem09d14176-a15f-44f5-b79b-c1ea27fdee80,2.8776037506759167,2.8776037506759167,3.0,1,1,0
/CatalogService/GetItem0b405d91-890c-43b9-a726-ae7d3695f209,6.34719617664814,6.34719617664814,3.0,1,1,0
/CatalogService/GetItem0e3c4efa-d9b5-4525-b4c1-ce9980a31aa4,7.096356246620417,7.096356246620417,3.0,1,1,0
/CatalogService/GetItem0e70f104-fe34-449d-b0c0-b791fd79cce0,2.493572887033224,2.493572887033224,3.0,1,1,0
/CatalogService/GetItem18c8b600-6150-4426-97ae-1818138405e6,2.647144254297018,2.647144254297018,3.0,1,1,0
/CatalogService/GetItem29d57a9e-f302-404e-8bd0-a20cc0f0f48d,4.604665096849203,4.604665096849203,3.0,1,1,0
/CatalogService/GetItem2a08ac63-de6b-47d8-86ea-c32807719541,1.9759032875299454,1.9759032875299454,3.0,1,1,0
/CatalogService/GetItem2ba92639-2c14-4470-9472-281b191b658b,5.318676121532917,5.318676121532917,3.0,1,1,0
/CatalogService/GetItem31b8ed88-b94a-4349-972a-bf42eb2a9f01,1.5932261012494564,1.5932261012494564,3.0,1,1,0
/CatalogService/GetItem367f3185-fbd0-451f-a3cd-3fd2c2cf1341,5.3869690746068954,5.3869690746068954,3.0,1,1,0
/CatalogService/GetItem36a4baa1-bbde-4ce3-a790-060d817615bb,5.501678213477135,5.501678213477135,3.0,1,1,0
/CatalogService/GetItem3735e5f5-6f6f-4a93-aa79-61b618799fdc,3.756963647902012,3.756963647902012,3.0,1,1,0
/CatalogService/GetItem3a412519-45a3-42e5-987d-fb0bd9ac40b9,6.101710256189108,6.101710256189108,3.0,1,1,0
/CatalogService/GetItem3de0f0f8-89eb-46ad-9cfb-8a3bd5c5a5dd,2.1279240027070045,2.1279240027070045,3.0,1,1,0
/CatalogService/GetItem4382221b-bbb9-4af4-a871-e82bd024eb9f,1.7340676859021187,1.7340676859021187,3.0,1,1,0
/CatalogService/GetItem4b0fb7df-e910-4d05-8405-5f80d7c10a70,1.751577015966177,1.751577015966177,3.0,1,1,0
/CatalogService/GetItem58010364-e2a7-4da0-8616-7533abfa8a25,4.215590190142393,4.215590190142393,3.0,1,1,0
/CatalogService/GetItem5a5bf3b4-c09e-4d49-8623-a49e819ff83e,6.159235257655382,6.159235257655382,3.0,1,1,0
/CatalogService/GetItem5a5c969b-9011-4c09-a1f8-d0382a2a69be,2.3300438188016415,2.3300438188016415,3.0,1,1,0
/CatalogService/GetItem603b8892-8d88-40cf-84d5-57a1a9050578,8.09811195358634,8.09811195358634,3.0,1,1,0
/CatalogService/GetItem67739c68-f4ea-40da-9e7b-d546268c4d99,2.5024539791047573,2.5024539791047573,3.0,1,1,0
/CatalogService/GetItem6ae2e560-2d76-4140-afef-fd6d6f36ecd4,7.593806833028793,7.593806833028793,3.0,1,1,0
/CatalogService/GetItem72dd904f-b270-4b96-bc60-fcebd20c45ab,4.708852153271437,4.708852153271437,3.0,1,1,0
/CatalogService/GetItem7352163f-f46a-4d66-99c8-6bed9b924003,2.62081203982234,2.62081203982234,3.0,1,1,0
/CatalogService/GetItem73e21508-2bc7-4891-86a2-ef6e0b460e8d,9.071930777281523,9.071930777281523,3.0,1,1,0
/CatalogService/GetItem76dba4af-e47b-49f9-a14e-c8625481b655,5.417706910520792,5.417706910520792,3.0,1,1,0
/CatalogService/GetItem78a80492-29b6-410a-9e6f-ad7fed8e63f8,6.717187352478504,6.717187352478504,3.0,1,1,0
/CatalogService/GetItem79c72d51-e171-4f81-8c3e-3324dd979d48,6.84982119128108,6.84982119128108,3.0,1,1,0
/CatalogService/GetItem7ad880c9-c710-422e-81c5-0933ae7d1d3a,2.4821190163493156,2.4821190163493156,3.0,1,1,0
/CatalogService/GetItem80d7b78c-a5d3-484e-a505-a5bbab94109a,6.4011430367827415,6.4011430367827415,3.0,1,1,0
/CatalogService/GetItem823cf2b5-3f3f-464f-887b-5f27cb6e017f,18.85617384687066,18.85617384687066,3.0,1,1,0
/CatalogService/GetItem83606a6f-bf80-4ae1-af4f-bc341f5f26cc,6.286852061748505,6.286852061748505,3.0,1,1,0
/CatalogService/GetItem86598775-7f96-40b4-860c-98815289c1e7,0.9115650318562984,0.9115650318562984,3.0,1,1,0
/CatalogService/GetItem885c2755-7ad9-4dfa-9ff7-40f1035e6711,2.4335039779543877,2.4335039779543877,3.0,1,1,0
/CatalogService/GetItem88782ed7-b652-4855-a01d-576b9129da44,6.620436906814575,6.620436906814575,2.0,1,1,0
/CatalogService/GetItem8928fcae-949b-4f23-bd96-5a542f0f2835,6.475761067122221,6.475761067122221,3.0,1,1,0
/CatalogService/GetItem8b72cc54-1be3-4fff-8b31-7f826f006938,4.480292089283466,4.480292089283466,3.0,1,1,0
/CatalogService/GetItem8b8c50f1-f921-4a1f-8616-d46cfcfa8583,4.534262232482433,4.534262232482433,3.0,1,1,0
/CatalogService/GetItem8dbf25a1-fc29-4a5d-8fe4-6b8afd672d2a,4.940981045365334,4.940981045365334,3.0,1,1,0
/CatalogService/GetItem9031a694-f5f2-4dd9-aaca-33cfc8f94663,8.796198293566704,8.796198293566704,3.0,1,1,0
/CatalogService/GetItem9488ce89-af78-475d-9889-765111cb5cc9,2.8267432935535908,2.8267432935535908,3.0,1,1,0
/CatalogService/GetItem9e1862a7-583f-4b69-94ca-7d053ab3dcfa,5.403620656579733,5.403620656579733,3.0,1,1,0
/CatalogService/GetItem9ecd01a0-db6e-4736-8554-343dfe1722ab,4.929286893457174,4.929286893457174,3.0,1,1,0
/CatalogService/GetItem9f1c7037-6db8-4953-9dcc-302343c76c35,6.351416930556297,6.351416930556297,3.0,1,1,0
/CatalogService/GetItema3f94862-a85c-45ef-8684-d1ffceb58004,6.021095905452967,6.021095905452967,3.0,1,1,0
/CatalogService/GetItema535b9f1-5061-4e65-8e7e-98d938987f5c,4.065910819917917,4.065910819917917,3.0,1,1,0
/CatalogService/GetItema6a7774a-022d-45a4-8c0e-ee0ce2c9753e,6.415562238544226,6.415562238544226,3.0,1,1,0
/CatalogService/GetItemb042eda4-4109-4476-99fb-05004c35b47f,8.991837035864592,8.991837035864592,3.0,1,1,0
/CatalogService/GetItemb4e1e723-1312-4210-9d9f-15d5b3007bac,5.27421897277236,5.27421897277236,3.0,1,1,0
/CatalogService/GetItemb67b35c9-73e9-4551-aa40-1dd67eefc439,2.5057122111320496,2.5057122111320496,3.0,1,1,0
/CatalogService/GetItemc3012dc3-861e-4305-9768-672fe80e71f9,6.094480864703655,6.094480864703655,3.0,1,1,0
/CatalogService/GetItemc3d6545a-d681-433a-9b97-bd7a81829b4d,2.505962271243334,2.505962271243334,3.0,1,1,0
/CatalogService/GetItemc6f2fcb3-e7d7-485d-baa5-2c8e6caa7a25,1.2459587305784225,1.2459587305784225,3.0,1,1,0
/CatalogService/GetItemceed4785-219c-45ea-b8b0-04d5501a9f79,2.643933054059744,2.643933054059744,3.0,1,1,0
/CatalogService/GetItemd080ce16-cd35-4cd5-acd8-c185a8509525,11.809553019702435,11.809553019702435,3.0,1,1,0
/CatalogService/GetItemd0baa90c-94a6-4393-a3b4-1c4863794fab,5.748406983911991,5.748406983911991,3.0,1,1,0
/CatalogService/GetItemd343e1fc-1007-47ca-bb29-ee5b77430087,2.4849828332662582,2.4849828332662582,3.0,1,1,0
/CatalogService/GetItemd4826d24-b8b7-4e29-b9ed-2b71f7b83ec5,2.7027069590985775,2.7027069590985775,3.0,1,1,0
/CatalogService/GetItemd590cd1c-7d45-4e25-b1dd-fe2273ec11a5,4.438328091055155,4.438328091055155,3.0,1,1,0
/CatalogService/GetItemd80e5772-bd0b-470e-94df-2b2f7ead8867,4.1768839582800865,4.1768839582800865,3.0,1,1,0
/CatalogService/GetItemd9837108-868e-4e20-8eb7-cc5bfa405f3a,3.928074613213539,3.928074613213539,3.0,1,1,0
/CatalogService/GetItemda7dac58-6658-4585-a30b-021030327798,7.76655413210392,7.76655413210392,3.0,1,1,0
/CatalogService/GetItemdcac0113-4305-4139-a869-e3980d0652e6,3.0375467613339424,3.0375467613339424,3.0,1,1,0
/CatalogService/GetItemde9656a5-8228-4168-b301-50d94cbe941c,5.6775095872581005,5.6775095872581005,3.0,1,1,0
/CatalogService/GetIteme1fbf163-e46b-4d74-92ca-c2828edaf341,1.7492971383035183,1.7492971383035183,3.0,1,1,0
/CatalogService/GetIteme3e38526-a43b-473a-938d-4176b4540116,6.270666141062975,6.270666141062975,3.0,1,1,0
/CatalogService/GetItemea391c4e-9afe-407f-be5b-d4cd34a4c86e,1.4082333073019981,1.4082333073019981,3.0,1,1,0
/CatalogService/GetItemee6f4921-45fc-456d-b11b-12be07ca45e9,6.265811622142792,6.265811622142792,3.0,1,1,0
/CatalogService/GetItemeeabb4ce-af99-4383-8e24-74f2163415ea,5.391482263803482,5.391482263803482,3.0,1,1,0
/CatalogService/GetItemf01a87d4-8309-4203-9f3c-a03081a9539c,1.9572540186345577,1.9572540186345577,3.0,1,1,0
/CatalogService/GetItemf088c460-543d-4940-8695-734eb1a68f27,5.431097000837326,5.431097000837326,3.0,1,1,0
/CatalogService/GetItemf0f139ab-0362-43f4-a3e9-0b80c9c87c74,3.0662021599709988,3.0662021599709988,3.0,1,1,0
/CatalogService/GetItemf6fc574c-5d22-4085-8d4f-295613e08e81,2.6133586652576923,2.6133586652576923,3.0,1,1,0
/CatalogService/GetItemf7059098-d282-493b-981e-46e22e50913c,6.664499174803495,6.664499174803495,3.0,1,1,0
/CatalogService/GetItemf8f7457e-a6f3-47b3-80ae-4c0304d31692,5.384684074670076,5.384684074670076,3.0,1,1,0
/CatalogService/GetItemfd6f923e-013b-4c1b-a226-7e07f92a56ff,4.158779047429562,4.158779047429562,3.0,1,1,0
/CatalogService/GetItemfdf2acdf-8b2c-4d89-b665-a4a2d1e94fec,3.705263137817383,3.705263137817383,3.0,1,1,0
/CatalogService/GetItemff5588ce-3d4b-494b-9fbb-f030465dc490,9.844787884503603,9.844787884503603,3.0,1,1,0
/CatalogService/UpdateItem01cb5cdb-da12-495f-8beb-9fe8285adb65,5.963994190096855,5.963994190096855,50.0,1,1,0
/CatalogService/UpdateItem0e00a2f7-e6f4-4622-b9df-8b15474d43fe,3.4062080085277557,3.4062080085277557,50.0,1,1,0
/CatalogService/UpdateItem10a2bbe3-0cb1-4616-8ddf-85169f9f8e52,18.67125788703561,18.67125788703561,50.0,1,1,0
/CatalogService/UpdateItem1351ebbb-2ebc-4297-b4a3-05d0736a679f,5.593478213995695,5.593478213995695,50.0,1,1,0
/CatalogService/UpdateItem1408ccb4-b44f-4e03-af3b-f413e22475ee,4.726128652691841,4.726128652691841,50.0,1,1,0
/CatalogService/UpdateItem14c42cf1-dcd4-4c87-a5b3-1b6b39e11a2c,3.7161442451179028,3.7161442451179028,50.0,1,1,0
/CatalogService/UpdateItem1bb9a621-77a1-4244-9830-5a90fe38c636,4.766397178173065,4.766397178173065,50.0,1,1,0
/CatalogService/UpdateItem21e1a0e9-bd05-44cb-a1ce-bd7061fde8d3,3.7970030680298805,3.7970030680298805,50.0,1,1,0
/CatalogService/UpdateItem21f153ff-68fb-47ed-adec-5aa9b91b0550,3.7448378279805183,3.7448378279805183,50.0,1,1,0
/CatalogService/UpdateItem240858ce-e1a8-4dae-a5de-374400705076,6.102839019149542,6.102839019149542,50.0,1,1,0
/CatalogService/UpdateItem296ec40a-1cb2-4dd3-9a70-8fd0826d1f55,8.867596741765738,8.867596741765738,50.0,1,1,0
/CatalogService/UpdateItem29b88d26-c843-48bd-9c79-75d88614d5df,12.118431739509106,12.118431739509106,50.0,1,1,0
/CatalogService/UpdateItem2a7c1a33-419c-4607-8361-2e03d7abcffb,4.071386065334082,4.071386065334082,50.0,1,1,0
/CatalogService/UpdateItem2e3e3a5b-f51c-4988-a03b-ea14ae1d60ef,6.374611984938383,6.374611984938383,50.0,1,1,0
/CatalogService/UpdateItem307b18fb-25ba-49e3-8190-c3074537274f,15.522921923547983,15.522921923547983,50.0,1,1,0
/CatalogService/UpdateItem34f6fab0-12da-4229-9bb5-4f21ddb601f8,4.344413056969643,4.344413056969643,50.0,1,1,0
/CatalogService/UpdateItem3d72a7ae-7b29-44e9-9272-80d3b37b0cb2,4.094799980521202,4.094799980521202,50.0,1,1,0
/CatalogService/UpdateItem4064230e-fbd8-4f62-93ee-0f54cbfdb27e,3.5629877820611,3.5629877820611,50.0,1,1,0
/CatalogService/UpdateItem43af774d-0860-493a-bd26-e1bffdcb2968,6.022641900926828,6.022641900926828,50.0,1,1,0
/CatalogService/UpdateItem45acde2d-c500-452d-ab10-2aa366438e72,4.801617935299873,4.801617935299873,50.0,1,1,0
/CatalogService/UpdateItem4755f473-c0d4-44ad-a18c-63a316efac32,14.99996380880475,14.99996380880475,50.0,1,1,0
/CatalogService/UpdateItem55b8aa4b-d889-4bd4-95a8-9ab9576efa70,7.119449786841869,7.119449786841869,50.0,1,1,0
/CatalogService/UpdateItem5a20a5ec-7808-40f2-9ace-9dc8c3f88446,4.131962079554796,4.131962079554796,50.0,1,1,0
/CatalogService/UpdateItem5c4d0b9e-76a5-46df-ae6f-d7c471b10f19,9.044180158525705,9.044180158525705,49.0,1,1,0
/CatalogService/UpdateItem6225714c-833d-44c0-8ab4-58dab8764eff,3.5342550836503506,3.5342550836503506,50.0,1,1,0
/CatalogService/UpdateItem624a2eba-8182-41e5-a38f-8305242c6e09,9.432274848222733,9.432274848222733,50.0,1,1,0
/CatalogService/UpdateItem634f841c-cddf-43b9-9f0b-27aaf457d744,5.690402816981077,5.690402816981077,50.0,1,1,0
/CatalogService/UpdateItem63862bab-d2fa-43c5-bd2d-83a75e17356b,7.542110979557037,7.542110979557037,50.0,1,1,0
/CatalogService/UpdateItem642e9dd6-0a7a-4c4f-a72c-c9ec4a03ddf7,3.6091702058911324,3.6091702058911324,50.0,1,1,0
/CatalogService/UpdateItem65842db5-7fa9-4574-be66-add8c17fa55a,5.466244649142027,5.466244649142027,50.0,1,1,0
/CatalogService/UpdateItem68147130-7198-4f72-8b3c-944359eeaedf,6.93924305960536,6.93924305960536,50.0,1,1,0
/CatalogService/UpdateItem6bb571ab-35df-4cc0-96f1-f8dcf61d3af7,9.190618991851807,9.190618991851807,50.0,1,1,0
/CatalogService/UpdateItem71a7a1eb-0a5a-496b-b4d9-2abe6d0698a7,3.5947533324360847,3.5947533324360847,50.0,1,1,0
/CatalogService/UpdateItem79562499-6b0e-49fb-be4a-382035058e78,5.9103285893797874,5.9103285893797874,50.0,1,1,0
/CatalogService/UpdateItem7e9fc173-72c7-49af-8c0f-356a77f401b5,7.4474988505244255,7.4474988505244255,50.0,1,1,0
/CatalogService/UpdateItem8197c72d-845c-4470-a5de-38f1c32c2609,6.225049961358309,6.225049961358309,50.0,1,1,0
/CatalogService/UpdateItem82f01a8f-e51d-4756-91bf-3e4accc44a2a,5.353434942662716,5.353434942662716,50.0,1,1,0
/CatalogService/UpdateItem885ba401-a282-4808-ad0c-6f8d72112b74,3.5889213904738426,3.5889213904738426,50.0,1,1,0
/CatalogService/UpdateItem8b2c7c15-6b84-4ff6-a4fb-4d4d11ea9499,6.472144275903702,6.472144275903702,50.0,1,1,0
/CatalogService/UpdateItem903f4bf2-fb03-45dd-abbf-73120b8833bd,8.692174218595028,8.692174218595028,50.0,1,1,0
/CatalogService/UpdateItem91406d02-9077-4595-a304-419c3a85dc3c,2.6759221218526363,2.6759221218526363,50.0,1,1,0
/CatalogService/UpdateItem9170714c-1833-4b41-820e-02b03686bb61,7.0128291845321655,7.0128291845321655,50.0,1,1,0
/CatalogService/UpdateItem95bdc3a7-cac7-4914-8279-b4a4a0c81081,7.245400454849005,7.245400454849005,50.0,1,1,0
/CatalogService/UpdateItem963cec2e-cc3f-4a72-80ad-a9b06ff74e26,5.4841311648488045,5.4841311648488045,50.0,1,1,0
/CatalogService/UpdateItem99cf6c5a-1c41-4e53-b536-4c50a75b15f2,3.5288329236209393,3.5288329236209393,50.0,1,1,0
/CatalogService/UpdateItem9ad51565-892e-4b45-9a4a-2910ed06249c,6.176433060318232,6.176433060318232,50.0,1,1,0
/CatalogService/UpdateItem9be92680-e800-4bbe-8879-b7186555d17c,10.554204229265451,10.554204229265451,50.0,1,1,0
/CatalogService/UpdateItem9efa03c6-bff9-4179-957b-f96bafebfbce,4.741684067994356,4.741684067994356,50.0,1,1,0
/CatalogService/UpdateItema42690bd-664f-409f-a714-da4a1f1dc687,2.5097504258155823,2.5097504258155823,50.0,1,1,0
/CatalogService/UpdateItema5119be8-6742-482b-ad68-577585d9ca36,2.8841602616012096,2.8841602616012096,50.0,1,1,0
/CatalogService/UpdateItemaa4e2345-140f-48d4-9c6f-855ae9e6da7b,7.980448193848133,7.980448193848133,50.0,1,1,0
/CatalogService/UpdateItemb01665de-f584-43e3-b832-3694d3e028b4,3.4240619279444218,3.4240619279444218,50.0,1,1,0
/CatalogService/UpdateItemb258a3d0-b443-416b-a73f-29298e081b17,4.424846731126308,4.424846731126308,50.0,1,1,0
/CatalogService/UpdateItembbdac72e-7fdf-4753-a3b7-5464e5021de0,17.337587662041187,17.337587662041187,50.0,1,1,0
/CatalogService/UpdateItembd5a0ad3-c1ff-4a53-8d68-1885d7fd2c30,6.567964795976877,6.567964795976877,50.0,1,1,0
/CatalogService/UpdateItemc0deeb74-78bd-48bd-bd05-a38d6f300866,3.8315760903060436,3.8315760903060436,50.0,1,1,0
/CatalogService/UpdateItemc221e6db-cdb7-4624-8af0-b10a83a2587b,4.001557361334562,4.001557361334562,50.0,1,1,0
/CatalogService/UpdateItemc3571204-ca7f-4863-9cf3-d1472e303ef3,8.712092880159616,8.712092880159616,49.0,1,1,0
/CatalogService/UpdateItemc75bd208-add0-4897-a01c-a7b33b1bea3e,7.408752106130123,7.408752106130123,50.0,1,1,0
/CatalogService/UpdateItemc89c18cc-2dfb-4d20-a454-ff821d4d1e9b,5.35951042547822,5.35951042547822,50.0,1,1,0
/CatalogService/UpdateItemcb5676eb-6ca4-44d4-828b-698c7d3622aa,3.906048834323883,3.906048834323883,50.0,1,1,0
/CatalogService/UpdateItemcbe52871-95ff-4255-adfc-51724046aa72,5.9203458949923515,5.9203458949923515,50.0,1,1,0
/CatalogService/UpdateItemce3f8a04-4473-49c7-ad4d-c9cc4943349d,6.661596242338419,6.661596242338419,50.0,1,1,0
/CatalogService/UpdateItemcef9aaf3-03a6-46dd-9414-4f6b467d51b7,4.290079697966576,4.290079697966576,50.0,1,1,0
/CatalogService/UpdateItemcf30b147-2c00-401b-918d-50424ad95db7,4.3812040239572525,4.3812040239572525,50.0,1,1,0
/CatalogService/UpdateItemd439fc17-b60c-4353-8c35-155f28ad4cc7,4.034209996461868,4.034209996461868,50.0,1,1,0
/CatalogService/UpdateItemd458d1c0-b657-4a7a-8be0-77d5d089dec0,3.8973470218479633,3.8973470218479633,50.0,1,1,0
/CatalogService/UpdateItemd955aa64-48c9-4d14-8361-4c9fc5b682c9,8.281462825834751,8.281462825834751,50.0,1,1,0
/CatalogService/UpdateItemd9c7843f-8b38-439c-af0a-d9a307fcd99e,12.275699060410261,12.275699060410261,50.0,1,1,0
/CatalogService/UpdateItemdf88510d-d1d3-446d-9414-ef3250c9faa6,22.401437163352966,22.401437163352966,50.0,1,1,0
/CatalogService/UpdateIteme2a33bc0-ee68-43b2-889f-c4a22d75e292,1.9045076332986355,1.9045076332986355,50.0,1,1,0
/CatalogService/UpdateItemec08950d-4525-430e-8fd4-d983f99bef03,16.48513227701187,16.48513227701187,50.0,1,1,0
/CatalogService/UpdateItemeee6c986-aa6f-4689-9779-d8b4f19b31eb,9.931275621056557,9.931275621056557,49.0,1,1,0
/CatalogService/UpdateItemf2a1b8f6-78cc-44c6-b026-a04fa58b2df3,13.940094970166683,13.940094970166683,50.0,1,1,0
/CatalogService/UpdateItemf4392580-87df-477b-913f-55aae4eb4da4,8.94267437979579,8.94267437979579,50.0,1,1,0
/CatalogService/UpdateItemf6bd6e5f-e7f5-4772-a42f-d3aeeb94e333,18.49438389763236,18.49438389763236,50.0,1,1,0
/CatalogService/UpdateItemf7dca6e6-75eb-4fab-a6a9-9eb22755c550,3.4940489567816257,3.4940489567816257,50.0,1,1,0
/CatalogService/UpdateItemf8d990a4-6b6e-4693-a404-0cc06c886036,4.8616798594594,4.8616798594594,50.0,1,1,0
/CatalogService/UpdateItemfad8aca2-154d-49b1-82ec-d68086810157,4.403909202665091,4.403909202665091,50.0,1,1,0
/CatalogService/UpdateItemfc85a231-8cac-4b84-8e03-a9e24711f4b0,6.538160145282745,6.538160145282745,50.0,1,1,0
/CustomerService/CreateCustomer033d753b-43c3-4904-8e0f-c108210781bf,3.483239095658064,3.483239095658064,50.0,1,1,0
/CustomerService/CreateCustomer0672e10d-1dc8-4d0d-bdcd-17bdea8fde21,14.535262249410152,14.535262249410152,50.0,1,1,0
/CustomerService/CreateCustomer0908768c-d02a-4937-8f26-ec61a4568d72,17.43333088234067,17.43333088234067,50.0,1,1,0
/CustomerService/CreateCustomer0c7fad78-0849-4806-b169-fc69a4db541c,12.461831793189049,12.461831793189049,50.0,1,1,0
/CustomerService/CreateCustomer0d45dd23-f901-43ef-a007-c61f3c8b716a,5.874071270227432,5.874071270227432,50.0,1,1,0
/CustomerService/CreateCustomer10ca26c6-2003-4629-95c4-b99e1ecd69b9,15.885568223893642,15.885568223893642,50.0,1,1,0
/CustomerService/CreateCustomer123707de-658b-47a8-9d4a-4b2b831f778a,25.34297714009881,25.34297714009881,50.0,1,1,0
/CustomerService/CreateCustomer17c385cd-bd56-4898-be9f-a5a15b43ea4e,16.834058798849583,16.834058798849583,50.0,1,1,0
/CustomerService/CreateCustomer18a33ffe-4d23-4b16-a19d-bff05664903f,10.01421781256795,10.01421781256795,50.0,1,1,0
/CustomerService/CreateCustomer1b5679d7-0bb6-4d01-b42d-da8d106616fd,12.523036915808916,12.523036915808916,50.0,1,1,0
/CustomerService/CreateCustomer1b7997b9-9b39-4c65-bfb0-289c1ba14e0a,16.417447943240404,16.417447943240404,50.0,1,1,0
/CustomerService/CreateCustomer1f088906-c4ae-4bf9-8124-c5576d5bfea3,14.7400489076972,14.7400489076972,50.0,1,1,0
/CustomerService/CreateCustomer20d1c171-7cfb-458f-9360-afa180dd9bac,15.311603900045156,15.311603900045156,50.0,1,1,0
/CustomerService/CreateCustomer253199b5-31cc-4d4b-959b-0416f13708aa,14.372454024851322,14.372454024851322,50.0,1,1,0
/CustomerService/CreateCustomer25ba9324-1e06-4d15-bd65-9995b24947b1,16.192195937037468,16.192195937037468,50.0,1,1,0
/CustomerService/CreateCustomer297ee3d8-1591-458e-8db4-6acb45427ef4,11.409630998969078,11.409630998969078,50.0,1,1,0
/CustomerService/CreateCustomer2ea218e5-49c5-41d5-af82-b543ad4d6403,14.708003029227257,14.708003029227257,50.0,1,1,0
/CustomerService/CreateCustomer33d02a17-458b-41e1-a8c0-b7a8de215ec6,12.741104699671268,12.741104699671268,50.0,1,1,0
/CustomerService/CreateCustomer34f7c3f6-0494-4283-811e-6bee4e1c9b75,15.121332835406065,15.121332835406065,50.0,1,1,0
/CustomerService/CreateCustomer361d2bf5-65ff-4f51-ac13-9e88c419a041,16.664580907672644,16.664580907672644,50.0,1,1,0
/CustomerService/CreateCustomer3703464b-36fb-4ce7-bd77-07d03462607a,8.416818920522928,8.416818920522928,50.0,1,1,0
/CustomerService/CreateCustomer4072de20-eff8-4ffa-a3ed-3f7d9bb74e3e,12.684292159974575,12.684292159974575,50.0,1,1,0
/CustomerService/CreateCustomer483ac0f4-9b70-4cd7-8303-ca4711da316b,17.334999050945044,17.334999050945044,50.0,1,1,0
/CustomerService/CreateCustomer4c97ea0e-b62c-4d4a-a8ba-f642c6994396,17.855887301266193,17.855887301266193,50.0,1,1,0
/CustomerService/CreateCustomer4ef4cbe1-d213-49b2-ab33-a9d957adbad4,16.465720254927874,16.465720254927874,50.0,1,1,0
/CustomerService/CreateCustomer5472d067-83d4-43ea-848c-b6b2f748d9ae,30.374797992408276,30.374797992408276,50.0,1,1,0
/CustomerService/CreateCustomer56d30b62-0ce0-47d5-b87f-7df778f57f65,13.659561984241009,13.659561984241009,50.0,1,1,0
/CustomerService/CreateCustomer614230f4-9474-4f18-9b52-bcc50510edd3,15.850439667701721,15.850439667701721,50.0,1,1,0
/CustomerService/CreateCustomer65c0b14b-f88c-48fd-bef4-96ed622cbf5f,3.815608099102974,3.815608099102974,50.0,1,1,0
/CustomerService/CreateCustomer65ca5b79-86ca-4711-bc0a-df84aa050c97,13.478822074830532,13.478822074830532,50.0,1,1,0
/CustomerService/CreateCustomer6744e179-450d-4ec4-9495-916dc580b2e0,5.640827119350433,5.640827119350433,50.0,1,1,0
/CustomerService/CreateCustomer698d6a82-7af5-4b32-9c1a-86293cebbef2,20.003726240247488,20.003726240247488,50.0,1,1,0
/CustomerService/CreateCustomer69de3e3b-4b37-4859-b2eb-711a3a050441,14.978171791881323,14.978171791881323,50.0,1,1,0
/CustomerService/CreateCustomer6dffe6a9-aebb-40ad-a8b2-38c5bb11288f,2.869639080017805,2.869639080017805,50.0,1,1,0
/CustomerService/CreateCustomer70296992-d0fc-4bc4-8c23-bee3786bff4d,4.038452170789242,4.038452170789242,50.0,1,1,0
/CustomerService/CreateCustomer70c1b845-4565-47fc-beea-21229b51c50f,4.795575048774481,4.795575048774481,50.0,1,1,0
/CustomerService/CreateCustomer7171e7e3-e8b2-4e33-8334-19270e748504,17.50136073678732,17.50136073678732,50.0,1,1,0
/CustomerService/CreateCustomer728ad90c-4c2e-4c1f-a3a9-546cbabb9f20,4.076272714883089,4.076272714883089,50.0,1,1,0
/CustomerService/CreateCustomer74e87e9a-7836-4df1-a106-b86474e724ce,14.307613018900156,14.307613018900156,50.0,1,1,0
/CustomerService/CreateCustomer780c0b5b-d48a-4c99-87cf-cd1d34f4b70c,14.708213973790407,14.708213973790407,50.0,1,1,0
/CustomerService/CreateCustomer7a1b3d39-bf2c-47f7-aae5-fdcbcd4755b6,18.036738969385624,18.036738969385624,50.0,1,1,0
/CustomerService/CreateCustomer7bfb35be-d850-4de2-9b81-7d7ea9123efd,15.10517904534936,15.10517904534936,50.0,1,1,0
/CustomerService/CreateCustomer82841d2c-ab6b-4a87-bee0-91d97be5f5b1,14.256767928600311,14.256767928600311,50.0,1,1,0
/CustomerService/CreateCustomer82d62b0e-f5cd-4a16-9d28-887d0a1b3ff9,5.185407120734453,5.185407120734453,50.0,1,1,0
/CustomerService/CreateCustomer8f042898-30f2-4f6a-b306-db82611417af,13.35932221263647,13.35932221263647,50.0,1,1,0
/CustomerService/CreateCustomer8f7692ef-118f-45ef-96b6-6bcaf785639a,11.401652824133635,11.401652824133635,50.0,1,1,0
/CustomerService/CreateCustomer95219aa2-7677-4d28-86a8-2d0ee879cd34,15.058617107570171,15.058617107570171,50.0,1,1,0
/CustomerService/CreateCustomer97ccc872-11e0-4c41-822d-eeb8bccaf960,15.283532906323671,15.283532906323671,50.0,1,1,0
/CustomerService/CreateCustomer9bce5fd8-1f4c-443a-bfd7-538c2eb0dbd2,5.902706645429134,5.902706645429134,50.0,1,1,0
/CustomerService/CreateCustomer9c59320f-0152-4079-8a8f-8ecfbdd7cdc8,13.394367881119251,13.394367881119251,50.0,1,1,0
/CustomerService/CreateCustomera3efeff6-010d-48ec-aa00-7e5137db94bb,14.866771176457405,14.866771176457405,50.0,1,1,0
/CustomerService/CreateCustomera6b00824-386e-4d8e-b1bb-ce0aa9a10c74,7.281458005309105,7.281458005309105,50.0,1,1,0
/CustomerService/CreateCustomera810ba99-6d4f-447f-b2b4-60b818e259c8,11.49291405454278,11.49291405454278,50.0,1,1,0
/CustomerService/CreateCustomera9b8c9f1-6785-49f6-8a0a-764c31f9ceaf,13.466625940054655,13.466625940054655,50.0,1,1,0
/CustomerService/CreateCustomerab681f6c-4d46-4b59-9c30-1ba5d1ec5e69,25.82349069416523,25.82349069416523,50.0,1,1,0
/CustomerService/CreateCustomerb2798772-acd8-4232-987b-5d45a6cf7e3d,17.041497863829136,17.041497863829136,50.0,1,1,0
/CustomerService/CreateCustomerb403be72-09e6-4662-b886-a852068e094f,6.952992174774408,6.952992174774408,50.0,1,1,0
/CustomerService/CreateCustomerb5c53a6b-9bb8-4a46-b915-032ea4f36659,5.03920204937458,5.03920204937458,50.0,1,1,0
/CustomerService/CreateCustomerbbd99dc9-29ae-4a18-bc1e-47923c47298f,6.463174242526293,6.463174242526293,50.0,1,1,0
/CustomerService/CreateCustomerc0c3b5ae-93bb-432f-9bd1-79a985c3f75b,3.50967887789011,3.50967887789011,50.0,1,1,0
/CustomerService/CreateCustomerc642620f-1a8e-401b-a523-6fcc4011b1ee,25.05851536989212,25.05851536989212,50.0,1,1,0
/CustomerService/CreateCustomercb33f2f1-54c6-4747-af64-aea01b16a343,20.588518120348454,20.588518120348454,50.0,1,1,0
/CustomerService/CreateCustomerd0e6f8b6-9318-40ab-8a58-dbf68be64ae5,3.54502210393548,3.54502210393548,50.0,1,1,0
/CustomerService/CreateCustomerd1a2f150-12f4-4fde-9dc6-511fa766f173,19.451997242867947,19.451997242867947,50.0,1,1,0
/CustomerService/CreateCustomerd4c46864-6854-47de-9b6e-d87217303931,14.09107306972146,14.09107306972146,50.0,1,1,0
/CustomerService/CreateCustomerd5dd4df4-8d70-449a-ae4d-350f2b522617,4.720814060419798,4.720814060419798,50.0,1,1,0
/CustomerService/CreateCustomerd62285b7-44cf-4764-8a72-08605b2ce0a7,8.674333337694407,8.674333337694407,50.0,1,1,0
/CustomerService/CreateCustomerd80f67b6-6b1c-4d67-96b4-fedf31e61977,17.056775279343128,17.056775279343128,50.0,1,1,0
/CustomerService/CreateCustomerd8b944e0-154e-4ebe-9c34-d864889fb07f,6.185062695294619,6.185062695294619,50.0,1,1,0
/CustomerService/CreateCustomerda3776c8-32f6-4e8f-b8b8-5c5dc1ecdf38,4.5472742058336735,4.5472742058336735,50.0,1,1,0
/CustomerService/CreateCustomerdb4ab809-904e-4588-bcdf-fd7bed8d5379,15.942113008350134,15.942113008350134,50.0,1,1,0
/CustomerService/CreateCustomere3b34457-353f-44f6-bcf4-32a794b97312,13.175901025533676,13.175901025533676,50.0,1,1,0
/CustomerService/CreateCustomerecc16377-9251-45fb-a911-7bc77b6a213b,6.730780936777592,6.730780936777592,50.0,1,1,0
/CustomerService/CreateCustomerf0717068-a6f2-4847-9a48-f456f52c5d20,15.19800629466772,15.19800629466772,50.0,1,1,0
/CustomerService/CreateCustomerf1218259-ca04-46f3-93ca-81e008c19161,30.472517013549805,30.472517013549805,50.0,1,1,0
/CustomerService/CreateCustomerf6102bfa-3bfe-404c-a32d-d758ef9426da,13.45828827470541,13.45828827470541,50.0,1,1,0
/CustomerService/CreateCustomerf83d04ca-bc7d-4ad7-a8e3-112e2f38f212,4.450676962733269,4.450676962733269,50.0,1,1,0
/CustomerService/CreateCustomerf8c724dd-2a7c-4a9b-a455-fbd6973495c6,5.597168579697609,5.597168579697609,50.0,1,1,0
/CustomerService/CreateCustomerfccbc5c4-1260-4f7a-b36d-304716ca21bf,17.393487971276045,17.393487971276045,50.0,1,1,0
/CustomerService/CreateCustomerff4b191f-40c2-4c22-ba11-b491f17d7840,15.506158117204905,15.506158117204905,50.0,1,1,0
/CustomerService/UpdateCustomer00f7e04b-0528-4ca8-8e60-63960258ec65,6.900526117533445,6.900526117533445,50.0,1,1,0
/CustomerService/UpdateCustomer02edba75-50a9-4360-ba9f-47b64dd18bac,4.7292509116232395,4.7292509116232395,50.0,1,1,0
/CustomerService/UpdateCustomer071f611d-403f-426d-8b55-98716a4bbc8e,6.9069042801856995,6.9069042801856995,50.0,1,1,0
/CustomerService/UpdateCustomer090b0abb-30f4-4670-a9df-1a9603f95bdf,15.75266569852829,15.75266569852829,50.0,1,1,0
/CustomerService/UpdateCustomer0970000d-13b5-44e5-b5cb-4bd65b0eb74a,5.183426197618246,5.183426197618246,50.0,1,1,0
/CustomerService/UpdateCustomer0add349e-0f5c-4ef7-9e81-3b963edc63b0,10.807591956108809,10.807591956108809,50.0,1,1,0
/CustomerService/UpdateCustomer0e1d7374-05e5-4f50-962d-e26d211138db,5.983748007565737,5.983748007565737,50.0,1,1,0
/CustomerService/UpdateCustomer139a5590-85ef-405c-b24c-a90b4d82c898,9.839823935180902,9.839823935180902,50.0,1,1,0
/CustomerService/UpdateCustomer15b9cb81-b60e-4b20-8049-46bacff75343,5.517642013728619,5.517642013728619,50.0,1,1,0
/CustomerService/UpdateCustomer1622423a-0699-4ca8-bf89-f55681a43e3e,13.07441620156169,13.07441620156169,50.0,1,1,0
/CustomerService/UpdateCustomer164a9283-a598-4801-b3a8-f5b2d20541ae,17.39363418892026,17.39363418892026,50.0,1,1,0
/CustomerService/UpdateCustomer19781be8-f402-48f5-8bbf-a4911eeb136c,10.76054060831666,10.76054060831666,50.0,1,1,0
/CustomerService/UpdateCustomer1ae4b1a2-a052-4a65-85d3-ab42e60d7c83,8.070903830230236,8.070903830230236,50.0,1,1,0
/CustomerService/UpdateCustomer1b4c2a8e-3a0e-4d8a-88f2-a78e39121ea6,5.6772916577756405,5.6772916577756405,50.0,1,1,0
/CustomerService/UpdateCustomer24ee8bdd-0b69-4f7f-b4fe-b74f7410f0c1,14.22550668939948,14.22550668939948,50.0,1,1,0
/CustomerService/UpdateCustomer269b4b72-0260-4eaa-88d7-965e8767eafa,15.989850740879774,15.989850740879774,50.0,1,1,0
/CustomerService/UpdateCustomer2f6544b9-2645-45d3-8e15-e7e16c6f7839,11.744045186787844,11.744045186787844,50.0,1,1,0
/CustomerService/UpdateCustomer3853d3af-c0a0-45d1-9463-2be32b0db556,10.390525218099356,10.390525218099356,50.0,1,1,0
/CustomerService/UpdateCustomer416e16b4-7e21-4621-a4ff-ede73cf16d17,6.184665020555258,6.184665020555258,50.0,1,1,0
/CustomerService/UpdateCustomer43ec66de-10d8-49b4-bb73-596481e73f4f,8.548820856958628,8.548820856958628,50.0,1,1,0
/CustomerService/UpdateCustomer4770504e-b9d9-4988-aa1c-30fad79f2d4c,4.87570883706212,4.87570883706212,50.0,1,1,0
/CustomerService/UpdateCustomer4cd0015b-fb7c-41d2-aaba-7a0076c8d2a2,22.896773647516966,22.896773647516966,50.0,1,1,0
/CustomerService/UpdateCustomer50b5c547-3c40-460d-80e6-cb8a5efdf13b,9.747341740876436,9.747341740876436,50.0,1,1,0
/CustomerService/UpdateCustomer50b88b0f-4af5-4764-a6e7-4952c0f1b9dd,5.138453096151352,5.138453096151352,50.0,1,1,0
/CustomerService/UpdateCustomer57cd19c0-b039-41e2-8b98-8c4d49b8edf5,9.061329998075962,9.061329998075962,50.0,1,1,0
/CustomerService/UpdateCustomer5f0849a5-de8c-443e-ac8d-613e3d9e0e88,9.344913065433502,9.344913065433502,50.0,1,1,0
/CustomerService/UpdateCustomer637c6a71-7ae8-49ae-accd-764dbf8a3b1a,11.483143083751202,11.483143083751202,50.0,1,1,0
/CustomerService/UpdateCustomer67b1fbf8-1b01-4500-95a6-b4e7b7ceaf3f,16.336838249117136,16.336838249117136,50.0,1,1,0
/CustomerService/UpdateCustomer6e2369ee-d6af-46ae-b599-1ebe36b46aa4,7.270218804478645,7.270218804478645,50.0,1,1,0
/CustomerService/UpdateCustomer78e2e4fe-ff1c-4611-a0b0-14d25c687f50,7.981669157743454,7.981669157743454,50.0,1,1,0
/CustomerService/UpdateCustomer7c49defb-db10-4527-a13c-fac2d03d6189,4.714148119091988,4.714148119091988,50.0,1,1,0
/CustomerService/UpdateCustomer7e46d05e-496c-4306-9d4e-4eb854bb9e78,8.400187827646732,8.400187827646732,50.0,1,1,0
/CustomerService/UpdateCustomer7e6ea3ca-cae9-4034-b744-1f7a80cff8ad,8.424334228038788,8.424334228038788,50.0,1,1,0
/CustomerService/UpdateCustomer81c648b0-4944-48cb-a7d5-b7baebcec5a4,9.780921041965485,9.780921041965485,50.0,1,1,0
/CustomerService/UpdateCustomer81e4d26d-bade-4fc5-8454-6a52ea62150e,7.703996729105711,7.703996729105711,50.0,1,1,0
/CustomerService/UpdateCustomer88280cb7-ced0-49cd-818a-8276128240ae,4.587798845022917,4.587798845022917,50.0,1,1,0
/CustomerService/UpdateCustomer894636d2-19b5-418d-bf5c-32b257aca346,9.590133093297482,9.590133093297482,50.0,1,1,0
/CustomerService/UpdateCustomer8cfe8c19-9b44-414a-a049-2503b4c558b1,9.14819911122322,9.14819911122322,50.0,1,1,0
/CustomerService/UpdateCustomer91cfc5ff-8d8e-476e-ba6d-ea8d6d174f3a,11.002258863300085,11.002258863300085,50.0,1,1,0
/CustomerService/UpdateCustomer92983e09-402f-4487-a86b-822a4830f0da,4.6601202338933945,4.6601202338933945,50.0,1,1,0
/CustomerService/UpdateCustomer929a63d5-228c-45be-b0e5-4d6a3cfd94df,12.031767051666975,12.031767051666975,50.0,1,1,0
/CustomerService/UpdateCustomer98b2c587-d7d8-434f-9c56-4e1250e72c31,10.540796909481287,10.540796909481287,50.0,1,1,0
/CustomerService/UpdateCustomer9a2960d3-f632-457f-b828-dca5e68f5c3a,6.991338916122913,6.991338916122913,50.0,1,1,0
/CustomerService/UpdateCustomer9b4253ed-ba10-484d-ab95-b136e4bfaae5,10.388715658336878,10.388715658336878,50.0,1,1,0
/CustomerService/UpdateCustomer9bedf987-990a-477c-bea3-b23d2422553a,9.891421999782324,9.891421999782324,50.0,1,1,0
/CustomerService/UpdateCustomer9f887122-f61a-4329-b7f2-aaaf6fc40f9d,9.05952276661992,9.05952276661992,50.0,1,1,0
/CustomerService/UpdateCustomera095ad92-f2d3-4bba-bd03-6f38710e0b99,8.546968922019005,8.546968922019005,50.0,1,1,0
/CustomerService/UpdateCustomera4790a35-1506-40e7-8c05-ab4e8867fe0b,7.192478980869055,7.192478980869055,50.0,1,1,0
/CustomerService/UpdateCustomera57afd93-b11a-4741-940d-d36484e9fd3a,9.506240952759981,9.506240952759981,50.0,1,1,0
/CustomerService/UpdateCustomerab98408b-60e5-4e39-803f-42e909956fa0,7.249323185533285,7.249323185533285,50.0,1,1,0
/CustomerService/UpdateCustomerad0cc600-1404-4f8d-a21e-61e2bc21b152,10.65723318606615,10.65723318606615,50.0,1,1,0
/CustomerService/UpdateCustomerb0ae9033-9e21-4e1f-864c-cd616c83a017,7.365293335169554,7.365293335169554,50.0,1,1,0
/CustomerService/UpdateCustomerb1ecffad-1f95-4f51-b906-fcd42e074707,12.18334212899208,12.18334212899208,50.0,1,1,0
/CustomerService/UpdateCustomerb84e5110-8a35-4fc5-92a7-2da7b67a12a5,8.239323738962412,8.239323738962412,50.0,1,1,0
/CustomerService/UpdateCustomerbb4c114b-d24b-4ff0-ad4e-514eb7603427,19.932060036808252,19.932060036808252,50.0,1,1,0
/CustomerService/UpdateCustomerbb768fdd-449a-4c0b-b6b2-37c6087e987d,8.784329984337091,8.784329984337091,50.0,1,1,0
/CustomerService/UpdateCustomerbcc99f1e-5265-4acc-b71d-217b308547cc,8.857052773237228,8.857052773237228,50.0,1,1,0
/CustomerService/UpdateCustomerbf47c1b2-630d-4450-8556-837068c070b9,15.551104675978422,15.551104675978422,50.0,1,1,0
/CustomerService/UpdateCustomerc229bb8b-639f-4780-b584-e44c07ee9c66,5.335404071956873,5.335404071956873,50.0,1,1,0
/CustomerService/UpdateCustomerc8b43c56-75c0-4c57-9712-ac429396f63f,7.142340764403343,7.142340764403343,50.0,1,1,0
/CustomerService/UpdateCustomerca196924-9d33-4258-b5a5-33280f181c0a,5.262262187898159,5.262262187898159,50.0,1,1,0
/CustomerService/UpdateCustomercc49027e-52e3-49b6-b32a-ddcb6a94ce3c,5.044910125434399,5.044910125434399,50.0,1,1,0
/CustomerService/UpdateCustomerce676140-978a-44a9-901d-ecd7e6397557,6.910615134984255,6.910615134984255,50.0,1,1,0
/CustomerService/UpdateCustomercea03740-9964-4e18-a365-68f5760b127e,5.172896198928356,5.172896198928356,50.0,1,1,0
/CustomerService/UpdateCustomercfd4ae2f-f371-419e-9030-e2f6260faeb3,8.321547880768776,8.321547880768776,50.0,1,1,0
/CustomerService/UpdateCustomerd2379417-f50e-431b-b635-970137f5974c,8.10254504904151,8.10254504904151,50.0,1,1,0
/CustomerService/UpdateCustomerd4dfc1e7-a6a4-4e02-89a2-6f9f18050682,5.511746741831303,5.511746741831303,50.0,1,1,0
/CustomerService/UpdateCustomerde485219-fe9e-45c6-b544-78477ef9cd87,7.459373213350773,7.459373213350773,50.0,1,1,0
/CustomerService/UpdateCustomerdf619292-c883-4952-a4a2-0931f6cf76bc,12.34695827588439,12.34695827588439,50.0,1,1,0
/CustomerService/UpdateCustomere60764b3-faf2-4905-9b5f-2285ae618ff0,3.124240320175886,3.124240320175886,50.0,1,1,0
/CustomerService/UpdateCustomere71fefb1-267a-4c83-b7c2-8d7f366cb8e5,8.03812313824892,8.03812313824892,50.0,1,1,0
/CustomerService/UpdateCustomere86b82b0-d5f0-4f44-b399-c95ccb92db28,10.587021708488464,10.587021708488464,50.0,1,1,0
/CustomerService/UpdateCustomere9d03aa6-2d26-48c0-adca-40e79a38f973,12.938152067363262,12.938152067363262,50.0,1,1,0
/CustomerService/UpdateCustomereba7b01e-8c03-4141-8cfb-a01f50c0b96b,4.737924784421921,4.737924784421921,50.0,1,1,0
/CustomerService/UpdateCustomeredb621ec-db4f-403d-b15f-daf806512ce3,7.212887052446604,7.212887052446604,50.0,1,1,0
/CustomerService/UpdateCustomeref22c079-464f-477d-ab13-683120f4b744,12.714792042970657,12.714792042970657,50.0,1,1,0
/CustomerService/UpdateCustomerf3409dc5-a91e-49c6-86b5-a72e12e68082,5.301913246512413,5.301913246512413,50.0,1,1,0
/CustomerService/UpdateCustomerf76d00fd-d4a6-487a-a5fc-5fb88281f59a,9.39001189544797,9.39001189544797,50.0,1,1,0
/CustomerService/UpdateCustomerfbd127b7-ca1d-4d8a-b004-5eb3d7eb0224,7.3929037898778915,7.3929037898778915,50.0,1,1,0
/CustomerService/UpdateCustomerfc646660-8066-49d6-95d5-abfee644f7ae,10.02967543900013,10.02967543900013,50.0,1,1,0
/CustomerService/getCustomer01b40600-3f6d-4934-a25e-3a7a46c408be,6.062807980924845,6.062807980924845,2.0,1,1,0
/CustomerService/getCustomer0220df38-ce57-4dda-95c7-d148e0175bee,5.0828722305595875,5.0828722305595875,2.0,1,1,0
/CustomerService/getCustomer061262e3-7b2e-48cb-8660-2147c9c9a673,7.864534854888916,7.864534854888916,2.0,1,1,0
/CustomerService/getCustomer0931bbb0-351b-4842-945c-da89b56730c2,1.8417611718177795,1.8417611718177795,2.0,1,1,0
/CustomerService/getCustomer0cb65c20-1be8-4927-9654-e3ae23965109,5.216181743890047,5.216181743890047,2.0,1,1,0
/CustomerService/getCustomer10c10414-409d-4b30-a8c2-e7eb30d4b4b8,2.4186689406633377,2.4186689406633377,2.0,1,1,0
/CustomerService/getCustomer1cc61161-6d66-4d69-a94b-e8e0937536d6,9.984716773033142,9.984716773033142,2.0,1,1,0
/CustomerService/getCustomer21093858-68f9-4c4d-bc68-74c28b2adb97,2.7585369534790516,2.7585369534790516,2.0,1,1,0
/CustomerService/getCustomer280b662f-c8ad-4053-9516-6a787e6cde8f,7.070011924952269,7.070011924952269,2.0,1,1,0
/CustomerService/getCustomer2b4c7393-a494-48d6-a8ee-c007f09b3708,5.060291849076748,5.060291849076748,2.0,1,1,0
/CustomerService/getCustomer2c123ae6-bb93-4e7b-84c8-70a284755dbd,3.392122220247984,3.392122220247984,2.0,1,1,0
/CustomerService/getCustomer3577c3ce-a0cb-45ad-bc74-f4a2e7f5bfa0,1.4428580179810524,1.4428580179810524,2.0,1,1,0
/CustomerService/getCustomer3c1931d7-a760-42d7-bd60-55a05777965d,10.319843422621489,10.319843422621489,2.0,1,1,0
/CustomerService/getCustomer3e44b77f-b2c8-4f2f-9f2f-61f06d27b3a5,2.168451901525259,2.168451901525259,2.0,1,1,0
/CustomerService/getCustomer3fe55da8-5f4b-4738-90eb-ab4519952fef,9.550364688038826,9.550364688038826,2.0,1,1,0
/CustomerService/getCustomer4616e324-2b1a-4fc2-9d6c-e8380e6f3e0d,6.365433800965548,6.365433800965548,2.0,1,1,0
/CustomerService/getCustomer4f274840-19ee-4e96-900d-2d75310e6d5b,6.1471182852983475,6.1471182852983475,2.0,1,1,0
/CustomerService/getCustomer4f9a7f67-2e6a-4f8c-911e-2f559c34076d,4.194769077003002,4.194769077003002,2.0,1,1,0
/CustomerService/getCustomer53a6ab2e-3c57-4738-8997-fb4d81df9e12,6.270747631788254,6.270747631788254,2.0,1,1,0
/CustomerService/getCustomer5577cc5d-2914-45d7-b2db-676f32c68b3e,4.786500707268715,4.786500707268715,2.0,1,1,0
/CustomerService/getCustomer5814d584-f9c4-46d2-a48d-0c14e0d22133,5.299261771142483,5.299261771142483,2.0,1,1,0
/CustomerService/getCustomer58a026f7-4793-4f90-a3c4-7ed47920ced9,2.8628800064325333,2.8628800064325333,2.0,1,1,0
/CustomerService/getCustomer5d59f675-aeda-4de6-b5b1-420d6126d834,2.7553257532417774,2.7553257532417774,2.0,1,1,0
/CustomerService/getCustomer5d876eb0-2ebf-4d3b-997c-816cd41475e8,9.326639119535685,9.326639119535685,2.0,1,1,0
/CustomerService/getCustomer5ffdd589-bedc-42e3-88ff-913649853578,7.570768240839243,7.570768240839243,2.0,1,1,0
/CustomerService/getCustomer63074182-49da-4e9c-9134-4011ffe1aca0,5.857601296156645,5.857601296156645,2.0,1,1,0
/CustomerService/getCustomer63f0e33c-9c36-4fbf-baed-ac1a2b36741b,8.119167294353247,8.119167294353247,2.0,1,1,0
/CustomerService/getCustomer6524eb82-a604-4f18-ab9c-afed77f972e5,7.610371336340904,7.610371336340904,2.0,1,1,0
/CustomerService/getCustomer6531dba3-fccf-4d08-b901-8d1736b5947e,1.988735981285572,1.988735981285572,2.0,1,1,0
/CustomerService/getCustomer6619585e-69be-4f92-9595-9aef6909b62f,2.759382128715515,2.759382128715515,2.0,1,1,0
/CustomerService/getCustomer681070e5-a191-4055-ac0c-b0f1ade03980,2.4139322340488434,2.4139322340488434,2.0,1,1,0
/CustomerService/getCustomer6a05470d-f4a1-49b8-a4d6-0e34ea85f91c,1.920410431921482,1.920410431921482,2.0,1,1,0
/CustomerService/getCustomer6a3c405a-e3f9-4453-9e67-f4cd337fc9e6,3.303562756627798,3.303562756627798,2.0,1,1,0
/CustomerService/getCustomer6d842f04-6214-40d7-b865-cd492de0b1d1,4.642677027732134,4.642677027732134,2.0,1,1,0
/CustomerService/getCustomer77f53b9d-0a5a-4046-b691-f0d2b6475838,4.44081099703908,4.44081099703908,2.0,1,1,0
/CustomerService/getCustomer798a8f31-6267-4002-ba38-77e493537fe5,5.883330013602972,5.883330013602972,2.0,1,1,0
/CustomerService/getCustomer7bc0bdf9-caa1-4761-994f-b1729bc8239f,4.857010208070278,4.857010208070278,2.0,1,1,0
/CustomerService/getCustomer91d44bd6-8dd2-40cd-a177-96d502e99336,3.205901011824608,3.205901011824608,2.0,1,1,0
/CustomerService/getCustomer93ce43d7-a11a-44e7-8544-2119cb66edff,5.222301930189133,5.222301930189133,2.0,1,1,0
/CustomerService/getCustomera125a4a0-e613-4fa7-ae8c-999607b2b8ce,2.3886910639703274,2.3886910639703274,2.0,1,1,0
/CustomerService/getCustomerb0c4bf34-357e-4839-a710-8fa246251a67,2.7947211638092995,2.7947211638092995,2.0,1,1,0
/CustomerService/getCustomerb2479bd3-a50b-42e4-9664-267832882d93,14.397426974028349,14.397426974028349,2.0,1,1,0
/CustomerService/getCustomerb49ae9c5-60b7-4ef7-a157-aee7014283cf,2.1898546256124973,2.1898546256124973,2.0,1,1,0
/CustomerService/getCustomerb60e1a77-488e-4c16-8553-40df057b62d2,6.1546918004751205,6.1546918004751205,2.0,1,1,0
/CustomerService/getCustomerb8cd880e-928f-4023-8302-9ca060292891,2.945770975202322,2.945770975202322,2.0,1,1,0
/CustomerService/getCustomerb9196e39-be32-4ec3-95d5-a95f873d1cc4,5.412843078374863,5.412843078374863,2.0,1,1,0
/CustomerService/getCustomerc1f68761-96fc-44bc-bab7-ad5532ea269f,7.453739643096924,7.453739643096924,2.0,1,1,0
/CustomerService/getCustomerc3ec60d1-0556-4fcf-b56b-107be02b809f,6.811806000769138,6.811806000769138,2.0,1,1,0
/CustomerService/getCustomerc4b0b686-6bd6-4363-9405-360eed546431,2.6944209821522236,2.6944209821522236,2.0,1,1,0
/CustomerService/getCustomerc7cefdb6-697e-4598-b963-6bbf3b35aa5c,2.2762976586818695,2.2762976586818695,2.0,1,1,0
/CustomerService/getCustomerc8b381ed-e636-426d-8a0d-69220c5a119c,7.1427361108362675,7.1427361108362675,2.0,1,1,0
/CustomerService/getCustomerc934d4fd-f894-4fc4-906d-c9aa74ea9e99,2.40478478372097,2.40478478372097,2.0,1,1,0
/CustomerService/getCustomercb13085d-821f-45fe-aa01-047f7a0d0ebb,3.735397942364216,3.735397942364216,2.0,1,1,0
/CustomerService/getCustomerccd724b6-bca7-4260-804b-b698f73f504a,8.148777764290571,8.148777764290571,2.0,1,1,0
/CustomerService/getCustomerd01cd091-5f0a-402d-b794-caaa3081cdcc,3.864029422402382,3.864029422402382,2.0,1,1,0
/CustomerService/getCustomerd42bb239-b39b-4ec3-ad5f-ca6bae491a05,4.117599222809076,4.117599222809076,2.0,1,1,0
/CustomerService/getCustomerd61eadd1-89b4-45de-a35a-31f2ed399951,5.451947916299105,5.451947916299105,2.0,1,1,0
/CustomerService/getCustomerd7fcf753-c699-4926-8b61-0382a43c1886,5.4137189872562885,5.4137189872562885,2.0,1,1,0
/CustomerService/getCustomerd813a114-72c5-4571-9a98-c4d63a04b4e1,6.875854916870594,6.875854916870594,2.0,1,1,0
/CustomerService/getCustomerd8c4ccb9-f367-4672-985a-f86fa877b7c8,5.917038768529892,5.917038768529892,2.0,1,1,0
/CustomerService/getCustomerda926647-e8ef-44a3-ac81-b3b46a63640a,2.100604120641947,2.100604120641947,2.0,1,1,0
/CustomerService/getCustomerde99e9e5-462d-4ee5-bdea-cfff2141b6bd,2.3979032412171364,2.3979032412171364,2.0,1,1,0
/CustomerService/getCustomerdf4e6444-01a9-4fa2-9179-8f86047a64b5,8.010043296962976,8.010043296962976,2.0,1,1,0
/CustomerService/getCustomere01a4fec-6171-49ca-84e5-19d0864199ef,3.6339890211820602,3.6339890211820602,2.0,1,1,0
/CustomerService/getCustomere324ec75-e41a-4646-9cb6-d55d18c82682,5.217356141656637,5.217356141656637,2.0,1,1,0
/CustomerService/getCustomere37853a5-a3f9-47a3-adef-aba898b69bc2,15.871535986661911,15.871535986661911,2.0,1,1,0
/CustomerService/getCustomere5b19bb1-8187-49dc-b6f7-fdf5ff333356,5.151495803147554,5.151495803147554,2.0,1,1,0
/CustomerService/getCustomere7616576-63f4-4e3b-a516-f1d614324d42,6.507406942546368,6.507406942546368,2.0,1,1,0
/CustomerService/getCustomerea857666-66ad-48f7-98c8-92d10a0c5bec,5.921151023358107,5.921151023358107,2.0,1,1,0
/CustomerService/getCustomereb079f68-c376-4570-b512-c4f8ecd1f679,7.182316388934851,7.182316388934851,2.0,1,1,0
/CustomerService/getCustomered591c82-29da-4f24-aed2-e0db19f49ea2,5.398968700319529,5.398968700319529,2.0,1,1,0
/CustomerService/getCustomered71d666-c058-4141-b7e7-014404d2b538,2.771371975541115,2.771371975541115,2.0,1,1,0
/CustomerService/getCustomerefe1f5a2-056e-4d64-91a5-a807b2f11bbe,7.222376763820648,7.222376763820648,2.0,1,1,0
/CustomerService/getCustomerf34efa8d-2269-4b05-a8c5-48766769e782,9.567239321768284,9.567239321768284,2.0,1,1,0
/CustomerService/getCustomerf4f528f4-7fb8-472a-a065-056db480ec11,2.841576933860779,2.841576933860779,2.0,1,1,0
/CustomerService/getCustomerf5a0443d-04d6-47f2-8ccd-2926d64cee90,6.138392258435488,6.138392258435488,2.0,1,1,0
/CustomerService/getCustomerf92473be-2e10-4541-804a-27cc97b0c3b4,4.378930199891329,4.378930199891329,2.0,1,1,0
/CustomerService/getCustomerfb300bf2-45da-4848-95da-52cdcfc36263,4.311847034841776,4.311847034841776,2.0,1,1,0
/CustomerService/getCustomerfcaba5ce-4216-416d-a2f1-92844ac70dc8,7.808775175362825,7.808775175362825,2.0,1,1,0
/CustomerService/getCustomerff8cbabc-3473-4566-b7ff-37516d919420,3.0689281411468983,3.0689281411468983,2.0,1,1,0
/OrderService/CreateOrder01156572-cd80-45f3-86e7-6bd79fc4ea96,16.1559428088367,16.1559428088367,50.0,1,1,0
/OrderService/CreateOrder01620bef-5b17-4610-99d3-51fda3ef65cf,12.623162008821964,12.623162008821964,50.0,1,1,0
/OrderService/CreateOrder063ee589-7b20-4c45-990c-a258f0a7861a,12.028075754642487,12.028075754642487,50.0,1,1,0
/OrderService/CreateOrder077a9356-d4dd-4e36-92c6-ab087c9a6108,13.843190856277943,13.843190856277943,50.0,1,1,0
/OrderService/CreateOrder0a6d429d-69fd-49c2-97fd-bc9f583c506c,9.817356709390879,9.817356709390879,50.0,1,1,0
/OrderService/CreateOrder0bf07889-d67d-4a0b-8263-a4a08488705b,66.17108173668385,66.17108173668385,50.0,1,1,0
/OrderService/CreateOrder13ab48d0-06d7-43bc-8f8d-795fa20162f7,10.34386781975627,10.34386781975627,50.0,1,1,0
/OrderService/CreateOrder1d0683dd-ccda-49ea-948e-8db69f4bd124,2.499384805560112,2.499384805560112,50.0,1,1,0
/OrderService/CreateOrder1da72fa9-108c-445b-b58e-11c81d2bf306,16.137327067553997,16.137327067553997,50.0,1,1,0
/OrderService/CreateOrder27251f3a-0e4b-4714-8977-c5ad879b2617,10.695206932723522,10.695206932723522,50.0,1,1,0
/OrderService/CreateOrder29d2efd1-a82e-45d6-be06-93261129d0f2,23.630622774362564,23.630622774362564,50.0,1,1,0
/OrderService/CreateOrder2bcc568c-9bdc-4dd3-bba0-e6f32d46d0ec,12.098487000912428,12.098487000912428,50.0,1,1,0
/OrderService/CreateOrder2d044d75-ea84-4951-95e3-13e4090c5ab3,15.296801924705505,15.296801924705505,50.0,1,1,0
/OrderService/CreateOrder37789419-16d9-4e04-8110-610fa77b5c8d,6.791591178625822,6.791591178625822,50.0,1,1,0
/OrderService/CreateOrder37ed50e9-42e0-4444-a54f-2d3aaec4ce47,15.734090004116297,15.734090004116297,50.0,1,1,0
/OrderService/CreateOrder382727c3-2069-456f-9ae3-58d985ebb2a0,13.822157867252827,13.822157867252827,50.0,1,1,0
/OrderService/CreateOrder3890f1a3-8aa0-4d8a-98cf-cf4d6b099fbd,68.11420433223248,68.11420433223248,50.0,1,1,0
/OrderService/CreateOrder395823f1-4f7e-4d2c-94c3-753904bbb798,8.732251822948456,8.732251822948456,50.0,1,1,0
/OrderService/CreateOrder3a37c2d9-9ff7-4843-a352-4388bbfca836,6.903680041432381,6.903680041432381,50.0,1,1,0
/OrderService/CreateOrder3dbcfedc-cd6b-48e1-ad05-6dffe0545ef0,2.490031998604536,2.490031998604536,50.0,1,1,0
/OrderService/CreateOrder4462805b-8cc3-4622-ae8f-f975bdfb1fc8,8.682478219270706,8.682478219270706,50.0,1,1,0
/OrderService/CreateOrder471698f9-7d6b-4260-8c9b-bccd6f11b1dc,10.185965802520514,10.185965802520514,50.0,1,1,0
/OrderService/CreateOrder4a17d426-0417-4e05-a086-2954ee5c09ae,9.244139771908522,9.244139771908522,50.0,1,1,0
/OrderService/CreateOrder4ab5146d-047e-4705-a5cb-9651e60d1831,5.493672098964453,5.493672098964453,50.0,1,1,0
/OrderService/CreateOrder4ad4012d-a3bb-4a58-aec7-8387847e2d80,4.691664129495621,4.691664129495621,50.0,1,1,0
/OrderService/CreateOrder4c5662fa-e45d-461b-8c67-f05173f5cede,11.079458985477686,11.079458985477686,50.0,1,1,0
/OrderService/CreateOrder4db8967b-4ea6-4ad6-bc2a-8f4e9666f8b3,5.69925969466567,5.69925969466567,50.0,1,1,0
/OrderService/CreateOrder5741a4c4-a15b-4628-ab11-30b53dab4340,14.460841659456491,14.460841659456491,50.0,1,1,0
/OrderService/CreateOrder58478b90-1194-4fb9-8e52-7d24a11aae5a,9.132335893809795,9.132335893809795,50.0,1,1,0
/OrderService/CreateOrder5a91d984-b835-406a-b18c-f094e812f9c2,7.299008779227734,7.299008779227734,50.0,1,1,0
/OrderService/CreateOrder5ac07aa2-36f3-4ac3-afb9-46854b263c7c,11.708152014762163,11.708152014762163,49.0,1,1,0
/OrderService/CreateOrder5bb47635-fa01-41b6-8543-284f4865c08f,14.057146850973368,14.057146850973368,50.0,1,1,0
/OrderService/CreateOrder5d698d32-70d4-4ba3-9378-f0cee69cf1d7,65.04369108006358,65.04369108006358,50.0,1,1,0
/OrderService/CreateOrder5ddc1a2e-8513-448a-a8dd-8c7d735f050c,24.575958028435707,24.575958028435707,50.0,1,1,0
/OrderService/CreateOrder5f128b51-243a-4719-aa89-3653f4fc3cfd,1.9426112994551659,1.9426112994551659,50.0,1,1,0
/OrderService/CreateOrder5fb20296-d2af-4744-b436-db988a76a2eb,14.79746587574482,14.79746587574482,50.0,1,1,0
/OrderService/CreateOrder64eca0cd-abb6-4cb3-95b5-9d46f50a9007,12.33525201678276,12.33525201678276,50.0,1,1,0
/OrderService/CreateOrder65945748-db49-440d-8bc5-934feb069baa,4.229109734296799,4.229109734296799,50.0,1,1,0
/OrderService/CreateOrder6b456f9a-3bdd-4503-a056-00a7b27279c4,9.198290761560202,9.198290761560202,50.0,1,1,0
/OrderService/CreateOrder71308e41-82d3-43b0-abdb-6a148596ae1e,2.3650219663977623,2.3650219663977623,50.0,1,1,0
/OrderService/CreateOrder72509fd8-d8ef-459b-8bdd-efc43dc1052c,23.81653105840087,23.81653105840087,50.0,1,1,0
/OrderService/CreateOrder78db2537-f681-42a1-aaaa-572846b497f8,1.6745668835937977,1.6745668835937977,50.0,1,1,0
/OrderService/CreateOrder7aa33426-d3b1-43c2-88e2-427a6f230b9d,2.5459271855652332,2.5459271855652332,50.0,1,1,0
/OrderService/CreateOrder7e4057e3-72bb-4e11-beb0-2da987c5979c,11.777331121265888,11.777331121265888,50.0,1,1,0
/OrderService/CreateOrder81c9c724-5f97-440c-b69f-ad22bdda52e9,4.108286928385496,4.108286928385496,50.0,1,1,0
/OrderService/CreateOrder84c4e5a6-57db-44f8-acd6-e29cd433b2ce,15.42643690481782,15.42643690481782,50.0,1,1,0
/OrderService/CreateOrder88c4548d-4134-42a3-a72e-fb9218678c23,7.493689190596342,7.493689190596342,50.0,1,1,0
/OrderService/CreateOrder88f350ed-b812-415e-87d2-cd0ca5ea9846,11.78793516010046,11.78793516010046,50.0,1,1,0
/OrderService/CreateOrder899b2194-0c7a-4df1-9e86-49cb95fa5bcd,10.22025104612112,10.22025104612112,50.0,1,1,0
/OrderService/CreateOrdera112f7f6-bf1c-42b6-b84b-362fd69ab580,8.224066346883774,8.224066346883774,50.0,1,1,0
/OrderService/CreateOrdera6634f67-4578-438a-80f8-57ddd3659a04,2.7083600871264935,2.7083600871264935,50.0,1,1,0
/OrderService/CreateOrdera77bd3fe-3eac-4dc6-8954-5af3e83229e4,9.847346227616072,9.847346227616072,50.0,1,1,0
/OrderService/CreateOrderb0e4bf7b-a129-42b7-8308-9945b97594f1,2.336679957807064,2.336679957807064,50.0,1,1,0
/OrderService/CreateOrderb55174aa-c717-4191-8b7d-5b3f7576e3f9,15.126299113035202,15.126299113035202,50.0,1,1,0
/OrderService/CreateOrderb68a4e4a-10f4-4478-af7e-2a2d59b296cc,2.7547278441488743,2.7547278441488743,50.0,1,1,0
/OrderService/CreateOrderb70dab92-bfe4-466a-a214-409cdce436ac,16.83882810175419,16.83882810175419,50.0,1,1,0
/OrderService/CreateOrderb70f47e1-02df-4455-aa6e-84d2569fde75,2.486846409738064,2.486846409738064,50.0,1,1,0
/OrderService/CreateOrderb74f9ea7-d461-4e83-a8bc-4227cc8ff42c,2.438404131680727,2.438404131680727,50.0,1,1,0
/OrderService/CreateOrderbceff679-5cdc-4855-b586-69d19f8d84f6,2.106787171214819,2.106787171214819,50.0,1,1,0
/OrderService/CreateOrderc313e790-472f-40ca-b7e6-63d8607b6d13,13.036100193858147,13.036100193858147,50.0,1,1,0
/OrderService/CreateOrderc3d2264f-f51a-4366-896a-6dda9f0402a6,12.58445717394352,12.58445717394352,50.0,1,1,0
/OrderService/CreateOrderc3f8b915-eb7d-4b82-8c9a-5215e26935b3,67.88361119106412,67.88361119106412,50.0,1,1,0
/OrderService/CreateOrderc780668c-f736-4a87-b83d-9055b7b6ed6e,12.896351981908083,12.896351981908083,50.0,1,1,0
/OrderService/CreateOrderca81862d-0e14-49ec-8489-aaf4320748c5,17.02558295801282,17.02558295801282,50.0,1,1,0
/OrderService/CreateOrderccc0fe90-bad2-4cd8-b309-932a99eefe1b,26.192652992904186,26.192652992904186,49.0,1,1,0
/OrderService/CreateOrderccf8644d-cb42-42bd-bfbe-2e6d1216cdb5,1.743061002343893,1.743061002343893,50.0,1,1,0
/OrderService/CreateOrderce412c21-4534-4652-848b-5daf873668e9,13.199135661125183,13.199135661125183,50.0,1,1,0
/OrderService/CreateOrdercf35ecf2-b38e-4439-b5ef-7c50f6b0dad5,14.974234160035849,14.974234160035849,50.0,1,1,0
/OrderService/CreateOrderd85109d0-d43d-4a04-8138-a08e226ee533,16.347579192370176,16.347579192370176,50.0,1,1,0
/OrderService/CreateOrderd9b6ae73-3fc7-4a4d-8d45-6f80f21327d5,13.896279968321323,13.896279968321323,50.0,1,1,0
/OrderService/CreateOrderdbe898dc-daee-4a02-8016-a648bc58f7d5,9.788311086595058,9.788311086595058,50.0,1,1,0
/OrderService/CreateOrderde1a82e8-3c0f-4a5e-8ce1-818f16c920ad,11.20048575103283,11.20048575103283,50.0,1,1,0
/OrderService/CreateOrderdee48520-8b5d-40fc-8f07-1beb9076e5b2,16.42116392031312,16.42116392031312,50.0,1,1,0
/OrderService/CreateOrdere0505a3e-195e-4460-917b-0bfd4eea8b0a,24.564634077250957,24.564634077250957,50.0,1,1,0
/OrderService/CreateOrdere3056d81-a66f-40d1-b20d-740f95d19652,16.37998688966036,16.37998688966036,50.0,1,1,0
/OrderService/CreateOrdere6c1744a-36c1-49f2-a4b4-d3fc9ad8664b,11.350251268595457,11.350251268595457,50.0,1,1,0
/OrderService/CreateOrdered89d6d0-f5c2-4fd7-9e08-96eec08c3a0d,68.71553091332316,68.71553091332316,50.0,1,1,0
/OrderService/CreateOrderf035544f-ddc4-4742-a74c-48686c14c34a,19.301349762827158,19.301349762827158,50.0,1,1,0
/OrderService/CreateOrderfb0cab6c-759c-4db7-8f75-92fea26d8547,11.835860088467598,11.835860088467598,50.0,1,1,0
/OrderService/CreateOrderfd7323e1-b8e7-4a8e-8ad6-100c0bb4faa1,1.9789328798651695,1.9789328798651695,50.0,1,1,0
/OrderService/GetOrder027f136f-17b6-461c-806a-d4ca1a4093f2,1.5898430719971657,1.5898430719971657,3.0,1,1,0
/OrderService/GetOrder062682cc-0b9b-406e-9c4b-0dbf9bee0b31,2.925323322415352,2.925323322415352,3.0,1,1,0
/OrderService/GetOrder06928f1f-e5b6-45ea-bf6e-f8a225942308,2.3773014545440674,2.3773014545440674,3.0,1,1,0
/OrderService/GetOrder0a2feb96-2b16-412a-9174-0ff1cff25703,2.235549967736006,2.235549967736006,2.0,1,1,0
/OrderService/GetOrder0ad12526-1ec2-4e47-ab58-4149c687ebaa,2.5368789210915565,2.5368789210915565,2.0,1,1,0
/OrderService/GetOrder0c1846a7-1aec-40e2-b6bc-af50928d563d,1.8422389402985573,1.8422389402985573,3.0,1,1,0
/OrderService/GetOrder136f93e1-894b-4f9d-8f8d-dc4f4ff61259,2.713823691010475,2.713823691010475,3.0,1,1,0
/OrderService/GetOrder152fef21-0ca8-4ff0-bdc3-e3a57f388c70,1.796382013708353,1.796382013708353,3.0,1,1,0
/OrderService/GetOrder15c9ffa1-023f-4e6a-a4be-3b60f1c3f3cd,1.4041941612958908,1.4041941612958908,3.0,1,1,0
/OrderService/GetOrder16180ae3-af91-4225-89b1-ebfab5599821,3.359678201377392,3.359678201377392,3.0,1,1,0
/OrderService/GetOrder1848ef5e-44d2-4858-88a5-19cd064913ec,2.4812771007418633,2.4812771007418633,3.0,1,1,0
/OrderService/GetOrder1c0de75c-b30f-495c-923f-baa11b1cc505,1.9801747985184193,1.9801747985184193,3.0,1,1,0
/OrderService/GetOrder24d05c76-496a-486b-b82e-fc402d2a16b2,2.275644801557064,2.275644801557064,3.0,1,1,0
/OrderService/GetOrder2867c948-f26d-470b-87de-a11a6dbfe89d,2.639954909682274,2.639954909682274,3.0,1,1,0
/OrderService/GetOrder2a6d9942-b140-4a8c-955b-fee14d98b9f8,2.1011577919125557,2.1011577919125557,3.0,1,1,0
/OrderService/GetOrder2b7872b9-b0f7-45ea-87e0-29f7176fa098,2.0427987910807133,2.0427987910807133,3.0,1,1,0
/OrderService/GetOrder2c09baf6-52fe-4a58-8d16-a46fe61ff750,2.1296371705830097,2.1296371705830097,3.0,1,1,0
/OrderService/GetOrder378a7c82-8e3d-4e54-a7f5-04c742bf056e,2.502795774489641,2.502795774489641,3.0,1,1,0
/OrderService/GetOrder3844c95a-65bb-409c-82ba-242bd46031b1,1.5384438447654247,1.5384438447654247,3.0,1,1,0
/OrderService/GetOrder3853800a-2cc9-4543-9adc-7859f6d07467,2.531746868044138,2.531746868044138,3.0,1,1,0
/OrderService/GetOrder396245d2-278f-4dc5-860a-490e39f51727,2.2842437028884888,2.2842437028884888,3.0,1,1,0
/OrderService/GetOrder3c71b0f1-2b45-4a41-bcb9-3edba4de3a8b,1.6605718992650509,1.6605718992650509,3.0,1,1,0
/OrderService/GetOrder3c8716b4-2326-4638-887a-89024d275052,2.250010147690773,2.250010147690773,3.0,1,1,0
/OrderService/GetOrder41a0983b-7679-48d9-a3ee-f9181b3cdc27,6.30938308313489,6.30938308313489,3.0,1,1,0
/OrderService/GetOrder42cb6871-b27a-4514-b77e-c2f1a2c73af5,1.4880700036883354,1.4880700036883354,3.0,1,1,0
/OrderService/GetOrder432570b1-fee4-4404-9397-33dda461939c,1.833742018789053,1.833742018789053,3.0,1,1,0
/OrderService/GetOrder4601916a-9c18-4bee-a7ca-3b67b7415d1d,1.6037910245358944,1.6037910245358944,3.0,1,1,0
/OrderService/GetOrder4707cb18-c8fc-4586-80ee-7c1ad3d489f4,1.9132429733872414,1.9132429733872414,3.0,1,1,0
/OrderService/GetOrder49489685-23d5-48c8-ac1f-ca229512b0ff,1.47614860907197,1.47614860907197,3.0,1,1,0
/OrderService/GetOrder4a686b6d-77c2-4926-9d32-a607b61a1388,5.092088133096695,5.092088133096695,3.0,1,1,0
/OrderService/GetOrder502e26bd-4122-41d6-ad80-0b8e4d14b826,1.5581389889121056,1.5581389889121056,3.0,1,1,0
/OrderService/GetOrder53bfa5b6-d4d5-4d80-b91c-773705e34a9c,1.811210997402668,1.811210997402668,3.0,1,1,0
/OrderService/GetOrder5ddfd053-e39e-42a1-a1c6-19e1b4833ac2,2.712454181164503,2.712454181164503,3.0,1,1,0
/OrderService/GetOrder64be3895-bf2e-4e51-b1ce-01b008ff26c8,2.04111123457551,2.04111123457551,3.0,1,1,0
/OrderService/GetOrder651bdcf3-8bad-4753-a1b6-229950c380c7,5.660077091306448,5.660077091306448,3.0,1,1,0
/OrderService/GetOrder6757891a-ae0b-47b2-8991-9488c2eeca91,2.172613050788641,2.172613050788641,3.0,1,1,0
/OrderService/GetOrder6c27062f-f8ae-417e-9499-45381e5b493a,1.7059249803423882,1.7059249803423882,3.0,1,1,0
/OrderService/GetOrder6d6a9da8-a6bc-4318-b636-75f00ebff304,3.8905069231987,3.8905069231987,3.0,1,1,0
/OrderService/GetOrder730ab7e5-aa92-46cd-a289-4098f0590142,1.732580829411745,1.732580829411745,3.0,1,1,0
/OrderService/GetOrder75132ced-cdfe-4078-9607-b5f3277607e0,1.5124287456274033,1.5124287456274033,3.0,1,1,0
/OrderService/GetOrder7672b7ce-185a-4884-922d-73d9882939a9,1.5319250524044037,1.5319250524044037,3.0,1,1,0
/OrderService/GetOrder789b76a2-dfd5-4bf3-b765-14fd585c637a,1.2938128784298897,1.2938128784298897,3.0,1,1,0
/OrderService/GetOrder87ba13c4-1b5f-4c8f-9245-a7c3703dd367,1.8314863555133343,1.8314863555133343,3.0,1,1,0
/OrderService/GetOrder8b84b16f-a928-4012-a3bb-1102184bd882,2.219090238213539,2.219090238213539,3.0,1,1,0
/OrderService/GetOrder8bc99679-dd8f-429d-8868-9bc885a9f53e,5.8846320025622845,5.8846320025622845,3.0,1,1,0
/OrderService/GetOrder92d8ee15-49d1-45ab-8035-34e992bd1af3,3.437537234276533,3.437537234276533,3.0,1,1,0
/OrderService/GetOrder9ac18cd8-25e2-4fcf-96b2-2d84a1f18654,3.956418950110674,3.956418950110674,3.0,1,1,0
/OrderService/GetOrder9f409b1f-4e2c-4db2-96d5-627fe9a787bd,2.1782829426229,2.1782829426229,3.0,1,1,0
/OrderService/GetOrdera17807b0-415d-44a3-b069-876cff9795cc,16.47218270227313,16.47218270227313,2.0,1,1,0
/OrderService/GetOrdera47a87d7-d88d-43d0-a58f-1a116363628f,5.550343077629805,5.550343077629805,3.0,1,1,0
/OrderService/GetOrdera76538ab-d09d-4340-a210-99e1e32f56f2,2.685577142983675,2.685577142983675,3.0,1,1,0
/OrderService/GetOrderaa4ea46e-1dc3-43b2-a96f-c635c72da7e7,1.853917259722948,1.853917259722948,3.0,1,1,0
/OrderService/GetOrderabaeb854-c0a5-4724-8a93-0f6a5ded32c2,2.2665360011160374,2.2665360011160374,2.0,1,1,0
/OrderService/GetOrderaf2dad6b-570f-4154-b9ab-be72ee0138ae,1.5403050929307938,1.5403050929307938,3.0,1,1,0
/OrderService/GetOrderb1b875f8-3671-42ae-9788-2bdd503efb12,1.4490331523120403,1.4490331523120403,3.0,1,1,0
/OrderService/GetOrderb2269987-e7b2-4553-a1d8-7299bdd69896,1.2235920876264572,1.2235920876264572,3.0,1,1,0
/OrderService/GetOrderb583fa33-4429-429a-bb7b-f2f3da7ab9bd,3.3394000492990017,3.3394000492990017,2.0,1,1,0
/OrderService/GetOrderbff89322-b069-4eaa-b643-90138debd577,5.327720195055008,5.327720195055008,3.0,1,1,0
/OrderService/GetOrderc11aa28d-0919-4123-b061-da29780218c9,4.253491759300232,4.253491759300232,2.0,1,1,0
/OrderService/GetOrdercc759189-49f7-449e-a70c-1f45ec1c85d0,4.01999382302165,4.01999382302165,3.0,1,1,0
/OrderService/GetOrderccdc9ba7-4b19-4733-be7b-4764cb57cd78,2.682159189134836,2.682159189134836,3.0,1,1,0
/OrderService/GetOrdercf361741-b9cb-433a-823e-c9796b91b9a0,30.304466374218464,30.304466374218464,3.0,1,1,0
/OrderService/GetOrderd4b5b14b-2552-400d-891d-cfee6561b58b,2.0215660333633423,2.0215660333633423,3.0,1,1,0
/OrderService/GetOrderd8f3d616-2a2a-419a-a5b2-12c0525dfaa7,1.8158191815018654,1.8158191815018654,2.0,1,1,0
/OrderService/GetOrderdb549071-ae9e-44b5-8e8c-caeb533c1dd7,1.1957748793065548,1.1957748793065548,3.0,1,1,0
/OrderService/GetOrderde1bebf8-9f05-4eb3-9283-ebe712e17e15,3.2090917229652405,3.2090917229652405,3.0,1,1,0
/OrderService/GetOrderde59693a-91e0-4de4-9d73-05c032cabc5e,1.3854713179171085,1.3854713179171085,3.0,1,1,0
/OrderService/GetOrderdfd99993-05d9-463d-91fb-68e4d6d456e9,2.344842068850994,2.344842068850994,3.0,1,1,0
/OrderService/GetOrdere07b418f-b8e6-49c9-bf0d-09774d608bfd,2.998062875121832,2.998062875121832,3.0,1,1,0
/OrderService/GetOrdere11f8629-1d60-4af9-ba11-e82003ce6046,1.816208939999342,1.816208939999342,2.0,1,1,0
/OrderService/GetOrdere7e2d6a6-fe9e-42ef-a7c1-bf52f20a5265,1.9121449440717697,1.9121449440717697,3.0,1,1,0
/OrderService/GetOrdere92fbe17-009f-4b52-8a7e-2f822247475e,1.6209590248763561,1.6209590248763561,3.0,1,1,0
/OrderService/GetOrdere94fc8b9-5f8a-4e5d-bbbe-cf009436f34d,1.2489180080592632,1.2489180080592632,3.0,1,1,0
/OrderService/GetOrdereabb43f1-84d0-47f4-b008-398f40f9c24b,0.9912732057273388,0.9912732057273388,3.0,1,1,0
/OrderService/GetOrdered5db4af-468a-4356-9976-65655113a141,1.5970957465469837,1.5970957465469837,3.0,1,1,0
/OrderService/GetOrderf4042f7a-f91f-4e96-8959-1d98a258440e,5.688297096639872,5.688297096639872,3.0,1,1,0
/OrderService/GetOrderf569559b-c438-4439-bc5a-e9c30d8ec68b,3.870195709168911,3.870195709168911,2.0,1,1,0
/OrderService/GetOrderfa7b0779-56fb-4c5b-9839-6c81b3e418d2,5.149704869836569,5.149704869836569,3.0,1,1,0
/OrderService/GetOrderfd46586a-5176-49a1-a2a5-802dd05fbe60,1.6169128939509392,1.6169128939509392,3.0,1,1,0
/OrderService/GetOrderfd8b988e-ba9c-4acd-9d53-3820478d1a24,1.8594167195260525,1.8594167195260525,3.0,1,1,0
Aggregated,8.295745975192403,6.0,32.2265625,-1,1,0
