Service,Average Response Time,Medium Response Time,Request Size,Request Type,Frequency,Size
/CatalogService/AddItem06cfddd0-4e02-4e8c-9318-13af864a53e9,23.45890272408724,23.45890272408724,100000.0,1,0,2
/CatalogService/AddItem1e238cc8-ce8a-4b8f-96e3-425d8e46de94,10.036107152700424,10.036107152700424,100000.0,1,0,2
/CatalogService/AddItem338b7161-696d-4e2b-882d-ec8b879c4f31,26.689124759286642,26.689124759286642,100000.0,1,0,2
/CatalogService/AddItem3939e545-e659-4890-b2fa-dcc5c17f00aa,24.683095049113035,24.683095049113035,100000.0,1,0,2
/CatalogService/AddItem431bd6dd-852e-44d7-8ff0-5575e349fb45,8.90311785042286,8.90311785042286,100000.0,1,0,2
/CatalogService/AddItem6f32a13e-6c8f-4c59-b463-c1bc888a2744,12.999716680496931,12.999716680496931,100000.0,1,0,2
/CatalogService/AddItem894ac1ad-2ff7-448f-86ea-cc117e26b426,21.30719507113099,21.30719507113099,100000.0,1,0,2
/CatalogService/AddItem98227548-49ca-4b59-9d30-cc2d0ae2c655,3.7373960949480534,3.7373960949480534,100000.0,1,0,2
/CatalogService/GetItem20f25d0f-a63c-49bb-b8f5-4ece3f82ddf1,8.197943214327097,8.197943214327097,3.0,1,0,2
/CatalogService/GetItem45cb095b-d69a-4ca4-b16e-d37dbcabc895,8.026132825762033,8.026132825762033,3.0,1,0,2
/CatalogService/GetItem51d94ce3-34b0-4e11-9350-810676368f22,7.620062213391066,7.620062213391066,2.0,1,0,2
/CatalogService/GetItem6302ade4-4f24-4025-8037-d8ed24993b7c,6.448339205235243,6.448339205235243,3.0,1,0,2
/CatalogService/GetItem7585c983-eba2-4ac7-89c0-5daa31a5293f,5.274708848446608,5.274708848446608,3.0,1,0,2
/CatalogService/GetItem9234baca-3b24-472e-a523-9fbb1244f9c3,4.515290260314941,4.515290260314941,3.0,1,0,2
/CatalogService/GetItema55de540-9867-4aa4-bde4-5bbde1125c8a,4.032961558550596,4.032961558550596,3.0,1,0,2
/CatalogService/GetIteme83c55f8-11cc-47f5-a787-76580f261101,3.184701781719923,3.184701781719923,3.0,1,0,2
/CatalogService/UpdateItem004327d5-82b0-41c7-82da-eb9de5d26e09,7.699708919972181,7.699708919972181,100000.0,1,0,2
/CatalogService/UpdateItem0f6dee11-5a66-4d5b-a53a-1fb706598483,13.530983123928308,13.530983123928308,100000.0,1,0,2
/CatalogService/UpdateItem5cd64d12-7574-417b-8354-2e89a5ae779c,4.758940078318119,4.758940078318119,100000.0,1,0,2
/CatalogService/UpdateItem821871ff-d586-436f-abdc-c136ef28f153,22.507954388856888,22.507954388856888,100000.0,1,0,2
/CatalogService/UpdateItemafdb2de6-fcd8-40c8-9f58-09f4683a033f,9.940668009221554,9.940668009221554,100000.0,1,0,2
/CatalogService/UpdateItemcfc64d1f-f9b3-4fd5-b35e-09b0206c0593,21.786047145724297,21.786047145724297,100000.0,1,0,2
/CatalogService/UpdateIteme4482b4a-f1f7-41dc-acfd-49834b90b6f3,7.365620695054531,7.365620695054531,100000.0,1,0,2
/CatalogService/UpdateIteme52f6a96-0521-4795-8ab6-1eab54892e1e,6.775957066565752,6.775957066565752,100000.0,1,0,2
/CustomerService/CreateCustomer02552256-65fe-4e17-819c-b579b79cecde,20.026572048664093,20.026572048664093,100000.0,1,0,2
/CustomerService/CreateCustomer04a113c3-493f-46ea-893e-e47cb6cc566f,19.10707401111722,19.10707401111722,100000.0,1,0,2
/CustomerService/CreateCustomer36c74e58-1a5e-4748-b40e-4e08e9aa949c,24.833037052303553,24.833037052303553,100000.0,1,0,2
/CustomerService/CreateCustomer4452c740-2f4a-49db-bbe0-459614a8725a,25.411770213395357,25.411770213395357,100000.0,1,0,2
/CustomerService/CreateCustomer8150d06e-01fc-4e74-a4c1-1f22a43843f4,22.21794193610549,22.21794193610549,100000.0,1,0,2
/CustomerService/CreateCustomer94bd7926-1007-4cf1-afe0-ac05b4fb71a4,25.09233308956027,25.09233308956027,100000.0,1,0,2
/CustomerService/CreateCustomera786c368-a814-4954-9a54-55e851384d22,24.826162960380316,24.826162960380316,100000.0,1,0,2
/CustomerService/CreateCustomerf238f8d7-94a1-4764-b478-1cc0b86ddb1a,19.762668292969465,19.762668292969465,100000.0,1,0,2
/CustomerService/UpdateCustomer1df4d1c1-5cbe-438e-a549-31c9ef9bd11f,11.165414936840534,11.165414936840534,100000.0,1,0,2
/CustomerService/UpdateCustomer6abb4b4d-a345-4aa7-950d-39ac5cba4e86,26.29554597660899,26.29554597660899,100000.0,1,0,2
/CustomerService/UpdateCustomer84d56112-8ae1-44a8-8e87-934e9bfdc8ab,9.816981386393309,9.816981386393309,100000.0,1,0,2
/CustomerService/UpdateCustomer8a1be5b0-0ff5-4e37-8bed-d08628721cd2,17.260627821087837,17.260627821087837,100000.0,1,0,2
/CustomerService/UpdateCustomer9fe80781-e682-48a6-bc13-6b09e560d8c5,9.045818820595741,9.045818820595741,100000.0,1,0,2
/CustomerService/UpdateCustomera8801057-6c52-421b-95c3-dffa16d20f81,13.719460926949978,13.719460926949978,100000.0,1,0,2
/CustomerService/UpdateCustomeraf7abcfe-2b53-4df1-8dd8-c1651d6e99d0,12.574537191540003,12.574537191540003,100000.0,1,0,2
/CustomerService/UpdateCustomerd0bf260a-f961-47f9-9edc-f2d4617b411d,7.768615614622831,7.768615614622831,100000.0,1,0,2
/CustomerService/getCustomer2078fbe5-2ff4-4a2c-84b2-88534ee53340,4.761910997331142,4.761910997331142,2.0,1,0,2
/CustomerService/getCustomer4db7bfd8-4985-4748-b003-01a59b9fea27,2.6313792914152145,2.6313792914152145,2.0,1,0,2
/CustomerService/getCustomera5b0ae30-e38b-4c38-aa3b-66a272792ec8,8.8920290581882,8.8920290581882,2.0,1,0,2
/CustomerService/getCustomerb832765f-6fad-4931-a142-bc6297c5aefe,4.369959235191345,4.369959235191345,2.0,1,0,2
/CustomerService/getCustomerc49bebc1-4898-4489-be38-fcc65c162be4,8.520281873643398,8.520281873643398,2.0,1,0,2
/CustomerService/getCustomercfafe115-fe18-474d-adfa-77c58b478347,3.7791701033711433,3.7791701033711433,2.0,1,0,2
/CustomerService/getCustomere52c307f-0a7f-4b44-8696-5cb7f3f8b6c5,4.830002784729004,4.830002784729004,2.0,1,0,2
/CustomerService/getCustomere91e7e99-9127-4a69-bdda-919e84f5764c,7.907557301223278,7.907557301223278,2.0,1,0,2
/OrderService/CreateOrder013e9d7e-3521-41a4-a1b6-044f49e00856,13.306282926350832,13.306282926350832,100000.0,1,0,2
/OrderService/CreateOrder03cd7b7f-b39b-4a0a-95af-0a0560dd5963,14.966047834604979,14.966047834604979,100000.0,1,0,2
/OrderService/CreateOrder1a27bb5a-c81a-4c2c-a2b0-1d98a85a72c9,17.92784407734871,17.92784407734871,100000.0,1,0,2
/OrderService/CreateOrder32ec7599-c140-4abf-9b81-629f5661d5e4,12.288989033550024,12.288989033550024,100000.0,1,0,2
/OrderService/CreateOrder6876ae2c-478a-415a-b4ef-04d084c2e021,12.895891908556223,12.895891908556223,100000.0,1,0,2
/OrderService/CreateOrder837dd8fd-1a91-44b2-8b5c-a90a3c546614,13.869347982108593,13.869347982108593,100000.0,1,0,2
/OrderService/CreateOrder96cfd0d5-ca8c-4216-bb40-b13cf8f8a5d5,18.966648261994123,18.966648261994123,100000.0,1,0,2
/OrderService/CreateOrderd547592a-2313-40f2-84a0-f5ef27830db4,15.655376017093658,15.655376017093658,100000.0,1,0,2
/OrderService/GetOrder0d4df08a-f03e-4dad-b8c4-ebb2682d5dac,4.8325820825994015,4.8325820825994015,3.0,1,0,2
/OrderService/GetOrder812d5f31-0748-4a21-8721-6b53b8027560,2.8695748187601566,2.8695748187601566,3.0,1,0,2
/OrderService/GetOrder8d089909-689a-4e7a-a9ac-5872d9011f1b,12.154653202742338,12.154653202742338,3.0,1,0,2
/OrderService/GetOrder9a53110b-38ae-491f-9b51-06e191d1b23c,5.491956137120724,5.491956137120724,2.0,1,0,2
/OrderService/GetOrderc0784905-821f-48b1-aedd-a10b2e2d3a33,5.98754920065403,5.98754920065403,3.0,1,0,2
/OrderService/GetOrdercf604eaf-4eaa-40b8-8fa6-8aa4f857c6de,3.9167371578514576,3.9167371578514576,2.0,1,0,2
/OrderService/GetOrdere9bf4983-d544-4467-92ac-980ca4500f4a,9.98649001121521,9.98649001121521,2.0,1,0,2
/OrderService/GetOrderfec02845-43f6-47a4-8406-216743f4c3db,2.6677860878407955,2.6677860878407955,3.0,1,0,2
Aggregated,12.123145068471786,10.0,62500.9375,-1,0,2
