Service,Average Response Time,Medium Response Time,Request Size,Request Type,Frequency,Size
/CatalogService/AddItem010cdf0e-8c92-4a24-99a3-2503083c99a4,4.155943635851145,4.155943635851145,100000.0,1,1,2
/CatalogService/AddItem031219c4-9715-4814-9a24-b289b64a30b1,6.8429140374064445,6.8429140374064445,100000.0,1,1,2
/CatalogService/AddItem08cb2eb4-fca5-4dc1-baa5-5dc826c5dc81,11.719935107976198,11.719935107976198,100000.0,1,1,2
/CatalogService/AddItem0a954777-2b49-4ee4-a468-480117c53085,18.562716897577047,18.562716897577047,100000.0,1,1,2
/CatalogService/AddItem197a23f2-1183-43d2-982e-ec16f1078dfd,10.42921468615532,10.42921468615532,100000.0,1,1,2
/CatalogService/AddItem1cfeaeae-ed00-4c99-9d30-21426011ab1f,13.05115781724453,13.05115781724453,100000.0,1,1,2
/CatalogService/AddItem1e54b765-ae54-42b0-b849-a67f57ab8806,3.833660390228033,3.833660390228033,100000.0,1,1,2
/CatalogService/AddItem230aeaf8-1508-4b64-a67c-531460e00572,10.824847035109997,10.824847035109997,100000.0,1,1,2
/CatalogService/AddItem2361db12-0b3b-49dd-ba6b-24777d931740,12.750941794365644,12.750941794365644,100000.0,1,1,2
/CatalogService/AddItem2373d619-b595-4502-bf52-6b77fcc17ad6,12.71411869674921,12.71411869674921,100000.0,1,1,2
/CatalogService/AddItem23b83165-b801-46be-aba0-2f087612e276,6.98814308270812,6.98814308270812,100000.0,1,1,2
/CatalogService/AddItem2a0a6384-112a-427a-b76a-a840226bc7e5,6.116391159594059,6.116391159594059,100000.0,1,1,2
/CatalogService/AddItem2c5245c1-01dc-4e2e-adc8-cf77563430dd,4.808257333934307,4.808257333934307,100000.0,1,1,2
/CatalogService/AddItem2fa3f3a4-f29a-4b18-8f3d-8cc6972646b4,11.260002851486206,11.260002851486206,100000.0,1,1,2
/CatalogService/AddItem38254f3e-bd10-46ec-bbde-a4dc5b451fc4,12.337653897702694,12.337653897702694,100000.0,1,1,2
/CatalogService/AddItem42f1c364-0176-4cde-8574-41ed9517a624,5.943649914115667,5.943649914115667,100000.0,1,1,2
/CatalogService/AddItem46fd8b26-79cb-4521-b23a-b7be3f9ed159,6.019601132720709,6.019601132720709,100000.0,1,1,2
/CatalogService/AddItem4a2870e8-bd6e-46a8-9ebd-33339fd2b79b,8.71448777616024,8.71448777616024,100000.0,1,1,2
/CatalogService/AddItem4a6d135f-d849-4396-b757-4707ac297c99,14.102301094681025,14.102301094681025,100000.0,1,1,2
/CatalogService/AddItem4ea78aca-fe8f-47c4-9f38-34a4b2e3cc78,6.696696858853102,6.696696858853102,100000.0,1,1,2
/CatalogService/AddItem4ec3060b-ec8f-4952-b08e-ea22fef5f16c,19.324349705129862,19.324349705129862,100000.0,1,1,2
/CatalogService/AddItem4fa1fa0b-7864-4578-a5e8-3dbfe77d069d,6.415868178009987,6.415868178009987,100000.0,1,1,2
/CatalogService/AddItem50943e96-95e5-4401-bac1-ad76a8d5cece,12.32480863109231,12.32480863109231,100000.0,1,1,2
/CatalogService/AddItem5113c9cf-c370-4d88-b5c7-f60a942dcd12,14.684481080621481,14.684481080621481,100000.0,1,1,2
/CatalogService/AddItem52b63f2e-b56b-4401-bf6b-cc569ab43b8f,19.127915147691965,19.127915147691965,100000.0,1,1,2
/CatalogService/AddItem5b10bfd8-0464-4017-815b-87ed90e4e775,13.47930496558547,13.47930496558547,100000.0,1,1,2
/CatalogService/AddItem63b43414-d7b1-4b76-9dbe-e250bef26cff,4.6484628692269325,4.6484628692269325,100000.0,1,1,2
/CatalogService/AddItem6642da1b-7c56-4113-8ee0-4fe6d2b99994,12.871081940829754,12.871081940829754,100000.0,1,1,2
/CatalogService/AddItem69cc80c5-d39b-424e-b040-de292a5149bf,15.32083423808217,15.32083423808217,100000.0,1,1,2
/CatalogService/AddItem6adf2265-554c-4bb2-993e-60c6d0199c9b,11.13953534513712,11.13953534513712,100000.0,1,1,2
/CatalogService/AddItem6bd880f8-cbb0-405f-8a7a-f8121a7c5a3f,4.667299799621105,4.667299799621105,100000.0,1,1,2
/CatalogService/AddItem6f37cbdd-7ffb-4950-afaf-78deefe660de,13.165588025003672,13.165588025003672,100000.0,1,1,2
/CatalogService/AddItem73fa7799-3a13-4100-8d69-4ff6d4622886,9.622812271118164,9.622812271118164,100000.0,1,1,2
/CatalogService/AddItem7a988bf9-8391-45cf-8aeb-fee388ca2be6,3.9643212221562862,3.9643212221562862,100000.0,1,1,2
/CatalogService/AddItem82da81bc-1fc5-4eb6-a35d-a8c19327ccc7,21.74451807513833,21.74451807513833,100000.0,1,1,2
/CatalogService/AddItem89d19ca5-9933-4571-9ccd-586feb20081f,4.9842060543596745,4.9842060543596745,100000.0,1,1,2
/CatalogService/AddItem8b109dbc-440d-4beb-845a-39dd32f95966,13.469928409904242,13.469928409904242,100000.0,1,1,2
/CatalogService/AddItem8bf97be2-2442-4dbf-bbde-fe1e0ce6f8b9,18.252224195748568,18.252224195748568,100000.0,1,1,2
/CatalogService/AddItem8cadf22f-0ef8-4777-8128-9fa6d0e396ac,10.698338970541954,10.698338970541954,100000.0,1,1,2
/CatalogService/AddItem8cf4407d-57de-4a7a-b176-cd91449b4577,12.147929985076189,12.147929985076189,100000.0,1,1,2
/CatalogService/AddItem8f33419f-ea83-4594-bab2-f2144520bcbf,12.110528070479631,12.110528070479631,100000.0,1,1,2
/CatalogService/AddItem909d2675-6e6c-48e8-bc27-58bf8a3d2037,20.12962196022272,20.12962196022272,100000.0,1,1,2
/CatalogService/AddItem90c40bf2-ba7f-4037-8c4a-606e48644129,12.249983847141266,12.249983847141266,100000.0,1,1,2
/CatalogService/AddItem92f5478c-6e02-44e4-9503-a70c94af846c,12.014556210488081,12.014556210488081,100000.0,1,1,2
/CatalogService/AddItem9df275ab-2ade-445b-ab42-39e59e7bdef5,4.763802979141474,4.763802979141474,100000.0,1,1,2
/CatalogService/AddItema097b2bc-dac2-4190-babf-858ab6978f5d,11.552354786545038,11.552354786545038,100000.0,1,1,2
/CatalogService/AddItema4fce5f2-d945-48e1-b473-7d095c1abde8,12.047274969518185,12.047274969518185,100000.0,1,1,2
/CatalogService/AddItema700b106-fc64-46bc-bef1-b63b30e95990,7.751332130283117,7.751332130283117,100000.0,1,1,2
/CatalogService/AddItema8fc54e5-42c4-462e-bc34-08b85b6d4582,14.068908989429474,14.068908989429474,100000.0,1,1,2
/CatalogService/AddItemab8ccdef-d709-4132-915f-32c7ca9ecc69,5.558527074754238,5.558527074754238,100000.0,1,1,2
/CatalogService/AddItemac839b71-2e1f-4744-8979-28d65141825b,13.363196980208158,13.363196980208158,100000.0,1,1,2
/CatalogService/AddItemac90d5c0-ef5a-4004-a0cd-9c4cffbcf77b,3.828010056167841,3.828010056167841,100000.0,1,1,2
/CatalogService/AddItemac95911a-6bf4-4bb6-b711-352e0d1b5407,4.045171197503805,4.045171197503805,100000.0,1,1,2
/CatalogService/AddItemb0f27033-a986-46b4-8002-d7aae9c2bfcc,19.271225202828646,19.271225202828646,100000.0,1,1,2
/CatalogService/AddItemb120bf39-5c08-4c2c-ab64-82d2b9a06249,13.181127607822418,13.181127607822418,100000.0,1,1,2
/CatalogService/AddItemb1e6e77f-e13e-456b-b9d2-43bb20e81bab,18.93208594992757,18.93208594992757,100000.0,1,1,2
/CatalogService/AddItemb470fdd5-22df-47ba-9a5e-6d020baf1264,17.074712086468935,17.074712086468935,100000.0,1,1,2
/CatalogService/AddItemb6cee6d3-ba2a-430a-9b27-39309708ad5b,12.326355092227459,12.326355092227459,100000.0,1,1,2
/CatalogService/AddItemb82d06b4-df69-4d76-a213-80918b78396f,11.693584732711315,11.693584732711315,100000.0,1,1,2
/CatalogService/AddItemb9eeb16d-2353-4cb8-a5ab-8b0d701a48d0,4.6705747954547405,4.6705747954547405,100000.0,1,1,2
/CatalogService/AddItemb9f3a397-cb00-4885-a254-fbf183d8ad65,6.5215337090194225,6.5215337090194225,100000.0,1,1,2
/CatalogService/AddItembe0ddef6-bfed-4ace-9950-c22e2fd79f95,16.452808864414692,16.452808864414692,100000.0,1,1,2
/CatalogService/AddItemc8592f12-b3fa-471f-b36f-c9333b56d524,16.66095992550254,16.66095992550254,100000.0,1,1,2
/CatalogService/AddItemca3d3ae4-e88b-4f83-8a42-f7ff8a13d882,5.557097960263491,5.557097960263491,100000.0,1,1,2
/CatalogService/AddItemcd3fdda1-983d-4358-90d3-199e44cc7efd,4.455133341252804,4.455133341252804,100000.0,1,1,2
/CatalogService/AddItemd24d4424-2ec5-407d-92d9-42957e08d1ba,14.976411126554012,14.976411126554012,100000.0,1,1,2
/CatalogService/AddItemd39b6ae9-37b8-4b1c-b609-c1db61794751,10.47622412443161,10.47622412443161,100000.0,1,1,2
/CatalogService/AddItemd569c2c1-029b-4a28-b782-c75ff44d6893,15.263936016708612,15.263936016708612,100000.0,1,1,2
/CatalogService/AddItemdaa7d656-04d7-4000-bd50-33cba052dea2,5.272573325783014,5.272573325783014,100000.0,1,1,2
/CatalogService/AddItemdd1ccb6c-a98f-436a-8159-c79eb51a5165,10.412405710667372,10.412405710667372,100000.0,1,1,2
/CatalogService/AddItemdfcbc828-669d-4c63-8eec-86999d886f41,11.815422214567661,11.815422214567661,100000.0,1,1,2
/CatalogService/AddIteme9518f22-50eb-402a-9a39-c060bad62608,6.790005136281252,6.790005136281252,100000.0,1,1,2
/CatalogService/AddItemef4c4b71-9aab-45e5-99b6-bba55226e900,6.022471934556961,6.022471934556961,100000.0,1,1,2
/CatalogService/AddItemf0639453-42b1-47fa-8011-64d6b6ed9a36,15.982854180037975,15.982854180037975,100000.0,1,1,2
/CatalogService/AddItemf587e3fe-8286-491b-ac0c-2a5fdb086620,13.671559281647205,13.671559281647205,100000.0,1,1,2
/CatalogService/AddItemfb51a834-0011-45e9-bdd8-63b4d9597f56,3.8261585868895054,3.8261585868895054,100000.0,1,1,2
/CatalogService/AddItemfb7c9c98-2f7b-4c76-b719-6d500cd20414,13.160144910216331,13.160144910216331,100000.0,1,1,2
/CatalogService/AddItemfbaf09d3-2010-4b43-aeae-890b0affa4da,3.692877944558859,3.692877944558859,100000.0,1,1,2
/CatalogService/AddItemfc4e12a5-7e30-4b4e-8bb7-12dcc980b607,6.381298881024122,6.381298881024122,100000.0,1,1,2
/CatalogService/AddItemffe1a031-e559-4954-8508-190901161281,5.597428418695927,5.597428418695927,100000.0,1,1,2
/CatalogService/GetItem006dfcdc-95cb-4ba6-a7a5-41c399cd4815,3.725685179233551,3.725685179233551,3.0,1,1,2
/CatalogService/GetItem0097a804-bc9b-49f1-8d64-27ed056521d2,10.944207198917866,10.944207198917866,3.0,1,1,2
/CatalogService/GetItem01c318f3-bf66-4b44-9473-8b0382827cd9,3.955019637942314,3.955019637942314,3.0,1,1,2
/CatalogService/GetItem05ecbfff-ec15-4136-8381-72e4babdb08c,2.268178854137659,2.268178854137659,3.0,1,1,2
/CatalogService/GetItem07825695-ec19-46db-9ca7-da622163bd0c,5.809038877487183,5.809038877487183,3.0,1,1,2
/CatalogService/GetItem0bc64b5b-910a-419e-9598-e5a227b4abf1,4.949161317199469,4.949161317199469,3.0,1,1,2
/CatalogService/GetItem0d377aee-ba95-4c85-86ab-727c55fbcd90,2.000655047595501,2.000655047595501,3.0,1,1,2
/CatalogService/GetItem13ac8509-45dd-4c4d-9ac6-a07bc9ba50a2,11.980099137872458,11.980099137872458,3.0,1,1,2
/CatalogService/GetItem14107722-5f11-47cb-a41c-f00c7fac80a2,2.273151185363531,2.273151185363531,3.0,1,1,2
/CatalogService/GetItem17b48af0-15cf-409d-bfd5-a863486688e8,2.935464959591627,2.935464959591627,2.0,1,1,2
/CatalogService/GetItem1a425205-12ff-4dd3-8a1c-d41de2db27b0,4.464728757739067,4.464728757739067,3.0,1,1,2
/CatalogService/GetItem1d1c7f9a-8915-4a35-90f6-6f23b7e433f7,3.04585974663496,3.04585974663496,3.0,1,1,2
/CatalogService/GetItem1ee2da0d-d520-4bf3-8612-4c25e1bed3a5,2.7429298497736454,2.7429298497736454,3.0,1,1,2
/CatalogService/GetItem203db318-ad2c-4c7e-92a4-811bcfd4a0d2,5.894984118640423,5.894984118640423,3.0,1,1,2
/CatalogService/GetItem2538c0a4-cb87-4c93-8cf2-f60c0c8a9a9e,2.284279093146324,2.284279093146324,3.0,1,1,2
/CatalogService/GetItem29731384-8607-4870-99d4-59ba4383503a,9.935806971043348,9.935806971043348,3.0,1,1,2
/CatalogService/GetItem29e955ac-cd5e-4242-b665-cc3d5c85705f,3.3018109388649464,3.3018109388649464,3.0,1,1,2
/CatalogService/GetItem2a9df262-7d0c-4978-9e56-202c5ecb97c0,31.569812912493944,31.569812912493944,3.0,1,1,2
/CatalogService/GetItem2f48bdb1-61ed-41af-839f-c08d48612b7f,4.072466865181923,4.072466865181923,3.0,1,1,2
/CatalogService/GetItem345d37e0-0089-4ede-9402-aad7605afdc0,4.593431018292904,4.593431018292904,3.0,1,1,2
/CatalogService/GetItem38438b9f-971b-46bf-9b3e-ef0fc5b8be8d,3.6177788861095905,3.6177788861095905,3.0,1,1,2
/CatalogService/GetItem384890ff-3848-4541-96e5-2c3e8b62e5a4,4.462988581508398,4.462988581508398,3.0,1,1,2
/CatalogService/GetItem38b4e674-2e9a-4a12-8eea-4df7d764aa72,4.884891677647829,4.884891677647829,3.0,1,1,2
/CatalogService/GetItem38c0219d-fa08-4882-8c0c-ffb0a30069b9,6.066652946174145,6.066652946174145,3.0,1,1,2
/CatalogService/GetItem3b4794e5-414f-4168-9bc2-217fe4621ee8,3.002763260155916,3.002763260155916,3.0,1,1,2
/CatalogService/GetItem4109dfaf-dfd9-4fd4-b425-63fde1db5633,2.2832551039755344,2.2832551039755344,3.0,1,1,2
/CatalogService/GetItem414f76b6-b8cf-49d8-b1aa-287b5fa17d98,8.976184763014317,8.976184763014317,2.0,1,1,2
/CatalogService/GetItem41fc4643-03a6-4035-ba00-cb1d07900fa0,2.591189928352833,2.591189928352833,3.0,1,1,2
/CatalogService/GetItem429306e3-284e-4ed7-9c13-3d4c7d7ad02d,2.3222123272717,2.3222123272717,3.0,1,1,2
/CatalogService/GetItem42cd7fb0-48b4-45b9-939b-fe74973ca0f8,10.81297593191266,10.81297593191266,3.0,1,1,2
/CatalogService/GetItem4316b94f-df84-4224-8ce4-513155edd154,2.3029199801385403,2.3029199801385403,3.0,1,1,2
/CatalogService/GetItem4a5b0b36-863d-4179-a8aa-367bb2a0f6ab,2.9503460973501205,2.9503460973501205,3.0,1,1,2
/CatalogService/GetItem51f24ff9-4749-4bfb-855d-5f0bfd9d6a3a,3.6533400416374207,3.6533400416374207,3.0,1,1,2
/CatalogService/GetItem524e6033-d7c3-492b-890f-510511d2c2d2,3.138887230306864,3.138887230306864,3.0,1,1,2
/CatalogService/GetItem543b11b9-9b1e-4604-9c5e-d857e6e89e22,15.431383159011602,15.431383159011602,3.0,1,1,2
/CatalogService/GetItem56762fb5-0ae9-46c4-8fef-d79dcd559387,6.653125863522291,6.653125863522291,3.0,1,1,2
/CatalogService/GetItem5d01bb61-61b6-40ee-9ed3-50d52c6cc64d,6.269409321248531,6.269409321248531,3.0,1,1,2
/CatalogService/GetItem61beb387-db54-48dd-8cdb-48ef4a368813,11.476198676973581,11.476198676973581,3.0,1,1,2
/CatalogService/GetItem6771ce37-771b-4d5d-9335-83c796487adc,7.673291023820639,7.673291023820639,3.0,1,1,2
/CatalogService/GetItem68c28b54-e1e6-4cad-8743-3e55fbd1f55e,2.0408793352544308,2.0408793352544308,3.0,1,1,2
/CatalogService/GetItem6a2fd3e2-33da-4990-9e45-c224cc6c38df,2.622573170810938,2.622573170810938,3.0,1,1,2
/CatalogService/GetItem6ba25cb4-2025-4022-b96c-fd128020edc2,2.0879656076431274,2.0879656076431274,3.0,1,1,2
/CatalogService/GetItem7684482a-8118-4434-81ce-86b97911f441,5.4265582002699375,5.4265582002699375,3.0,1,1,2
/CatalogService/GetItem7981ad15-37ce-4864-b205-f1e9d95786d3,2.945524174720049,2.945524174720049,3.0,1,1,2
/CatalogService/GetItem7be6a833-9d6b-46e6-9d1d-775180801147,2.279076259583235,2.279076259583235,3.0,1,1,2
/CatalogService/GetItem7d7fb707-86c6-403e-a87f-290999a97709,5.186690948903561,5.186690948903561,2.0,1,1,2
/CatalogService/GetItem7f164563-e46a-4fbf-9402-f63bfbf5e451,2.0071901381015778,2.0071901381015778,3.0,1,1,2
/CatalogService/GetItem7fad684d-ed32-4416-8c94-b42f3d848ad0,2.8153453022241592,2.8153453022241592,3.0,1,1,2
/CatalogService/GetItem82522d8b-67ba-42cb-a54d-ac36ad91c2b1,6.612044293433428,6.612044293433428,3.0,1,1,2
/CatalogService/GetItem826bba16-eae3-47a6-be53-1a0b8fd3f151,4.022160079330206,4.022160079330206,3.0,1,1,2
/CatalogService/GetItem8573238d-2f26-489e-bb51-c41f24053bc0,2.3591462522745132,2.3591462522745132,3.0,1,1,2
/CatalogService/GetItem8a4c09da-01bb-4e90-b45d-1c4544caa5b3,7.081410847604275,7.081410847604275,3.0,1,1,2
/CatalogService/GetItem8cecb8dc-8735-402a-a80e-67bee1aa2861,3.737824037671089,3.737824037671089,3.0,1,1,2
/CatalogService/GetItem8d65d259-2c1e-483d-90df-6447c31505bb,2.1833921782672405,2.1833921782672405,3.0,1,1,2
/CatalogService/GetItem8e0057b6-5df8-4903-8155-d95d832aafe9,3.2769544050097466,3.2769544050097466,3.0,1,1,2
/CatalogService/GetItem8e0f9d72-d983-45e0-afb2-2e53e1cc770e,4.57798782736063,4.57798782736063,3.0,1,1,2
/CatalogService/GetItem92a03e7d-add8-438c-ab2d-b32e4bc499ab,3.3618612214922905,3.3618612214922905,3.0,1,1,2
/CatalogService/GetItem9306b61a-84b9-4db7-976f-b86a7702fb81,2.075682859867811,2.075682859867811,3.0,1,1,2
/CatalogService/GetItem9477914f-8760-4e90-861f-a18a571fe958,2.6298179291188717,2.6298179291188717,3.0,1,1,2
/CatalogService/GetItem96d6bec2-95b3-43b9-b338-b6df08a1e023,7.093199994415045,7.093199994415045,2.0,1,1,2
/CatalogService/GetItem96f080db-67de-4310-935f-8703ee64423f,5.64963323995471,5.64963323995471,3.0,1,1,2
/CatalogService/GetItem984622a3-3511-4337-a87b-13d5b41cfd91,4.461204167455435,4.461204167455435,2.0,1,1,2
/CatalogService/GetItem9ab7edad-3e69-4ea3-980f-39689bb62bf8,2.624211832880974,2.624211832880974,3.0,1,1,2
/CatalogService/GetItem9cd41de1-4a9a-46aa-802e-61b39c3fb806,5.025740712881088,5.025740712881088,3.0,1,1,2
/CatalogService/GetItema998b797-e184-461d-9cdc-ad0614bde245,2.444054000079632,2.444054000079632,3.0,1,1,2
/CatalogService/GetItemac6d1947-9ab0-4634-bba6-fa43a24abfa6,5.196615122258663,5.196615122258663,3.0,1,1,2
/CatalogService/GetItembb0ee3d9-3b7d-4281-af26-e8b71c9568c5,8.241290226578712,8.241290226578712,3.0,1,1,2
/CatalogService/GetItembdd0d645-0493-4be8-acd7-f72e2786df18,4.150636959820986,4.150636959820986,3.0,1,1,2
/CatalogService/GetItemc015412b-15a2-4e33-b6e1-1c5b26f8f360,2.2686999291181564,2.2686999291181564,3.0,1,1,2
/CatalogService/GetItemcb9c6485-777a-4438-8057-0bf04d765af0,5.4408712312579155,5.4408712312579155,3.0,1,1,2
/CatalogService/GetItemcef4d4a3-46c8-49a7-ae42-cea846101c16,2.225812990218401,2.225812990218401,3.0,1,1,2
/CatalogService/GetItemd632c2e5-6c4c-44a3-ba27-0c4500550df6,4.743229132145643,4.743229132145643,3.0,1,1,2
/CatalogService/GetItemdae6dc36-7295-4494-ace8-acf57866ddb9,4.109489731490612,4.109489731490612,3.0,1,1,2
/CatalogService/GetItemdc3d109d-6f75-4458-9b98-44075f3fabba,3.15942894667387,3.15942894667387,3.0,1,1,2
/CatalogService/GetItemde9b3fa5-47c6-48a8-b5f3-d5631744c916,4.906164016574621,4.906164016574621,3.0,1,1,2
/CatalogService/GetIteme1004f12-b68a-4b28-ab0d-59cf290252b0,1.6151699237525463,1.6151699237525463,3.0,1,1,2
/CatalogService/GetItemeedd521d-782b-48d3-bad0-8c67215b1eef,2.2826571948826313,2.2826571948826313,3.0,1,1,2
/CatalogService/GetItemf6da3ff4-3532-4b80-9d1a-4d0cd3811399,6.274435203522444,6.274435203522444,3.0,1,1,2
/CatalogService/GetItemfc9b9adb-50e1-4aeb-95b8-4121af804efd,7.589486893266439,7.589486893266439,3.0,1,1,2
/CatalogService/GetItemfdba353a-fb50-461e-93e8-7c9304a15d5b,6.832861807197332,6.832861807197332,3.0,1,1,2
/CatalogService/UpdateItem08812da7-97d1-4799-930a-3b35450cfdf9,6.487276870757341,6.487276870757341,100000.0,1,1,2
/CatalogService/UpdateItem0b6f8dfb-5508-4de4-9d0b-c9b7ac91e690,4.090073052793741,4.090073052793741,100000.0,1,1,2
/CatalogService/UpdateItem0e165bb8-9184-4c0e-b8a2-6f07b26d6913,6.560304667800665,6.560304667800665,100000.0,1,1,2
/CatalogService/UpdateItem12e69ebc-0106-456c-9938-d539430395c1,4.13840264081955,4.13840264081955,100000.0,1,1,2
/CatalogService/UpdateItem143fc328-9bc0-424a-9165-fb57e3f2f4d9,8.59261816367507,8.59261816367507,100000.0,1,1,2
/CatalogService/UpdateItem1c86b560-5e32-4214-be38-2476defa4bb2,6.537610199302435,6.537610199302435,99999.0,1,1,2
/CatalogService/UpdateItem25cdd956-987b-4bca-b9ab-556c4fc5a3a6,11.523992288857698,11.523992288857698,100000.0,1,1,2
/CatalogService/UpdateItem2605c1a0-f136-48b5-9d68-7bc93a975258,5.108038894832134,5.108038894832134,100000.0,1,1,2
/CatalogService/UpdateItem26306770-ed66-4ff8-8573-c37e2ad8f59b,4.2245956137776375,4.2245956137776375,100000.0,1,1,2
/CatalogService/UpdateItem299d7d58-37fc-476a-9b94-5371ea490a9d,11.747502256184816,11.747502256184816,100000.0,1,1,2
/CatalogService/UpdateItem2c6fe3ec-252d-4d5f-85d6-d38a697f724f,5.342985037714243,5.342985037714243,100000.0,1,1,2
/CatalogService/UpdateItem2d1a6ba4-ecd4-4639-8b05-de48809d73d8,4.825976211577654,4.825976211577654,100000.0,1,1,2
/CatalogService/UpdateItem2d90f6e0-f4d2-4a0d-b9d2-1a789dc24f8e,4.485344979912043,4.485344979912043,100000.0,1,1,2
/CatalogService/UpdateItem3232d267-81e5-41a7-a677-7eb19bcb5850,9.000395890325308,9.000395890325308,100000.0,1,1,2
/CatalogService/UpdateItem35744534-8ebf-4669-b3cb-024587f3361c,6.497051101177931,6.497051101177931,100000.0,1,1,2
/CatalogService/UpdateItem35881e9e-cc99-4cf1-bd76-8cae137fc6bc,6.439553573727608,6.439553573727608,100000.0,1,1,2
/CatalogService/UpdateItem35e15360-87a0-47a2-beeb-d775be254a6b,5.81274414435029,5.81274414435029,100000.0,1,1,2
/CatalogService/UpdateItem3a22ea37-bde0-44f9-8a6b-9cd2ad933ec0,5.236636847257614,5.236636847257614,100000.0,1,1,2
/CatalogService/UpdateItem3aafaeb1-5fa8-4673-84db-bce242366ac8,6.904998328536749,6.904998328536749,100000.0,1,1,2
/CatalogService/UpdateItem3b590090-ed22-488d-a6bb-120ef79cb685,9.867405984550714,9.867405984550714,100000.0,1,1,2
/CatalogService/UpdateItem3c2125bd-81ca-4de7-a123-ec51b7082201,4.045878071337938,4.045878071337938,100000.0,1,1,2
/CatalogService/UpdateItem3c840d4f-c4c8-4a9d-9654-f8a7c8831050,5.589958745986223,5.589958745986223,100000.0,1,1,2
/CatalogService/UpdateItem42ec738d-ef62-4d29-970d-3f1c17a82ddf,15.12430002912879,15.12430002912879,100000.0,1,1,2
/CatalogService/UpdateItem44be6120-c3e5-410f-aa10-870ead82878d,8.77550058066845,8.77550058066845,100000.0,1,1,2
/CatalogService/UpdateItem4623cf0c-c895-47ad-b126-04a5c1d13a9c,7.364257704466581,7.364257704466581,100000.0,1,1,2
/CatalogService/UpdateItem49c5ac06-9168-457a-b78e-5294e737781e,5.537737160921097,5.537737160921097,100000.0,1,1,2
/CatalogService/UpdateItem5021a094-4286-4824-baa6-808c846bb2db,4.149339627474546,4.149339627474546,100000.0,1,1,2
/CatalogService/UpdateItem5167bd5f-2fcf-40d6-a141-e5da47501326,11.903794016689062,11.903794016689062,100000.0,1,1,2
/CatalogService/UpdateItem5473530a-3695-470f-869a-1d61d6a41fee,4.969114903360605,4.969114903360605,100000.0,1,1,2
/CatalogService/UpdateItem55eebf30-3437-4e8f-aa32-b3130fe7b0bc,7.492185104638338,7.492185104638338,100000.0,1,1,2
/CatalogService/UpdateItem577c3dfa-f76f-46fa-bf6e-60c6d96f77c0,13.916887808591127,13.916887808591127,100000.0,1,1,2
/CatalogService/UpdateItem5a160ee8-c1b4-4cb6-affd-dec4a9240748,4.888725001364946,4.888725001364946,100000.0,1,1,2
/CatalogService/UpdateItem5c46d8f0-7d74-4879-afc9-c9ac5daa11ec,6.517733912914991,6.517733912914991,100000.0,1,1,2
/CatalogService/UpdateItem5ec0dbed-d251-4583-b8b5-e4e3530e5946,13.291714247316122,13.291714247316122,100000.0,1,1,2
/CatalogService/UpdateItem623c8b76-1650-40b3-bdfe-beaf87d93a69,6.433011032640934,6.433011032640934,100000.0,1,1,2
/CatalogService/UpdateItem6a1dd266-5560-4b02-bd86-91900b3659ea,13.060491997748613,13.060491997748613,100000.0,1,1,2
/CatalogService/UpdateItem6abd08fe-0a2d-4784-b041-2faff72b1992,10.578176006674767,10.578176006674767,100000.0,1,1,2
/CatalogService/UpdateItem6ceea143-3dbd-40ec-b21e-eb5d8be31130,7.91924400255084,7.91924400255084,100000.0,1,1,2
/CatalogService/UpdateItem70f9033d-c5c9-413e-aeaa-4125a3d99038,11.06594130396843,11.06594130396843,100000.0,1,1,2
/CatalogService/UpdateItem750b5179-6ff9-4b86-9ccb-8c75c129b4ff,13.75388028100133,13.75388028100133,100000.0,1,1,2
/CatalogService/UpdateItem7793e1c7-e8b7-4c05-a4d8-4cd96e6f893c,5.744295194745064,5.744295194745064,100000.0,1,1,2
/CatalogService/UpdateItem7c08596e-f479-4899-bf30-170541cb206f,5.781651008874178,5.781651008874178,100000.0,1,1,2
/CatalogService/UpdateItem86ebc97c-282c-4949-9e7b-cfc75609f579,4.507733043283224,4.507733043283224,100000.0,1,1,2
/CatalogService/UpdateItem874e1413-4a3f-48c9-980c-db199f4bb230,13.651910703629255,13.651910703629255,100000.0,1,1,2
/CatalogService/UpdateItem8b56b6de-873d-44ff-b424-4961c67eccbe,5.890384316444397,5.890384316444397,100000.0,1,1,2
/CatalogService/UpdateItem8c674709-2c97-4b32-a03b-d3425e318354,4.29874612018466,4.29874612018466,100000.0,1,1,2
/CatalogService/UpdateItem8d5aa761-a4b0-4759-830e-921da612d5e7,10.096860118210316,10.096860118210316,100000.0,1,1,2
/CatalogService/UpdateItem8ea2f22a-3d72-4e0d-ac2a-75c21c6ada2f,7.356476038694382,7.356476038694382,100000.0,1,1,2
/CatalogService/UpdateItem93ecc1f1-809a-4a1b-8a70-55d47b2444ee,4.667704924941063,4.667704924941063,100000.0,1,1,2
/CatalogService/UpdateItem967b4484-41cf-41eb-9489-69cdcf9a6a19,7.04983901232481,7.04983901232481,100000.0,1,1,2
/CatalogService/UpdateItem9e83c578-03f0-49b1-936f-939c6b714bb2,4.854074213653803,4.854074213653803,100000.0,1,1,2
/CatalogService/UpdateItem9fb39519-3c41-427f-b308-41fe1eb203b2,4.924125969409943,4.924125969409943,100000.0,1,1,2
/CatalogService/UpdateItema9270e23-377b-48f2-adda-33307320c1e8,4.809492267668247,4.809492267668247,100000.0,1,1,2
/CatalogService/UpdateItemafaadf87-feb3-44de-9027-2487fa10f989,4.19966783374548,4.19966783374548,100000.0,1,1,2
/CatalogService/UpdateItemb6bc8973-b934-4745-9866-49d87153f608,4.970084875822067,4.970084875822067,100000.0,1,1,2
/CatalogService/UpdateItembcc884b7-caae-4723-9c07-3349e49ad5d1,15.884771943092346,15.884771943092346,100000.0,1,1,2
/CatalogService/UpdateItembd9f833e-591c-4d46-bf86-6f9248f5f52d,10.698300786316395,10.698300786316395,100000.0,1,1,2
/CatalogService/UpdateItembef12e19-eb19-45d4-a76f-533daa8df423,6.8052769638597965,6.8052769638597965,100000.0,1,1,2
/CatalogService/UpdateItembfc75c7d-d34c-4ce1-ac70-45245a11428e,7.528585847467184,7.528585847467184,100000.0,1,1,2
/CatalogService/UpdateItemc023984f-90f1-4d5d-abbd-8f9da9c35896,6.067963317036629,6.067963317036629,100000.0,1,1,2
/CatalogService/UpdateItemc3b78578-2349-4250-b9b4-a7bc0b5a3b6f,9.866837877780199,9.866837877780199,100000.0,1,1,2
/CatalogService/UpdateItemc5248ad1-d81e-447d-969f-fa670b7fbc5e,8.231067098677158,8.231067098677158,100000.0,1,1,2
/CatalogService/UpdateItemc7b7735f-cc66-4e65-99a0-075d225f4291,6.163976155221462,6.163976155221462,100000.0,1,1,2
/CatalogService/UpdateItemc7d31d03-123a-4ab3-a78d-f234a2a7ecda,8.562575094401836,8.562575094401836,100000.0,1,1,2
/CatalogService/UpdateItemc9cf187d-4bd9-4f36-9de7-5c7672060558,15.592824667692184,15.592824667692184,100000.0,1,1,2
/CatalogService/UpdateItemce822a19-925b-4bef-ab4a-81d0da12ea6a,12.537952046841383,12.537952046841383,100000.0,1,1,2
/CatalogService/UpdateItemceebe45e-fb1a-4da4-a9ee-6a3594304168,6.597578059881926,6.597578059881926,100000.0,1,1,2
/CatalogService/UpdateItemd4f7d91b-43c0-4376-8df0-e80069bf1d2c,4.806885961443186,4.806885961443186,100000.0,1,1,2
/CatalogService/UpdateItemd5a0d300-fc52-4d8d-91ae-0266315c1a85,8.10423493385315,8.10423493385315,100000.0,1,1,2
/CatalogService/UpdateItemd7cc5ed6-0e3b-4c7d-b070-c467cc7a3a92,6.434375420212746,6.434375420212746,100000.0,1,1,2
/CatalogService/UpdateItemdb795ee2-4133-4391-801b-9169c0fbe117,10.277790017426014,10.277790017426014,100000.0,1,1,2
/CatalogService/UpdateItemdd5a6a86-1f69-41a5-8c27-a4373a65a109,4.977910313755274,4.977910313755274,100000.0,1,1,2
/CatalogService/UpdateItemdd9a050e-0789-4a08-96d5-3165ba3df0e0,10.522569995373487,10.522569995373487,100000.0,1,1,2
/CatalogService/UpdateItemde5666ab-aac3-422e-b5e6-c995a8f528c8,5.560887046158314,5.560887046158314,100000.0,1,1,2
/CatalogService/UpdateIteme75cb66a-4330-4917-bbd0-d328ed3de4fb,4.236732143908739,4.236732143908739,100000.0,1,1,2
/CatalogService/UpdateItemeb6b5abf-b79b-453f-8bb3-5ef14aee6826,4.760181996971369,4.760181996971369,100000.0,1,1,2
/CatalogService/UpdateItemf400f928-0062-43b7-b65a-bcb68381b1ac,6.060937885195017,6.060937885195017,100000.0,1,1,2
/CatalogService/UpdateItemf865a53d-582e-48e9-bfe5-89d52b07ce2f,6.035197991877794,6.035197991877794,100000.0,1,1,2
/CatalogService/UpdateItemf97d7535-ce73-43db-9eef-0b3d88779cf4,10.164389852434397,10.164389852434397,100000.0,1,1,2
/CatalogService/UpdateItemffb3fb40-e409-4281-9e88-fa2aeb494547,21.649707108736038,21.649707108736038,100000.0,1,1,2
/CustomerService/CreateCustomer000d9648-a584-41b6-8226-b9892fc79ff0,27.226889971643686,27.226889971643686,100000.0,1,1,2
/CustomerService/CreateCustomer06e887c7-6b91-4958-95b0-30a6e0e51b48,16.215451061725616,16.215451061725616,100000.0,1,1,2
/CustomerService/CreateCustomer0823ee5e-b7e1-4102-8f99-cd25340a1312,7.837920915335417,7.837920915335417,100000.0,1,1,2
/CustomerService/CreateCustomer095373f6-b09f-44ce-8efc-2acd725923c5,4.7716861590743065,4.7716861590743065,100000.0,1,1,2
/CustomerService/CreateCustomer11624d27-d5a5-45dc-a258-c75efd7c72a2,9.61203034967184,9.61203034967184,100000.0,1,1,2
/CustomerService/CreateCustomer1198632e-13cb-46b7-a603-8887e5feb769,33.69298577308655,33.69298577308655,100000.0,1,1,2
/CustomerService/CreateCustomer137a9539-44f3-40ca-92ca-f6c2cc932b6a,27.916531078517437,27.916531078517437,100000.0,1,1,2
/CustomerService/CreateCustomer14e90f37-0874-4e03-abd2-39a396ae0905,17.7191779948771,17.7191779948771,100000.0,1,1,2
/CustomerService/CreateCustomer18236fd6-67fb-419c-9b82-b92686a8fefd,11.406563688069582,11.406563688069582,100000.0,1,1,2
/CustomerService/CreateCustomer1d149e04-424f-4ae1-b602-699e6e5fcd8a,18.573279958218336,18.573279958218336,100000.0,1,1,2
/CustomerService/CreateCustomer1e675df5-2b1c-4b3f-8d84-4c3891f20d42,26.841504033654928,26.841504033654928,100000.0,1,1,2
/CustomerService/CreateCustomer1e7ad1c7-f9df-4100-af41-09a727cf30a3,25.366658810526133,25.366658810526133,100000.0,1,1,2
/CustomerService/CreateCustomer1ee98c02-551e-4e2f-8a72-6658ac87daa1,17.236017622053623,17.236017622053623,100000.0,1,1,2
/CustomerService/CreateCustomer2075df1b-695a-426d-99de-4d6d9f66d3bc,7.679065223783255,7.679065223783255,100000.0,1,1,2
/CustomerService/CreateCustomer20be98d0-958f-484a-a414-f5eea858e55b,10.237801354378462,10.237801354378462,100000.0,1,1,2
/CustomerService/CreateCustomer21661084-222e-463a-9676-dd8f3e6dcf60,7.5181033462285995,7.5181033462285995,100000.0,1,1,2
/CustomerService/CreateCustomer21f51f0b-2e56-4b40-86ab-9712244ac84f,15.714436769485474,15.714436769485474,100000.0,1,1,2
/CustomerService/CreateCustomer259baa2a-f3a1-441e-9f57-23716a4db49f,15.7102569937706,15.7102569937706,100000.0,1,1,2
/CustomerService/CreateCustomer33f84e99-b146-4cef-9130-36e0ee2056e4,22.140773944556713,22.140773944556713,100000.0,1,1,2
/CustomerService/CreateCustomer37da3eb4-817f-462a-8f91-11a35aeaf970,7.384941913187504,7.384941913187504,100000.0,1,1,2
/CustomerService/CreateCustomer390f7429-3113-4e89-b5d1-cbbff598ccc0,5.834243725985289,5.834243725985289,100000.0,1,1,2
/CustomerService/CreateCustomer3c7f2ac9-f21b-49b2-87ff-e05060822aeb,23.202617187052965,23.202617187052965,100000.0,1,1,2
/CustomerService/CreateCustomer44a73b53-541e-4c4b-8d6b-a43df24aefe6,17.5040727481246,17.5040727481246,100000.0,1,1,2
/CustomerService/CreateCustomer4b84d6b9-36b1-415f-98e4-ff235db11534,28.77275412902236,28.77275412902236,100000.0,1,1,2
/CustomerService/CreateCustomer50362930-1ad5-427f-be99-15322eeef7e1,27.445090003311634,27.445090003311634,100000.0,1,1,2
/CustomerService/CreateCustomer530b85b7-1013-4a8e-85e6-c0eca042eec0,21.95451920852065,21.95451920852065,100000.0,1,1,2
/CustomerService/CreateCustomer549eecec-1f09-4c92-81bd-684aaccd25c0,8.087001275271177,8.087001275271177,100000.0,1,1,2
/CustomerService/CreateCustomer58a58f9f-ca8c-472a-a0d5-1502faba9f95,17.062438186258078,17.062438186258078,100000.0,1,1,2
/CustomerService/CreateCustomer5e647f70-d474-495e-8324-5728f084192b,18.92427494749427,18.92427494749427,100000.0,1,1,2
/CustomerService/CreateCustomer623dd465-a11d-43f6-ad94-3a2f2e07cc0a,7.975174114108086,7.975174114108086,100000.0,1,1,2
/CustomerService/CreateCustomer65a5b942-d4a9-4a21-91c7-6a9e1b7287d6,18.49944517016411,18.49944517016411,100000.0,1,1,2
/CustomerService/CreateCustomer6995bf40-1ae3-41e7-88e0-9f74adc96770,15.703829005360603,15.703829005360603,100000.0,1,1,2
/CustomerService/CreateCustomer6ad17212-05ba-45d9-9106-5690542fd6de,16.977048944681883,16.977048944681883,100000.0,1,1,2
/CustomerService/CreateCustomer70aa998f-e585-4024-a080-65a2f3b332b0,16.225934959948063,16.225934959948063,100000.0,1,1,2
/CustomerService/CreateCustomer7517f9e1-a725-4057-8bb4-aa18a9c43d9c,15.047452878206968,15.047452878206968,100000.0,1,1,2
/CustomerService/CreateCustomer79cfa70b-e566-4a7f-9fe3-987a54e5cc5c,14.233054593205452,14.233054593205452,100000.0,1,1,2
/CustomerService/CreateCustomer79f3ff83-aca0-454f-8a60-4f85bb2045b9,8.377532940357924,8.377532940357924,100000.0,1,1,2
/CustomerService/CreateCustomer7c925666-ff00-4ac0-9a7b-8589576db871,4.912335891276598,4.912335891276598,100000.0,1,1,2
/CustomerService/CreateCustomer859fafb8-9b96-46c7-932b-04275dc68eba,14.652349054813385,14.652349054813385,100000.0,1,1,2
/CustomerService/CreateCustomer8c8677f6-349b-43f5-b791-90b568a6e758,7.029048632830381,7.029048632830381,100000.0,1,1,2
/CustomerService/CreateCustomer90e297a7-b28c-4a40-874a-8813ee3d974e,30.056391842663288,30.056391842663288,100000.0,1,1,2
/CustomerService/CreateCustomer91ca85d1-db3d-450d-89a5-d2bddcc388cd,22.373225074261427,22.373225074261427,100000.0,1,1,2
/CustomerService/CreateCustomer92361d0e-7360-4dce-890a-c9706ebde1e2,22.409567143768072,22.409567143768072,100000.0,1,1,2
/CustomerService/CreateCustomer9453c75f-3cbd-435d-bb37-5c34627b8368,15.985892154276371,15.985892154276371,100000.0,1,1,2
/CustomerService/CreateCustomer95e9a21b-4b4f-4221-8e84-4596e1073555,7.869438733905554,7.869438733905554,100000.0,1,1,2
/CustomerService/CreateCustomer9622150a-7551-48ef-aa01-6b8bfe0bb1a9,7.297792937606573,7.297792937606573,100000.0,1,1,2
/CustomerService/CreateCustomer9ed6ad5b-36f7-4db6-a3a4-24107b2306bc,19.607360009104013,19.607360009104013,100000.0,1,1,2
/CustomerService/CreateCustomera6fa8a5b-7863-4df4-b076-0efe422b091d,8.607510942965746,8.607510942965746,100000.0,1,1,2
/CustomerService/CreateCustomera7f46f76-d092-43fc-af58-860ac81bb339,28.359470888972282,28.359470888972282,100000.0,1,1,2
/CustomerService/CreateCustomera86b9a57-dba4-400e-84ee-3777f2be6140,25.691541377454996,25.691541377454996,100000.0,1,1,2
/CustomerService/CreateCustomeraa3a5b2b-bb53-4a48-8531-26697e5a40a5,12.728963047266006,12.728963047266006,100000.0,1,1,2
/CustomerService/CreateCustomerabef8ba7-18dc-44b4-9646-8f8bfed7b63b,7.024696096777916,7.024696096777916,100000.0,1,1,2
/CustomerService/CreateCustomeraeb4e6f7-2607-408b-ac71-8b8afe4d8e5d,21.71158604323864,21.71158604323864,100000.0,1,1,2
/CustomerService/CreateCustomeraf85c37a-ec1c-47a6-8966-138678e5fc08,6.9610560312867165,6.9610560312867165,100000.0,1,1,2
/CustomerService/CreateCustomerb4260190-e978-4b5a-bcc5-daaf08f291f0,26.178485713899136,26.178485713899136,100000.0,1,1,2
/CustomerService/CreateCustomerb458200b-402d-4fd2-8342-a5ddf5318452,8.089291863143444,8.089291863143444,100000.0,1,1,2
/CustomerService/CreateCustomerb45cba33-061b-4c8b-911e-abbecf59bb99,8.805485907942057,8.805485907942057,100000.0,1,1,2
/CustomerService/CreateCustomerb4f866d0-a755-4b8f-8e5c-83f7e3ae759f,27.143955696374178,27.143955696374178,100000.0,1,1,2
/CustomerService/CreateCustomerb5ecccb2-92a4-4330-97cf-18a5df77058f,9.342501871287823,9.342501871287823,100000.0,1,1,2
/CustomerService/CreateCustomerb8f200c5-6dfa-43a2-80ef-827de99544b5,25.66790534183383,25.66790534183383,100000.0,1,1,2
/CustomerService/CreateCustomerbb303fb1-2849-45e2-a716-1e8599896221,17.73042930290103,17.73042930290103,100000.0,1,1,2
/CustomerService/CreateCustomerbe16d36c-c5f0-414e-a594-2b336ea448c0,25.708640925586224,25.708640925586224,100000.0,1,1,2
/CustomerService/CreateCustomerbfa3ae41-8d6d-4845-9b80-358793a08857,22.496512159705162,22.496512159705162,100000.0,1,1,2
/CustomerService/CreateCustomerc0ca340e-1f08-4aba-963f-55f25c52c9a0,17.08722487092018,17.08722487092018,100000.0,1,1,2
/CustomerService/CreateCustomerc5b80120-d641-46f6-853f-8abc28c98001,7.588743232190609,7.588743232190609,100000.0,1,1,2
/CustomerService/CreateCustomerc8ddccef-45fe-4856-ac3c-7fa7126fbd56,7.869143970310688,7.869143970310688,100000.0,1,1,2
/CustomerService/CreateCustomerc9386d6c-abbd-4184-8ad4-baef69b61313,10.44504577293992,10.44504577293992,100000.0,1,1,2
/CustomerService/CreateCustomerce97c366-6953-4187-ad0f-69b0bfabbd54,19.458405673503876,19.458405673503876,100000.0,1,1,2
/CustomerService/CreateCustomerce99130c-8750-472f-ad1e-8818a5848efa,31.173556111752987,31.173556111752987,100000.0,1,1,2
/CustomerService/CreateCustomerd0f76f1f-8315-4247-84cc-69487ba9f55b,14.38828743994236,14.38828743994236,100000.0,1,1,2
/CustomerService/CreateCustomerd20ce655-f4f8-46e4-bdb9-afab4418479e,7.5892070308327675,7.5892070308327675,100000.0,1,1,2
/CustomerService/CreateCustomerd2f4d3c6-7b92-432b-92a9-a05acb41eca0,26.70209016650915,26.70209016650915,100000.0,1,1,2
/CustomerService/CreateCustomerd6887ba3-3d02-4611-af82-91782adbe9f2,20.78149188309908,20.78149188309908,100000.0,1,1,2
/CustomerService/CreateCustomerde699c52-f99d-40fb-926f-fb49e16cef66,6.206692662090063,6.206692662090063,100000.0,1,1,2
/CustomerService/CreateCustomere5a847ef-2033-4089-8f89-cf4aab322448,6.757372058928013,6.757372058928013,100000.0,1,1,2
/CustomerService/CreateCustomereb17646b-ba8e-4b51-af01-4e6575e15eb2,5.905591882765293,5.905591882765293,100000.0,1,1,2
/CustomerService/CreateCustomerf2cd5163-309d-4daa-9abc-a3cbdda353e2,24.114110972732306,24.114110972732306,100000.0,1,1,2
/CustomerService/CreateCustomerf34a3d2b-b281-4248-9231-de6690ef8ae9,9.42610576748848,9.42610576748848,100000.0,1,1,2
/CustomerService/CreateCustomerf667b92d-8fa0-4df8-9c73-cd791d822ee6,39.59771804511547,39.59771804511547,100000.0,1,1,2
/CustomerService/CreateCustomerfab913b7-9c17-49ee-ab18-a69670442950,17.551058903336525,17.551058903336525,100000.0,1,1,2
/CustomerService/UpdateCustomer00148ead-768f-4b06-8e4b-b8b8bcb13982,13.501675799489021,13.501675799489021,100000.0,1,1,2
/CustomerService/UpdateCustomer00f342e1-acb5-468c-ba84-735d4d5bbde3,9.115259163081646,9.115259163081646,100000.0,1,1,2
/CustomerService/UpdateCustomer013282a3-dc73-42aa-9d91-1ce803b23fe7,20.086168311536312,20.086168311536312,100000.0,1,1,2
/CustomerService/UpdateCustomer03499383-8fd2-4eec-9d4f-c4d388a31418,15.684234909713268,15.684234909713268,100000.0,1,1,2
/CustomerService/UpdateCustomer03a2b09f-1e88-44db-8176-cec7039e9fe9,8.283412083983421,8.283412083983421,100000.0,1,1,2
/CustomerService/UpdateCustomer06a4002d-096f-463e-b307-f118830e1d1d,9.151888079941273,9.151888079941273,100000.0,1,1,2
/CustomerService/UpdateCustomer07010d63-036b-4d8e-829a-9b11a7694957,10.545912198722363,10.545912198722363,100000.0,1,1,2
/CustomerService/UpdateCustomer0d64e4dd-8012-4251-b6a4-e72ac5757f32,16.00069086998701,16.00069086998701,100000.0,1,1,2
/CustomerService/UpdateCustomer18c6d136-a6d2-4bc8-a5fe-cb357cbc06fc,7.828173693269491,7.828173693269491,100000.0,1,1,2
/CustomerService/UpdateCustomer1e63d123-8bf0-4f8c-9fb9-d315af153f91,6.765543948858976,6.765543948858976,100000.0,1,1,2
/CustomerService/UpdateCustomer1fc75cbf-064e-4b3b-8691-a2b561922736,7.753229234367609,7.753229234367609,100000.0,1,1,2
/CustomerService/UpdateCustomer20df4a8c-897e-434e-8982-2212e3362a58,8.546171709895134,8.546171709895134,100000.0,1,1,2
/CustomerService/UpdateCustomer20fdf7ad-cf6d-4981-9240-2ab3227452b3,18.70159199461341,18.70159199461341,100000.0,1,1,2
/CustomerService/UpdateCustomer2710114d-94fa-4493-83e1-050ac3b07664,14.59937496110797,14.59937496110797,100000.0,1,1,2
/CustomerService/UpdateCustomer273acac5-1cea-41d8-b399-fc8801a1850a,12.73356657475233,12.73356657475233,100000.0,1,1,2
/CustomerService/UpdateCustomer280e93f2-2c0a-48d2-8077-2ae13e37251b,10.300153866410255,10.300153866410255,100000.0,1,1,2
/CustomerService/UpdateCustomer2d62061e-e908-4230-8d39-84c881d3e600,11.538814753293991,11.538814753293991,100000.0,1,1,2
/CustomerService/UpdateCustomer30f53927-4ab0-47e2-be01-9a6ed2209679,10.21528197452426,10.21528197452426,100000.0,1,1,2
/CustomerService/UpdateCustomer3c6397fe-0c27-4894-b593-f1cb81fd802b,7.3973676189780235,7.3973676189780235,100000.0,1,1,2
/CustomerService/UpdateCustomer3d91e2f9-075e-4cb1-8426-36a64959ea21,10.22827299311757,10.22827299311757,100000.0,1,1,2
/CustomerService/UpdateCustomer404cb09e-32a1-481c-af92-df43e352d303,20.59899689629674,20.59899689629674,100000.0,1,1,2
/CustomerService/UpdateCustomer417ebd74-aab1-431f-bd17-4ffea36a37df,8.497638162225485,8.497638162225485,100000.0,1,1,2
/CustomerService/UpdateCustomer454be8f7-f898-463b-b3a0-5fd7b8d4030c,13.11171194538474,13.11171194538474,100000.0,1,1,2
/CustomerService/UpdateCustomer49daf8ed-cebb-49db-ae01-1afb27bffbc8,21.49119134992361,21.49119134992361,100000.0,1,1,2
/CustomerService/UpdateCustomer4a630d77-dc49-4061-bded-91aade71d3a1,12.659542262554169,12.659542262554169,100000.0,1,1,2
/CustomerService/UpdateCustomer4ca05c45-a430-4c86-a385-00527e1ab69b,13.641124125570059,13.641124125570059,100000.0,1,1,2
/CustomerService/UpdateCustomer52eecbc2-4e53-4573-a156-73654d33201f,10.331058874726295,10.331058874726295,100000.0,1,1,2
/CustomerService/UpdateCustomer555820b4-0575-4e5b-ba01-cea921a1d1f2,7.2320448234677315,7.2320448234677315,100000.0,1,1,2
/CustomerService/UpdateCustomer5ac33a48-5b91-488a-8764-a5bd3c5a9d6d,6.8593560717999935,6.8593560717999935,100000.0,1,1,2
/CustomerService/UpdateCustomer5d18e30d-32d9-461b-a079-9b023e229b52,17.18750922009349,17.18750922009349,100000.0,1,1,2
/CustomerService/UpdateCustomer60704afa-9121-422d-baf2-d1d8d7affc0f,6.553235929459333,6.553235929459333,100000.0,1,1,2
/CustomerService/UpdateCustomer617fddde-20f4-4159-af38-9048c7d61157,8.169845212250948,8.169845212250948,100000.0,1,1,2
/CustomerService/UpdateCustomer64956078-0310-43e4-be50-d92ccb7e9eba,8.352526929229498,8.352526929229498,100000.0,1,1,2
/CustomerService/UpdateCustomer6aa0bcc5-1388-424e-bd15-d074a77b1b25,16.59670379012823,16.59670379012823,100000.0,1,1,2
/CustomerService/UpdateCustomer6aedd4e0-430b-42ed-97be-228b422ce94a,8.710917085409164,8.710917085409164,100000.0,1,1,2
/CustomerService/UpdateCustomer7024efab-0df6-458c-825d-eb29268b84c1,7.983526214957237,7.983526214957237,100000.0,1,1,2
/CustomerService/UpdateCustomer705868f5-e1f8-4ddd-b87a-971ca7556e6a,6.187152583152056,6.187152583152056,100000.0,1,1,2
/CustomerService/UpdateCustomer7084cced-1f85-4760-bc1f-0c5d9e631a52,14.650140888988972,14.650140888988972,100000.0,1,1,2
/CustomerService/UpdateCustomer7437c264-108e-49c9-a16e-c36170684726,15.43702743947506,15.43702743947506,100000.0,1,1,2
/CustomerService/UpdateCustomer77cc297c-e96d-4a3c-9eca-7f4fa43a1f4c,10.814986191689968,10.814986191689968,100000.0,1,1,2
/CustomerService/UpdateCustomer78f7feb4-150c-4b17-bada-893778d6bc6f,9.645499754697084,9.645499754697084,100000.0,1,1,2
/CustomerService/UpdateCustomer7ae3d0cb-261f-42b7-b5ad-34ca5cde906f,12.95508211478591,12.95508211478591,100000.0,1,1,2
/CustomerService/UpdateCustomer7f32b3b5-f4f4-412e-a5b3-3a45e4f95d5d,7.662987802177668,7.662987802177668,100000.0,1,1,2
/CustomerService/UpdateCustomer843ef393-6805-45c4-ad56-557d92f0931b,8.107162080705166,8.107162080705166,100000.0,1,1,2
/CustomerService/UpdateCustomer89bf2833-7817-445e-81cb-55b2a474b422,11.30032166838646,11.30032166838646,100000.0,1,1,2
/CustomerService/UpdateCustomer8b5397f3-fbcd-4531-b1d0-313d9371390f,10.385404340922832,10.385404340922832,100000.0,1,1,2
/CustomerService/UpdateCustomer967f9837-6974-48d1-b6e3-89a793b60ef1,11.646241880953312,11.646241880953312,100000.0,1,1,2
/CustomerService/UpdateCustomer9d6de7b6-3b0b-46f6-9d9e-d5dd65555364,8.559804875403643,8.559804875403643,100000.0,1,1,2
/CustomerService/UpdateCustomer9eeb7c9b-92e8-4d39-86e3-2029032281c1,13.690167106688023,13.690167106688023,100000.0,1,1,2
/CustomerService/UpdateCustomera111d59b-7f49-4ed0-bc32-466ce7ba910a,18.613554071635008,18.613554071635008,100000.0,1,1,2
/CustomerService/UpdateCustomera4ebef69-b6d0-44d4-a767-0f6f0935953a,8.111597038805485,8.111597038805485,100000.0,1,1,2
/CustomerService/UpdateCustomerad338098-f15c-4e5c-95ce-d8223360b454,12.534862849861383,12.534862849861383,100000.0,1,1,2
/CustomerService/UpdateCustomerb111bdfa-8b2f-4b01-81c5-acfca1c9890c,8.301864843815565,8.301864843815565,100000.0,1,1,2
/CustomerService/UpdateCustomerb2466726-3679-47af-ac68-faadd3d47e4e,10.31905272975564,10.31905272975564,100000.0,1,1,2
/CustomerService/UpdateCustomerb27dedb7-cf60-4dbd-8175-1f9f836aca9e,11.938441079109907,11.938441079109907,100000.0,1,1,2
/CustomerService/UpdateCustomerb2a57e16-91d3-4b7b-9418-b3016adf56a2,8.09790100902319,8.09790100902319,100000.0,1,1,2
/CustomerService/UpdateCustomerb5c6bf4f-cb9c-494e-86bf-dd9c6c3b86f1,14.675254002213478,14.675254002213478,100000.0,1,1,2
/CustomerService/UpdateCustomerb9da8af2-157f-4beb-8e88-00023ac8308f,23.366385139524937,23.366385139524937,100000.0,1,1,2
/CustomerService/UpdateCustomerb9e9128f-ceb6-4172-b24a-bebf680b9c48,9.044642094522715,9.044642094522715,100000.0,1,1,2
/CustomerService/UpdateCustomerba9f78ab-58ab-4033-9b7c-3ad21722261d,13.238441664725542,13.238441664725542,100000.0,1,1,2
/CustomerService/UpdateCustomerc1c66948-bdce-4c45-b4ac-b7b1810b4f55,12.952451128512621,12.952451128512621,100000.0,1,1,2
/CustomerService/UpdateCustomerc7b27fb2-a47a-4763-91a0-e83e417399c7,9.779296349734068,9.779296349734068,100000.0,1,1,2
/CustomerService/UpdateCustomercab4b7b8-ed7f-41a2-8b54-0f759353370b,17.467461060732603,17.467461060732603,100000.0,1,1,2
/CustomerService/UpdateCustomerd3784e67-3148-472c-bd4a-02365ac7942a,7.156380917876959,7.156380917876959,100000.0,1,1,2
/CustomerService/UpdateCustomerd4bfe6cc-96d4-4a6d-8dc7-4f1ff85aa966,15.290659852325916,15.290659852325916,100000.0,1,1,2
/CustomerService/UpdateCustomerd9799743-34db-4628-8880-d701b63535a6,23.742506746202707,23.742506746202707,100000.0,1,1,2
/CustomerService/UpdateCustomerdfc46340-d889-42a5-9193-3c9f406ba753,14.978202059864998,14.978202059864998,100000.0,1,1,2
/CustomerService/UpdateCustomere15a4c82-8803-433f-9470-f5f77c0e9c6d,11.544832959771156,11.544832959771156,100000.0,1,1,2
/CustomerService/UpdateCustomere1853ac1-0485-4bc0-95a2-758712eba829,7.290143985301256,7.290143985301256,100000.0,1,1,2
/CustomerService/UpdateCustomere190f867-54e4-400e-a38c-42fa5b1c52ab,10.868438985198736,10.868438985198736,100000.0,1,1,2
/CustomerService/UpdateCustomere2273e43-9858-4b59-8929-dec836630563,7.212423253804445,7.212423253804445,100000.0,1,1,2
/CustomerService/UpdateCustomere353f72a-5ce6-479b-8244-3bb0a07f4db2,11.839603073894978,11.839603073894978,100000.0,1,1,2
/CustomerService/UpdateCustomere549233c-023e-4b15-a14e-9f2656d4218c,17.822629772126675,17.822629772126675,100000.0,1,1,2
/CustomerService/UpdateCustomere6f89d99-4674-449f-ac62-25c11066764b,8.46183905377984,8.46183905377984,100000.0,1,1,2
/CustomerService/UpdateCustomeref07649a-7224-4195-b690-87d9af37d587,17.126355785876513,17.126355785876513,100000.0,1,1,2
/CustomerService/UpdateCustomerf2570fb7-0c4a-4bd7-82ac-f6b70f91e15c,10.566022247076035,10.566022247076035,100000.0,1,1,2
/CustomerService/UpdateCustomerf7f05e1d-d29c-4a45-8b76-00682518237e,9.348514024168253,9.348514024168253,100000.0,1,1,2
/CustomerService/UpdateCustomerfe3d8e0f-f37e-4f41-9ee0-13916c64182c,9.270322043448687,9.270322043448687,100000.0,1,1,2
/CustomerService/UpdateCustomerfefca73b-2944-4fa3-bf94-36fba601407b,7.921560667455196,7.921560667455196,100000.0,1,1,2
/CustomerService/UpdateCustomerffc23e7c-01d0-46b3-a5f8-5df2200fd30a,7.110285107046366,7.110285107046366,100000.0,1,1,2
/CustomerService/getCustomer001afe48-e0a4-4c18-bcd2-a0bdab3c4bce,5.613731220364571,5.613731220364571,2.0,1,1,2
/CustomerService/getCustomer01ba1f5c-6b62-4d5a-a963-c776f84546c3,4.872078076004982,4.872078076004982,2.0,1,1,2
/CustomerService/getCustomer01c2d976-69e7-49d9-a828-7256d08f64d4,11.036622803658247,11.036622803658247,2.0,1,1,2
/CustomerService/getCustomer03998d7c-6c3f-4de3-86e9-1b8c3e7cfefa,5.732549354434013,5.732549354434013,2.0,1,1,2
/CustomerService/getCustomer063a7eb7-069a-46a6-a0dd-e67b257c1e8d,10.237268172204494,10.237268172204494,2.0,1,1,2
/CustomerService/getCustomer07e8fdbb-ef8f-4d31-a786-61ed5c20e46f,6.811368279159069,6.811368279159069,2.0,1,1,2
/CustomerService/getCustomer0a086930-4dc5-4901-8616-759aae2d76cb,9.297632146626711,9.297632146626711,2.0,1,1,2
/CustomerService/getCustomer0a114805-7b1d-4a71-a338-fb74fefba37e,13.13110813498497,13.13110813498497,2.0,1,1,2
/CustomerService/getCustomer0e9ec523-d09c-4b71-ae1e-ccb5bb050fe7,7.695005275309086,7.695005275309086,2.0,1,1,2
/CustomerService/getCustomer120e567b-d916-4af1-86ea-db1c93805ca8,9.357471950352192,9.357471950352192,2.0,1,1,2
/CustomerService/getCustomer13675874-d99e-415e-9c15-e6814491636d,4.951670300215483,4.951670300215483,2.0,1,1,2
/CustomerService/getCustomer13a6fc7d-cecd-4434-93d9-a0a0dc90ebb9,4.336290992796421,4.336290992796421,2.0,1,1,2
/CustomerService/getCustomer149dbbae-b210-4deb-a925-3297ed14d561,5.992825608700514,5.992825608700514,2.0,1,1,2
/CustomerService/getCustomer17fc6763-39a0-44e8-b0c7-6feb353035a6,5.56417228654027,5.56417228654027,2.0,1,1,2
/CustomerService/getCustomer18da65c0-0895-4920-97c6-a0edd7d7e434,2.7190051041543484,2.7190051041543484,2.0,1,1,2
/CustomerService/getCustomer1b084559-426b-4806-bb4e-53b0b47ce7f5,3.4000291489064693,3.4000291489064693,2.0,1,1,2
/CustomerService/getCustomer20e802e3-5354-4596-bb88-5f2318683623,1.8261652439832687,1.8261652439832687,2.0,1,1,2
/CustomerService/getCustomer22d13553-949c-4886-b63c-6987cac1f8e4,5.666511133313179,5.666511133313179,2.0,1,1,2
/CustomerService/getCustomer2381d425-b7d5-499c-bc82-8c3ef7cb9a68,3.488721325993538,3.488721325993538,2.0,1,1,2
/CustomerService/getCustomer2d946b41-f995-4ba9-9178-e873aeb39a9b,5.023755598813295,5.023755598813295,2.0,1,1,2
/CustomerService/getCustomer2f1f6838-cfe7-4130-8778-1d4a3f610c26,3.185445908457041,3.185445908457041,2.0,1,1,2
/CustomerService/getCustomer2f6183fc-561f-4450-9815-9bb26a199862,12.044369708746672,12.044369708746672,2.0,1,1,2
/CustomerService/getCustomer34717ed0-4ea8-4f08-ae57-3008d2c27473,2.734472043812275,2.734472043812275,2.0,1,1,2
/CustomerService/getCustomer3566978a-1911-4b96-beb4-6032dc269779,2.721178811043501,2.721178811043501,2.0,1,1,2
/CustomerService/getCustomer3e91e7b9-82d0-441c-b058-974f9f80e566,5.365364719182253,5.365364719182253,2.0,1,1,2
/CustomerService/getCustomer3eb50f1a-bc5c-4c64-b6ee-14e9f1f822ee,7.758012972772121,7.758012972772121,2.0,1,1,2
/CustomerService/getCustomer41939aed-9577-4fa8-823b-28ed6ee83fb4,3.6862720735371113,3.6862720735371113,2.0,1,1,2
/CustomerService/getCustomer45a27ac5-d392-4e1a-8b66-430e811dba9b,7.474887650460005,7.474887650460005,2.0,1,1,2
/CustomerService/getCustomer45ff3d5d-0cdd-476c-acbd-e0056c2dab18,67.34503898769617,67.34503898769617,2.0,1,1,2
/CustomerService/getCustomer4aef36b7-44bd-4696-98c3-1525fae86d15,5.990778096020222,5.990778096020222,2.0,1,1,2
/CustomerService/getCustomer50f1a318-5e65-43c5-86d8-e7bdfe57e43d,7.802761159837246,7.802761159837246,2.0,1,1,2
/CustomerService/getCustomer55560208-67ab-4691-84d3-6adf5c6227c4,3.717810846865177,3.717810846865177,2.0,1,1,2
/CustomerService/getCustomer58e1f091-a457-46da-b220-5ecf0812d761,5.662990268319845,5.662990268319845,2.0,1,1,2
/CustomerService/getCustomer5c2c8ce3-040f-4e70-bba6-33157326f919,3.5616466775536537,3.5616466775536537,2.0,1,1,2
/CustomerService/getCustomer5e3457ef-040f-4e85-a897-a6a1510f3984,6.565656047314405,6.565656047314405,2.0,1,1,2
/CustomerService/getCustomer61243cab-11e4-4acb-9617-a73d9f7a25dd,59.96387265622616,59.96387265622616,2.0,1,1,2
/CustomerService/getCustomer6265b204-3da5-41a0-a1a4-320cd1ae5bc7,4.777357913553715,4.777357913553715,2.0,1,1,2
/CustomerService/getCustomer6851e483-20ef-4213-8285-2bebeb07b762,3.594994079321623,3.594994079321623,2.0,1,1,2
/CustomerService/getCustomer6c500531-6247-4e12-83d3-5d37c3d77f1c,4.210400860756636,4.210400860756636,2.0,1,1,2
/CustomerService/getCustomer71518d9c-c612-4173-9502-ebbbea38c0ff,6.197563838213682,6.197563838213682,2.0,1,1,2
/CustomerService/getCustomer770dca3d-d347-4a33-a93c-a850562f9662,2.6560407131910324,2.6560407131910324,2.0,1,1,2
/CustomerService/getCustomer7ae6a5e6-e990-472e-855c-58e22426d5b9,4.991806112229824,4.991806112229824,2.0,1,1,2
/CustomerService/getCustomer7b7049e9-2162-42b1-be8a-4baacfd4bcc4,2.3558028042316437,2.3558028042316437,2.0,1,1,2
/CustomerService/getCustomer7d034bf9-c569-4302-b430-2e714243fb65,1.6909330151975155,1.6909330151975155,2.0,1,1,2
/CustomerService/getCustomer7d6ec749-b7be-4fe1-806a-599d71c5ce91,1.6828342340886593,1.6828342340886593,2.0,1,1,2
/CustomerService/getCustomer8c2ef8e9-a06e-4d66-8035-20d533bc04e6,8.561970666050911,8.561970666050911,2.0,1,1,2
/CustomerService/getCustomer8f1b35d4-3a46-452c-b964-66e2bd3b66ea,9.357796981930733,9.357796981930733,2.0,1,1,2
/CustomerService/getCustomer8f29afca-ee19-4cf2-ae96-9a8ad3a367b0,10.713333263993263,10.713333263993263,2.0,1,1,2
/CustomerService/getCustomer92c85f21-51b6-4d8a-9ed4-98594f8fdbf5,8.281704969704151,8.281704969704151,2.0,1,1,2
/CustomerService/getCustomer97264a89-f8b9-473e-9df4-09be0eb28e2f,5.51961176097393,5.51961176097393,2.0,1,1,2
/CustomerService/getCustomer97b06703-741b-408a-a95a-c36a6ce198ca,4.806607961654663,4.806607961654663,2.0,1,1,2
/CustomerService/getCustomer9876443f-5da6-41e7-b1c1-443c8c81204c,2.8743408620357513,2.8743408620357513,2.0,1,1,2
/CustomerService/getCustomer98af5bae-4d5c-4190-93b1-cbeff513c7aa,3.737403079867363,3.737403079867363,2.0,1,1,2
/CustomerService/getCustomer9a1ab8e1-21b2-4727-b38b-5e220c89f667,2.7394620701670647,2.7394620701670647,2.0,1,1,2
/CustomerService/getCustomer9b7076f8-e657-4094-a3cf-b99e085bbd14,2.7516698464751244,2.7516698464751244,2.0,1,1,2
/CustomerService/getCustomera3986298-abd9-48f3-b488-2367be0847e5,3.245058935135603,3.245058935135603,2.0,1,1,2
/CustomerService/getCustomera6cb3109-d8a0-4151-a8ed-e4cc63464def,4.862955771386623,4.862955771386623,2.0,1,1,2
/CustomerService/getCustomera85cbef9-8884-4bc6-8fb6-bd8653ce330c,3.407720010727644,3.407720010727644,2.0,1,1,2
/CustomerService/getCustomerabf7cf99-3df4-490d-b5c6-db4dd6d6f4c7,6.766431964933872,6.766431964933872,2.0,1,1,2
/CustomerService/getCustomerae23df5d-e28f-46c7-b42f-c5ff21900eb4,66.65790593251586,66.65790593251586,2.0,1,1,2
/CustomerService/getCustomerb056db70-13cd-41cb-9851-55e75215cf8f,5.142272915691137,5.142272915691137,2.0,1,1,2
/CustomerService/getCustomerb51958fe-e681-4ae6-96ad-5f03107b4dc2,4.628135357052088,4.628135357052088,2.0,1,1,2
/CustomerService/getCustomerb73165e7-b990-40cf-bd73-441ac99d1ab7,3.791379276663065,3.791379276663065,2.0,1,1,2
/CustomerService/getCustomerb9fd0364-985d-4c86-a25b-c225593c7b85,6.6150519996881485,6.6150519996881485,2.0,1,1,2
/CustomerService/getCustomerc49da742-c862-4d67-873a-c1193f129158,4.2883530259132385,4.2883530259132385,2.0,1,1,2
/CustomerService/getCustomerc902dddc-9a8a-4225-9ae1-85fce85eb1a6,2.5572446174919605,2.5572446174919605,2.0,1,1,2
/CustomerService/getCustomerca7c56e2-4605-4bd0-ba82-723381278388,5.139677785336971,5.139677785336971,2.0,1,1,2
/CustomerService/getCustomercd032672-a96f-4416-a776-3489e6afc07b,6.973958108574152,6.973958108574152,2.0,1,1,2
/CustomerService/getCustomerd24125df-cefe-410a-a2d7-a3171da29321,3.7556919269263744,3.7556919269263744,2.0,1,1,2
/CustomerService/getCustomerd42fbe17-eadf-4faf-a116-0b23ff1726ee,4.698185715824366,4.698185715824366,2.0,1,1,2
/CustomerService/getCustomerd5ae5c76-b013-4a3f-add7-954773818399,2.636473625898361,2.636473625898361,2.0,1,1,2
/CustomerService/getCustomerd9a70f9d-9fd1-4851-ab91-c9e12cbd09f8,3.4573120065033436,3.4573120065033436,2.0,1,1,2
/CustomerService/getCustomerddbd937a-6f0a-478d-aa62-513d163cc382,4.790524020791054,4.790524020791054,2.0,1,1,2
/CustomerService/getCustomere33cba36-1b37-4d75-871c-6f2d68c5495b,5.468972958624363,5.468972958624363,2.0,1,1,2
/CustomerService/getCustomereae4837e-11be-4c1c-9d3c-57673e1407f2,2.91639007627964,2.91639007627964,2.0,1,1,2
/CustomerService/getCustomereb36c9c8-22d1-474c-97c8-e24bf6c7f708,9.128896053880453,9.128896053880453,2.0,1,1,2
/CustomerService/getCustomerf320003f-e011-41d0-a769-f9db7557152b,2.5524008087813854,2.5524008087813854,2.0,1,1,2
/CustomerService/getCustomerf47e1468-56cb-4fc1-b3c7-e18f8eb86cad,3.5140826366841793,3.5140826366841793,2.0,1,1,2
/CustomerService/getCustomerf4c2446b-b24e-46bf-8f68-80f89f6b0c73,2.904084976762533,2.904084976762533,2.0,1,1,2
/CustomerService/getCustomerff0b00ce-bdd8-41c5-8677-f11a75d6064c,4.570395220071077,4.570395220071077,2.0,1,1,2
/OrderService/CreateOrder00ac34ea-a19c-4347-b156-a00dbc5d2f5f,5.045077763497829,5.045077763497829,100000.0,1,1,2
/OrderService/CreateOrder0174bce1-dce1-4d9d-8648-5abfc499b513,4.003605805337429,4.003605805337429,100000.0,1,1,2
/OrderService/CreateOrder057ce143-1e24-4fe8-9585-851960092296,4.150232765823603,4.150232765823603,100000.0,1,1,2
/OrderService/CreateOrder05882342-0814-415c-be44-47e9bb7036d9,4.357500001788139,4.357500001788139,100000.0,1,1,2
/OrderService/CreateOrder0ccc3778-1736-4376-9c2c-c1d8bb56a232,8.321102242916822,8.321102242916822,100000.0,1,1,2
/OrderService/CreateOrder10890007-7df3-4e75-a9dc-e9ba776d9486,3.8879020139575005,3.8879020139575005,100000.0,1,1,2
/OrderService/CreateOrder1250d2ba-51f6-45f8-91ca-f0d7a345012c,4.310834687203169,4.310834687203169,100000.0,1,1,2
/OrderService/CreateOrder13363f1a-5ab2-49b7-9028-4f11da22c7b9,4.766671918332577,4.766671918332577,100000.0,1,1,2
/OrderService/CreateOrder19c7d4e9-3c6f-461b-8979-6a030442dc3a,7.897212170064449,7.897212170064449,100000.0,1,1,2
/OrderService/CreateOrder1bf1660a-a27d-4ccb-a5b1-24e9e488eec7,5.668235011398792,5.668235011398792,100000.0,1,1,2
/OrderService/CreateOrder1c31f25e-a758-4c93-9d1a-b2739bce0851,5.381470080465078,5.381470080465078,100000.0,1,1,2
/OrderService/CreateOrder2588d412-bcb4-4ed8-ba8b-dab19504630e,13.277648948132992,13.277648948132992,100000.0,1,1,2
/OrderService/CreateOrder2e3ce91c-37da-4465-a323-67f9581889a6,5.245522130280733,5.245522130280733,100000.0,1,1,2
/OrderService/CreateOrder3478cbe0-0f27-4e67-b911-c21a62c55c5e,5.7950010523200035,5.7950010523200035,100000.0,1,1,2
/OrderService/CreateOrder384d5646-f4a4-41e4-a2ca-de167fca9c05,4.165733698755503,4.165733698755503,100000.0,1,1,2
/OrderService/CreateOrder3b4a1d80-67eb-44a3-b1dd-71f748eacfcb,5.385675933212042,5.385675933212042,100000.0,1,1,2
/OrderService/CreateOrder3d3e52a7-0aeb-4e06-8931-480d215a3edb,5.186558701097965,5.186558701097965,100000.0,1,1,2
/OrderService/CreateOrder3f4cd75d-188e-4612-b444-98f0d4e7894f,3.81290540099144,3.81290540099144,100000.0,1,1,2
/OrderService/CreateOrder3fe0d03f-4990-4d31-abd3-a610ae702a31,11.930682696402073,11.930682696402073,100000.0,1,1,2
/OrderService/CreateOrder41a3cbef-a3f9-42b9-ab59-6567e3ed8584,6.011241115629673,6.011241115629673,100000.0,1,1,2
/OrderService/CreateOrder45e289a6-069a-424e-adfd-baac254643cd,12.00523180887103,12.00523180887103,100000.0,1,1,2
/OrderService/CreateOrder462b7dc9-86a8-4654-8598-98aa5482c3f7,6.728133652359247,6.728133652359247,100000.0,1,1,2
/OrderService/CreateOrder46ed94a2-47d7-4ce3-a35c-58c2c23e8c88,9.767207317054272,9.767207317054272,100000.0,1,1,2
/OrderService/CreateOrder4766cc21-64e6-4d63-a9d5-ece25cad2d79,5.273733288049698,5.273733288049698,100000.0,1,1,2
/OrderService/CreateOrder498707d9-7cee-4ece-9d98-3f59d6f399a2,6.578585132956505,6.578585132956505,100000.0,1,1,2
/OrderService/CreateOrder4c6907d9-c1ff-42ee-9f21-e0de6fa70c67,11.935926042497158,11.935926042497158,100000.0,1,1,2
/OrderService/CreateOrder4f6b5ae3-2901-43c7-82b6-32274d02ab42,3.5706013441085815,3.5706013441085815,100000.0,1,1,2
/OrderService/CreateOrder52951a41-a395-4f36-992d-c1dcc412b80a,7.124194875359535,7.124194875359535,100000.0,1,1,2
/OrderService/CreateOrder5a872e04-0eb2-481c-96ea-1af7165b3730,7.924149744212627,7.924149744212627,100000.0,1,1,2
/OrderService/CreateOrder5ff4d48f-52cc-4c55-8f4c-8c22fb3dd19e,7.172120735049248,7.172120735049248,100000.0,1,1,2
/OrderService/CreateOrder64bd9d2e-0219-4f87-a017-3c2cec35bbc4,5.9104496613144875,5.9104496613144875,100000.0,1,1,2
/OrderService/CreateOrder68b444e1-2aac-40e4-a5ee-eab498b6e1b7,5.766189657151699,5.766189657151699,100000.0,1,1,2
/OrderService/CreateOrder68d14572-4aa9-455b-b489-7f5101a1e7f9,15.333299990743399,15.333299990743399,100000.0,1,1,2
/OrderService/CreateOrder696de929-0630-4ca1-8ea9-914f419b851b,6.730257999151945,6.730257999151945,100000.0,1,1,2
/OrderService/CreateOrder717543b2-173d-4843-908e-d7772a29c196,5.760747008025646,5.760747008025646,99999.0,1,1,2
/OrderService/CreateOrder7528a4a7-e751-464f-b36f-81f6d98f30cf,9.07632103189826,9.07632103189826,100000.0,1,1,2
/OrderService/CreateOrder756f5fd8-e6b5-4286-855e-7cd780ff45cf,4.355706740170717,4.355706740170717,100000.0,1,1,2
/OrderService/CreateOrder7d73b371-f064-498c-b542-1250f9114e96,6.415525451302528,6.415525451302528,100000.0,1,1,2
/OrderService/CreateOrder88ab3edb-c14e-46a8-817f-cb7c07eddc47,5.903799086809158,5.903799086809158,100000.0,1,1,2
/OrderService/CreateOrder8e93bba4-892a-476a-b173-bf2f69f8abf5,4.891508724540472,4.891508724540472,100000.0,1,1,2
/OrderService/CreateOrder92cc8e3c-e36b-49d7-8fec-d710a8902920,10.180810932070017,10.180810932070017,100000.0,1,1,2
/OrderService/CreateOrder991200d8-9307-46f1-a9f7-44c6787cbc67,5.0998530350625515,5.0998530350625515,100000.0,1,1,2
/OrderService/CreateOrder9abc9138-122b-41e6-bd27-6433a6725470,4.959684796631336,4.959684796631336,100000.0,1,1,2
/OrderService/CreateOrder9d2849d8-f83e-4807-8a8e-02ff42621fdb,10.16681594774127,10.16681594774127,100000.0,1,1,2
/OrderService/CreateOrder9ef433d2-88c6-4667-9933-eb8e20edf6f8,4.206012934446335,4.206012934446335,100000.0,1,1,2
/OrderService/CreateOrder9f099e80-1f27-4134-96ba-7be2d01e65f4,6.422534119337797,6.422534119337797,100000.0,1,1,2
/OrderService/CreateOrder9f8f2aa4-259e-4f32-b06e-005ca1043bbf,6.860880181193352,6.860880181193352,100000.0,1,1,2
/OrderService/CreateOrdera2460146-6f55-4fc1-aa38-048b24881672,5.942102987319231,5.942102987319231,100000.0,1,1,2
/OrderService/CreateOrdera6e8c26c-c701-4ad7-843b-a37e95bc9600,5.063978023827076,5.063978023827076,100000.0,1,1,2
/OrderService/CreateOrdera7655697-5b71-479d-83a4-a79a8fdb1080,4.4173491187393665,4.4173491187393665,100000.0,1,1,2
/OrderService/CreateOrdera7a3ed48-9b9e-4a78-b603-9244dce71519,4.32651536539197,4.32651536539197,100000.0,1,1,2
/OrderService/CreateOrdera9acdb45-934f-4d40-8105-7d00b18e0ac1,5.905427038669586,5.905427038669586,100000.0,1,1,2
/OrderService/CreateOrderaa99f7fb-5cf4-47ed-9b15-7de421abd944,5.055395886301994,5.055395886301994,100000.0,1,1,2
/OrderService/CreateOrderaaf8a79b-c50d-4ecc-9d6c-96c7ee7fe4ec,3.9327102713286877,3.9327102713286877,100000.0,1,1,2
/OrderService/CreateOrderafcec0fc-7095-4091-8a40-7530ccb3c1dd,4.89845871925354,4.89845871925354,100000.0,1,1,2
/OrderService/CreateOrderafcf9d4e-12c6-4aad-bddc-274e8f39b640,4.974779207259417,4.974779207259417,100000.0,1,1,2
/OrderService/CreateOrderb0bb827f-96ba-4e4c-8cec-d7df1ff7e0a0,6.779668852686882,6.779668852686882,100000.0,1,1,2
/OrderService/CreateOrderb1294bbe-f2d2-4ad0-896c-1a5ac322d4a8,5.692900158464909,5.692900158464909,100000.0,1,1,2
/OrderService/CreateOrderb22e6e1f-0966-435c-b289-23cd2c08f3ba,6.8383668549358845,6.8383668549358845,100000.0,1,1,2
/OrderService/CreateOrderb61c8ecb-fad2-4917-aea9-92438cce7d57,9.19008208438754,9.19008208438754,100000.0,1,1,2
/OrderService/CreateOrderb62944e5-ad92-4134-8afc-a0b8b4c5f7b8,5.269609857350588,5.269609857350588,100000.0,1,1,2
/OrderService/CreateOrderbc3ce71b-85fe-4b37-a029-815485b325e0,5.018994212150574,5.018994212150574,100000.0,1,1,2
/OrderService/CreateOrderc02dbd7d-41a0-4277-aa90-eb2c9280a5ab,7.563957944512367,7.563957944512367,100000.0,1,1,2
/OrderService/CreateOrderc7430a22-d7ce-4601-92c5-79922d980920,4.430493805557489,4.430493805557489,100000.0,1,1,2
/OrderService/CreateOrderc98f1c94-ccad-4d83-a6a5-81596eb10349,8.259947877377272,8.259947877377272,100000.0,1,1,2
/OrderService/CreateOrdercce105bc-ae3d-4fd7-b039-3f9fc7633255,6.491912994533777,6.491912994533777,100000.0,1,1,2
/OrderService/CreateOrdercd8edc64-2d65-452c-9cca-70adea1d7da2,5.571143236011267,5.571143236011267,100000.0,1,1,2
/OrderService/CreateOrderd204727e-f3eb-4242-bb79-e0cb0bc24dcf,8.754665963351727,8.754665963351727,100000.0,1,1,2
/OrderService/CreateOrderd53c2274-42ab-44a8-a91e-c31f13f75cb2,6.098166108131409,6.098166108131409,100000.0,1,1,2
/OrderService/CreateOrderd584737d-ed6f-4879-baab-635a9268f72c,4.297626204788685,4.297626204788685,100000.0,1,1,2
/OrderService/CreateOrderd64ac546-0ceb-43e2-b421-3101604ac16e,7.625136058777571,7.625136058777571,100000.0,1,1,2
/OrderService/CreateOrdere35f7800-5383-4ab5-a7fa-6361a0e42223,6.023758091032505,6.023758091032505,100000.0,1,1,2
/OrderService/CreateOrdere8662f9e-3e3c-4385-b547-9b72354050a0,6.438910029828548,6.438910029828548,100000.0,1,1,2
/OrderService/CreateOrdere9a8c48c-5f62-4ac9-a891-85191270e50a,5.950902123004198,5.950902123004198,100000.0,1,1,2
/OrderService/CreateOrdereb2958d4-bef9-40b7-b176-810adf0e6816,5.345243960618973,5.345243960618973,100000.0,1,1,2
/OrderService/CreateOrdered84742a-880e-4ac5-997a-fef6e123f029,4.813606850802898,4.813606850802898,100000.0,1,1,2
/OrderService/CreateOrderef14036a-b489-4670-be19-a514bc8d686f,5.613410845398903,5.613410845398903,100000.0,1,1,2
/OrderService/CreateOrderef535f4c-214f-4594-b833-03f4c86ec075,23.577602114528418,23.577602114528418,100000.0,1,1,2
/OrderService/CreateOrderf00f9db4-bbf4-4b55-858e-5df017fe37ea,10.123349260538816,10.123349260538816,100000.0,1,1,2
/OrderService/CreateOrderf505dea7-b72b-45ba-8b09-fe3b1f072a18,7.388052064925432,7.388052064925432,100000.0,1,1,2
/OrderService/GetOrder00bc8f1f-0a15-4ee8-b190-f3da6c68594b,2.045844215899706,2.045844215899706,3.0,1,1,2
/OrderService/GetOrder033d09bb-8bf2-4389-916a-8a271ad2507a,2.3894431069493294,2.3894431069493294,3.0,1,1,2
/OrderService/GetOrder050e5a90-c827-4957-9da5-08bc42c7e23e,1.4527523890137672,1.4527523890137672,2.0,1,1,2
/OrderService/GetOrder0661d30d-aea1-44b5-970d-7e933c9c3dd2,11.04619912803173,11.04619912803173,3.0,1,1,2
/OrderService/GetOrder0e2fa087-576e-435d-a1ba-9a580f264fc5,1.6965619288384914,1.6965619288384914,3.0,1,1,2
/OrderService/GetOrder11123da8-d8bc-4cb9-967f-c412e70e4f53,2.271065954118967,2.271065954118967,3.0,1,1,2
/OrderService/GetOrder14cbdbc0-28ed-4e2d-8991-75de18693e37,6.648410111665726,6.648410111665726,3.0,1,1,2
/OrderService/GetOrder18129dc3-4a66-4142-87a3-1250e2fd6f15,1.966363750398159,1.966363750398159,3.0,1,1,2
/OrderService/GetOrder1a14e2f6-0930-493e-80e5-d1c93c29d168,3.395743202418089,3.395743202418089,3.0,1,1,2
/OrderService/GetOrder1b451d9f-b01f-4243-97f6-ec60942d427b,2.340176608413458,2.340176608413458,3.0,1,1,2
/OrderService/GetOrder263b2ced-d08c-4d47-831e-165b98afec4f,1.4834091998636723,1.4834091998636723,2.0,1,1,2
/OrderService/GetOrder27206c20-8353-42e2-a588-cce13a5a4587,4.7318232245743275,4.7318232245743275,3.0,1,1,2
/OrderService/GetOrder27aaa160-863b-46d3-9f33-c61b641b0778,1.583282370120287,1.583282370120287,2.0,1,1,2
/OrderService/GetOrder2924476b-b1f2-4f0f-93e3-6b7fdae8f49f,1.3809530064463615,1.3809530064463615,3.0,1,1,2
/OrderService/GetOrder2de74930-cf3b-4b55-b557-38033efb1e72,6.517529953271151,6.517529953271151,3.0,1,1,2
/OrderService/GetOrder30ed6bbc-ee3b-44c6-a906-30d2a321764a,1.4994386583566666,1.4994386583566666,3.0,1,1,2
/OrderService/GetOrder3144c492-136b-49f3-aa6f-44f93d50066a,2.605471294373274,2.605471294373274,3.0,1,1,2
/OrderService/GetOrder3175bf83-cd6a-4412-9e2e-c31d722ddec8,2.60267686098814,2.60267686098814,3.0,1,1,2
/OrderService/GetOrder31851317-d8c4-480c-8bc9-ad57593af1f9,1.9731870852410793,1.9731870852410793,3.0,1,1,2
/OrderService/GetOrder3a5af12b-6df9-4bf2-b3f0-4aa5229c2b13,4.787266720086336,4.787266720086336,3.0,1,1,2
/OrderService/GetOrder3c9299e5-d66e-4760-b4c4-02c762e9376c,5.11743500828743,5.11743500828743,3.0,1,1,2
/OrderService/GetOrder3ce6e5e3-b9f4-41fb-9aab-c85f84584cbf,0.9795078076422215,0.9795078076422215,3.0,1,1,2
/OrderService/GetOrder434f37d9-8351-4aeb-aa75-74d6da5ac8f4,1.9010519608855247,1.9010519608855247,3.0,1,1,2
/OrderService/GetOrder49d4fe24-0859-45c5-a24f-a1f5bbc1b918,4.7195348888635635,4.7195348888635635,3.0,1,1,2
/OrderService/GetOrder4fdb7142-d425-4835-9da8-4992b12a457f,5.666300188750029,5.666300188750029,3.0,1,1,2
/OrderService/GetOrder5547991a-1c38-46e1-a748-beca6292cfcd,1.6700336709618568,1.6700336709618568,3.0,1,1,2
/OrderService/GetOrder5e31b82c-9dd9-49d4-b99e-99d9c7b675b5,2.01931269839406,2.01931269839406,3.0,1,1,2
/OrderService/GetOrder5ff1e13f-99f7-4382-903b-89ae5530ff5a,3.2521788962185383,3.2521788962185383,3.0,1,1,2
/OrderService/GetOrder62cf10fb-e7e6-4fe1-8c77-eb113da5723e,1.9763670861721039,1.9763670861721039,3.0,1,1,2
/OrderService/GetOrder6520f3f2-1208-402d-ae57-731ae60967b6,1.6186870634555817,1.6186870634555817,3.0,1,1,2
/OrderService/GetOrder6566360f-6b30-4849-bd3a-4f393ad5fc73,1.7189942300319672,1.7189942300319672,3.0,1,1,2
/OrderService/GetOrder69654350-bf59-438e-9a19-48836271c25c,1.4891140162944794,1.4891140162944794,3.0,1,1,2
/OrderService/GetOrder70786cb4-7d09-447d-8931-5a5682c457b8,1.7582490108907223,1.7582490108907223,3.0,1,1,2
/OrderService/GetOrder723db4ae-e656-4c79-86b8-db811fadd839,8.363275788724422,8.363275788724422,3.0,1,1,2
/OrderService/GetOrder72969b27-3689-4ce8-a37b-e118877fc49c,1.8736431375145912,1.8736431375145912,2.0,1,1,2
/OrderService/GetOrder75dbc6f5-471f-48dd-8ace-b64a9b4858a5,2.611954230815172,2.611954230815172,3.0,1,1,2
/OrderService/GetOrder78739354-2c26-4683-b42f-34a915441ad6,5.0194151699543,5.0194151699543,3.0,1,1,2
/OrderService/GetOrder79267871-49c1-4833-9c99-471fb7197013,1.1858423240482807,1.1858423240482807,3.0,1,1,2
/OrderService/GetOrder794cde63-0a6a-45d5-832c-8472cdb9e928,1.9126632250845432,1.9126632250845432,3.0,1,1,2
/OrderService/GetOrder7aece4ca-e08f-4319-b66f-d10f79d8fecd,3.3091409131884575,3.3091409131884575,3.0,1,1,2
/OrderService/GetOrder7cb43694-92e5-4abd-b266-083b31bd09df,2.078564837574959,2.078564837574959,3.0,1,1,2
/OrderService/GetOrder811fc8f9-cbe1-4cad-818e-1af360b422eb,5.021112971007824,5.021112971007824,3.0,1,1,2
/OrderService/GetOrder847f9eac-08b1-45f9-b729-6ec49140ab42,3.2628891058266163,3.2628891058266163,3.0,1,1,2
/OrderService/GetOrder86e574b7-6919-4bc5-bf9a-6a93f250c9d3,9.869672358036041,9.869672358036041,3.0,1,1,2
/OrderService/GetOrder88c0b948-8be0-4589-b93e-1be2cddfb6e9,1.611112616956234,1.611112616956234,3.0,1,1,2
/OrderService/GetOrder8a13fa24-8766-4538-8990-8a146f274f09,1.8521267920732498,1.8521267920732498,3.0,1,1,2
/OrderService/GetOrder8aee7f56-d8ac-457c-9187-7a7b2e9021cc,1.8159733153879642,1.8159733153879642,3.0,1,1,2
/OrderService/GetOrder8ccdd510-c2f6-409c-95c3-5139f16b40c1,2.047919202595949,2.047919202595949,3.0,1,1,2
/OrderService/GetOrder8d9bd5b2-f902-4c8f-8b4a-84489b9feaa6,1.9362098537385464,1.9362098537385464,3.0,1,1,2
/OrderService/GetOrder8dedb18a-6ab0-4caa-b42a-28f0b443f91c,2.544139977544546,2.544139977544546,3.0,1,1,2
/OrderService/GetOrder8f637d9c-b3e6-4053-a595-f442ae211041,1.341413240879774,1.341413240879774,3.0,1,1,2
/OrderService/GetOrder9225fcc6-e8b5-4aae-b8cd-3c99296028e5,1.4364393427968025,1.4364393427968025,3.0,1,1,2
/OrderService/GetOrder9aed0f9e-0380-485d-8e72-749d890d7534,1.4400039799511433,1.4400039799511433,3.0,1,1,2
/OrderService/GetOrder9cbaad27-d5af-4f1e-a0bc-a8643b185cd9,2.111764159053564,2.111764159053564,3.0,1,1,2
/OrderService/GetOrdera0d738ae-6fa2-4579-a8b3-f15c747c9db7,2.9642488807439804,2.9642488807439804,3.0,1,1,2
/OrderService/GetOrdera1b329dc-50ff-4749-98c1-b018d987fb73,2.2378601133823395,2.2378601133823395,2.0,1,1,2
/OrderService/GetOrdera4a0a155-1bc8-444e-a839-53c4c0b8fc76,1.0100719518959522,1.0100719518959522,3.0,1,1,2
/OrderService/GetOrdera64f9be3-4152-4edb-8f9b-b7f6be2570d0,3.3917617984116077,3.3917617984116077,3.0,1,1,2
/OrderService/GetOrderaeabfdc0-c059-4016-9c45-d659daeb6d64,6.124333944171667,6.124333944171667,3.0,1,1,2
/OrderService/GetOrderb2ffabad-801d-4832-bd42-ad66a09ed029,2.3001679219305515,2.3001679219305515,3.0,1,1,2
/OrderService/GetOrderb305fa5d-77ca-4f2a-9ff4-551e22a46301,1.358595211058855,1.358595211058855,2.0,1,1,2
/OrderService/GetOrderb6b8ff92-1352-40bc-a085-d3bbaf086ca8,2.719006035476923,2.719006035476923,3.0,1,1,2
/OrderService/GetOrderb92ec681-5862-4884-a1d7-fb0bf38280ac,1.6605970449745655,1.6605970449745655,3.0,1,1,2
/OrderService/GetOrderb9dbb87b-29b8-446c-9064-c362d057a82e,7.282834034413099,7.282834034413099,3.0,1,1,2
/OrderService/GetOrderca0cd81d-4d99-4a23-9967-45a5e5c1e222,1.6756211407482624,1.6756211407482624,3.0,1,1,2
/OrderService/GetOrdercb3869c5-93c3-41e8-8a5d-2765205be393,1.8563773483037949,1.8563773483037949,3.0,1,1,2
/OrderService/GetOrdercc0960da-b255-44c0-8c21-2c2c6a9b6f6f,2.3316210135817528,2.3316210135817528,3.0,1,1,2
/OrderService/GetOrderd4ee1f7a-4b7d-451d-8ab9-b745baa2af2f,1.8467111513018608,1.8467111513018608,3.0,1,1,2
/OrderService/GetOrderd5462b90-92ca-4204-a720-43364934f911,1.4642002061009407,1.4642002061009407,2.0,1,1,2
/OrderService/GetOrderdb379792-86dd-4523-b73e-07e2d7b0ef1d,1.8591750413179398,1.8591750413179398,3.0,1,1,2
/OrderService/GetOrderdb9d1258-2b8d-472a-b109-065fc338325f,1.5321583487093449,1.5321583487093449,2.0,1,1,2
/OrderService/GetOrderdbb7720a-560e-4163-9414-088dec246ce6,2.345261164009571,2.345261164009571,3.0,1,1,2
/OrderService/GetOrdere95d6cce-e2be-4d20-94bb-84111c7ec920,2.1030097268521786,2.1030097268521786,3.0,1,1,2
/OrderService/GetOrdere9fcea2a-1549-49f9-bed3-81ae15009286,4.707795102149248,4.707795102149248,3.0,1,1,2
/OrderService/GetOrdereca15b5c-7b4d-4cc2-99d5-f39abd88c279,3.400757908821106,3.400757908821106,3.0,1,1,2
/OrderService/GetOrderf7fb23f9-f5b6-4c54-9906-212f7258083f,1.7908099107444286,1.7908099107444286,3.0,1,1,2
/OrderService/GetOrderfad916b7-7c01-463e-9500-55970f7702f2,1.0912599973380566,1.0912599973380566,2.0,1,1,2
/OrderService/GetOrderfb458a27-0f85-4185-8948-aa5797688878,3.5039950162172318,3.5039950162172318,3.0,1,1,2
/OrderService/GetOrderfcd981ca-90fd-46c9-988f-07309a1406d6,3.028205130249262,3.028205130249262,2.0,1,1,2
/OrderService/GetOrderfebc68c3-fbd4-4715-9099-025c6d32d025,4.107512999325991,4.107512999325991,3.0,1,1,2
Aggregated,8.572356664080871,7.0,62500.9734375,-1,1,2
