Service,Average Response Time,Medium Response Time,Request Size,Request Type,Frequency,Size
/CatalogService/AddItem1d23727c-658d-4073-a80a-894067160d93,12.265403289347887,12.265403289347887,1000.0,1,0,1
/CatalogService/AddItem53107e63-6540-4771-88e1-4fdb6f876c89,7.799198850989342,7.799198850989342,1000.0,1,0,1
/CatalogService/AddItem7f528c06-54a9-4970-9687-523fde039616,7.646657060831785,7.646657060831785,1000.0,1,0,1
/CatalogService/AddItem9454c475-38b3-42f4-81a3-8a4b01d9e2ee,10.111268144100904,10.111268144100904,1000.0,1,0,1
/CatalogService/AddItem9a3838da-9150-48e9-8b96-160a21fdd449,12.797361705452204,12.797361705452204,1000.0,1,0,1
/CatalogService/AddItemc866c535-0106-445a-9e0e-b0489757aa27,15.865940134972334,15.865940134972334,1000.0,1,0,1
/CatalogService/AddItemd695b8c0-7ae1-44fc-aa62-58b9d31ff832,7.727544754743576,7.727544754743576,1000.0,1,0,1
/CatalogService/AddItemdd08c44c-47f1-4844-be16-81857dfc7ecb,11.321350932121277,11.321350932121277,1000.0,1,0,1
/CatalogService/GetItem01315176-004f-440d-8915-441384a0837a,4.5834071934223175,4.5834071934223175,3.0,1,0,1
/CatalogService/GetItem123fce3c-a9cc-494d-9c45-fabce5a6c58d,6.909817922860384,6.909817922860384,3.0,1,0,1
/CatalogService/GetItem3aa8b05d-fda2-4c59-a77f-decc628c6e12,3.593253903090954,3.593253903090954,3.0,1,0,1
/CatalogService/GetItembc1cf333-f482-43ad-bde5-460c458144ca,5.027153063565493,5.027153063565493,3.0,1,0,1
/CatalogService/GetItemdf3f624e-c188-4db0-ae54-1f3393f1b0ee,2.158228773623705,2.158228773623705,3.0,1,0,1
/CatalogService/GetItemea32efff-9e9d-4e50-b6fa-c4b113ca899e,4.57031512632966,4.57031512632966,3.0,1,0,1
/CatalogService/GetItemeb9ec75e-c824-44fa-bdd3-0b98b4b2f64c,7.590575143694878,7.590575143694878,2.0,1,0,1
/CatalogService/GetItemfe0a93ff-2bdb-4885-abb1-5cafd7430e1e,5.107190925627947,5.107190925627947,3.0,1,0,1
/CatalogService/UpdateItem1499844c-189f-4a6f-9d88-c08c9d78c151,8.073395118117332,8.073395118117332,1000.0,1,0,1
/CatalogService/UpdateItem1ca12afb-61aa-4c37-a48c-f6f815452ed5,6.379719823598862,6.379719823598862,1000.0,1,0,1
/CatalogService/UpdateItem1d1e3932-01a3-4573-bdbd-87fda16c4635,4.274684935808182,4.274684935808182,1000.0,1,0,1
/CatalogService/UpdateItem5cd47760-4533-4f2c-9b6e-377a78bbd246,3.9859763346612453,3.9859763346612453,1000.0,1,0,1
/CatalogService/UpdateItem646f78df-0be1-4218-9ea0-0edaf78804a4,4.07312111929059,4.07312111929059,1000.0,1,0,1
/CatalogService/UpdateItemc7f466b4-a12f-4858-b24e-c0c319c28bf3,3.5928445868194103,3.5928445868194103,1000.0,1,0,1
/CatalogService/UpdateItemd03f082d-0755-4d8c-b6a7-cd3d34149054,4.853527061641216,4.853527061641216,1000.0,1,0,1
/CatalogService/UpdateIteme86e284f-4381-485c-b471-1663afbc4efe,3.115562256425619,3.115562256425619,1000.0,1,0,1
/CustomerService/CreateCustomer2b7c0156-15db-42fd-9399-3376540fe918,33.98927301168442,33.98927301168442,1000.0,1,0,1
/CustomerService/CreateCustomer52eb3a63-bfa9-4319-a04f-20dd669c985a,33.53845328092575,33.53845328092575,1000.0,1,0,1
/CustomerService/CreateCustomer880345d8-91e3-49e1-96b0-684a4a108bc6,15.105192549526691,15.105192549526691,1000.0,1,0,1
/CustomerService/CreateCustomerc9a42b2b-3b05-4895-8a87-51b97e50e775,14.23635520040989,14.23635520040989,1000.0,1,0,1
/CustomerService/CreateCustomercc9517ae-f4c1-47d9-b4a4-7d483c0eeae3,32.704637851566076,32.704637851566076,1000.0,1,0,1
/CustomerService/CreateCustomere2b03068-8a24-41ab-b21b-853ba49ffdb3,19.552921876311302,19.552921876311302,1000.0,1,0,1
/CustomerService/CreateCustomere8c542ea-6280-46a0-ac89-fe2010a42607,37.070099264383316,37.070099264383316,1000.0,1,0,1
/CustomerService/CreateCustomerf4423423-2f62-4c0e-88cd-a5d8b57a5c0b,33.30996306613088,33.30996306613088,1000.0,1,0,1
/CustomerService/UpdateCustomer071782d7-5434-4928-b76f-babf3ccc7361,6.849485915154219,6.849485915154219,1000.0,1,0,1
/CustomerService/UpdateCustomer28d65eb7-7269-44c9-964f-100095f8d47f,8.174403104931116,8.174403104931116,1000.0,1,0,1
/CustomerService/UpdateCustomer3d5042aa-79dd-4b78-b889-e8a6f845fe9c,6.929038092494011,6.929038092494011,1000.0,1,0,1
/CustomerService/UpdateCustomer4767790c-ab7b-4ddd-ada5-bc7cff4817f5,4.8560528084635735,4.8560528084635735,1000.0,1,0,1
/CustomerService/UpdateCustomer674daa0e-c34a-4b2e-aad6-b04436bed535,16.156085301190615,16.156085301190615,1000.0,1,0,1
/CustomerService/UpdateCustomer74b4be28-23f5-4d04-83ac-d1b71a95ac99,4.302418790757656,4.302418790757656,1000.0,1,0,1
/CustomerService/UpdateCustomerc9e714ed-f333-4c84-91c0-a6cb9aa97c7c,6.7170062102377415,6.7170062102377415,1000.0,1,0,1
/CustomerService/UpdateCustomerf1a4e0b1-ca84-4118-8141-e6e0970fdba7,14.691934920847416,14.691934920847416,1000.0,1,0,1
/CustomerService/getCustomer503a3305-b5bc-4e1f-bf5b-c0de9f87f521,4.220631904900074,4.220631904900074,2.0,1,0,1
/CustomerService/getCustomer6272fbf1-9b93-46ff-b5d1-8ca37f179b11,4.420254845172167,4.420254845172167,2.0,1,0,1
/CustomerService/getCustomer6f6ee705-d7f3-4f2f-96d8-3bee71d9007f,2.3719086311757565,2.3719086311757565,2.0,1,0,1
/CustomerService/getCustomer93743665-cba5-4e7c-b2fc-c7ca7e0e240b,1.6149436123669147,1.6149436123669147,2.0,1,0,1
/CustomerService/getCustomercfd7ac18-94e9-4fd5-9f82-02508c01d021,2.094954252243042,2.094954252243042,2.0,1,0,1
/CustomerService/getCustomerdf490d1f-248d-41ad-9a87-c4ab51f497a5,3.5798889584839344,3.5798889584839344,2.0,1,0,1
/CustomerService/getCustomere1a8b12e-5e84-4f79-a787-f387cd091a2b,1.439632847905159,1.439632847905159,2.0,1,0,1
/CustomerService/getCustomere82fb357-a9a7-4a26-bcb3-be61e84afbf9,1.5571988187730312,1.5571988187730312,2.0,1,0,1
/OrderService/CreateOrder3d0d21f9-b7ca-48a6-9101-23378ea10f2d,7.3349131271243095,7.3349131271243095,1000.0,1,0,1
/OrderService/CreateOrder7bbe6470-3864-456b-a5cf-90012bb0edd5,5.740676075220108,5.740676075220108,1000.0,1,0,1
/OrderService/CreateOrder82a80af7-37b7-4895-96f2-6cc6924a3a19,6.241003051400185,6.241003051400185,1000.0,1,0,1
/OrderService/CreateOrderac28f0f8-4a6f-40c3-9855-97529a3ec969,4.591688979417086,4.591688979417086,1000.0,1,0,1
/OrderService/CreateOrderb4c47554-03c1-4845-aca2-f655b1e4fe0d,7.9611255787312984,7.9611255787312984,1000.0,1,0,1
/OrderService/CreateOrderb763258b-f319-44cf-838c-8a406563bf6c,6.495266687124968,6.495266687124968,1000.0,1,0,1
/OrderService/CreateOrderd53fdfe6-0158-49da-b232-2c2144cd4534,5.2214753814041615,5.2214753814041615,1000.0,1,0,1
/OrderService/CreateOrderd5f3583e-0e39-4264-9a76-f553b5ae1522,5.493978038430214,5.493978038430214,1000.0,1,0,1
/OrderService/GetOrder0706adde-28bc-4e9c-ae42-38bbf2d4c1b0,1.78951071575284,1.78951071575284,3.0,1,0,1
/OrderService/GetOrder61c2e9ed-cdcb-4d77-b8a8-c3920477e6ff,1.2696092016994953,1.2696092016994953,3.0,1,0,1
/OrderService/GetOrder78efe1e0-c3ce-4523-8d3c-ad1650068398,3.209351096302271,3.209351096302271,3.0,1,0,1
/OrderService/GetOrder84a6356e-eabb-43ce-a644-06419fb52c33,4.35226084664464,4.35226084664464,3.0,1,0,1
/OrderService/GetOrdera254fdc3-2442-44b3-ad64-c92799cc2e2a,3.5530049353837967,3.5530049353837967,3.0,1,0,1
/OrderService/GetOrderb6de82c9-3547-4e09-b043-4197b485c8a2,2.337920945137739,2.337920945137739,3.0,1,0,1
/OrderService/GetOrdercba2d8dc-4578-4642-bc81-c318d9aae52d,4.040345083922148,4.040345083922148,3.0,1,0,1
/OrderService/GetOrderd0bf4131-a1e6-43c6-ae04-a984a7ff7457,3.8546351715922356,3.8546351715922356,3.0,1,0,1
Aggregated,8.537390596757177,5.0,625.984375,-1,0,1
