Service,Average Response Time,Medium Response Time,Request Size,Request Type,Frequency,Size
/CatalogService/AddItem009e149d-08f5-4689-ab65-ef8f411d5fb9,4.715535789728165,4.715535789728165,100000.0,1,1,2
/CatalogService/AddItem054b3d08-023c-4ec4-9e29-c76e13c2cf29,3.8539269007742405,3.8539269007742405,100000.0,1,1,2
/CatalogService/AddItem05685134-c474-478d-8974-5108fa943019,8.998260833323002,8.998260833323002,100000.0,1,1,2
/CatalogService/AddItem082cdc2c-644e-494c-9f85-537967aa70ba,4.950971342623234,4.950971342623234,100000.0,1,1,2
/CatalogService/AddItem0b804043-f365-468f-bb97-3efc612e5002,3.956844564527273,3.956844564527273,100000.0,1,1,2
/CatalogService/AddItem0f822a08-113b-4a1b-b6cf-8d3d94ea43d2,6.404059939086437,6.404059939086437,100000.0,1,1,2
/CatalogService/AddItem103cfd36-787a-4af2-b03a-d23a36af470c,8.77725100144744,8.77725100144744,100000.0,1,1,2
/CatalogService/AddItem111ccb1c-df3d-4274-bc9b-8ea698b3c934,7.752155419439077,7.752155419439077,100000.0,1,1,2
/CatalogService/AddItem191e45e8-a651-496d-a3c1-acc3e74ecb8c,7.567277178168297,7.567277178168297,100000.0,1,1,2
/CatalogService/AddItem2141dcd8-e6eb-470f-ae29-ad41631e0914,6.612369325011969,6.612369325011969,100000.0,1,1,2
/CatalogService/AddItem276b2aa8-b348-4bdf-83ce-ee96a04296e8,5.581260193139315,5.581260193139315,100000.0,1,1,2
/CatalogService/AddItem2881b5f4-491f-4c55-bcce-ac3a33e119df,20.275888964533806,20.275888964533806,100000.0,1,1,2
/CatalogService/AddItem28ddd8f1-7cd4-4973-8f46-d10c20d99f82,12.508658226579428,12.508658226579428,100000.0,1,1,2
/CatalogService/AddItem28e299a8-2972-4c22-a4d2-066cb10a432e,4.01641009375453,4.01641009375453,100000.0,1,1,2
/CatalogService/AddItem2e71feb7-bb43-47e6-92c7-a449eb86d4bd,6.613763980567455,6.613763980567455,100000.0,1,1,2
/CatalogService/AddItem310f154b-1a9e-45e2-af8f-73abaf699c72,4.18451614677906,4.18451614677906,100000.0,1,1,2
/CatalogService/AddItem34ac4243-2b46-41e5-8d29-4f35f7cc83dd,6.425720173865557,6.425720173865557,100000.0,1,1,2
/CatalogService/AddItem3588439d-5595-45a5-be0c-f4006aaf902e,14.95435182005167,14.95435182005167,100000.0,1,1,2
/CatalogService/AddItem35b3ec72-e61c-4903-8d20-01750d407c57,5.2190059795975685,5.2190059795975685,100000.0,1,1,2
/CatalogService/AddItem37e69f9a-858e-4a48-80fc-bf268748bb21,5.633844994008541,5.633844994008541,100000.0,1,1,2
/CatalogService/AddItem494c11dd-8a0c-41b3-8f7b-6a00f3c7bd0e,4.399764817208052,4.399764817208052,100000.0,1,1,2
/CatalogService/AddItem4a669881-4858-4721-8f03-0cc76d04b9ad,23.327586706727743,23.327586706727743,100000.0,1,1,2
/CatalogService/AddItem4aa98e88-8bf2-4e79-9790-cc7dd0cda7f0,5.308225750923157,5.308225750923157,100000.0,1,1,2
/CatalogService/AddItem547fed97-2400-4ec0-a4d6-bfa964a2c0e2,7.096482906490564,7.096482906490564,100000.0,1,1,2
/CatalogService/AddItem58ab96db-359e-4c3b-b135-a6929b82f8c7,7.442217785865068,7.442217785865068,100000.0,1,1,2
/CatalogService/AddItem5c806e0b-89d3-47a3-81c2-d5c947e03733,6.109880283474922,6.109880283474922,100000.0,1,1,2
/CatalogService/AddItem5c8d6883-c7e8-4ef8-8f4d-9ac3e78dcb18,6.641018204391003,6.641018204391003,100000.0,1,1,2
/CatalogService/AddItem62656e1f-ac00-41db-a905-8ffbea0eb371,4.606551956385374,4.606551956385374,100000.0,1,1,2
/CatalogService/AddItem64170d2d-29f9-4074-b3ff-a5594c3a1f94,4.993347451090813,4.993347451090813,100000.0,1,1,2
/CatalogService/AddItem64173e75-8558-489e-8dc3-e9c57a278462,5.665543023496866,5.665543023496866,100000.0,1,1,2
/CatalogService/AddItem67c99a29-be80-4266-a064-ad05c6013e4b,10.369007010012865,10.369007010012865,100000.0,1,1,2
/CatalogService/AddItem68c6680d-2497-444b-83bf-acdc7dcde45e,11.7434561252594,11.7434561252594,100000.0,1,1,2
/CatalogService/AddItem69e23d83-98d6-4e62-9e2b-13617bc53e6a,6.127664819359779,6.127664819359779,100000.0,1,1,2
/CatalogService/AddItem719374ef-ca65-43b9-9642-dcf0be31d392,5.4094502702355385,5.4094502702355385,100000.0,1,1,2
/CatalogService/AddItem755f1f6b-06c0-4c79-a47a-79231949add2,5.788332782685757,5.788332782685757,100000.0,1,1,2
/CatalogService/AddItem7bd5059e-bbdf-4283-a30b-626750c6c5e0,7.4382019229233265,7.4382019229233265,100000.0,1,1,2
/CatalogService/AddItem839a0898-7d2d-4034-8ceb-5bbbca35a5fd,22.864885162562132,22.864885162562132,100000.0,1,1,2
/CatalogService/AddItem881e50e5-59cd-45ef-821a-16f1e416a1da,7.389978971332312,7.389978971332312,100000.0,1,1,2
/CatalogService/AddItem8904ecbc-7ca3-4a4f-9547-0a0347019e5d,8.489389903843403,8.489389903843403,100000.0,1,1,2
/CatalogService/AddItem899848f7-d098-4e93-becd-2a7cab8a3bc3,6.639700848609209,6.639700848609209,100000.0,1,1,2
/CatalogService/AddItem8d9fedcb-e954-4a3f-bb91-8667795f0c63,4.163121804594994,4.163121804594994,100000.0,1,1,2
/CatalogService/AddItem8fa769a9-c156-4aee-9876-4ec9fb5d6620,7.085390388965607,7.085390388965607,100000.0,1,1,2
/CatalogService/AddItem9026a3c3-544d-43c9-a95d-b738c168e4ce,10.879823938012123,10.879823938012123,100000.0,1,1,2
/CatalogService/AddItem943a5b16-4b64-487c-8541-9f32e9db923d,14.321762137115002,14.321762137115002,100000.0,1,1,2
/CatalogService/AddItem98ac68bd-6314-4d2a-b6ec-ec72bcef1d52,6.358759012073278,6.358759012073278,100000.0,1,1,2
/CatalogService/AddItem9feb9b39-fbff-42f6-895d-0741ff2de857,5.0698998384177685,5.0698998384177685,100000.0,1,1,2
/CatalogService/AddItema1f3125c-c345-4286-92bf-b5023480ee85,6.6492268815636635,6.6492268815636635,100000.0,1,1,2
/CatalogService/AddItema98e2f35-2290-4a24-a478-e7ec5f554e0a,12.284536845982075,12.284536845982075,100000.0,1,1,2
/CatalogService/AddItema9f5f8b7-ffe9-4a88-b753-fa82a9db7ddf,7.168421056121588,7.168421056121588,100000.0,1,1,2
/CatalogService/AddItemaac269a0-05dc-4c6c-9aa7-d3d11573bcff,8.536749985069036,8.536749985069036,100000.0,1,1,2
/CatalogService/AddItemaad8edde-d339-4d0c-a25a-27cdb1f71ba7,13.032882008701563,13.032882008701563,100000.0,1,1,2
/CatalogService/AddItemac9e3f30-49b5-4c13-9d25-b79f43f6838e,5.989796947687864,5.989796947687864,100000.0,1,1,2
/CatalogService/AddItemae469a26-3b2e-4f1a-96cf-6c55b9401920,6.001065950840712,6.001065950840712,100000.0,1,1,2
/CatalogService/AddItemb104bbdb-323c-4a5c-8586-36e5f4ce6ebb,6.295932922512293,6.295932922512293,100000.0,1,1,2
/CatalogService/AddItemc105cfd1-5436-4103-a576-0edbbef1a884,5.848871078342199,5.848871078342199,100000.0,1,1,2
/CatalogService/AddItemc12e9a0b-85dc-48bf-85bb-e25e03f2498d,4.249160178005695,4.249160178005695,100000.0,1,1,2
/CatalogService/AddItemc1c14fcd-4f41-4360-bf7b-a2e7647f518a,6.591101177036762,6.591101177036762,100000.0,1,1,2
/CatalogService/AddItemc46addf5-344b-415b-9186-d49fadb8a52e,5.490289069712162,5.490289069712162,100000.0,1,1,2
/CatalogService/AddItemc493e8ce-dd3c-4aec-80e9-992d1d4a71e9,5.7105738669633865,5.7105738669633865,100000.0,1,1,2
/CatalogService/AddItemcb71d535-7925-4df6-8b0e-c2fccd27c729,5.6255110539495945,5.6255110539495945,100000.0,1,1,2
/CatalogService/AddItemd088538d-1868-4aaa-8615-29136bbaade1,5.363522097468376,5.363522097468376,100000.0,1,1,2
/CatalogService/AddItemd1d6c1aa-f3ea-41e4-9f6b-71954651b035,25.292570237070322,25.292570237070322,100000.0,1,1,2
/CatalogService/AddItemd97ac2b5-0179-4a5c-ac55-6a1852e08f04,4.895268008112907,4.895268008112907,100000.0,1,1,2
/CatalogService/AddItemddc90fd2-99d7-4947-a6d3-db46d6e165eb,6.755711045116186,6.755711045116186,100000.0,1,1,2
/CatalogService/AddItemdecbb29d-03a3-47cb-a1d6-cbf2ae45c806,3.0372007749974728,3.0372007749974728,100000.0,1,1,2
/CatalogService/AddIteme0923cdc-4aef-46f0-af6f-75a9c8e4f70f,3.7612169981002808,3.7612169981002808,100000.0,1,1,2
/CatalogService/AddIteme23f6fe7-63cf-4fb6-b1f4-4c49ebe081c1,6.579631008207798,6.579631008207798,100000.0,1,1,2
/CatalogService/AddIteme7b213fd-b0a0-4179-9fe3-811816fa2a39,7.7652051113545895,7.7652051113545895,100000.0,1,1,2
/CatalogService/AddIteme7b35e4e-086c-4013-8c6a-8a64f32d4f15,7.167269010096788,7.167269010096788,100000.0,1,1,2
/CatalogService/AddItemeb3c9e56-db05-4cc5-a1f6-ecfa5d3f031e,34.11988401785493,34.11988401785493,100000.0,1,1,2
/CatalogService/AddItemee340a60-8c9b-4b11-99b1-bdef3b22f7be,5.995011888444424,5.995011888444424,100000.0,1,1,2
/CatalogService/AddItemeed1c14b-f019-43e6-a672-c02b8cd00fce,7.373441942036152,7.373441942036152,100000.0,1,1,2
/CatalogService/AddItemf03ef643-798b-4d82-ba55-e54858e3f559,8.756490889936686,8.756490889936686,100000.0,1,1,2
/CatalogService/AddItemf0da7b1e-25f0-4f20-949e-094da136b0cb,5.853518843650818,5.853518843650818,100000.0,1,1,2
/CatalogService/AddItemf1d84016-825c-4894-b373-4ec1038ee247,12.127951718866825,12.127951718866825,100000.0,1,1,2
/CatalogService/AddItemf20098c6-253b-4dac-9a10-5d8b93234068,9.759550914168358,9.759550914168358,100000.0,1,1,2
/CatalogService/AddItemf5b7b576-032b-4329-a56e-88d14d524d47,4.7390959225595,4.7390959225595,100000.0,1,1,2
/CatalogService/AddItemf6a40d58-9edc-4677-b0f6-7ba5c61700cc,8.968984242528677,8.968984242528677,100000.0,1,1,2
/CatalogService/AddItemfb1477e6-25a2-4f5f-9bbb-bd8858e825d2,5.430188961327076,5.430188961327076,100000.0,1,1,2
/CatalogService/AddItemfca7ef53-b0f5-42c8-b17f-942ffc539f0f,5.584616679698229,5.584616679698229,100000.0,1,1,2
/CatalogService/GetItem0007da29-4bf8-4cb1-a266-b3c4c1677941,2.701550256460905,2.701550256460905,3.0,1,1,2
/CatalogService/GetItem00a983f9-94ab-4a61-8bf4-d6e78c766963,5.332334898412228,5.332334898412228,3.0,1,1,2
/CatalogService/GetItem01f0a86e-f01f-4f43-9ba1-d5b021aec454,2.554886043071747,2.554886043071747,3.0,1,1,2
/CatalogService/GetItem02ac714d-acb5-4919-bf66-fa7729a2e5c8,6.391466129571199,6.391466129571199,3.0,1,1,2
/CatalogService/GetItem084dd0f4-b0c5-44ad-97dc-06eb2e0a6674,4.653020761907101,4.653020761907101,3.0,1,1,2
/CatalogService/GetItem094c4723-13c2-4631-b324-3918e8dc4ca2,5.232974886894226,5.232974886894226,3.0,1,1,2
/CatalogService/GetItem0d030338-a1f8-4b1b-98d2-ab81670ffc23,5.332948174327612,5.332948174327612,3.0,1,1,2
/CatalogService/GetItem0d9898d3-5721-4365-872a-dde76a5bdd98,2.1759020164608955,2.1759020164608955,3.0,1,1,2
/CatalogService/GetItem152e3e3a-bd39-43dc-bba5-5775b219aef9,2.8322008438408375,2.8322008438408375,3.0,1,1,2
/CatalogService/GetItem167a6e60-b389-451f-9454-ec5c8d63ed09,2.8870883397758007,2.8870883397758007,3.0,1,1,2
/CatalogService/GetItem213e82da-a8d9-423c-af23-e3ee72e89f11,2.7508451603353024,2.7508451603353024,3.0,1,1,2
/CatalogService/GetItem290fa2c7-f22e-41e5-afd9-12dc0bdf0d21,7.2856140322983265,7.2856140322983265,3.0,1,1,2
/CatalogService/GetItem2c2756b0-f679-4cc8-a7f2-2e1e238b19c2,8.471169974654913,8.471169974654913,3.0,1,1,2
/CatalogService/GetItem33bd0e37-0dd0-498f-b426-31b383d9ff0d,5.013031885027885,5.013031885027885,3.0,1,1,2
/CatalogService/GetItem35451c79-93ee-4e15-ae69-6d06574b1e48,2.9265866614878178,2.9265866614878178,3.0,1,1,2
/CatalogService/GetItem3805a0ca-a6bc-453c-ba87-3804e17553b6,2.633310854434967,2.633310854434967,3.0,1,1,2
/CatalogService/GetItem39ac0f46-7116-492c-b0f6-da369212c720,5.640698131173849,5.640698131173849,3.0,1,1,2
/CatalogService/GetItem3c249dea-b4af-4abd-83a1-b4702fcc0164,4.33563394472003,4.33563394472003,3.0,1,1,2
/CatalogService/GetItem4297b01a-e283-4c3e-8355-ed9406174200,2.6211971417069435,2.6211971417069435,3.0,1,1,2
/CatalogService/GetItem432adcf3-2501-400a-ba68-8e7ca7e328ae,2.576772589236498,2.576772589236498,3.0,1,1,2
/CatalogService/GetItem4909d965-a6f4-4529-a6fc-d9300270ece6,2.3598559200763702,2.3598559200763702,3.0,1,1,2
/CatalogService/GetItem4be21a0e-2d6a-4ac3-8b4c-8622df8f0990,10.002160910516977,10.002160910516977,3.0,1,1,2
/CatalogService/GetItem4bef4f91-6dfb-42b6-8637-d8efa8b1df83,3.294029738754034,3.294029738754034,3.0,1,1,2
/CatalogService/GetItem4c734dd1-747e-499c-91d7-07a434016ca6,3.2126251608133316,3.2126251608133316,3.0,1,1,2
/CatalogService/GetItem4d679aeb-1f69-4242-a9f8-460d06ed41cf,1.9856900908052921,1.9856900908052921,3.0,1,1,2
/CatalogService/GetItem514a26a8-7b53-449d-8771-5e7e2339d073,6.7055500112473965,6.7055500112473965,3.0,1,1,2
/CatalogService/GetItem5e3da421-3da2-4837-ae1c-95c6602265e0,7.928879931569099,7.928879931569099,3.0,1,1,2
/CatalogService/GetItem6753527d-fdef-47f5-8da1-2d29a5ec4e00,2.49525997787714,2.49525997787714,3.0,1,1,2
/CatalogService/GetItem69135582-c67c-4b9b-af4e-6c8a03970868,2.1167066879570484,2.1167066879570484,3.0,1,1,2
/CatalogService/GetItem6b37d324-23ca-4589-94bb-960ecd58fe76,7.750308141112328,7.750308141112328,3.0,1,1,2
/CatalogService/GetItem6c0ade8f-46a5-418d-bd28-d77c1eb7b6f9,5.643208976835012,5.643208976835012,3.0,1,1,2
/CatalogService/GetItem6c61fab2-c72d-4bd6-b86d-bdadbb2d707e,3.4396201372146606,3.4396201372146606,3.0,1,1,2
/CatalogService/GetItem6daebb1a-a78c-4c3f-8dd5-8b9e997d8f67,4.64856019243598,4.64856019243598,3.0,1,1,2
/CatalogService/GetItem7dcadf8e-4c8b-40f3-9177-bfad88a1fbf2,2.865973860025406,2.865973860025406,3.0,1,1,2
/CatalogService/GetItem83f46254-605b-48c6-86dd-98dce5a26053,3.374745137989521,3.374745137989521,3.0,1,1,2
/CatalogService/GetItem8444fea1-617d-4956-8f9a-f3dceddf6b1c,7.2241658344864845,7.2241658344864845,3.0,1,1,2
/CatalogService/GetItem89eca59c-f3b6-46af-8337-6fb5d8878be2,4.632116295397282,4.632116295397282,3.0,1,1,2
/CatalogService/GetItem89f2df7b-6200-4797-b3df-da4c929068f0,2.50490615144372,2.50490615144372,3.0,1,1,2
/CatalogService/GetItem8ae4b8ab-6d2b-4d2e-97de-5edbe7947a14,2.1247128024697304,2.1247128024697304,3.0,1,1,2
/CatalogService/GetItem8c810f03-2085-4392-b9f0-808d194df5a7,5.121268332004547,5.121268332004547,3.0,1,1,2
/CatalogService/GetItem8f125a72-0522-452b-bafc-185f61101406,2.6369746774435043,2.6369746774435043,3.0,1,1,2
/CatalogService/GetItem92ea242d-bc54-4561-ac8f-eac7e41f7726,3.061837051063776,3.061837051063776,3.0,1,1,2
/CatalogService/GetItem98931d02-edc6-4939-b9cd-38f12282b53b,4.5709130354225636,4.5709130354225636,3.0,1,1,2
/CatalogService/GetItem991eda5c-059b-4936-9945-14957e7cac77,3.807797096669674,3.807797096669674,2.0,1,1,2
/CatalogService/GetItem99232a03-d1f4-46a3-9c41-efd4c735a636,7.889418862760067,7.889418862760067,3.0,1,1,2
/CatalogService/GetItema5473a5d-f73e-4c2e-976e-cdfbbee08fc1,3.059804905205965,3.059804905205965,3.0,1,1,2
/CatalogService/GetItema5671c39-0bed-409f-a570-365638024b30,5.3703743033111095,5.3703743033111095,3.0,1,1,2
/CatalogService/GetItema6b17579-7be3-41aa-ad95-20ea444eced4,4.829143173992634,4.829143173992634,3.0,1,1,2
/CatalogService/GetItema6c71222-bab1-4c75-b344-6207ec5aa4df,6.235682871192694,6.235682871192694,3.0,1,1,2
/CatalogService/GetItema89fea2c-6f8d-4298-90ed-2cb9d58c4faf,3.7871128879487514,3.7871128879487514,3.0,1,1,2
/CatalogService/GetItemabbd3c27-5dd4-451b-9508-aff8f77516e0,19.939898047596216,19.939898047596216,3.0,1,1,2
/CatalogService/GetItemabf6192e-f6af-4a4a-a1d6-b849afa432e8,4.592896904796362,4.592896904796362,3.0,1,1,2
/CatalogService/GetItemad62a784-3f22-4707-8c30-249ee69df84c,3.024912904947996,3.024912904947996,3.0,1,1,2
/CatalogService/GetItemb0527355-ae63-4c3f-94e5-ca314f0bcce8,9.356205817312002,9.356205817312002,3.0,1,1,2
/CatalogService/GetItemb054012a-d1ac-424e-a747-73eaf0a3d2a6,5.457096267491579,5.457096267491579,3.0,1,1,2
/CatalogService/GetItemb280c62f-4a1e-4773-ab2a-dd105ae2f0f5,3.0126990750432014,3.0126990750432014,3.0,1,1,2
/CatalogService/GetItemb876ac42-bdf7-43bd-9c7d-872d6fa2b74f,2.766347024589777,2.766347024589777,3.0,1,1,2
/CatalogService/GetItemb8eab61a-38a3-43bc-b485-4ccdb5fb5f8b,2.8820657171308994,2.8820657171308994,3.0,1,1,2
/CatalogService/GetItembad5d086-a598-4b04-afae-170f0d9c4d51,3.0287103727459908,3.0287103727459908,3.0,1,1,2
/CatalogService/GetItemc013f859-6f61-4fa3-a91f-a1c9ecf0883b,3.524846863001585,3.524846863001585,3.0,1,1,2
/CatalogService/GetItemc4bc8b60-0737-4d0b-9381-83a5c6223a7e,1.9848416559398174,1.9848416559398174,3.0,1,1,2
/CatalogService/GetItemc4da6e90-e09c-4f00-99a8-bb8839854858,5.777593702077866,5.777593702077866,3.0,1,1,2
/CatalogService/GetItemc6663d17-4a37-4a79-a449-511e1789e484,5.034815054386854,5.034815054386854,3.0,1,1,2
/CatalogService/GetItemc7928fe6-98a8-4e25-9e21-82e58c59e24c,7.128486409783363,7.128486409783363,3.0,1,1,2
/CatalogService/GetItemc8439e07-d241-48be-9456-06dabecf7bb5,2.4256897158920765,2.4256897158920765,3.0,1,1,2
/CatalogService/GetItemc98cae95-5398-402f-b664-e178969c660d,2.3118890821933746,2.3118890821933746,3.0,1,1,2
/CatalogService/GetItemca8936cf-ac96-41ae-b20c-5455814976b4,4.735506139695644,4.735506139695644,3.0,1,1,2
/CatalogService/GetItemca9362b4-a662-4f41-8885-caf394695363,5.54344616830349,5.54344616830349,2.0,1,1,2
/CatalogService/GetItemd60a35ff-3b3e-48fb-a836-4b2300ccc112,3.273576032370329,3.273576032370329,3.0,1,1,2
/CatalogService/GetItemd8c4e765-1059-4f8a-9c89-36374ebee970,2.46794568374753,2.46794568374753,3.0,1,1,2
/CatalogService/GetItemdc7eedb2-1cf0-482a-bdaf-5ea0c779985b,2.826347015798092,2.826347015798092,3.0,1,1,2
/CatalogService/GetIteme4e38f8c-8bd2-427e-9f53-ca2a52f6f07e,5.755966994911432,5.755966994911432,3.0,1,1,2
/CatalogService/GetIteme5bb99a5-b945-4c0b-9cf8-59fe5f7def41,5.4174549877643585,5.4174549877643585,3.0,1,1,2
/CatalogService/GetIteme76d22ec-53cd-4558-b712-7ce931c90210,2.757498063147068,2.757498063147068,3.0,1,1,2
/CatalogService/GetItemeae187cf-6c07-4ede-9ed7-62e9fbe52019,8.85989936068654,8.85989936068654,3.0,1,1,2
/CatalogService/GetItemeb3d9f3a-b7c5-4120-90d5-4c489c18c2ff,6.6475518979132175,6.6475518979132175,3.0,1,1,2
/CatalogService/GetItemec3da6fd-43b8-412e-9a27-f5a4f4735070,5.069117993116379,5.069117993116379,3.0,1,1,2
/CatalogService/GetItemf9747a5b-43ca-433d-80e8-ccf2a5507c60,5.454677157104015,5.454677157104015,3.0,1,1,2
/CatalogService/GetItemfb2f4e1c-5f88-4f79-8280-7a64d10025aa,3.2855309545993805,3.2855309545993805,3.0,1,1,2
/CatalogService/GetItemfc1b320f-e8b3-4481-8ced-2b19a1ce6359,7.3111336678266525,7.3111336678266525,3.0,1,1,2
/CatalogService/UpdateItem03aefcb1-483f-4ad1-8a34-58f6a2e46b3d,7.425494957715273,7.425494957715273,100000.0,1,1,2
/CatalogService/UpdateItem05974c0d-62dc-48ba-a572-0942193a2dab,5.721902009099722,5.721902009099722,100000.0,1,1,2
/CatalogService/UpdateItem0e1da7c2-669c-40c3-bcc2-c47ba3074a06,5.646576173603535,5.646576173603535,100000.0,1,1,2
/CatalogService/UpdateItem1198322d-8170-4a73-82bb-fd00a65340fc,5.8640590868890285,5.8640590868890285,100000.0,1,1,2
/CatalogService/UpdateItem159bd162-8374-48e8-b51e-435bda4e61e9,6.305751856416464,6.305751856416464,100000.0,1,1,2
/CatalogService/UpdateItem15a95786-5c41-4b06-9432-554c32a32e61,4.278385080397129,4.278385080397129,100000.0,1,1,2
/CatalogService/UpdateItem16e76b76-318b-45f9-ad40-4381c70c054c,8.42718593776226,8.42718593776226,100000.0,1,1,2
/CatalogService/UpdateItem1daa8501-b620-41b7-848d-a7541e57e91b,15.051926951855421,15.051926951855421,100000.0,1,1,2
/CatalogService/UpdateItem1eac7b9c-f7b4-4ef9-8d40-ecfa69d1d798,6.698186043649912,6.698186043649912,100000.0,1,1,2
/CatalogService/UpdateItem1ef4a2ac-e9a2-4af7-9671-4b0351b42fb6,7.537783123552799,7.537783123552799,100000.0,1,1,2
/CatalogService/UpdateItem27e20ba6-77f8-49bf-8279-2bd853322593,6.730264984071255,6.730264984071255,100000.0,1,1,2
/CatalogService/UpdateItem32cc1316-c22c-4342-b94f-fee2910c4db6,6.819650996476412,6.819650996476412,100000.0,1,1,2
/CatalogService/UpdateItem39da081a-3863-48c4-bce8-4c31e8c36a98,11.613751761615276,11.613751761615276,100000.0,1,1,2
/CatalogService/UpdateItem404e8eac-d996-44cc-9bb4-eda6439ffddf,7.5896130874753,7.5896130874753,100000.0,1,1,2
/CatalogService/UpdateItem40cb7854-c339-4a85-9180-ca217aa3ceb3,4.9175540916621685,4.9175540916621685,100000.0,1,1,2
/CatalogService/UpdateItem4300860c-35da-4495-bf23-6769de6e4e02,13.316824100911617,13.316824100911617,100000.0,1,1,2
/CatalogService/UpdateItem446fb1c1-a8e2-47f0-857d-efa1c808c5be,6.790088955312967,6.790088955312967,100000.0,1,1,2
/CatalogService/UpdateItem46f34392-3697-46de-97e6-2f9af5ecbda6,6.7858318798244,6.7858318798244,100000.0,1,1,2
/CatalogService/UpdateItem4ffa255c-4cd5-4d1e-bea3-148aa7e31c57,4.342721775174141,4.342721775174141,100000.0,1,1,2
/CatalogService/UpdateItem50520867-6628-4ca3-9b6a-54e3008cc8ca,9.58208879455924,9.58208879455924,100000.0,1,1,2
/CatalogService/UpdateItem55ac0d46-c2f0-4f1e-acf8-bdd649b311d8,18.395178020000458,18.395178020000458,100000.0,1,1,2
/CatalogService/UpdateItem58067ca4-3e88-48a1-9060-2e1ef42ff8d8,15.949119813740253,15.949119813740253,100000.0,1,1,2
/CatalogService/UpdateItem5ae77ec9-93b3-4d17-94de-26908fad7c0e,6.252712104469538,6.252712104469538,100000.0,1,1,2
/CatalogService/UpdateItem5ce34f86-e573-480e-9b39-ad3e8068d551,9.79663198813796,9.79663198813796,100000.0,1,1,2
/CatalogService/UpdateItem5ee602f5-c9e1-4453-b4eb-e381c3cbb0c5,6.197961047291756,6.197961047291756,100000.0,1,1,2
/CatalogService/UpdateItem5f9c5c7a-2e3d-4cda-9a93-5b7564750066,5.565287079662085,5.565287079662085,100000.0,1,1,2
/CatalogService/UpdateItem60676355-29dd-4abf-963e-3372ba2b5b70,10.634507052600384,10.634507052600384,100000.0,1,1,2
/CatalogService/UpdateItem606fee98-8c6c-4400-b671-bcdafda2c46c,6.031639873981476,6.031639873981476,100000.0,1,1,2
/CatalogService/UpdateItem651a8420-9bcf-4bef-ac54-5fa3ca1c2e78,5.902139004319906,5.902139004319906,100000.0,1,1,2
/CatalogService/UpdateItem694fb2ba-e0aa-426d-b15a-1d976a150795,11.540676932781935,11.540676932781935,100000.0,1,1,2
/CatalogService/UpdateItem6e47bb96-9d82-4d91-9340-93ac12ffe481,5.514073185622692,5.514073185622692,100000.0,1,1,2
/CatalogService/UpdateItem71503216-a228-4d36-a073-3eb1049c5103,9.739513043314219,9.739513043314219,100000.0,1,1,2
/CatalogService/UpdateItem7962164a-0586-4617-96a3-e792813ed568,6.84847217053175,6.84847217053175,100000.0,1,1,2
/CatalogService/UpdateItem79c8c611-3e22-4bf3-80d1-49365fddd591,12.459293007850647,12.459293007850647,100000.0,1,1,2
/CatalogService/UpdateItem7c66e59f-617b-4b67-9363-d0c335e4aa26,5.581830162554979,5.581830162554979,100000.0,1,1,2
/CatalogService/UpdateItem7dda18db-78a8-458f-a332-dfe04f20f8fb,7.136315107345581,7.136315107345581,99999.0,1,1,2
/CatalogService/UpdateItem82109e9d-2084-486a-95f7-072c8c93a75c,4.744528792798519,4.744528792798519,100000.0,1,1,2
/CatalogService/UpdateItem87585ae8-3dbb-4f57-8ab2-373bebc5450b,10.350984986871481,10.350984986871481,100000.0,1,1,2
/CatalogService/UpdateItem87fc3db8-802f-4e48-acb8-21c3cdfcb64a,5.928937811404467,5.928937811404467,100000.0,1,1,2
/CatalogService/UpdateItem8a15fcdc-d3fe-4c45-b1a1-5058337a4bc0,4.20429790392518,4.20429790392518,100000.0,1,1,2
/CatalogService/UpdateItem8a67effb-8217-468e-aca9-ae4ca5421074,5.2176909521222115,5.2176909521222115,100000.0,1,1,2
/CatalogService/UpdateItem8cd95536-d46e-460e-9a0e-143d8c95b077,6.293768063187599,6.293768063187599,100000.0,1,1,2
/CatalogService/UpdateItem92beeb0c-4d4d-44bf-902e-ffd96c58d64b,6.068321876227856,6.068321876227856,100000.0,1,1,2
/CatalogService/UpdateItem931c7ca6-1c0b-4a7e-a88b-479b739576ca,10.761882178485394,10.761882178485394,100000.0,1,1,2
/CatalogService/UpdateItem934c1e2b-df59-4958-bf9c-4345a1a27299,7.098038215190172,7.098038215190172,100000.0,1,1,2
/CatalogService/UpdateItem96e975de-abc6-4a66-9525-dd40d5977e02,5.152672994881868,5.152672994881868,100000.0,1,1,2
/CatalogService/UpdateItem98b9e1b8-1c99-4e2b-af38-24dca76ae39d,4.634231794625521,4.634231794625521,100000.0,1,1,2
/CatalogService/UpdateItem9935780f-aab5-4b64-98c6-736f9d79ff1a,6.14982983097434,6.14982983097434,100000.0,1,1,2
/CatalogService/UpdateItem99831e32-8bae-4185-9f6d-8bb750b91bd9,6.056681275367737,6.056681275367737,100000.0,1,1,2
/CatalogService/UpdateItem99b5bf04-0935-4003-95b5-e5222af3b023,7.2034248150885105,7.2034248150885105,100000.0,1,1,2
/CatalogService/UpdateItema1c09ad1-1948-47bc-a4ed-13899403b6c8,7.915714755654335,7.915714755654335,100000.0,1,1,2
/CatalogService/UpdateItema6ea8c25-965e-4374-8619-e5a606602300,25.048139039427042,25.048139039427042,100000.0,1,1,2
/CatalogService/UpdateItema753dc3a-5136-4c88-bea1-91528a34b7de,5.435719154775143,5.435719154775143,100000.0,1,1,2
/CatalogService/UpdateItema8bc8473-dc77-4d58-8054-6ea9be0f1be5,3.527361899614334,3.527361899614334,100000.0,1,1,2
/CatalogService/UpdateItemabc9b26d-add0-49a8-8419-4a14826da154,7.8991311602294445,7.8991311602294445,100000.0,1,1,2
/CatalogService/UpdateItemae76d7b0-eeb4-47db-9ccd-d3c28543b210,9.347349870949984,9.347349870949984,100000.0,1,1,2
/CatalogService/UpdateItemb2a2a87f-d4a5-457b-a6fc-c24e3b66babd,26.5681529417634,26.5681529417634,100000.0,1,1,2
/CatalogService/UpdateItemb8568ad0-2b49-425e-a6af-e67b26b6f557,12.878837063908577,12.878837063908577,100000.0,1,1,2
/CatalogService/UpdateItembde2a33e-12a9-42f4-932c-268f826840f1,5.823109764605761,5.823109764605761,100000.0,1,1,2
/CatalogService/UpdateItemc4f9e3fd-3507-4e7e-a6ec-430f0e721207,4.817881155759096,4.817881155759096,100000.0,1,1,2
/CatalogService/UpdateItemcd1eb23f-7d90-4623-b530-9ad776b5213c,12.671830132603645,12.671830132603645,100000.0,1,1,2
/CatalogService/UpdateItemcf04e981-a6e8-4cfe-b4b8-17e71d086c99,6.1348131857812405,6.1348131857812405,100000.0,1,1,2
/CatalogService/UpdateItemcf37d8af-9844-4270-bd9e-95a49cbfc5d1,3.560453187674284,3.560453187674284,100000.0,1,1,2
/CatalogService/UpdateItemd1d80b77-3bb5-4ac9-9378-b5d78be952d4,10.06822707131505,10.06822707131505,100000.0,1,1,2
/CatalogService/UpdateItemd574a7c7-e454-4554-9807-b1a39e994cf3,5.337814800441265,5.337814800441265,99999.0,1,1,2
/CatalogService/UpdateItemd5f08426-0dcf-4532-bda6-ba57bda03739,7.255587261170149,7.255587261170149,100000.0,1,1,2
/CatalogService/UpdateItemd682caee-fd66-4569-a94b-b85c9608027f,8.818886242806911,8.818886242806911,100000.0,1,1,2
/CatalogService/UpdateItemd9f32e91-1fd8-48c9-9f12-2a7177515646,8.426998276263475,8.426998276263475,100000.0,1,1,2
/CatalogService/UpdateItemda14b44c-be57-4e38-a81a-7bc77094e910,11.654487811028957,11.654487811028957,100000.0,1,1,2
/CatalogService/UpdateItemda328f0e-1383-4817-bd56-fea9f8f1d903,7.678138092160225,7.678138092160225,100000.0,1,1,2
/CatalogService/UpdateItemdd07f85e-08c8-4b48-876e-0fcd52d5087d,6.518513895571232,6.518513895571232,100000.0,1,1,2
/CatalogService/UpdateItemddc869a5-259b-475a-beb3-2b7543efb5fa,5.562872625887394,5.562872625887394,100000.0,1,1,2
/CatalogService/UpdateItemde234f9f-05e8-4f16-970e-e2bc1a9b5eda,8.303080219775438,8.303080219775438,100000.0,1,1,2
/CatalogService/UpdateIteme095e7ef-c383-4ea4-a3e4-20d4b966554b,11.44197303801775,11.44197303801775,100000.0,1,1,2
/CatalogService/UpdateIteme485db83-baa4-4bd5-a4c5-c4c308997b9d,3.9253709837794304,3.9253709837794304,100000.0,1,1,2
/CatalogService/UpdateItemea26f8b3-7392-45dc-8072-1c95f0b4044d,6.1331759206950665,6.1331759206950665,100000.0,1,1,2
/CatalogService/UpdateItemf24f8e8b-9012-49bc-98b9-9f570f344183,7.6219020411372185,7.6219020411372185,100000.0,1,1,2
/CatalogService/UpdateItemf3751e93-141e-460e-9218-df597c16f837,10.402226820588112,10.402226820588112,100000.0,1,1,2
/CatalogService/UpdateItemf401eed4-b195-46c3-8759-07b635378eae,10.012657847255468,10.012657847255468,100000.0,1,1,2
/CatalogService/UpdateItemfcac59f7-58ff-4f6f-acb9-d90b6fceb07c,7.371827960014343,7.371827960014343,100000.0,1,1,2
/CustomerService/CreateCustomer01321016-4d7a-49b5-b18f-4f64da3f71e0,17.153324093669653,17.153324093669653,100000.0,1,1,2
/CustomerService/CreateCustomer052a1597-a27b-4068-95ce-cd1394811556,20.434731151908636,20.434731151908636,100000.0,1,1,2
/CustomerService/CreateCustomer0930ffa4-5114-4a7d-8d71-3f243a8beb8f,19.454860128462315,19.454860128462315,100000.0,1,1,2
/CustomerService/CreateCustomer094e934d-a927-4dee-a6c9-1d8b6d0c3e83,15.310698188841343,15.310698188841343,100000.0,1,1,2
/CustomerService/CreateCustomer0c7d30dc-2aa4-4a2b-a710-67f20387d4f4,6.648557726293802,6.648557726293802,100000.0,1,1,2
/CustomerService/CreateCustomer0d5b6ea9-bfc4-4cb7-a54a-3c15754b4be0,17.920515034347773,17.920515034347773,100000.0,1,1,2
/CustomerService/CreateCustomer0ea8bc1b-52ff-4a17-8f24-57c6d889c381,4.396320786327124,4.396320786327124,100000.0,1,1,2
/CustomerService/CreateCustomer16951e7e-68eb-48d1-b072-ed4e550f195f,16.143627930432558,16.143627930432558,100000.0,1,1,2
/CustomerService/CreateCustomer1d7f397a-2a65-4ce4-86ac-51ca62989e02,14.665074646472931,14.665074646472931,100000.0,1,1,2
/CustomerService/CreateCustomer1e54d3d7-523e-42af-b1dd-529a8b397126,19.39260121434927,19.39260121434927,100000.0,1,1,2
/CustomerService/CreateCustomer23284bb5-22a9-4387-92e0-492a6bee3da0,19.82406061142683,19.82406061142683,100000.0,1,1,2
/CustomerService/CreateCustomer28f774e6-4f60-4e8d-b010-4224d44acd1a,27.43461588397622,27.43461588397622,100000.0,1,1,2
/CustomerService/CreateCustomer2b1f7c67-9b89-487e-a701-f2b93bfbdb4b,16.34467113763094,16.34467113763094,100000.0,1,1,2
/CustomerService/CreateCustomer2f797bbc-642c-4359-8b0b-54aef5092b22,15.199251007288694,15.199251007288694,100000.0,1,1,2
/CustomerService/CreateCustomer316a5d71-f226-4719-994c-50235f56642d,9.130135178565979,9.130135178565979,100000.0,1,1,2
/CustomerService/CreateCustomer31d27162-a49f-48bb-98c3-5803d503f0dd,11.523329187184572,11.523329187184572,100000.0,1,1,2
/CustomerService/CreateCustomer32d2b8aa-a715-4f97-997a-23f1c84a193d,19.394755363464355,19.394755363464355,100000.0,1,1,2
/CustomerService/CreateCustomer3532388b-8054-4771-ac34-5d1446463fad,23.720804136246443,23.720804136246443,100000.0,1,1,2
/CustomerService/CreateCustomer37793032-7cb6-448a-b2ae-f938c467c8d7,19.526513759046793,19.526513759046793,100000.0,1,1,2
/CustomerService/CreateCustomer3bb39706-4432-4cbd-b177-f5244737ba7f,16.35025581344962,16.35025581344962,100000.0,1,1,2
/CustomerService/CreateCustomer3ea4cf4c-373f-414e-b959-8d2813312682,17.606336157768965,17.606336157768965,100000.0,1,1,2
/CustomerService/CreateCustomer401a867c-2bed-4f02-8e89-e8d578c7ba58,11.724991258233786,11.724991258233786,100000.0,1,1,2
/CustomerService/CreateCustomer4ec61e35-01ee-4f14-aec8-b64d2e21a35c,19.01619043201208,19.01619043201208,100000.0,1,1,2
/CustomerService/CreateCustomer4ecd96c7-5cd1-4d40-961f-d228a5f4dfe8,15.041366219520569,15.041366219520569,100000.0,1,1,2
/CustomerService/CreateCustomer564b206a-cfc3-4582-bdcf-b27857334c30,11.649152263998985,11.649152263998985,100000.0,1,1,2
/CustomerService/CreateCustomer5871be04-a5b9-4abd-a6ed-c618fcd9a0af,14.29503783583641,14.29503783583641,100000.0,1,1,2
/CustomerService/CreateCustomer5e0a877e-5818-40f8-9613-40d986e52a1c,15.916704665869474,15.916704665869474,100000.0,1,1,2
/CustomerService/CreateCustomer5fb9a543-db3f-401b-abeb-d5633c513527,16.427062451839447,16.427062451839447,100000.0,1,1,2
/CustomerService/CreateCustomer604033ef-eafa-4af7-9bbb-07534c91edf4,5.079417955130339,5.079417955130339,100000.0,1,1,2
/CustomerService/CreateCustomer6a21139a-d221-4a0c-a27f-88d1cc1a7b7d,14.327559154480696,14.327559154480696,100000.0,1,1,2
/CustomerService/CreateCustomer6f438bb1-e201-42da-9d2f-4798e3afbe0c,7.860720157623291,7.860720157623291,100000.0,1,1,2
/CustomerService/CreateCustomer703649cd-0c8b-4183-965e-16cd0624ffbd,14.895149040967226,14.895149040967226,100000.0,1,1,2
/CustomerService/CreateCustomer7192511b-eb78-4cb4-9ede-6b70fa9cbbab,10.511771775782108,10.511771775782108,100000.0,1,1,2
/CustomerService/CreateCustomer71c98672-8baf-4262-9d6a-eafc4474f082,14.010141137987375,14.010141137987375,100000.0,1,1,2
/CustomerService/CreateCustomer73115755-a811-4374-9432-a4820601f9ab,15.759758185595274,15.759758185595274,100000.0,1,1,2
/CustomerService/CreateCustomer7716cb1e-2983-4126-bdb9-990574258d00,24.40717490389943,24.40717490389943,100000.0,1,1,2
/CustomerService/CreateCustomer7809174f-0d90-40bb-9164-9af861b517e2,19.901582039892673,19.901582039892673,100000.0,1,1,2
/CustomerService/CreateCustomer7a2f3363-c876-4eff-9153-941ecf866a80,7.428379263728857,7.428379263728857,100000.0,1,1,2
/CustomerService/CreateCustomer7a91f241-2a39-4891-aacb-fa7fc0873b7e,21.832332015037537,21.832332015037537,100000.0,1,1,2
/CustomerService/CreateCustomer7ba77f2d-dff9-4a93-a878-f6ec870f396a,14.470344875007868,14.470344875007868,100000.0,1,1,2
/CustomerService/CreateCustomer7dce3996-4ac6-4c7e-999c-d72f959387d7,15.550435986369848,15.550435986369848,100000.0,1,1,2
/CustomerService/CreateCustomer90cd5af4-61cf-482b-a390-1c1473a72b91,14.573839958757162,14.573839958757162,100000.0,1,1,2
/CustomerService/CreateCustomer93fcaee6-8dab-4066-92ac-1318e64b678b,17.79786916449666,17.79786916449666,100000.0,1,1,2
/CustomerService/CreateCustomer95064652-c2c2-4139-b795-a0eff54b416b,22.654319182038307,22.654319182038307,100000.0,1,1,2
/CustomerService/CreateCustomer95a6b1aa-cd12-4c57-a8ee-fbd6156379e6,14.047588221728802,14.047588221728802,100000.0,1,1,2
/CustomerService/CreateCustomer95da660d-3d68-4897-8f47-720d5e62cbd3,13.863829895853996,13.863829895853996,100000.0,1,1,2
/CustomerService/CreateCustomer99955ef3-39f0-4c9c-a20b-41d54cb15c60,22.19196315854788,22.19196315854788,100000.0,1,1,2
/CustomerService/CreateCustomer9b8d3226-5b9e-4ee6-b2e9-da6982985cb0,17.6607733592391,17.6607733592391,100000.0,1,1,2
/CustomerService/CreateCustomer9d4565ab-e5e7-43bf-ad6a-9a6b64e8995e,18.992458935827017,18.992458935827017,100000.0,1,1,2
/CustomerService/CreateCustomer9d97896c-914a-4076-b459-14e4a5144264,14.918526634573936,14.918526634573936,100000.0,1,1,2
/CustomerService/CreateCustomer9fa3548d-0bca-435e-9df3-cac62da2ee17,18.187714740633965,18.187714740633965,100000.0,1,1,2
/CustomerService/CreateCustomeradcaa8c5-1a7e-4784-922e-f963183ca861,7.418393157422543,7.418393157422543,100000.0,1,1,2
/CustomerService/CreateCustomerae7fc902-523c-4436-a4ee-b76c8b04eaeb,5.85780618712306,5.85780618712306,100000.0,1,1,2
/CustomerService/CreateCustomerb03310b5-838d-402b-ae8b-36aa19a31f07,23.97686615586281,23.97686615586281,100000.0,1,1,2
/CustomerService/CreateCustomerb0cc2996-ed51-441a-8830-f277b39dc449,4.744468722492456,4.744468722492456,100000.0,1,1,2
/CustomerService/CreateCustomerb22b5cd4-2f07-43f7-81d2-cbed83a3fa08,14.749333262443542,14.749333262443542,100000.0,1,1,2
/CustomerService/CreateCustomerb4f24a36-5b44-4b65-aa59-c57e5bb83df9,17.188660800457,17.188660800457,100000.0,1,1,2
/CustomerService/CreateCustomerbd6cbafb-5c6c-471f-85dc-1b3f01c6d7b9,22.499855142086744,22.499855142086744,100000.0,1,1,2
/CustomerService/CreateCustomerbd98eb09-d95a-4d15-9e96-88200ccbc1df,15.787557698786259,15.787557698786259,100000.0,1,1,2
/CustomerService/CreateCustomerbf44be3a-90ff-40f8-835a-ee51e7c55603,14.883307740092278,14.883307740092278,100000.0,1,1,2
/CustomerService/CreateCustomerc03a3c95-7706-49fe-9904-d138ec1e04a7,13.073751237243414,13.073751237243414,100000.0,1,1,2
/CustomerService/CreateCustomerc70825a7-8e53-4a86-8d83-b8f40080a92f,13.963730074465275,13.963730074465275,100000.0,1,1,2
/CustomerService/CreateCustomerc7733ec1-6398-4284-a3b7-109f8201ca00,26.767432689666748,26.767432689666748,100000.0,1,1,2
/CustomerService/CreateCustomercbec3d64-4751-4107-8967-ce06b9448e1f,11.401230935007334,11.401230935007334,100000.0,1,1,2
/CustomerService/CreateCustomerccc9c8e6-5ecc-4a2c-8307-457227d2fe03,21.610990166664124,21.610990166664124,100000.0,1,1,2
/CustomerService/CreateCustomerd16ccad8-968b-4309-b9e7-9c1fef2488fa,20.79135086387396,20.79135086387396,100000.0,1,1,2
/CustomerService/CreateCustomerd1dfa1a2-2952-4644-9a47-d87f919b8ebc,19.147091079503298,19.147091079503298,100000.0,1,1,2
/CustomerService/CreateCustomerd8e4b367-ecea-44ff-9cf6-af99bfaa0fbb,16.22460689395666,16.22460689395666,100000.0,1,1,2
/CustomerService/CreateCustomerdc269e7b-fb74-445c-bfe2-5e1a3e6ba29e,12.077908962965012,12.077908962965012,100000.0,1,1,2
/CustomerService/CreateCustomerdded42c4-48a6-4d3d-9541-ba3b0e63383f,15.26286592707038,15.26286592707038,100000.0,1,1,2
/CustomerService/CreateCustomere360da78-9902-4f02-a8b5-c39af156d25a,13.109927996993065,13.109927996993065,100000.0,1,1,2
/CustomerService/CreateCustomere5fafe2d-3e15-4402-9e73-c0b40994c8d5,5.786340218037367,5.786340218037367,100000.0,1,1,2
/CustomerService/CreateCustomere959c8a9-8f15-4dbb-a3dc-f1a2e1500941,22.932033985853195,22.932033985853195,100000.0,1,1,2
/CustomerService/CreateCustomereb58b00c-cb71-4725-92df-f603c61f70d6,12.59109890088439,12.59109890088439,100000.0,1,1,2
/CustomerService/CreateCustomerecfb5cdf-c87f-4250-a441-c70d49d18dce,26.12179610878229,26.12179610878229,100000.0,1,1,2
/CustomerService/CreateCustomeredcb6e0a-cd8f-4065-8903-dfbe97abd590,8.091590832918882,8.091590832918882,100000.0,1,1,2
/CustomerService/CreateCustomereec046b6-9392-42da-99de-55b3e5cd6692,4.851572681218386,4.851572681218386,100000.0,1,1,2
/CustomerService/CreateCustomerf0acb68f-73b4-46d4-9c8e-d02f8a8f23d0,19.178919028490782,19.178919028490782,100000.0,1,1,2
/CustomerService/CreateCustomerf2b7dae1-021a-49e7-8e05-fa6217b0973e,21.037804894149303,21.037804894149303,100000.0,1,1,2
/CustomerService/CreateCustomerfdb4bf39-c08b-44bc-ac9d-649c9b001865,17.458884045481682,17.458884045481682,100000.0,1,1,2
/CustomerService/UpdateCustomer032cf084-3204-421e-aa7a-7714b324cc93,24.992777965962887,24.992777965962887,100000.0,1,1,2
/CustomerService/UpdateCustomer158c32cd-e6eb-41ab-92e1-b6bde807c479,6.740856915712357,6.740856915712357,100000.0,1,1,2
/CustomerService/UpdateCustomer1dfaa003-1e76-44e7-8495-ad852d9110c3,23.943243082612753,23.943243082612753,100000.0,1,1,2
/CustomerService/UpdateCustomer261a5fdd-2f02-4436-b3a8-cd4dcc8f6429,9.572518989443779,9.572518989443779,100000.0,1,1,2
/CustomerService/UpdateCustomer2838494e-57b6-449b-b451-42e2b73e1d66,8.650477044284344,8.650477044284344,100000.0,1,1,2
/CustomerService/UpdateCustomer28450944-d84e-41bc-a504-21146e5ce57b,11.842150241136551,11.842150241136551,100000.0,1,1,2
/CustomerService/UpdateCustomer2a2f063b-f9d4-42ca-b32a-24eec7b1bc5c,5.276049021631479,5.276049021631479,100000.0,1,1,2
/CustomerService/UpdateCustomer2c5e7d0d-0481-4bec-b254-ecb4cdd268a0,4.721620120108128,4.721620120108128,100000.0,1,1,2
/CustomerService/UpdateCustomer2ed67da5-5613-4fef-aa92-f0ec8a9b3ee1,10.002662893384695,10.002662893384695,100000.0,1,1,2
/CustomerService/UpdateCustomer2fd56a9a-65e1-4981-898c-e933d8ed17cd,10.18256088718772,10.18256088718772,100000.0,1,1,2
/CustomerService/UpdateCustomer34e9c0c0-4e67-49b0-b98a-0905aa6aa9d1,11.250589042901993,11.250589042901993,100000.0,1,1,2
/CustomerService/UpdateCustomer3a28c191-13e1-44b9-9cc0-ff2b349662c5,5.835439078509808,5.835439078509808,100000.0,1,1,2
/CustomerService/UpdateCustomer3b7fa123-dbc9-4ccd-873a-66eb0fe16fdc,10.252774227410555,10.252774227410555,100000.0,1,1,2
/CustomerService/UpdateCustomer3da24824-2353-4693-9052-f26ae150f685,10.677939280867577,10.677939280867577,100000.0,1,1,2
/CustomerService/UpdateCustomer41e47986-1fb0-4744-94ef-9bc0764e2064,17.851077020168304,17.851077020168304,100000.0,1,1,2
/CustomerService/UpdateCustomer4212324f-d9a5-4448-954a-7dea60bbed01,19.81469290331006,19.81469290331006,100000.0,1,1,2
/CustomerService/UpdateCustomer431f7616-b2b1-4eed-8fd3-b2131fd8af74,8.955628145486116,8.955628145486116,100000.0,1,1,2
/CustomerService/UpdateCustomer43837069-d7bb-4384-88b9-70531ee3541f,13.04381899535656,13.04381899535656,100000.0,1,1,2
/CustomerService/UpdateCustomer45d14d1a-c372-4957-b360-fa512378a297,8.00287863239646,8.00287863239646,100000.0,1,1,2
/CustomerService/UpdateCustomer481c00a7-b60f-4aa5-880b-f45623d16628,13.153534848242998,13.153534848242998,100000.0,1,1,2
/CustomerService/UpdateCustomer5a3f7a83-3267-4f67-8151-70f44a2b45b0,5.934074055403471,5.934074055403471,100000.0,1,1,2
/CustomerService/UpdateCustomer5a7ba680-bcfe-45b3-8260-00f7897dafb7,8.928523864597082,8.928523864597082,100000.0,1,1,2
/CustomerService/UpdateCustomer5f351c08-bff0-40a1-9cf1-61d63a81ac0b,6.061185151338577,6.061185151338577,100000.0,1,1,2
/CustomerService/UpdateCustomer62b9215e-5f39-4a53-8697-605b1bc8eb91,17.884901259094477,17.884901259094477,100000.0,1,1,2
/CustomerService/UpdateCustomer645f6f6e-901c-405f-8a7a-3c2f3f929918,8.670211303979158,8.670211303979158,100000.0,1,1,2
/CustomerService/UpdateCustomer65e73f77-126b-4e1f-91a8-dcbd86f13271,10.31552068889141,10.31552068889141,100000.0,1,1,2
/CustomerService/UpdateCustomer6c51466a-3aa9-4501-97a2-2bf9a421f635,9.746852796524763,9.746852796524763,100000.0,1,1,2
/CustomerService/UpdateCustomer6e01ce42-617f-4532-9997-6a12494b6da8,24.332205299288034,24.332205299288034,100000.0,1,1,2
/CustomerService/UpdateCustomer6e6cd15a-7aec-4480-9043-e73f419ba959,6.326026748865843,6.326026748865843,100000.0,1,1,2
/CustomerService/UpdateCustomer6ed450a0-e040-48dd-a876-fd6dd7a8732c,8.412456139922142,8.412456139922142,100000.0,1,1,2
/CustomerService/UpdateCustomer6f4ba109-46b6-4032-9754-4bcde57e1895,9.396991692483425,9.396991692483425,100000.0,1,1,2
/CustomerService/UpdateCustomer731c4e26-f176-4b40-a5f8-223d3bceb26c,7.338833995163441,7.338833995163441,100000.0,1,1,2
/CustomerService/UpdateCustomer79e3c0b5-e47d-4fa9-953e-fd42c8fde76a,6.796373054385185,6.796373054385185,100000.0,1,1,2
/CustomerService/UpdateCustomer7a9968bc-3ef0-4655-9559-f0c86cd4e329,8.173136040568352,8.173136040568352,100000.0,1,1,2
/CustomerService/UpdateCustomer7fe40be4-144f-4ffc-870a-9e5f9710729f,7.627533283084631,7.627533283084631,100000.0,1,1,2
/CustomerService/UpdateCustomer809b0228-73ec-4c0d-9958-360ea7d4f80d,8.688409812748432,8.688409812748432,100000.0,1,1,2
/CustomerService/UpdateCustomer837eeb31-90a7-4316-914e-26cbff18ef19,6.547344848513603,6.547344848513603,100000.0,1,1,2
/CustomerService/UpdateCustomer89f42736-d61a-4044-91d0-908d2caffe02,18.018228001892567,18.018228001892567,100000.0,1,1,2
/CustomerService/UpdateCustomer8ae367f5-2541-459a-b276-64304b7454ad,8.434129878878593,8.434129878878593,100000.0,1,1,2
/CustomerService/UpdateCustomer8ae39bc0-4777-4987-a7d0-ad11a9377483,15.41657280176878,15.41657280176878,100000.0,1,1,2
/CustomerService/UpdateCustomer8d581fc1-4260-4d01-b3fb-3268c622d98b,8.952949661761522,8.952949661761522,100000.0,1,1,2
/CustomerService/UpdateCustomer8dd8f134-4ca4-4b8d-910c-5dd78ccaac8f,12.733036652207375,12.733036652207375,100000.0,1,1,2
/CustomerService/UpdateCustomer8e77d06d-cdb7-4527-b752-abfc7a7cf0cb,5.8096530847251415,5.8096530847251415,100000.0,1,1,2
/CustomerService/UpdateCustomer918e1d8a-588a-4674-b32b-74db01f2e518,11.120880953967571,11.120880953967571,100000.0,1,1,2
/CustomerService/UpdateCustomer9a1aa933-2ae8-4be7-9ee1-587e0289e3dc,9.854416828602552,9.854416828602552,100000.0,1,1,2
/CustomerService/UpdateCustomer9b4ef629-aa6c-447c-98fe-26dde2232dc3,8.24623228982091,8.24623228982091,100000.0,1,1,2
/CustomerService/UpdateCustomer9e32c7a6-c599-42b1-ab64-7007aa584e05,8.341060020029545,8.341060020029545,100000.0,1,1,2
/CustomerService/UpdateCustomera03f3e15-3e07-4682-90dd-9b4b7f23ab56,8.235779125243425,8.235779125243425,100000.0,1,1,2
/CustomerService/UpdateCustomera0eec67d-a1a6-4aa4-9924-8744e895815c,7.748663891106844,7.748663891106844,100000.0,1,1,2
/CustomerService/UpdateCustomera2537260-3be3-452b-a65e-43712e6a7247,10.147023014724255,10.147023014724255,100000.0,1,1,2
/CustomerService/UpdateCustomera5d946c3-2c1f-41d7-af97-758d9938d920,5.553252063691616,5.553252063691616,100000.0,1,1,2
/CustomerService/UpdateCustomera61a2d06-8f90-454f-83f4-bfeb21b66d96,7.72204389795661,7.72204389795661,100000.0,1,1,2
/CustomerService/UpdateCustomera714f3e8-8ec4-4396-ba5c-13b68b2f85a2,7.5696539133787155,7.5696539133787155,100000.0,1,1,2
/CustomerService/UpdateCustomerb0029b9d-5389-46f1-bd2b-5881ebdc7caf,7.932908833026886,7.932908833026886,100000.0,1,1,2
/CustomerService/UpdateCustomerb11ba7fe-3ab1-4f8a-9810-feb10326ff04,8.789751213043928,8.789751213043928,100000.0,1,1,2
/CustomerService/UpdateCustomerb3dc6764-46d1-43a3-b3d2-3179663baced,7.537879981100559,7.537879981100559,100000.0,1,1,2
/CustomerService/UpdateCustomerb3eb5910-79f2-436e-9134-2978a2ab0b13,18.617773428559303,18.617773428559303,100000.0,1,1,2
/CustomerService/UpdateCustomerbe1721c4-c22e-457d-aa09-1fc61faded2b,7.760239765048027,7.760239765048027,100000.0,1,1,2
/CustomerService/UpdateCustomerbef69766-5935-4390-a8d2-561e752e61db,11.987755075097084,11.987755075097084,100000.0,1,1,2
/CustomerService/UpdateCustomerc06daa20-6550-4279-b732-3c82f46104bd,11.86256529763341,11.86256529763341,100000.0,1,1,2
/CustomerService/UpdateCustomerc0b3ace2-01cc-4aa1-8a4f-b1f3e3d64030,14.408636838197708,14.408636838197708,100000.0,1,1,2
/CustomerService/UpdateCustomerc677b273-91af-4bfa-9982-b98cd0cc741c,8.470118045806885,8.470118045806885,100000.0,1,1,2
/CustomerService/UpdateCustomerc6bf9ff1-6f9e-408b-9812-d47c132b9d02,6.1878361739218235,6.1878361739218235,100000.0,1,1,2
/CustomerService/UpdateCustomercb635067-a2dd-4074-825f-61dd4be34693,10.871835984289646,10.871835984289646,100000.0,1,1,2
/CustomerService/UpdateCustomercbd6d135-b717-4790-b3fb-a98ba0845eb5,6.928912829607725,6.928912829607725,100000.0,1,1,2
/CustomerService/UpdateCustomerd55cff1b-9ae2-4757-ae8c-e3e25562eda2,7.432892918586731,7.432892918586731,100000.0,1,1,2
/CustomerService/UpdateCustomerd665cd39-f0ed-4e89-a636-9b532b3e0a61,8.674619253724813,8.674619253724813,100000.0,1,1,2
/CustomerService/UpdateCustomerd89ad934-ecb6-4895-bc62-b72cc00ad079,8.27823905274272,8.27823905274272,100000.0,1,1,2
/CustomerService/UpdateCustomere0530f17-6b20-4b14-8f07-eb446d19b277,8.569753263145685,8.569753263145685,100000.0,1,1,2
/CustomerService/UpdateCustomere3cb85d3-e444-48ec-8fad-92020866b72f,7.490477059036493,7.490477059036493,100000.0,1,1,2
/CustomerService/UpdateCustomere668ac0b-c14b-4825-a477-39bc2b44eddd,9.234235156327486,9.234235156327486,100000.0,1,1,2
/CustomerService/UpdateCustomere7a6ddb0-b070-4791-9488-00eab96ad8be,7.516064215451479,7.516064215451479,100000.0,1,1,2
/CustomerService/UpdateCustomerf048efa8-1d96-446e-8fa5-c5206ea5f581,6.3260020688176155,6.3260020688176155,100000.0,1,1,2
/CustomerService/UpdateCustomerf4b0bc49-b2dd-454c-a03d-40758981d72f,7.445825729519129,7.445825729519129,100000.0,1,1,2
/CustomerService/UpdateCustomerf586a8e1-ff61-445e-a70f-0f32d3bc7317,6.856448948383331,6.856448948383331,100000.0,1,1,2
/CustomerService/UpdateCustomerf95c7b67-7bf5-4180-8e78-a7d80d5d42ae,8.869033306837082,8.869033306837082,100000.0,1,1,2
/CustomerService/UpdateCustomerfc309750-3577-4179-a223-08b92eeb8a11,6.462363060563803,6.462363060563803,100000.0,1,1,2
/CustomerService/UpdateCustomerfc8fc32c-5735-4341-b10d-115f6c5fa17c,13.69497086852789,13.69497086852789,100000.0,1,1,2
/CustomerService/UpdateCustomerfe55a7ef-1128-4c95-8cb7-9b2495db9f44,13.47745768725872,13.47745768725872,100000.0,1,1,2
/CustomerService/UpdateCustomerfe8fb045-0243-4251-affb-cadcbee2cb5a,7.778606843203306,7.778606843203306,100000.0,1,1,2
/CustomerService/getCustomer007c958f-1fb4-4628-aeac-060f8ebf4c0f,1.8268539570271969,1.8268539570271969,2.0,1,1,2
/CustomerService/getCustomer060c703e-dd50-4f25-b365-70ba28ebfa5a,3.302264027297497,3.302264027297497,2.0,1,1,2
/CustomerService/getCustomer08f87390-a48c-4f16-afa7-f3c8d31cf663,6.641163025051355,6.641163025051355,2.0,1,1,2
/CustomerService/getCustomer0c6e27e2-283c-4136-b7ed-afa3f18da91d,3.374468069523573,3.374468069523573,2.0,1,1,2
/CustomerService/getCustomer0e7df3ad-1f77-4b39-9284-1c46a9442b78,2.4840421974658966,2.4840421974658966,2.0,1,1,2
/CustomerService/getCustomer104e795a-d879-4cde-a149-92a03414d398,4.096708260476589,4.096708260476589,2.0,1,1,2
/CustomerService/getCustomer10524642-495c-4f28-9277-a5fae8aec3c2,2.6443148963153362,2.6443148963153362,2.0,1,1,2
/CustomerService/getCustomer10c8a3b6-6167-4456-b9ff-30c9f380e85c,3.3759712241590023,3.3759712241590023,2.0,1,1,2
/CustomerService/getCustomer16cb8935-a282-4b45-b912-9f9179c90f06,5.393873900175095,5.393873900175095,2.0,1,1,2
/CustomerService/getCustomer182b4017-67bf-4a7a-a8f0-c784477cbb52,2.6193582452833652,2.6193582452833652,2.0,1,1,2
/CustomerService/getCustomer1a07480f-5945-4b72-a65e-325f95ddd0e3,5.876043811440468,5.876043811440468,2.0,1,1,2
/CustomerService/getCustomer1b9a22fe-c691-4e7b-a859-b10896cce849,2.3533538915216923,2.3533538915216923,2.0,1,1,2
/CustomerService/getCustomer1ca23f03-26a8-4646-853d-df2bb5ac9918,3.6725220270454884,3.6725220270454884,2.0,1,1,2
/CustomerService/getCustomer1ff8b25b-de15-49d6-9026-13fd240b39d4,6.710086949169636,6.710086949169636,2.0,1,1,2
/CustomerService/getCustomer22969f02-d37d-4fb1-acc6-c139dd227f72,4.156074952334166,4.156074952334166,2.0,1,1,2
/CustomerService/getCustomer274674eb-c869-4635-8c15-789e738ff18d,1.79385207593441,1.79385207593441,2.0,1,1,2
/CustomerService/getCustomer3238247f-de09-457b-9df6-2363e567ec14,3.0474220402538776,3.0474220402538776,2.0,1,1,2
/CustomerService/getCustomer33411471-2da9-46ab-b04a-60b139016934,2.92024202644825,2.92024202644825,2.0,1,1,2
/CustomerService/getCustomer3a9b0d6a-a93a-487e-a028-3df836bdcefa,3.741365857422352,3.741365857422352,2.0,1,1,2
/CustomerService/getCustomer3c6a2b53-17cd-4ac0-ba6a-387374b0963b,6.241386290639639,6.241386290639639,2.0,1,1,2
/CustomerService/getCustomer3d5315e8-92ff-436e-9740-5c1a9ce2d231,2.888122573494911,2.888122573494911,2.0,1,1,2
/CustomerService/getCustomer3e9ad459-b015-4826-9d78-b39781f84e5e,3.893019165843725,3.893019165843725,2.0,1,1,2
/CustomerService/getCustomer41c16ca2-16e3-47aa-965d-585638ca3a33,11.085093952715397,11.085093952715397,2.0,1,1,2
/CustomerService/getCustomer44688814-e07b-4606-980f-5ecd13ad6c3e,6.4590079709887505,6.4590079709887505,2.0,1,1,2
/CustomerService/getCustomer46069615-5e3e-4f7c-b605-2b718cec8a39,6.74666091799736,6.74666091799736,2.0,1,1,2
/CustomerService/getCustomer519baef1-4a89-4802-886d-a18311138bc1,4.74565802142024,4.74565802142024,2.0,1,1,2
/CustomerService/getCustomer55561b25-2076-4da1-8c28-8bd80ec4d99b,3.1646480783820152,3.1646480783820152,2.0,1,1,2
/CustomerService/getCustomer5764b508-7413-4937-afcb-fdaaa2798bb1,3.405855968594551,3.405855968594551,2.0,1,1,2
/CustomerService/getCustomer5c99378c-6ecd-458f-959a-eb79ecd49a36,1.7228880897164345,1.7228880897164345,2.0,1,1,2
/CustomerService/getCustomer609e2239-1026-49ca-9ee7-10b4293ce441,8.598163723945618,8.598163723945618,2.0,1,1,2
/CustomerService/getCustomer6c914128-ec9b-4b87-bbd3-8ca28e0f3449,5.374720320105553,5.374720320105553,2.0,1,1,2
/CustomerService/getCustomer6d5ba21d-705f-4bdc-a671-1b9daffd3db6,6.917514372617006,6.917514372617006,2.0,1,1,2
/CustomerService/getCustomer6e237347-cab0-4e73-90a0-c98569c73e7c,4.3877651914954185,4.3877651914954185,2.0,1,1,2
/CustomerService/getCustomer75751d16-fd01-453d-a700-b1a78c6b881a,5.9952219016849995,5.9952219016849995,2.0,1,1,2
/CustomerService/getCustomer76312938-6378-49b6-bdbc-63591039b778,4.521362017840147,4.521362017840147,2.0,1,1,2
/CustomerService/getCustomer781f6309-6b96-4b3d-8ea8-c63adb67273c,4.70529031008482,4.70529031008482,2.0,1,1,2
/CustomerService/getCustomer7b65ce0f-7f59-48fa-bc41-b70efdf6df2c,4.823519848287106,4.823519848287106,2.0,1,1,2
/CustomerService/getCustomer7cfd563e-6e61-4506-83b3-a91bedfc4a02,4.20791283249855,4.20791283249855,2.0,1,1,2
/CustomerService/getCustomer7d2d0ef6-c6af-4df5-919e-d10cabbc2967,5.491921678185463,5.491921678185463,2.0,1,1,2
/CustomerService/getCustomer83a1adf8-b981-4ffb-b168-b7d71f42f04e,9.282460901886225,9.282460901886225,2.0,1,1,2
/CustomerService/getCustomer8654fdb2-2454-4974-814f-09dcb1722aa4,2.8732442297041416,2.8732442297041416,2.0,1,1,2
/CustomerService/getCustomer8a2ccf80-0087-4445-b755-92b5c561babb,2.3921169340610504,2.3921169340610504,2.0,1,1,2
/CustomerService/getCustomer8c4c756b-87ef-4411-8ae7-7f9620cdb5d3,9.971053805202246,9.971053805202246,2.0,1,1,2
/CustomerService/getCustomer8e189aef-dac3-4699-99db-bc247074a94c,2.5223460979759693,2.5223460979759693,2.0,1,1,2
/CustomerService/getCustomer8f1c8e03-7e37-44dd-87a8-feeabf79285f,3.4283860586583614,3.4283860586583614,2.0,1,1,2
/CustomerService/getCustomer91c037ac-2e29-4dba-97e5-61f16767c806,3.9925500750541687,3.9925500750541687,2.0,1,1,2
/CustomerService/getCustomer94ccc926-9062-4c86-862a-c40ae45be393,9.249818045645952,9.249818045645952,2.0,1,1,2
/CustomerService/getCustomer954ba67a-15f0-4da0-837e-1121b6fdc9ba,3.026922233402729,3.026922233402729,2.0,1,1,2
/CustomerService/getCustomer95aabdd8-7231-4b82-9a1b-ecaa859c64f7,4.677720833569765,4.677720833569765,2.0,1,1,2
/CustomerService/getCustomer97416f3c-f931-45cb-b1c8-aea9b920fa35,2.0110290497541428,2.0110290497541428,2.0,1,1,2
/CustomerService/getCustomer98220c23-0de6-4c1d-b840-17d4cfd697d2,7.774724159389734,7.774724159389734,2.0,1,1,2
/CustomerService/getCustomer98d8afdd-1bcc-444b-838d-60ceae3b13af,3.265269100666046,3.265269100666046,2.0,1,1,2
/CustomerService/getCustomer9badc94e-fa74-40df-8ecb-0de93674ca5e,1.8249480053782463,1.8249480053782463,2.0,1,1,2
/CustomerService/getCustomer9f8bb8ed-5842-4f38-ab22-b2d17a1a0ca9,2.759099006652832,2.759099006652832,2.0,1,1,2
/CustomerService/getCustomera8487bbe-693b-4939-9fca-45cb70747497,5.216408986598253,5.216408986598253,2.0,1,1,2
/CustomerService/getCustomeraeca56a0-0f0c-40d2-a1d0-84278e8b44ad,3.349561709910631,3.349561709910631,2.0,1,1,2
/CustomerService/getCustomerb0d9c1b0-a35b-422d-b43d-e31540b9962c,2.9310467652976513,2.9310467652976513,2.0,1,1,2
/CustomerService/getCustomerb2b0094c-2255-40f1-b8ff-835ac9d52419,6.096209865063429,6.096209865063429,2.0,1,1,2
/CustomerService/getCustomerb43850c7-b992-40d4-a4c4-0ed07be91882,6.119255907833576,6.119255907833576,2.0,1,1,2
/CustomerService/getCustomerb863d622-5c91-44d2-91da-71a87b084dc9,4.5457566156983376,4.5457566156983376,2.0,1,1,2
/CustomerService/getCustomerb92bf066-d029-4a8a-b457-6436c54dfbdc,3.0283359810709953,3.0283359810709953,2.0,1,1,2
/CustomerService/getCustomerbb9e2405-4a1c-4e0d-8b06-c1cfeecc2f9e,3.709034062922001,3.709034062922001,2.0,1,1,2
/CustomerService/getCustomerbf799f75-b09d-471e-91b5-4e470dccc478,10.332992766052485,10.332992766052485,2.0,1,1,2
/CustomerService/getCustomerc53b4a03-4cf0-486f-ae84-52289899d1e3,3.218249883502722,3.218249883502722,2.0,1,1,2
/CustomerService/getCustomerc5ad7755-f66a-4d67-8405-df7a5bafb47b,6.533460225909948,6.533460225909948,2.0,1,1,2
/CustomerService/getCustomerc5af7b1a-b86c-4c0c-a4d0-8dff29cc85cf,6.360872182995081,6.360872182995081,2.0,1,1,2
/CustomerService/getCustomerc6f717ba-47a3-4770-9647-f920b39b0bb6,2.528101671487093,2.528101671487093,2.0,1,1,2
/CustomerService/getCustomerc9390417-0136-4281-811d-a156708f3e12,1.9567902199923992,1.9567902199923992,2.0,1,1,2
/CustomerService/getCustomerc9ccabbe-0592-4691-b737-93f22ee48102,5.4444787092506886,5.4444787092506886,2.0,1,1,2
/CustomerService/getCustomercd803c69-d8a8-42d7-a823-313d3a239fea,9.899790864437819,9.899790864437819,2.0,1,1,2
/CustomerService/getCustomerd668fda6-13ec-4f7f-9795-fcbb1f645e2c,12.08738423883915,12.08738423883915,2.0,1,1,2
/CustomerService/getCustomerd84d03fa-77c0-4a0e-8df2-bc90384e82dd,3.8874209858477116,3.8874209858477116,2.0,1,1,2
/CustomerService/getCustomerdfbc2763-14e5-477b-adb5-ff7d2d98e9bb,2.1394621580839157,2.1394621580839157,2.0,1,1,2
/CustomerService/getCustomere7e8df32-403e-487d-bf9b-a370f9954b4f,2.2979038767516613,2.2979038767516613,2.0,1,1,2
/CustomerService/getCustomere8d871b8-3690-4e7d-b7d6-4286cc2dced3,3.3759940415620804,3.3759940415620804,2.0,1,1,2
/CustomerService/getCustomere956bf7f-2888-432f-a655-df9042604b1f,4.816969856619835,4.816969856619835,2.0,1,1,2
/CustomerService/getCustomereee78c24-8c5c-4e25-9487-ab8bd2ca6508,3.2380023039877415,3.2380023039877415,2.0,1,1,2
/CustomerService/getCustomerf940c912-4435-42b2-87fe-a3b5ae6529f2,2.6146559976041317,2.6146559976041317,2.0,1,1,2
/CustomerService/getCustomerfcda646d-d37e-4b87-870f-f95f27543bbe,2.410631161183119,2.410631161183119,2.0,1,1,2
/CustomerService/getCustomerfdade4fc-5d4e-4917-b468-878175bd30b2,5.276969168335199,5.276969168335199,2.0,1,1,2
/OrderService/CreateOrder03aa9e36-cf90-48e7-845e-ce7ffbb83ba0,12.932042125612497,12.932042125612497,100000.0,1,1,2
/OrderService/CreateOrder09a2b1b6-5cd6-4c7c-bdcb-26ea770df426,10.744424071162939,10.744424071162939,100000.0,1,1,2
/OrderService/CreateOrder114e1bff-d07e-4d39-8a93-b61e790e3cc0,4.105118103325367,4.105118103325367,100000.0,1,1,2
/OrderService/CreateOrder11b02140-5c31-4930-863b-60075e39ac25,6.450538989156485,6.450538989156485,100000.0,1,1,2
/OrderService/CreateOrder11c58a4c-2e68-4f0f-bd0c-f551ea729af3,14.812259934842587,14.812259934842587,100000.0,1,1,2
/OrderService/CreateOrder1b9adf0d-4fc8-45cc-b761-ee80de6f6c61,5.970824975520372,5.970824975520372,100000.0,1,1,2
/OrderService/CreateOrder1fabe14d-511a-45a2-af68-44de3ecf3974,12.05641683191061,12.05641683191061,100000.0,1,1,2
/OrderService/CreateOrder203d9315-df10-413b-89f8-a681b0567d05,4.387445282191038,4.387445282191038,100000.0,1,1,2
/OrderService/CreateOrder22176d28-c462-454c-bf0d-629fd77dff00,19.98615311458707,19.98615311458707,100000.0,1,1,2
/OrderService/CreateOrder236eb2b5-1fb1-4459-9dbb-dfaaa3625ee1,12.499568983912468,12.499568983912468,100000.0,1,1,2
/OrderService/CreateOrder276a0a63-ab91-4042-83f1-2597114bfbec,5.851289723068476,5.851289723068476,100000.0,1,1,2
/OrderService/CreateOrder29a78d33-6344-4c32-b944-3b5275b3fd03,4.651645198464394,4.651645198464394,100000.0,1,1,2
/OrderService/CreateOrder30d45bd1-47d4-4394-84a6-618b03689725,6.160033866763115,6.160033866763115,100000.0,1,1,2
/OrderService/CreateOrder319c2a6b-5c47-43f9-b8e3-b38915094ad4,23.689332883805037,23.689332883805037,100000.0,1,1,2
/OrderService/CreateOrder367ac84b-e1ae-4622-821b-8c91722c458a,17.404834739863873,17.404834739863873,100000.0,1,1,2
/OrderService/CreateOrder36c5e3b9-c0d3-45d8-b130-ea95fc0af6c9,17.776260152459145,17.776260152459145,100000.0,1,1,2
/OrderService/CreateOrder3a87fb42-7ddf-4e9f-9604-067daa2b1257,6.216967012733221,6.216967012733221,100000.0,1,1,2
/OrderService/CreateOrder3b692790-702f-47d3-84b1-512fe588533b,9.754874277859926,9.754874277859926,100000.0,1,1,2
/OrderService/CreateOrder3be2636d-4509-4dab-b850-76cd86f9f847,4.737397190183401,4.737397190183401,100000.0,1,1,2
/OrderService/CreateOrder3df3fa2c-f64e-4980-abf5-822f284e5e7a,11.944544035941362,11.944544035941362,100000.0,1,1,2
/OrderService/CreateOrder3f232750-4d9f-4caa-809d-019ca3cf89d2,9.379266761243343,9.379266761243343,99999.0,1,1,2
/OrderService/CreateOrder42662294-f97c-49a2-bcfe-fe6a2d5f72ff,11.747577227652073,11.747577227652073,100000.0,1,1,2
/OrderService/CreateOrder47d58737-7be9-4d26-bbb0-a04c427e3eb8,11.903118807822466,11.903118807822466,100000.0,1,1,2
/OrderService/CreateOrder4d1e56ed-fab0-44c5-86fa-4ef2f0b29c80,6.966127082705498,6.966127082705498,100000.0,1,1,2
/OrderService/CreateOrder4f7304c5-c31b-4bb6-b3c4-140f790d3efe,6.483964156359434,6.483964156359434,100000.0,1,1,2
/OrderService/CreateOrder5401b29c-789d-4358-9ac7-1f08b9978810,7.450655102729797,7.450655102729797,100000.0,1,1,2
/OrderService/CreateOrder5477ee40-8f93-4257-a591-dddbf3235860,10.53590327501297,10.53590327501297,100000.0,1,1,2
/OrderService/CreateOrder5600fdfa-1143-4a5e-a8f0-484d84a96d3c,7.684919051826,7.684919051826,100000.0,1,1,2
/OrderService/CreateOrder5eda5ade-015e-4125-af96-12a51314e242,16.46415190771222,16.46415190771222,100000.0,1,1,2
/OrderService/CreateOrder62007115-8a93-43c7-abcb-ef165a2462a0,10.963046923279762,10.963046923279762,100000.0,1,1,2
/OrderService/CreateOrder64ac987d-b290-4dc6-87ca-bf4ce2a27c4c,8.440569043159485,8.440569043159485,100000.0,1,1,2
/OrderService/CreateOrder67010568-196d-4342-8598-a75604e06ce7,10.140102822333574,10.140102822333574,100000.0,1,1,2
/OrderService/CreateOrder67106269-71aa-4dc1-b1b2-f03143f8c0fc,21.80576603859663,21.80576603859663,100000.0,1,1,2
/OrderService/CreateOrder671ce522-ecad-40f7-a283-73a30709e247,4.6682460233569145,4.6682460233569145,100000.0,1,1,2
/OrderService/CreateOrder6d6674f5-28e8-4ef6-b876-75250fb383e8,3.333717118948698,3.333717118948698,100000.0,1,1,2
/OrderService/CreateOrder6e1c9cc0-41d9-41ab-9192-a3f6a9a6e033,3.919603768736124,3.919603768736124,100000.0,1,1,2
/OrderService/CreateOrder6ec3a6c6-e8a1-4aa9-93d6-613f402d0886,6.078514736145735,6.078514736145735,100000.0,1,1,2
/OrderService/CreateOrder6fba540a-37f8-4b87-bb64-c26d6f0e6463,14.830484054982662,14.830484054982662,100000.0,1,1,2
/OrderService/CreateOrder711267d4-24ee-487e-bc1e-0bc2102a7a00,7.038115989416838,7.038115989416838,100000.0,1,1,2
/OrderService/CreateOrder71d7c9e5-69b9-468c-91b3-87c34be6be3c,11.581186670809984,11.581186670809984,100000.0,1,1,2
/OrderService/CreateOrder72131698-5fd1-42ab-b466-859d3c0e1b3b,21.781894844025373,21.781894844025373,100000.0,1,1,2
/OrderService/CreateOrder753a79db-b995-4471-86a5-2f2afc8ee8a4,13.389574829488993,13.389574829488993,100000.0,1,1,2
/OrderService/CreateOrder7bf09457-e1cf-43bb-834c-0e96f4797dc6,6.9284457713365555,6.9284457713365555,100000.0,1,1,2
/OrderService/CreateOrder7ec013ad-54fa-4f28-bfea-b567655e4b3b,7.724343799054623,7.724343799054623,100000.0,1,1,2
/OrderService/CreateOrder81a6efbf-0e6a-4572-9093-41a8e2bacc9e,6.654206197708845,6.654206197708845,100000.0,1,1,2
/OrderService/CreateOrder82f0f14d-b42e-4d46-a54a-36291d41a830,22.678213194012642,22.678213194012642,100000.0,1,1,2
/OrderService/CreateOrder8317dfec-3d49-4750-a1f5-c4c19dd8b314,10.37898613139987,10.37898613139987,100000.0,1,1,2
/OrderService/CreateOrder83e13220-a4d8-46e2-8cc1-946f62ad9f98,8.553836960345507,8.553836960345507,100000.0,1,1,2
/OrderService/CreateOrder845f7f4c-786d-4771-bec3-fbdfac6fb821,3.345109988003969,3.345109988003969,100000.0,1,1,2
/OrderService/CreateOrder855f6583-82ca-4eab-8d8d-8b17f00e36fb,5.51382964476943,5.51382964476943,100000.0,1,1,2
/OrderService/CreateOrder89a34f10-5263-4cd7-9c86-f5171ed9a233,5.594406276941299,5.594406276941299,100000.0,1,1,2
/OrderService/CreateOrder8c2aa712-6dac-4e8e-8f2e-a8f06cf3e6fb,6.719642318785191,6.719642318785191,100000.0,1,1,2
/OrderService/CreateOrder971973c3-acc6-4299-b82c-b87feca4efd1,12.0892277918756,12.0892277918756,100000.0,1,1,2
/OrderService/CreateOrder9a740782-e50c-4001-806d-59bcdd0a8596,20.676452200859785,20.676452200859785,100000.0,1,1,2
/OrderService/CreateOrder9b7e647f-2960-453a-b421-57fcfbe7b0d3,17.538125161081553,17.538125161081553,100000.0,1,1,2
/OrderService/CreateOrder9c1a2b19-9ef2-42bd-b501-03bd63f813ca,6.001576315611601,6.001576315611601,100000.0,1,1,2
/OrderService/CreateOrder9d137595-b8b1-4e64-a0c3-2b831b92dccf,4.904772154986858,4.904772154986858,100000.0,1,1,2
/OrderService/CreateOrderab4bba23-bfc0-4748-bd60-6b1b7f36005a,9.882887359708548,9.882887359708548,100000.0,1,1,2
/OrderService/CreateOrderb37058da-59d9-4fc3-b174-c3b58bcabee5,7.134772837162018,7.134772837162018,100000.0,1,1,2
/OrderService/CreateOrderb5e154c0-326a-402f-8cf8-b7bfd5a392af,6.53385603800416,6.53385603800416,100000.0,1,1,2
/OrderService/CreateOrderb5e34f1b-a964-4a3f-9aef-406c59adae2c,5.0957039929926395,5.0957039929926395,100000.0,1,1,2
/OrderService/CreateOrderb8b0815a-71e6-4bf0-aa1c-ec874f6326f7,6.958724930882454,6.958724930882454,100000.0,1,1,2
/OrderService/CreateOrderb9319777-2cb1-4240-9355-834c7b0432e8,9.15691303089261,9.15691303089261,100000.0,1,1,2
/OrderService/CreateOrderb9cf072e-d897-430c-b9da-5b4fe98078a3,29.131634160876274,29.131634160876274,100000.0,1,1,2
/OrderService/CreateOrderbabc999e-caef-493b-a3eb-43b334ca152a,11.143720708787441,11.143720708787441,100000.0,1,1,2
/OrderService/CreateOrderbd17a78d-97ad-468a-89de-79b0d0abd2ad,10.640956927090883,10.640956927090883,100000.0,1,1,2
/OrderService/CreateOrderbdb74129-7286-4693-b137-935d1b8bfa1f,9.054342284798622,9.054342284798622,100000.0,1,1,2
/OrderService/CreateOrderc0500fba-cf29-4540-b93a-ecca0e478a5a,4.655600991100073,4.655600991100073,100000.0,1,1,2
/OrderService/CreateOrderc2e1c33a-f420-44e7-93cf-22755f1fb3ec,10.26917714625597,10.26917714625597,100000.0,1,1,2
/OrderService/CreateOrderc3ab3940-8a6c-409a-86d0-5e1cd7f5252f,5.004294216632843,5.004294216632843,100000.0,1,1,2
/OrderService/CreateOrderc6bef85d-7b37-426e-b97e-eaa1567c5fdd,31.00937558338046,31.00937558338046,100000.0,1,1,2
/OrderService/CreateOrderd71f56d9-67bf-46ef-87eb-0a642376ae3b,14.759512152522802,14.759512152522802,100000.0,1,1,2
/OrderService/CreateOrderd73b2b99-43b8-46a1-a4df-e2dfb876dbe4,17.149560153484344,17.149560153484344,100000.0,1,1,2
/OrderService/CreateOrderd8a5f171-d8cd-41dc-a241-f6ae7c14ad4d,16.936264000833035,16.936264000833035,100000.0,1,1,2
/OrderService/CreateOrderda8e8dc1-d11d-4d80-9e8d-3dbb5fecaa51,13.125936966389418,13.125936966389418,100000.0,1,1,2
/OrderService/CreateOrdere5728b82-b8fb-4d06-899a-d8109b91b453,18.596793059259653,18.596793059259653,100000.0,1,1,2
/OrderService/CreateOrdere8b075eb-0f02-4ccf-8af3-fea3c9e078b0,6.370199844241142,6.370199844241142,100000.0,1,1,2
/OrderService/CreateOrdere96dcf20-456b-46f6-b9c9-109a34e3a8fb,5.7966699823737144,5.7966699823737144,99999.0,1,1,2
/OrderService/CreateOrdereefbcc9e-d14c-4560-b67e-12c1b8d3a3d2,5.729252006858587,5.729252006858587,100000.0,1,1,2
/OrderService/CreateOrderf7b6a6ba-0682-46a4-97ee-9ac760efc9b2,16.83167088776827,16.83167088776827,100000.0,1,1,2
/OrderService/GetOrder006390e6-d588-45d6-9275-ffa1e5f1e4c1,1.6560056246817112,1.6560056246817112,3.0,1,1,2
/OrderService/GetOrder00f9912c-85af-4aec-81fa-f5b71daa8f1b,1.626988872885704,1.626988872885704,3.0,1,1,2
/OrderService/GetOrder02e91b51-08f9-4a36-9672-190d0bf6a2ae,1.7672297544777393,1.7672297544777393,3.0,1,1,2
/OrderService/GetOrder03bfeca5-d263-4640-817d-13daaefe4822,15.460936818271875,15.460936818271875,3.0,1,1,2
/OrderService/GetOrder09d98519-3eff-44d7-ba75-67e10f8b6147,2.207634039223194,2.207634039223194,3.0,1,1,2
/OrderService/GetOrder0b126d5e-3860-4287-b1e0-39408687d436,1.9248607568442822,1.9248607568442822,3.0,1,1,2
/OrderService/GetOrder0b3764b7-e50d-430b-9341-efd15bb26461,10.40389109402895,10.40389109402895,3.0,1,1,2
/OrderService/GetOrder0b8e4c4a-874f-48aa-a817-23d1b827dc4f,3.334488719701767,3.334488719701767,3.0,1,1,2
/OrderService/GetOrder11794076-39b5-4c05-b518-5d06fa30bba0,2.517568878829479,2.517568878829479,3.0,1,1,2
/OrderService/GetOrder1694177a-482c-4ab0-adfd-6954e92318f8,2.1080891601741314,2.1080891601741314,3.0,1,1,2
/OrderService/GetOrder16be2c1b-3c18-4af4-8db8-42fe65532d7c,2.216849010437727,2.216849010437727,3.0,1,1,2
/OrderService/GetOrder17515950-b4eb-4e23-a46f-b12943f98563,1.5364689752459526,1.5364689752459526,3.0,1,1,2
/OrderService/GetOrder1a7c9180-0849-4948-873d-d824fb1ff6c6,1.485978253185749,1.485978253185749,3.0,1,1,2
/OrderService/GetOrder1d37abf2-ac60-4ae6-8c9a-42768669b984,2.554957754909992,2.554957754909992,3.0,1,1,2
/OrderService/GetOrder1e2c2eda-54be-4b91-9b2b-715389f10775,3.0589872039854527,3.0589872039854527,2.0,1,1,2
/OrderService/GetOrder1f105fc4-94ff-4ec0-bf50-02f8b3809524,1.1668461374938488,1.1668461374938488,3.0,1,1,2
/OrderService/GetOrder2806ec28-6323-468d-aeba-7d0db636b09e,3.4906649962067604,3.4906649962067604,3.0,1,1,2
/OrderService/GetOrder30a3f535-8acc-4cfc-be0f-96c822f6253a,7.476110942661762,7.476110942661762,3.0,1,1,2
/OrderService/GetOrder321c270b-662d-4f90-b9e2-d1993e4c0d25,2.234396990388632,2.234396990388632,3.0,1,1,2
/OrderService/GetOrder329053f3-8e7c-4563-935a-c84ef0063af7,4.046877846121788,4.046877846121788,3.0,1,1,2
/OrderService/GetOrder33defc97-f4d0-471e-b4b4-7244d95648e1,2.9746796935796738,2.9746796935796738,3.0,1,1,2
/OrderService/GetOrder3473b6aa-6ba3-46ba-88aa-284985cc995d,1.971513032913208,1.971513032913208,3.0,1,1,2
/OrderService/GetOrder35e5996d-d35c-4a81-9d95-eecd00f4e9fa,1.5910067595541477,1.5910067595541477,2.0,1,1,2
/OrderService/GetOrder3e34ad60-47e5-46f7-b3b2-1ef7be9ece4c,1.7833639867603779,1.7833639867603779,3.0,1,1,2
/OrderService/GetOrder3f7cb7e1-86bd-4c6d-b2d7-e8b03b0a144e,2.3874309845268726,2.3874309845268726,3.0,1,1,2
/OrderService/GetOrder427cf339-9d7d-434e-a664-7c2db88e78cf,1.2983842752873898,1.2983842752873898,3.0,1,1,2
/OrderService/GetOrder43492d30-f987-486a-909d-912884805d9f,1.7137108370661736,1.7137108370661736,3.0,1,1,2
/OrderService/GetOrder46b9220c-6482-4d13-8d70-0657778bc3d6,1.5492569655179977,1.5492569655179977,3.0,1,1,2
/OrderService/GetOrder4df35466-cb78-4705-a40f-22a4f458f087,1.4930348843336105,1.4930348843336105,3.0,1,1,2
/OrderService/GetOrder5443055e-5102-4e92-aefa-f869c0604c2c,2.254015766084194,2.254015766084194,3.0,1,1,2
/OrderService/GetOrder5687f1ad-2e24-4572-b0cf-72208dd90d65,2.44157575070858,2.44157575070858,3.0,1,1,2
/OrderService/GetOrder601b8443-1e54-4a76-a679-99cba24d54df,3.2158922404050827,3.2158922404050827,2.0,1,1,2
/OrderService/GetOrder632fab9f-61c7-44bb-81a3-a90abdd2948a,1.5678568743169308,1.5678568743169308,3.0,1,1,2
/OrderService/GetOrder6cac9f39-0c78-4e9d-9e16-18ebc0b05e9d,4.312906414270401,4.312906414270401,3.0,1,1,2
/OrderService/GetOrder6ded34c6-12ed-4f79-8450-489381103e4f,2.1672314032912254,2.1672314032912254,3.0,1,1,2
/OrderService/GetOrder7018dc32-4173-43ed-8b12-64403cc77482,2.8069321997463703,2.8069321997463703,3.0,1,1,2
/OrderService/GetOrder72219bab-dee6-4dca-b4f1-388dc8d83c32,1.7180959694087505,1.7180959694087505,2.0,1,1,2
/OrderService/GetOrder77ce0670-22af-4da0-ad87-6a8e377651a9,5.135284271091223,5.135284271091223,3.0,1,1,2
/OrderService/GetOrder7d169dd2-f01f-46d9-aa0a-14cedd336df0,1.3048001565039158,1.3048001565039158,3.0,1,1,2
/OrderService/GetOrder7d2766ab-a8d8-4fa6-96f0-2c049b78edb5,3.766804002225399,3.766804002225399,3.0,1,1,2
/OrderService/GetOrder7deda927-fcd5-4964-9401-b967d91426c4,3.236936405301094,3.236936405301094,3.0,1,1,2
/OrderService/GetOrder7ef818b7-e951-4d60-a4ae-47f0f864c158,2.860024105757475,2.860024105757475,2.0,1,1,2
/OrderService/GetOrder82470f4f-382b-4fbc-b60f-5540bee4fb8d,2.1180761978030205,2.1180761978030205,3.0,1,1,2
/OrderService/GetOrder8831f271-60bc-4ff8-947a-ed87c19c4c8f,2.4325838312506676,2.4325838312506676,3.0,1,1,2
/OrderService/GetOrder888d2f63-d35d-4124-90ad-7963e8b5b97b,4.858286585658789,4.858286585658789,3.0,1,1,2
/OrderService/GetOrder8b469db5-5af3-4cdb-8379-9441c867ff0c,2.46466975659132,2.46466975659132,3.0,1,1,2
/OrderService/GetOrder8e792409-9fc0-46ce-9c1a-f7fd96303567,1.8300185911357403,1.8300185911357403,3.0,1,1,2
/OrderService/GetOrder8eeb006c-b0ee-41b8-986d-7f2461327cc2,2.4239961057901382,2.4239961057901382,3.0,1,1,2
/OrderService/GetOrder90d108be-92b4-44c0-bd6b-1b36375811f9,2.4687047116458416,2.4687047116458416,2.0,1,1,2
/OrderService/GetOrder910ab508-8d65-4587-a80e-2c9375608c33,2.4742521345615387,2.4742521345615387,3.0,1,1,2
/OrderService/GetOrder9143058f-b031-4378-952d-a8dddd94eb77,2.604528795927763,2.604528795927763,3.0,1,1,2
/OrderService/GetOrder93f8da67-40fb-4b15-a1f1-e24f76094606,5.076294764876366,5.076294764876366,2.0,1,1,2
/OrderService/GetOrder987f922b-2a4c-4914-b1cf-4926ba5deae0,4.166909027844667,4.166909027844667,2.0,1,1,2
/OrderService/GetOrdera71d1120-a7ce-47f8-93db-35deedf173ba,1.695278100669384,1.695278100669384,3.0,1,1,2
/OrderService/GetOrderb34bbe46-2d61-4712-9456-09f6cf84dba9,9.643088094890118,9.643088094890118,3.0,1,1,2
/OrderService/GetOrderb6e85170-2a92-45f8-98d6-21c57c1329a5,2.030335832387209,2.030335832387209,3.0,1,1,2
/OrderService/GetOrderb86c0b02-2ebd-440f-a66a-a31dc2f045e4,3.4007937647402287,3.4007937647402287,3.0,1,1,2
/OrderService/GetOrderbd83cb8e-8cfb-4f04-a688-ba1c5bda6fec,6.008671130985022,6.008671130985022,3.0,1,1,2
/OrderService/GetOrderbdbffe0b-e211-4f07-bcae-b3c5bda603ed,2.506021875888109,2.506021875888109,2.0,1,1,2
/OrderService/GetOrderc613d6c0-1389-43ec-b080-d45f465115f4,3.6114430986344814,3.6114430986344814,3.0,1,1,2
/OrderService/GetOrdercc205a7c-e91c-4216-a3ab-d7a1ce89f6c1,4.335791803896427,4.335791803896427,3.0,1,1,2
/OrderService/GetOrdercd0d04d4-daad-4cc3-9b5b-793b8301479c,1.7222589813172817,1.7222589813172817,3.0,1,1,2
/OrderService/GetOrdercdc18605-0fbe-4069-a086-8b503da98458,1.9587203860282898,1.9587203860282898,3.0,1,1,2
/OrderService/GetOrderd58f7a1f-5a31-4184-81b8-67eabe5d0931,11.69411325827241,11.69411325827241,3.0,1,1,2
/OrderService/GetOrderd59f0306-f406-4a69-8db5-8e3a069f1b00,1.6041742637753487,1.6041742637753487,3.0,1,1,2
/OrderService/GetOrderd88979d4-ab08-4146-960a-6a6c08398f30,6.427530664950609,6.427530664950609,3.0,1,1,2
/OrderService/GetOrderdbe4f1f8-f1de-466a-bf68-a0b12bee3f1a,1.7765811644494534,1.7765811644494534,3.0,1,1,2
/OrderService/GetOrderde6359e0-b1e6-45b4-aa75-e49751f5398e,2.4390271864831448,2.4390271864831448,2.0,1,1,2
/OrderService/GetOrdere06d13d5-509a-46e7-b507-b260b45df47d,1.570533961057663,1.570533961057663,3.0,1,1,2
/OrderService/GetOrdere2087b25-6054-4fc8-a64f-ae391fb570a0,3.650976810604334,3.650976810604334,2.0,1,1,2
/OrderService/GetOrdere2993b7a-6df6-4100-9c4a-9ec64d5ed082,1.5108371153473854,1.5108371153473854,3.0,1,1,2
/OrderService/GetOrdereca24922-24d6-47c4-849b-c3533334cd01,2.0179739221930504,2.0179739221930504,3.0,1,1,2
/OrderService/GetOrderf0cffc03-a77a-4ceb-b201-251c26ee77d2,1.4683459885418415,1.4683459885418415,3.0,1,1,2
/OrderService/GetOrderf0f5f057-4804-4900-b02d-20e5342a9b72,3.5641961731016636,3.5641961731016636,3.0,1,1,2
/OrderService/GetOrderf403cd80-d78f-45aa-976e-fa224f05fef8,4.8933131620287895,4.8933131620287895,3.0,1,1,2
/OrderService/GetOrderf49fba75-36f2-4ce9-a777-f37b9642bcc4,2.5887927040457726,2.5887927040457726,3.0,1,1,2
/OrderService/GetOrderfb5739c9-b658-4f13-ab95-a79ea1f3be27,1.9671469926834106,1.9671469926834106,2.0,1,1,2
/OrderService/GetOrderfc031954-9a66-464e-9ef7-d6634c3d71ba,4.118279088288546,4.118279088288546,3.0,1,1,2
/OrderService/GetOrderff2ae98d-b2dd-4ed4-ac0b-37dc03716537,2.8652199544012547,2.8652199544012547,3.0,1,1,2
/OrderService/GetOrderff87b722-dd8e-4050-8acd-297445244a29,2.6468830183148384,2.6468830183148384,3.0,1,1,2
Aggregated,8.129722838202724,6.0,62500.971875,-1,1,2
