Service,Average Response Time,Medium Response Time,Request Size,Request Type,Frequency,Size
/CatalogService/AddItem06085c7c-55ab-45e5-b93a-841ad0eb90ec,14.649872202426195,14.649872202426195,100000.0,1,0,2
/CatalogService/AddItem47d960f2-5970-4f9d-8af9-90d3c540aae4,6.837580818682909,6.837580818682909,100000.0,1,0,2
/CatalogService/AddItem71967310-0efe-4881-8cb6-f9b2a4024063,10.164055041968822,10.164055041968822,100000.0,1,0,2
/CatalogService/AddItem851d1df9-5ee6-40c3-ab13-57c1f44a5309,7.667413912713528,7.667413912713528,100000.0,1,0,2
/CatalogService/AddItem8f25f5ff-a921-45b1-bb18-652b72459030,14.122549910098314,14.122549910098314,100000.0,1,0,2
/CatalogService/AddItema541af1a-36ee-4433-8a20-f5febb556469,13.98090599104762,13.98090599104762,100000.0,1,0,2
/CatalogService/AddItemabbc2feb-d27a-4cbf-a9bb-af7cb93a1f51,9.826471097767353,9.826471097767353,100000.0,1,0,2
/CatalogService/AddItemb5792179-6d33-4593-81a2-765938a12bd0,10.394234210252762,10.394234210252762,100000.0,1,0,2
/CatalogService/GetItem00540951-a7b4-40d2-984e-45b0c0815040,3.754200879484415,3.754200879484415,3.0,1,0,2
/CatalogService/GetItem32e415ef-5b11-4d6b-a400-582707828527,3.4943721257150173,3.4943721257150173,3.0,1,0,2
/CatalogService/GetItem4b902433-182b-4b57-934b-aa1e7d3fafff,5.2825831808149815,5.2825831808149815,3.0,1,0,2
/CatalogService/GetItem4e8d1f86-1fc9-4e60-9881-a9ab7610468a,4.578966181725264,4.578966181725264,3.0,1,0,2
/CatalogService/GetItem85784e59-cc45-4e63-a298-b1fcd77da615,3.600726369768381,3.600726369768381,3.0,1,0,2
/CatalogService/GetItem8971d56f-4540-4bdf-befe-8b26c67ea8ba,8.806674741208553,8.806674741208553,3.0,1,0,2
/CatalogService/GetItemafb8ff22-b2e4-4bbe-9d24-ca1681f399c4,8.175847120583057,8.175847120583057,3.0,1,0,2
/CatalogService/GetItemde883dc1-fca7-42c0-a59d-e2aa347c6b31,7.7736880630254745,7.7736880630254745,2.0,1,0,2
/CatalogService/UpdateItem1b9413d5-0232-4887-b71a-a179fe2684bc,15.052407048642635,15.052407048642635,100000.0,1,0,2
/CatalogService/UpdateItem3821d713-bfff-4909-8309-c43468623041,7.108281832188368,7.108281832188368,100000.0,1,0,2
/CatalogService/UpdateItem5d80a5a8-2863-40cb-b81e-3a9d96dbe3ea,9.070267900824547,9.070267900824547,100000.0,1,0,2
/CatalogService/UpdateItemb3c7356a-664c-4d93-8cc3-61eb9dc6ca5b,11.74659002572298,11.74659002572298,100000.0,1,0,2
/CatalogService/UpdateItembd853b27-23c1-415e-abca-c435af4268e0,9.420572780072689,9.420572780072689,100000.0,1,0,2
/CatalogService/UpdateItemcdea2346-4858-45d3-aea1-b063c40ee76a,7.973731029778719,7.973731029778719,100000.0,1,0,2
/CatalogService/UpdateIteme443decd-43ec-4931-b84c-5f6d6ff48cc0,13.381117023527622,13.381117023527622,99999.0,1,0,2
/CatalogService/UpdateItemedd57f00-5f2f-41b4-acf3-ba5dc1909c38,11.106478050351143,11.106478050351143,100000.0,1,0,2
/CustomerService/CreateCustomer289b5308-649e-4489-ac92-abfe2ad08c2e,26.29449311643839,26.29449311643839,100000.0,1,0,2
/CustomerService/CreateCustomer4a5025e9-735d-4179-9f1e-ceccf0ac3ed5,22.220495156943798,22.220495156943798,100000.0,1,0,2
/CustomerService/CreateCustomer668527dd-45d3-4c4c-8d0e-977ac613c7d3,19.01734108105302,19.01734108105302,100000.0,1,0,2
/CustomerService/CreateCustomer7190e84b-57ac-4c87-9d23-ab8f10975004,24.693015031516552,24.693015031516552,100000.0,1,0,2
/CustomerService/CreateCustomer7c224c0e-f6db-4437-ab9a-4954214eff3d,20.04164829850197,20.04164829850197,100000.0,1,0,2
/CustomerService/CreateCustomer82884b7f-caee-4cd6-bfaa-b5544c3276d3,20.772132091224194,20.772132091224194,100000.0,1,0,2
/CustomerService/CreateCustomerb011df1a-e31e-496f-a70f-f04993cedb25,20.04269976168871,20.04269976168871,100000.0,1,0,2
/CustomerService/CreateCustomerdfca4d2d-7f54-4825-9fe7-5bed37f84fcf,18.24095193296671,18.24095193296671,100000.0,1,0,2
/CustomerService/UpdateCustomer30541395-394e-4cb5-9243-a76f692c74ed,21.604247391223907,21.604247391223907,100000.0,1,0,2
/CustomerService/UpdateCustomer41deaab4-26bc-427d-b70e-6e932b3b52ff,11.02154515683651,11.02154515683651,100000.0,1,0,2
/CustomerService/UpdateCustomer75f8901b-50f1-44ba-8f56-a00f97cafc22,7.993741892278194,7.993741892278194,100000.0,1,0,2
/CustomerService/UpdateCustomer8abe1db3-feb0-4218-833d-57da232647fb,8.678419049829245,8.678419049829245,100000.0,1,0,2
/CustomerService/UpdateCustomer95df7f73-ad6d-4e77-99b3-cbee269dd293,24.95157578960061,24.95157578960061,100000.0,1,0,2
/CustomerService/UpdateCustomerab3469ca-c4c3-47e6-8d47-4cb288a298e0,10.571589693427086,10.571589693427086,100000.0,1,0,2
/CustomerService/UpdateCustomerac6045d3-6397-4fec-ae5a-7bcf73a7d8bd,7.318268064409494,7.318268064409494,100000.0,1,0,2
/CustomerService/UpdateCustomerca7734e6-30eb-43b6-abb9-173119ab73b8,14.143098145723343,14.143098145723343,100000.0,1,0,2
/CustomerService/getCustomer13eab538-7a75-4cdf-85f5-daf3f477ba0d,7.738451007753611,7.738451007753611,2.0,1,0,2
/CustomerService/getCustomer21559b91-3ee3-4224-9b0f-ad09785eed26,7.97883328050375,7.97883328050375,2.0,1,0,2
/CustomerService/getCustomer54f95e2b-8bb0-48f9-84b0-7f383cad9fda,2.0058900117874146,2.0058900117874146,2.0,1,0,2
/CustomerService/getCustomer5d5051f2-dd45-4f83-a590-e72b885fa7ff,9.357701987028122,9.357701987028122,2.0,1,0,2
/CustomerService/getCustomer6e342cc0-f45b-4a3c-be29-f1c0ca2363c3,7.334914058446884,7.334914058446884,2.0,1,0,2
/CustomerService/getCustomera7b6706c-3893-423b-9bd1-50b308b477b5,2.6804939843714237,2.6804939843714237,2.0,1,0,2
/CustomerService/getCustomerde494893-4dbe-44c8-9e5b-254446ba2f51,7.575453724712133,7.575453724712133,2.0,1,0,2
/CustomerService/getCustomerf0b3484d-ba34-466d-9733-e58bf66cb8f0,2.617279998958111,2.617279998958111,2.0,1,0,2
/OrderService/CreateOrder1990ae73-6b70-41a3-9769-1500fba32f67,6.331890821456909,6.331890821456909,100000.0,1,0,2
/OrderService/CreateOrder1cd04be2-4e6e-47ce-818f-ff70d166233c,4.828849341720343,4.828849341720343,100000.0,1,0,2
/OrderService/CreateOrder586f9d08-4f0f-4839-9bd9-10da6fad23f8,6.75391498953104,6.75391498953104,100000.0,1,0,2
/OrderService/CreateOrder624b6cd9-58d4-47e2-b01a-2de844696918,6.284505594521761,6.284505594521761,100000.0,1,0,2
/OrderService/CreateOrder946ba225-e330-45c6-8865-541cc3667466,5.605620797723532,5.605620797723532,100000.0,1,0,2
/OrderService/CreateOrderd1240433-b348-4f94-ad2a-5708e4c3f466,5.214756354689598,5.214756354689598,100000.0,1,0,2
/OrderService/CreateOrderfb46ebb3-bab8-4f6b-93aa-c8ad59b0319a,9.785298723727465,9.785298723727465,100000.0,1,0,2
/OrderService/CreateOrderfdec0730-c0dc-4868-b329-9623c0801a15,4.0801092982292175,4.0801092982292175,100000.0,1,0,2
/OrderService/GetOrder119269b3-824e-43ad-8a69-c9519a4c72d9,6.047957111150026,6.047957111150026,3.0,1,0,2
/OrderService/GetOrder3fa59e62-2da4-4a52-955d-4ca204ede048,4.211388994008303,4.211388994008303,3.0,1,0,2
/OrderService/GetOrder3ffa7452-d104-462c-ac3e-b4a934b973b2,2.4183779023587704,2.4183779023587704,3.0,1,0,2
/OrderService/GetOrder5a00217d-aac0-4041-8f26-120f60026974,3.3767856657505035,3.3767856657505035,3.0,1,0,2
/OrderService/GetOrder9735ab55-8aa4-4c2f-a748-39f0ca57fb47,4.120881203562021,4.120881203562021,2.0,1,0,2
/OrderService/GetOrder9f8088ca-3a08-41e2-a534-1f19ff5ab6ec,2.7132746763527393,2.7132746763527393,3.0,1,0,2
/OrderService/GetOrderd83df6d0-5143-4571-904d-aec84f4c8bb3,2.03758105635643,2.03758105635643,3.0,1,0,2
/OrderService/GetOrderf83c02c2-7bdb-4837-a5ac-3c4e944c435e,3.2016891054809093,3.2016891054809093,2.0,1,0,2
Aggregated,9.685574201284908,8.0,62500.9375,-1,0,2
