Service,Average Response Time,Medium Response Time,Request Size,Request Type,Frequency,Size
/CatalogService/AddItem03eb79aa-06b9-4d2e-a8e0-15c96c133dcb,3.3188550733029842,3.3188550733029842,50.0,1,1,0
/CatalogService/AddItem05b9f3b5-408e-4a82-88ba-07eb1fdaa99f,3.3402321860194206,3.3402321860194206,50.0,1,1,0
/CatalogService/AddItem06e131d3-dab5-4128-9480-4cf59489437d,2.8443527407944202,2.8443527407944202,50.0,1,1,0
/CatalogService/AddItem0907b24b-f0f9-4632-9bad-628a8f62d677,3.8281348533928394,3.8281348533928394,50.0,1,1,0
/CatalogService/AddItem097c6d34-5dee-4092-b0e4-8b2c5547e96a,5.034662317484617,5.034662317484617,50.0,1,1,0
/CatalogService/AddItem0ade6000-70d8-458e-a56b-260e43c41c3c,2.9550567269325256,2.9550567269325256,50.0,1,1,0
/CatalogService/AddItem0d0048b9-c133-4e46-89e4-a83b4f61fb60,4.294245038181543,4.294245038181543,50.0,1,1,0
/CatalogService/AddItem119bbd46-ca30-4ba7-b25f-2b94a9446e4e,5.0733620300889015,5.0733620300889015,50.0,1,1,0
/CatalogService/AddItem11df3485-5bad-4a15-8bb6-5d48de4b9816,2.1832361817359924,2.1832361817359924,50.0,1,1,0
/CatalogService/AddItem14a7428e-9bc7-4efb-9cf5-b0dadf4dbdf4,4.447381012141705,4.447381012141705,50.0,1,1,0
/CatalogService/AddItem1f754db9-795b-4b02-a1d3-a0345d264ecc,4.842139780521393,4.842139780521393,50.0,1,1,0
/CatalogService/AddItem1ffcd633-06e7-4891-9cad-9c899db50c21,3.893373068422079,3.893373068422079,50.0,1,1,0
/CatalogService/AddItem28ec3f4e-dcc8-4b67-a5ca-2cd6492c01f3,2.6024538092315197,2.6024538092315197,50.0,1,1,0
/CatalogService/AddItem29efdee0-69a1-4ca6-bddc-9485e080c69e,11.660664808005095,11.660664808005095,50.0,1,1,0
/CatalogService/AddItem2afea68e-38e2-4c77-b7c3-c360a19b1d81,3.0819629319012165,3.0819629319012165,50.0,1,1,0
/CatalogService/AddItem2e0352f6-3414-4825-8e64-7f4261c0b568,3.003906924277544,3.003906924277544,50.0,1,1,0
/CatalogService/AddItem32cba878-3817-4dbc-b230-71146ae378c3,5.257606972008944,5.257606972008944,50.0,1,1,0
/CatalogService/AddItem34495bdd-2e22-486c-8aee-6b20c12267eb,2.850801218301058,2.850801218301058,50.0,1,1,0
/CatalogService/AddItem356806d2-1787-486a-b6a1-a8eefdb61010,2.860985230654478,2.860985230654478,50.0,1,1,0
/CatalogService/AddItem3609cec2-701a-4962-a7fd-0c40ce0cce88,18.518729135394096,18.518729135394096,50.0,1,1,0
/CatalogService/AddItem39d6f7bd-0e5b-4f0f-98e5-9e7446f64232,3.510952927172184,3.510952927172184,50.0,1,1,0
/CatalogService/AddItem3bc374d8-bfe6-4295-baa3-b74a36076edb,4.149401560425758,4.149401560425758,50.0,1,1,0
/CatalogService/AddItem3d6dfbfe-e911-4989-a99b-595315b131bc,3.3874032087624073,3.3874032087624073,50.0,1,1,0
/CatalogService/AddItem3e26a174-e4c7-428c-8dc4-4c69717fc6ab,2.626985777169466,2.626985777169466,50.0,1,1,0
/CatalogService/AddItem3e8a1bcd-cb76-4fa2-8eef-1ddec713a56e,2.137213945388794,2.137213945388794,50.0,1,1,0
/CatalogService/AddItem3f71df93-8ad7-44db-88af-f7a085ff0446,2.882115077227354,2.882115077227354,50.0,1,1,0
/CatalogService/AddItem40139405-5e41-4feb-a178-08a5f571d334,2.9685120098292828,2.9685120098292828,50.0,1,1,0
/CatalogService/AddItem49300611-b2ec-4701-9385-08bced8ec22d,4.858566913753748,4.858566913753748,50.0,1,1,0
/CatalogService/AddItem4c66ca65-36fe-45fa-ae8b-b10ac73be450,8.163692895323038,8.163692895323038,50.0,1,1,0
/CatalogService/AddItem4cbd2e6a-0e36-4ef0-a586-9f84f2f2ab80,3.2686120830476284,3.2686120830476284,50.0,1,1,0
/CatalogService/AddItem59d27cde-af64-4b67-8329-15037428e1ba,3.3471090719103813,3.3471090719103813,50.0,1,1,0
/CatalogService/AddItem5a00e11a-0139-4fb9-80fc-66107f6b6db3,3.7185191176831722,3.7185191176831722,50.0,1,1,0
/CatalogService/AddItem5b1b38a3-83f1-4e7c-9c08-35e432ea0f53,3.1662778928875923,3.1662778928875923,50.0,1,1,0
/CatalogService/AddItem64d47896-edcd-4d5b-8a0f-9ba35b6b24b3,4.500775132328272,4.500775132328272,50.0,1,1,0
/CatalogService/AddItem66755968-88eb-49b4-95a3-87400eb022f2,8.105105720460415,8.105105720460415,50.0,1,1,0
/CatalogService/AddItem682cc3d0-ca54-43c9-876d-93646b1ffcf0,5.776796955615282,5.776796955615282,50.0,1,1,0
/CatalogService/AddItem690b7598-2855-4055-acdb-0fce3543d67d,8.745754137635231,8.745754137635231,50.0,1,1,0
/CatalogService/AddItem69f6c424-03a9-4255-b71f-2338637583b7,3.8495720364153385,3.8495720364153385,50.0,1,1,0
/CatalogService/AddItem6cf028ff-ec91-4128-b7b5-c74977b5c078,3.5383524373173714,3.5383524373173714,50.0,1,1,0
/CatalogService/AddItem702af069-049c-42d5-9739-1dca856e66c7,2.4777338840067387,2.4777338840067387,50.0,1,1,0
/CatalogService/AddItem71d6de25-1719-44a8-bb3a-d87b4ba4928d,1.9085719250142574,1.9085719250142574,50.0,1,1,0
/CatalogService/AddItem74e35a7d-4beb-4220-86c7-253278827d9f,4.120680037885904,4.120680037885904,50.0,1,1,0
/CatalogService/AddItem7d02018e-b956-4ba2-aee0-8aa6a95f44e2,8.104257751256227,8.104257751256227,50.0,1,1,0
/CatalogService/AddItem7ef4ca25-029f-4df0-bcb9-4eb5eb4bb19e,3.4227767027914524,3.4227767027914524,50.0,1,1,0
/CatalogService/AddItem7f6af495-8e81-4645-a3e7-19e50619c5f3,9.543424937874079,9.543424937874079,50.0,1,1,0
/CatalogService/AddItem89654395-2ef5-4e0e-be6f-4b8861af2f9e,3.3707059919834137,3.3707059919834137,50.0,1,1,0
/CatalogService/AddItem8ba8c855-f2de-4a40-8c55-b2e9e183fe65,5.802693776786327,5.802693776786327,50.0,1,1,0
/CatalogService/AddItem8d13a6dc-b769-450f-a008-21d39e49eb3a,4.600391257554293,4.600391257554293,50.0,1,1,0
/CatalogService/AddItem920c30e0-16e3-466c-b05d-ce071f000daf,3.274147864431143,3.274147864431143,50.0,1,1,0
/CatalogService/AddItem95cf3145-b6f1-4ba8-a4e9-3fad8b0f683f,3.9594480767846107,3.9594480767846107,50.0,1,1,0
/CatalogService/AddItem96f6aefc-7b47-44de-a22f-eeb55f903121,4.497900139540434,4.497900139540434,50.0,1,1,0
/CatalogService/AddItem97fd18be-d2be-4127-9339-ef9030ff2a72,3.762216307222843,3.762216307222843,50.0,1,1,0
/CatalogService/AddItem9cbeebc2-fc1a-4bab-9b96-681f1d25a763,3.340720199048519,3.340720199048519,50.0,1,1,0
/CatalogService/AddItem9e0467e8-2563-4a89-a061-5690cd069f99,3.469028975814581,3.469028975814581,50.0,1,1,0
/CatalogService/AddItema4559155-0e2a-44e2-b20b-cdfc84994980,3.18387383595109,3.18387383595109,50.0,1,1,0
/CatalogService/AddItema5961fc7-ec40-4638-9a1a-354e9bf378ca,3.3241580240428448,3.3241580240428448,50.0,1,1,0
/CatalogService/AddItema9fb83ad-4fb0-47c1-8d64-acba978f0b02,4.126650746911764,4.126650746911764,50.0,1,1,0
/CatalogService/AddItemacea2bca-bff0-42c1-a5b2-f3a4e52e20f1,3.102538175880909,3.102538175880909,50.0,1,1,0
/CatalogService/AddItemad623b4d-54ca-4f8d-be87-60cf69ee70e9,1.929761841893196,1.929761841893196,50.0,1,1,0
/CatalogService/AddItemae0dfa1b-a23c-495a-8b65-4645ec2bf8e2,2.46061896905303,2.46061896905303,50.0,1,1,0
/CatalogService/AddItemaf3556f4-ede1-4c6b-af20-2a9d5354746f,5.480671767145395,5.480671767145395,50.0,1,1,0
/CatalogService/AddItemb4150ab1-9117-4b14-ae1d-1e101aed4df6,9.536055848002434,9.536055848002434,50.0,1,1,0
/CatalogService/AddItemb79a8e45-38ab-4e8b-9e16-35d958508def,2.4121482856571674,2.4121482856571674,50.0,1,1,0
/CatalogService/AddItemb8ff24bc-03f3-4698-8eca-b3d9f8de2a66,2.9288213700056076,2.9288213700056076,50.0,1,1,0
/CatalogService/AddItembdfb8190-9b7d-4d03-87cb-c52095a15b69,2.523616887629032,2.523616887629032,50.0,1,1,0
/CatalogService/AddItemc3ddb4a6-10c1-4aab-ba37-75a4d510ff62,2.463690936565399,2.463690936565399,50.0,1,1,0
/CatalogService/AddItemc465215f-17e8-4d5d-adba-65e7349de92e,4.079698119312525,4.079698119312525,50.0,1,1,0
/CatalogService/AddItemc5101726-fa90-4877-a1c3-ec17c80b1d07,1.988912932574749,1.988912932574749,50.0,1,1,0
/CatalogService/AddItemc6e47892-15fc-421e-acc6-937cdd65239c,3.4082019701600075,3.4082019701600075,50.0,1,1,0
/CatalogService/AddItemd00d964b-7472-4b91-a5b1-ef3f721997d8,3.3455262891948223,3.3455262891948223,50.0,1,1,0
/CatalogService/AddItemd6bef31a-b620-4a55-a6c8-4ce3151903ae,6.808555219322443,6.808555219322443,50.0,1,1,0
/CatalogService/AddItemde44f5a5-a136-4bb5-9292-1bd1be98a4e9,24.043198209255934,24.043198209255934,50.0,1,1,0
/CatalogService/AddIteme017201b-1e1c-4f48-b411-981b84cb3d00,3.079428803175688,3.079428803175688,50.0,1,1,0
/CatalogService/AddIteme1118de0-eb30-440c-b1e8-ac1cbc8ef27b,3.028749953955412,3.028749953955412,50.0,1,1,0
/CatalogService/AddIteme2b59095-a5cd-49eb-9e35-18ab678cb8d6,3.3350656740367413,3.3350656740367413,50.0,1,1,0
/CatalogService/AddIteme525e243-a187-44b9-ac79-4299f4763afa,11.32400007918477,11.32400007918477,50.0,1,1,0
/CatalogService/AddIteme7d9582f-9404-4523-8825-29518bbb90ab,2.0822430960834026,2.0822430960834026,50.0,1,1,0
/CatalogService/AddItemec139bda-1ab0-44cc-9064-88144bb57b6b,3.599874209612608,3.599874209612608,50.0,1,1,0
/CatalogService/AddItemf686e744-589e-4eed-acd3-0cc0833ad1b1,9.388655424118042,9.388655424118042,50.0,1,1,0
/CatalogService/AddItemfb80bd3a-b450-4087-aed2-afcef24a8945,4.953804891556501,4.953804891556501,50.0,1,1,0
/CatalogService/GetItem00a40b4b-85cf-4a70-98fa-d59340f11ee0,5.398712120950222,5.398712120950222,3.0,1,1,0
/CatalogService/GetItem0404b722-3569-4622-a711-7fddbec6e5b2,7.563531398773193,7.563531398773193,3.0,1,1,0
/CatalogService/GetItem0883acb9-36ec-47be-9d53-95e1ce889ff5,4.603623878210783,4.603623878210783,2.0,1,1,0
/CatalogService/GetItem0a720886-0e08-477b-bc05-cf691cd2f806,5.809303838759661,5.809303838759661,3.0,1,1,0
/CatalogService/GetItem0ce87665-080c-4940-b05f-fa011b377f3b,4.060355946421623,4.060355946421623,3.0,1,1,0
/CatalogService/GetItem106c5a52-1e12-449c-ac24-5523cc819c2c,7.129838690161705,7.129838690161705,3.0,1,1,0
/CatalogService/GetItem106eff19-7bd3-430f-a943-af226f2c0ad6,3.0805999413132668,3.0805999413132668,3.0,1,1,0
/CatalogService/GetItem17e60e0b-9114-4068-b9ae-5c933d43c744,4.612959921360016,4.612959921360016,3.0,1,1,0
/CatalogService/GetItem1b9b7ff3-3b41-419b-a79c-a24fe9cfc822,2.8177211061120033,2.8177211061120033,3.0,1,1,0
/CatalogService/GetItem1d92b5d7-7054-4a21-b47d-50998089a527,11.985159944742918,11.985159944742918,3.0,1,1,0
/CatalogService/GetItem1f5715f4-4bce-4a21-b73c-543a2b19065c,4.1084797121584415,4.1084797121584415,3.0,1,1,0
/CatalogService/GetItem21eef4ec-5354-4c50-a5c7-a5821bdc1917,8.138257078826427,8.138257078826427,3.0,1,1,0
/CatalogService/GetItem22f7b82d-6063-41af-866a-f19294c80d04,2.975461073219776,2.975461073219776,3.0,1,1,0
/CatalogService/GetItem294fa872-5dc2-40ee-a467-ddde986c73a6,4.238417837768793,4.238417837768793,3.0,1,1,0
/CatalogService/GetItem2ae76527-c49e-47bc-a289-ad8674a81ae9,3.7974142469465733,3.7974142469465733,3.0,1,1,0
/CatalogService/GetItem2af89647-751c-48d8-a918-f1bf70cb068e,4.295921418815851,4.295921418815851,3.0,1,1,0
/CatalogService/GetItem2e22b78f-9d97-494e-9c6b-74a3dffc495f,3.09172784909606,3.09172784909606,3.0,1,1,0
/CatalogService/GetItem2fadd4c8-2add-4b38-a60f-116f96740b7f,24.23407742753625,24.23407742753625,3.0,1,1,0
/CatalogService/GetItem32cc1bff-9b56-4901-b15d-db87190e77c2,6.861951667815447,6.861951667815447,3.0,1,1,0
/CatalogService/GetItem358c17d2-151a-46c3-82d1-5cc0719612bf,4.907885100692511,4.907885100692511,3.0,1,1,0
/CatalogService/GetItem370e9e38-c985-40b5-a6ff-5a9ad940d105,5.014179740101099,5.014179740101099,3.0,1,1,0
/CatalogService/GetItem3cb0dad0-f6c9-46ca-8086-9310aa1087e5,4.698062781244516,4.698062781244516,3.0,1,1,0
/CatalogService/GetItem3ee0a2b3-369d-4dd7-a223-04b5e805b547,12.762086931616068,12.762086931616068,3.0,1,1,0
/CatalogService/GetItem40346196-d3b3-4335-81a6-ae9f8c60abb4,2.5850520469248295,2.5850520469248295,3.0,1,1,0
/CatalogService/GetItem41593cbe-82aa-492a-877c-7b089083c427,15.516990330070257,15.516990330070257,3.0,1,1,0
/CatalogService/GetItem46908f30-6d27-4301-ac24-311edfb00764,2.4062753655016422,2.4062753655016422,3.0,1,1,0
/CatalogService/GetItem4d092e58-0fdb-48ee-9461-1a823f4eaf3c,2.338569611310959,2.338569611310959,3.0,1,1,0
/CatalogService/GetItem55a09ba4-1bb9-47c3-8278-dfcb241dd15a,10.415853932499886,10.415853932499886,3.0,1,1,0
/CatalogService/GetItem5c0a8c8c-e4b5-4fa8-aff2-9b120e8303ef,2.5110552087426186,2.5110552087426186,3.0,1,1,0
/CatalogService/GetItem67bd335d-924c-4417-80d7-bea961542aa4,5.61397522687912,5.61397522687912,3.0,1,1,0
/CatalogService/GetItem6b243149-da58-46b4-a97b-9452306ddfeb,5.755966994911432,5.755966994911432,3.0,1,1,0
/CatalogService/GetItem6c57ada5-99cd-4ee0-914e-d881f234a0b5,5.872705020010471,5.872705020010471,3.0,1,1,0
/CatalogService/GetItem6d649bdf-46ab-4264-8dcd-053abfcc6ebc,3.2919789664447308,3.2919789664447308,3.0,1,1,0
/CatalogService/GetItem7115cee8-a4b0-4cd9-922c-4a27cf852abd,6.53671333566308,6.53671333566308,3.0,1,1,0
/CatalogService/GetItem75bc34b1-dcfb-476a-9db8-72b4c4bc62cd,5.130473989993334,5.130473989993334,3.0,1,1,0
/CatalogService/GetItem7aad7410-7964-416c-9a02-9492cbd9ae49,9.107793215662241,9.107793215662241,3.0,1,1,0
/CatalogService/GetItem7ff0f557-6108-4dd9-a45c-9d6c48635857,14.112732838839293,14.112732838839293,3.0,1,1,0
/CatalogService/GetItem805febff-6a74-4f59-b998-865df90e7835,1.980881206691265,1.980881206691265,3.0,1,1,0
/CatalogService/GetItem80983f0b-d0b5-4622-a123-882a6cf65407,2.8420458547770977,2.8420458547770977,3.0,1,1,0
/CatalogService/GetItem8388b70c-64f5-4bf2-bfd0-1c17739c6de9,1.9521787762641907,1.9521787762641907,3.0,1,1,0
/CatalogService/GetItem84932990-4148-4447-89c9-f8eb7a81746a,2.3339251056313515,2.3339251056313515,3.0,1,1,0
/CatalogService/GetItem884eaeaa-cdc3-4e66-ac8f-6b273508d7d6,2.6097018271684647,2.6097018271684647,3.0,1,1,0
/CatalogService/GetItem892d4c9a-5439-4a1f-a433-b0bc3c5e6562,4.025701899081469,4.025701899081469,3.0,1,1,0
/CatalogService/GetItem8a2bbc86-a97c-4725-9b8d-9e00df3d755f,2.6539452373981476,2.6539452373981476,3.0,1,1,0
/CatalogService/GetItem8c8fb232-acf5-4bd6-8069-c9b1edd4128b,3.6120577715337276,3.6120577715337276,3.0,1,1,0
/CatalogService/GetItem8f99d47c-c9fd-41aa-91b0-c546f28c9bf3,5.524510983377695,5.524510983377695,3.0,1,1,0
/CatalogService/GetItem9506a4ef-a72b-434e-a5ec-be4661122e49,1.9941809587180614,1.9941809587180614,3.0,1,1,0
/CatalogService/GetItem9d0bf279-ab39-4557-98c4-4ee594de839f,5.174262914806604,5.174262914806604,3.0,1,1,0
/CatalogService/GetItema8f79103-06b0-4784-aa00-47cc40a479a3,6.5595959313213825,6.5595959313213825,3.0,1,1,0
/CatalogService/GetItemb3640caf-08ec-4443-9f80-45fe5a4d816d,5.302040372043848,5.302040372043848,3.0,1,1,0
/CatalogService/GetItemb808129e-b814-41b2-913d-408b32de173d,6.360352039337158,6.360352039337158,3.0,1,1,0
/CatalogService/GetItemb88130e3-cc11-4e16-b016-e3b310941d61,6.101847160607576,6.101847160607576,3.0,1,1,0
/CatalogService/GetItembaaef0a0-f1f3-41d1-8878-27767d12c7b1,1.3915509916841984,1.3915509916841984,3.0,1,1,0
/CatalogService/GetItembc2cfd67-1c06-4116-8e04-c767ac310dbb,2.5700749829411507,2.5700749829411507,3.0,1,1,0
/CatalogService/GetItembd510553-f27a-4fa1-8bfc-fbd8553dca8a,3.4669670276343822,3.4669670276343822,3.0,1,1,0
/CatalogService/GetItemc55474f9-f24e-4b62-9ab8-821ecf479a42,1.782058272510767,1.782058272510767,3.0,1,1,0
/CatalogService/GetItemc8097034-dfe8-40d4-bc4a-debadcad895c,2.593785058706999,2.593785058706999,3.0,1,1,0
/CatalogService/GetItemc9d6ff54-759a-449c-8ee2-eb61af552562,4.6487003564834595,4.6487003564834595,3.0,1,1,0
/CatalogService/GetItemca55765a-8dac-4de9-93d3-1069a4940392,3.284892998635769,3.284892998635769,3.0,1,1,0
/CatalogService/GetItemcebcaaa9-39c4-4acb-b564-cd03eeb60614,3.4706569276750088,3.4706569276750088,3.0,1,1,0
/CatalogService/GetItemd401daa9-6984-4414-a2a1-f582b5edef58,3.588330000638962,3.588330000638962,3.0,1,1,0
/CatalogService/GetItemd5d3c3ae-9fad-45b6-8436-a8dc22412d71,55.858188308775425,55.858188308775425,3.0,1,1,0
/CatalogService/GetItemd62e9076-bd30-4357-82e6-d52cdf72a3db,5.591917783021927,5.591917783021927,3.0,1,1,0
/CatalogService/GetItemd8e825ee-9dd3-4556-aee0-975e57a7f23a,2.322007901966572,2.322007901966572,3.0,1,1,0
/CatalogService/GetItemda107c4b-8bc1-43d2-8b84-8b8b7dd180c1,5.933600012212992,5.933600012212992,3.0,1,1,0
/CatalogService/GetItemdd2319cc-ab09-4359-a48e-1acc7aab0871,8.75480379909277,8.75480379909277,3.0,1,1,0
/CatalogService/GetIteme3096b3e-7daa-4af7-998b-2fd16f8f89f6,5.527431610971689,5.527431610971689,3.0,1,1,0
/CatalogService/GetIteme4239ff2-752f-4f29-b543-ad6e2fd20f4d,10.448296088725328,10.448296088725328,3.0,1,1,0
/CatalogService/GetIteme68fa2ec-32f6-4810-8203-8bc4981780d6,5.700830835849047,5.700830835849047,3.0,1,1,0
/CatalogService/GetItemecd8b960-2a1d-465c-8750-e838fcebfb27,7.5997356325387955,7.5997356325387955,3.0,1,1,0
/CatalogService/GetItemee2ced12-19a7-4bdd-9025-257f9e61c174,2.5075851008296013,2.5075851008296013,3.0,1,1,0
/CatalogService/GetItemee847e3c-8c59-463c-b6c8-b4cf998a3fce,5.815668031573296,5.815668031573296,3.0,1,1,0
/CatalogService/GetItemeee9f9fb-0324-489f-a80a-88ebc1c62aec,4.109495785087347,4.109495785087347,3.0,1,1,0
/CatalogService/GetItemf25e3d22-4593-45a1-b3ec-24f4062c0e78,9.050180669873953,9.050180669873953,3.0,1,1,0
/CatalogService/GetItemf3b9d55b-4556-494b-9f01-60df05b6495f,1.7154822126030922,1.7154822126030922,3.0,1,1,0
/CatalogService/GetItemf3d3c21b-8e85-44f6-8982-cb7809e1b4b2,6.70024985447526,6.70024985447526,3.0,1,1,0
/CatalogService/GetItemf6244287-0fbd-4351-bdb9-de7800c10c33,4.993144888430834,4.993144888430834,3.0,1,1,0
/CatalogService/GetItemf75cd541-61c4-4838-9000-744fafb25485,4.746406339108944,4.746406339108944,3.0,1,1,0
/CatalogService/GetItemf80a0f7b-1650-4e95-9ae1-912604fd6281,3.7579690106213093,3.7579690106213093,3.0,1,1,0
/CatalogService/GetItemf9f9ee99-99a1-483e-9fc0-cf4f00000b23,4.368124064058065,4.368124064058065,3.0,1,1,0
/CatalogService/UpdateItem00e021ed-0aa6-4c76-a3a9-8cc13761dfbb,4.0010628290474415,4.0010628290474415,50.0,1,1,0
/CatalogService/UpdateItem0a8c026f-3d33-4dc3-b767-2cbf16a7d84c,6.792315281927586,6.792315281927586,50.0,1,1,0
/CatalogService/UpdateItem0e189e3c-3aee-4628-947d-69e853b729db,2.282647881656885,2.282647881656885,50.0,1,1,0
/CatalogService/UpdateItem0ed7387a-05f8-4e63-8290-3b2866bfafe3,6.518431939184666,6.518431939184666,50.0,1,1,0
/CatalogService/UpdateItem0f9bc2d1-61e3-4c80-bd9a-e82947fadf56,7.780762854963541,7.780762854963541,50.0,1,1,0
/CatalogService/UpdateItem162499a8-7239-459f-8e7c-d6bf30547bf5,7.825991604477167,7.825991604477167,50.0,1,1,0
/CatalogService/UpdateItem1b6ea983-f053-4977-adde-93982086fabf,5.221186205744743,5.221186205744743,50.0,1,1,0
/CatalogService/UpdateItem21810864-a1a8-441e-b904-2f46ddb5850a,3.361429087817669,3.361429087817669,50.0,1,1,0
/CatalogService/UpdateItem2bf291b5-6edf-4144-90bc-66442e821c71,3.711272031068802,3.711272031068802,50.0,1,1,0
/CatalogService/UpdateItem2c525e66-ce92-47d8-8e18-95ab66b7a72b,13.566479086875916,13.566479086875916,50.0,1,1,0
/CatalogService/UpdateItem2d951f6d-631e-4f83-9018-08b1001491f9,2.4590217508375645,2.4590217508375645,50.0,1,1,0
/CatalogService/UpdateItem32129e77-bc9a-4b93-8907-27b8b212ff8f,5.620935931801796,5.620935931801796,50.0,1,1,0
/CatalogService/UpdateItem334a2daf-3939-44e5-83ac-d8c4ba974806,16.986346803605556,16.986346803605556,50.0,1,1,0
/CatalogService/UpdateItem353797ef-95a3-4a67-9634-ac26f6f45eeb,10.29393170028925,10.29393170028925,50.0,1,1,0
/CatalogService/UpdateItem358e08a1-1d95-4d0b-b7bb-dc305e28d75b,8.17464804276824,8.17464804276824,50.0,1,1,0
/CatalogService/UpdateItem3b606548-d018-406b-9b67-c08218d2aa38,28.23589788749814,28.23589788749814,50.0,1,1,0
/CatalogService/UpdateItem3e7687cf-1151-4eef-8e5b-405c3abbc44b,7.635003887116909,7.635003887116909,50.0,1,1,0
/CatalogService/UpdateItem41237153-603a-4dc4-9fb0-4d3e7914378d,8.183446247130632,8.183446247130632,50.0,1,1,0
/CatalogService/UpdateItem420550ac-71a3-47e6-b781-fce8bd0c9b47,8.727333974093199,8.727333974093199,50.0,1,1,0
/CatalogService/UpdateItem43386230-7f77-4675-ae94-30705195c25b,7.361225783824921,7.361225783824921,50.0,1,1,0
/CatalogService/UpdateItem47edcc80-258d-4f6b-bd0c-47d6c0d51d84,4.662544000893831,4.662544000893831,50.0,1,1,0
/CatalogService/UpdateItem48185cc9-bf39-4ec5-8177-a8ea79a02235,7.33987195417285,7.33987195417285,50.0,1,1,0
/CatalogService/UpdateItem4914a1f4-180f-4953-a000-7419c94771bc,3.1363507732748985,3.1363507732748985,50.0,1,1,0
/CatalogService/UpdateItem4dadc5c0-5365-41ba-96e6-5a7b85aafa3d,2.077499870210886,2.077499870210886,50.0,1,1,0
/CatalogService/UpdateItem4f226b32-89e3-4d90-a437-3e5eda1a8b10,3.180254716426134,3.180254716426134,50.0,1,1,0
/CatalogService/UpdateItem5f5ed920-31b0-4256-9b9f-56ac76e0a6f7,60.03824481740594,60.03824481740594,50.0,1,1,0
/CatalogService/UpdateItem6344e2af-adb9-49c3-b60d-e9c02e15b13d,7.125892210751772,7.125892210751772,50.0,1,1,0
/CatalogService/UpdateItem65d33d40-4fdc-4954-916e-679fd42339f8,14.933226630091667,14.933226630091667,50.0,1,1,0
/CatalogService/UpdateItem7b3ea906-449e-4b1d-81e1-c184625ecaa2,6.317667663097382,6.317667663097382,50.0,1,1,0
/CatalogService/UpdateItem84f89dbc-fbd6-4e2e-b935-c5bce60dda76,6.574870087206364,6.574870087206364,49.0,1,1,0
/CatalogService/UpdateItem85722826-5b1a-4063-93ed-1dda78272bc5,4.954335279762745,4.954335279762745,50.0,1,1,0
/CatalogService/UpdateItem87ef63a0-3ca2-448c-a263-94df362fa3ac,18.284701742231846,18.284701742231846,50.0,1,1,0
/CatalogService/UpdateItem895197f6-1b92-460e-87b4-6292f281939f,7.237154990434647,7.237154990434647,50.0,1,1,0
/CatalogService/UpdateItem8c698a01-544d-4b6c-8e86-b9251ef42e26,3.1181685626506805,3.1181685626506805,50.0,1,1,0
/CatalogService/UpdateItem8cb243d8-f716-4625-a7ad-d91037f223f2,5.527839995920658,5.527839995920658,50.0,1,1,0
/CatalogService/UpdateItem928e7c07-bdb2-4a09-84a1-f24dddf02d34,12.834175955504179,12.834175955504179,50.0,1,1,0
/CatalogService/UpdateItem9bdcbb23-0795-4c2d-8d68-23d39428e77a,3.9322231896221638,3.9322231896221638,50.0,1,1,0
/CatalogService/UpdateItema13c10f9-422a-4e0f-91aa-4f5b824eef3d,14.383110217750072,14.383110217750072,50.0,1,1,0
/CatalogService/UpdateItema542ce18-0dc0-4ebb-9328-04d74d859212,9.100796189159155,9.100796189159155,50.0,1,1,0
/CatalogService/UpdateItema56fa1f5-532c-4c63-a6c7-c5740ee93c37,6.488645914942026,6.488645914942026,50.0,1,1,0
/CatalogService/UpdateItemabf2aa28-8e65-4252-b754-ceb5f46e7058,2.8239283710718155,2.8239283710718155,50.0,1,1,0
/CatalogService/UpdateItemac233ee0-21d2-403f-9ce9-c628bdd00b4f,5.896810907870531,5.896810907870531,50.0,1,1,0
/CatalogService/UpdateItemb1e8a9b4-a0ad-429d-8782-c0066578ea0b,4.098672419786453,4.098672419786453,50.0,1,1,0
/CatalogService/UpdateItemb2b2a9e9-c791-433f-bcf5-2b343983d940,5.772875156253576,5.772875156253576,50.0,1,1,0
/CatalogService/UpdateItemb35c91da-8fa6-44aa-a6a7-c520a58f892b,3.319373819977045,3.319373819977045,50.0,1,1,0
/CatalogService/UpdateItemb6beb9e8-4e92-48ed-afad-ec3349075347,3.696952946484089,3.696952946484089,50.0,1,1,0
/CatalogService/UpdateItemb763c0d9-b7fe-4f83-b845-c040806f742e,2.9404889792203903,2.9404889792203903,50.0,1,1,0
/CatalogService/UpdateItemba13a036-d90e-47a9-ad0b-45ee76dfbf8a,4.304754082113504,4.304754082113504,50.0,1,1,0
/CatalogService/UpdateItemc5bc96c3-de17-4d68-8a4f-3ba0d766eb58,16.711325850337744,16.711325850337744,50.0,1,1,0
/CatalogService/UpdateItemc7dde505-1809-44cd-b3e4-20b860936185,6.022080779075623,6.022080779075623,49.0,1,1,0
/CatalogService/UpdateItemce385069-9079-49bd-941f-25ca2a034485,4.196366295218468,4.196366295218468,50.0,1,1,0
/CatalogService/UpdateItemd031b083-396f-46fb-a34b-0ac982c472df,4.048272036015987,4.048272036015987,50.0,1,1,0
/CatalogService/UpdateItemd0f7fe41-3cc6-4ef5-914c-35fccb4db3b5,6.879627238959074,6.879627238959074,50.0,1,1,0
/CatalogService/UpdateItemd0f800d0-66c1-4aa5-b11b-574a8661e2c4,4.430246073752642,4.430246073752642,50.0,1,1,0
/CatalogService/UpdateItemd1c63b2b-8970-4d53-8178-4f8ac17b521d,7.896768860518932,7.896768860518932,50.0,1,1,0
/CatalogService/UpdateItemd39fe3d4-6956-48e5-a1b7-531083add8c4,9.279402904212475,9.279402904212475,50.0,1,1,0
/CatalogService/UpdateItemd6f0ec0a-c77b-4f26-97cb-ec4ee86eb127,3.3333399333059788,3.3333399333059788,50.0,1,1,0
/CatalogService/UpdateItemd90dd760-b56f-4136-81f3-f60b051b3183,14.384236186742783,14.384236186742783,50.0,1,1,0
/CatalogService/UpdateItemdcd86a50-3c93-4c62-9d92-1b237b7f74a4,3.3910097554326057,3.3910097554326057,50.0,1,1,0
/CatalogService/UpdateItemdd0e5bb2-7a5b-421d-8e1c-b96c21e9e96a,81.08767913654447,81.08767913654447,50.0,1,1,0
/CatalogService/UpdateIteme167750b-8b08-438b-8cf3-7a738274d8c3,12.609621975570917,12.609621975570917,50.0,1,1,0
/CatalogService/UpdateIteme1d9ce55-618c-44f4-b7f7-2481be7c0999,6.026510149240494,6.026510149240494,50.0,1,1,0
/CatalogService/UpdateIteme1e71eac-86e2-4aa3-b2df-97e0b366ce21,14.085924718528986,14.085924718528986,50.0,1,1,0
/CatalogService/UpdateIteme2af95de-37bb-40cf-b16c-b79823e0329a,17.19233300536871,17.19233300536871,50.0,1,1,0
/CatalogService/UpdateIteme3c511a7-f3b2-4ccb-8d38-686f1842ccaa,11.012499686330557,11.012499686330557,50.0,1,1,0
/CatalogService/UpdateIteme5ec0f1a-6362-4011-9479-324325649b51,4.053380805999041,4.053380805999041,50.0,1,1,0
/CatalogService/UpdateIteme7aaf83e-aa3b-4469-a5e8-4f22861d1399,8.520240895450115,8.520240895450115,50.0,1,1,0
/CatalogService/UpdateIteme8ba1ea2-f2ae-4734-b2ff-e8773910a0e6,7.957687135785818,7.957687135785818,50.0,1,1,0
/CatalogService/UpdateItemea5b2659-0b45-4cbc-901b-1d0138ffb843,3.4020403400063515,3.4020403400063515,50.0,1,1,0
/CatalogService/UpdateItemecde6080-e33d-402d-9662-56336a13d841,9.54429805278778,9.54429805278778,50.0,1,1,0
/CatalogService/UpdateItemee4daf4e-92ee-4567-b246-43815f003b51,10.767553001642227,10.767553001642227,49.0,1,1,0
/CatalogService/UpdateItemf00a826e-51b4-418e-be2f-29ba22e8ab57,6.982594728469849,6.982594728469849,50.0,1,1,0
/CatalogService/UpdateItemf19b7366-52c1-4d5e-8f8d-742901687a68,36.13509610295296,36.13509610295296,50.0,1,1,0
/CatalogService/UpdateItemf31fd71d-a403-43ad-9d3d-b2a4cd3d2d2b,6.331153679639101,6.331153679639101,50.0,1,1,0
/CatalogService/UpdateItemf413f02d-a08c-45df-80be-350e7592cba2,15.183311887085438,15.183311887085438,50.0,1,1,0
/CatalogService/UpdateItemf4846efa-b03f-4541-844d-63028e471b29,6.517048925161362,6.517048925161362,50.0,1,1,0
/CatalogService/UpdateItemf4a43a62-00cc-4f6d-b980-e655fa3de186,35.65305611118674,35.65305611118674,50.0,1,1,0
/CatalogService/UpdateItemfe2c06d1-b523-445e-9852-3003cf18ba3a,12.098521925508976,12.098521925508976,50.0,1,1,0
/CatalogService/UpdateItemfeade762-b852-4104-b11a-e6633f309b87,17.305517103523016,17.305517103523016,50.0,1,1,0
/CatalogService/UpdateItemffb0a75e-7290-4d0d-aad0-12f9b0bc16e5,2.5045820511877537,2.5045820511877537,50.0,1,1,0
/CustomerService/CreateCustomer043c2a92-c0ac-46ed-89b9-a31398ec2a81,14.756359159946442,14.756359159946442,50.0,1,1,0
/CustomerService/CreateCustomer04fbdb49-1f6c-4d5f-b0c5-ad60377a9b7b,6.019352003931999,6.019352003931999,50.0,1,1,0
/CustomerService/CreateCustomer07ebff1c-ffc6-4b28-b710-804a1cfe0dd1,17.5430322997272,17.5430322997272,50.0,1,1,0
/CustomerService/CreateCustomer0de9f4bc-6542-4b34-9c6d-8f56b26cd095,14.282961841672659,14.282961841672659,50.0,1,1,0
/CustomerService/CreateCustomer10149362-bb8f-44d0-a926-24fd0d879ddb,12.375199235975742,12.375199235975742,50.0,1,1,0
/CustomerService/CreateCustomer144caca6-f8a7-40be-a3d4-455a24c2c6b3,15.051872935146093,15.051872935146093,50.0,1,1,0
/CustomerService/CreateCustomer16e66457-c15f-4c43-bc86-44a2074c2f01,11.270152870565653,11.270152870565653,50.0,1,1,0
/CustomerService/CreateCustomer18689438-1301-4d03-9a0e-61b744105f5f,13.337297830730677,13.337297830730677,50.0,1,1,0
/CustomerService/CreateCustomer20f6f8d7-6ce4-4629-9f82-8c8d254dc28a,18.27769400551915,18.27769400551915,50.0,1,1,0
/CustomerService/CreateCustomer214fe78a-dd1b-4401-b170-4481e1b21de6,17.33955182135105,17.33955182135105,50.0,1,1,0
/CustomerService/CreateCustomer217b9f96-6072-4f4b-8883-d0259ea8f7b5,14.762956649065018,14.762956649065018,50.0,1,1,0
/CustomerService/CreateCustomer2225fff2-6a6e-40ed-970e-d1f55ae9613d,15.928048174828291,15.928048174828291,50.0,1,1,0
/CustomerService/CreateCustomer22adeb38-2382-4bbe-a2db-80862141f243,13.300152961164713,13.300152961164713,50.0,1,1,0
/CustomerService/CreateCustomer26bfea28-cb52-4e8f-95d6-5e5bd01ee488,10.610742028802633,10.610742028802633,50.0,1,1,0
/CustomerService/CreateCustomer27dd03e4-932b-4d2c-9ee1-19c75ef2abb7,17.955079209059477,17.955079209059477,50.0,1,1,0
/CustomerService/CreateCustomer29c5efae-b3f6-49f3-9eb7-070d6d9f6955,5.742813926190138,5.742813926190138,50.0,1,1,0
/CustomerService/CreateCustomer2a7d1839-1291-4a77-ac6a-cee376ca3e09,5.396751221269369,5.396751221269369,50.0,1,1,0
/CustomerService/CreateCustomer2b1b62a2-b12d-4400-a7ec-e937f0e43f6f,15.323777683079243,15.323777683079243,50.0,1,1,0
/CustomerService/CreateCustomer2da335ad-426a-45a0-a148-88d753c207d9,3.762178122997284,3.762178122997284,50.0,1,1,0
/CustomerService/CreateCustomer305633a2-341c-4217-a981-8ade928b9d3c,4.8118289560079575,4.8118289560079575,50.0,1,1,0
/CustomerService/CreateCustomer32f69082-f7d5-4e80-a930-6da314fdc535,15.349364373832941,15.349364373832941,50.0,1,1,0
/CustomerService/CreateCustomer39c58be0-dfec-4e60-868b-9825c034e1ac,14.826412312686443,14.826412312686443,50.0,1,1,0
/CustomerService/CreateCustomer3a43df0b-75fa-456e-8e8a-eeaf5abd2526,4.833775106817484,4.833775106817484,50.0,1,1,0
/CustomerService/CreateCustomer3a5b5eff-612c-4c95-aa23-18b6ce42ac59,23.12498167157173,23.12498167157173,50.0,1,1,0
/CustomerService/CreateCustomer3bb8bd49-db37-4f2f-a3dd-f91b6dc10ff3,13.093766290694475,13.093766290694475,50.0,1,1,0
/CustomerService/CreateCustomer40d1d3d7-6fef-4391-a0cc-5bec4968f9e7,11.287764180451632,11.287764180451632,50.0,1,1,0
/CustomerService/CreateCustomer4164da45-b2cc-4403-89c1-2449eaef6963,4.242863971740007,4.242863971740007,50.0,1,1,0
/CustomerService/CreateCustomer44b20326-29a5-41f1-8ee3-78e7b996279b,12.013708706945181,12.013708706945181,50.0,1,1,0
/CustomerService/CreateCustomer47e949f6-b333-4b1c-9764-380cc8dbfa1d,6.821676157414913,6.821676157414913,50.0,1,1,0
/CustomerService/CreateCustomer4f6581cf-11d5-448d-8a98-912dece22fcf,20.404759794473648,20.404759794473648,50.0,1,1,0
/CustomerService/CreateCustomer51073353-b787-477f-b3a5-718bf93285f7,13.260651845484972,13.260651845484972,50.0,1,1,0
/CustomerService/CreateCustomer528e2db3-d81e-4884-a9de-b975850b4c54,21.079815924167633,21.079815924167633,50.0,1,1,0
/CustomerService/CreateCustomer57ab568d-fb09-454c-b90e-9777162df126,15.289560426026583,15.289560426026583,50.0,1,1,0
/CustomerService/CreateCustomer5992a226-c61d-4017-8a53-bc37421b5f16,15.736926812678576,15.736926812678576,50.0,1,1,0
/CustomerService/CreateCustomer5a55ba54-d4c0-410b-9d8a-71df9b90d5db,14.603504911065102,14.603504911065102,50.0,1,1,0
/CustomerService/CreateCustomer660c0b15-4e5a-4ebe-af5c-cabfac194add,19.40637920051813,19.40637920051813,50.0,1,1,0
/CustomerService/CreateCustomer6cac6b65-99f2-4177-a3f0-36a1f658a865,7.990555837750435,7.990555837750435,50.0,1,1,0
/CustomerService/CreateCustomer6e5e50b6-f108-447a-ab49-8f9f6b8cbec6,5.002080928534269,5.002080928534269,50.0,1,1,0
/CustomerService/CreateCustomer7078d2fa-86e6-4baa-ba05-8e33c1f8e78b,12.241146992892027,12.241146992892027,50.0,1,1,0
/CustomerService/CreateCustomer723c9140-9452-46d6-ba5c-a7c4bca22e04,19.91978706791997,19.91978706791997,50.0,1,1,0
/CustomerService/CreateCustomer72dde40a-dd25-4f4b-a6f5-f91010eef2ab,22.318588104099035,22.318588104099035,50.0,1,1,0
/CustomerService/CreateCustomer75208dda-fe4e-4005-bb27-8eaa72ccbdf3,15.732607804238796,15.732607804238796,50.0,1,1,0
/CustomerService/CreateCustomer778747f4-23d5-454e-9bbf-1daa5bf6e195,15.1805579662323,15.1805579662323,50.0,1,1,0
/CustomerService/CreateCustomer7793a4da-9de2-4847-979f-c720e69444da,13.33201676607132,13.33201676607132,50.0,1,1,0
/CustomerService/CreateCustomer7d05fbae-9c7f-408f-9e50-863ddcd8fed4,5.297304131090641,5.297304131090641,50.0,1,1,0
/CustomerService/CreateCustomer7f459674-3853-4288-a4b7-e3c509837d00,12.776833958923817,12.776833958923817,50.0,1,1,0
/CustomerService/CreateCustomer84187131-c43b-4ee5-8a5b-6ddcec498cd1,6.329485215246677,6.329485215246677,50.0,1,1,0
/CustomerService/CreateCustomer8a045d34-bf0a-4190-b93c-4e771cca1799,20.360575057566166,20.360575057566166,50.0,1,1,0
/CustomerService/CreateCustomer8c8d1b9e-6474-49df-920d-6370dff510c2,16.219439916312695,16.219439916312695,50.0,1,1,0
/CustomerService/CreateCustomer8e8e3fc2-c0c4-4c03-a8ae-b2a2b175399b,24.59028922021389,24.59028922021389,50.0,1,1,0
/CustomerService/CreateCustomer92cb5821-56e7-4856-8602-40f5d01d4f4c,12.449915055185556,12.449915055185556,50.0,1,1,0
/CustomerService/CreateCustomer966f685c-25a1-4c27-bba2-dcb9b35b339d,20.31719498336315,20.31719498336315,50.0,1,1,0
/CustomerService/CreateCustomer983d0eb6-0d7a-4d51-a071-d1422e9955cf,12.409401126205921,12.409401126205921,50.0,1,1,0
/CustomerService/CreateCustomer9c17a87a-1097-404d-84d9-c2b93ddae770,14.820593874901533,14.820593874901533,50.0,1,1,0
/CustomerService/CreateCustomer9dbc3a67-912e-4642-a83b-ac80d4f8b1cf,14.201990328729153,14.201990328729153,50.0,1,1,0
/CustomerService/CreateCustomer9f03e6ef-1649-4d70-93c9-fac4b0210e3d,9.735387284308672,9.735387284308672,50.0,1,1,0
/CustomerService/CreateCustomera1f1d9e9-8170-49af-80a2-79ada45ad150,14.357149135321379,14.357149135321379,50.0,1,1,0
/CustomerService/CreateCustomera334b150-9ed0-4fd7-a37c-217fb0799015,20.246696658432484,20.246696658432484,50.0,1,1,0
/CustomerService/CreateCustomera5a4ee38-e156-413a-a36d-916928e99967,17.278865911066532,17.278865911066532,50.0,1,1,0
/CustomerService/CreateCustomeraefc7c22-639d-4322-8bd9-9fbcb04a01e5,15.938867814838886,15.938867814838886,50.0,1,1,0
/CustomerService/CreateCustomerb96b5539-9721-4eb1-95fc-d853a10e03fa,13.061320874840021,13.061320874840021,50.0,1,1,0
/CustomerService/CreateCustomerbe5d2753-621d-4a70-84ea-80ecaa173c56,21.000016946345568,21.000016946345568,50.0,1,1,0
/CustomerService/CreateCustomerc29e99b0-fa6d-4b4e-bd86-e744d3cbcc65,15.852860175073147,15.852860175073147,50.0,1,1,0
/CustomerService/CreateCustomerc40eff89-e16a-4f70-9a5a-b131367af969,5.341828800737858,5.341828800737858,50.0,1,1,0
/CustomerService/CreateCustomerc6c88f73-279b-4b8b-b335-7c0948d08cfd,10.200725868344307,10.200725868344307,50.0,1,1,0
/CustomerService/CreateCustomerd0d25d27-cf64-4748-8ced-f8f21bbb8d98,5.507325753569603,5.507325753569603,50.0,1,1,0
/CustomerService/CreateCustomerd46b4f6b-934d-49af-8c53-f97eb39d9d1e,12.692751828581095,12.692751828581095,50.0,1,1,0
/CustomerService/CreateCustomerdb4c49fe-df67-42e2-8189-0425942a33ab,21.971357986330986,21.971357986330986,50.0,1,1,0
/CustomerService/CreateCustomerdb8aabbc-15de-4d18-b4d2-b2f326b1e81b,15.726266894489527,15.726266894489527,50.0,1,1,0
/CustomerService/CreateCustomere3e45e58-217d-4d8f-8d76-d7c3fe13acf9,17.268550116568804,17.268550116568804,50.0,1,1,0
/CustomerService/CreateCustomere431e2b2-03c5-4255-a3b4-a709af3ed453,15.239147003740072,15.239147003740072,50.0,1,1,0
/CustomerService/CreateCustomere537b12d-6f9d-41ad-a9d8-0dc252bf0c6f,4.367453046143055,4.367453046143055,50.0,1,1,0
/CustomerService/CreateCustomere7a559d2-9455-4bef-a706-736b85880ac4,13.326758984476328,13.326758984476328,50.0,1,1,0
/CustomerService/CreateCustomereba73373-6a6d-4bf8-bca7-06ddb0f498ee,20.039282739162445,20.039282739162445,50.0,1,1,0
/CustomerService/CreateCustomerebab0092-43f1-49c6-a4af-f4c799cdb872,18.781346268951893,18.781346268951893,50.0,1,1,0
/CustomerService/CreateCustomeref32f1a0-4f89-4ea7-8b58-a313a0108592,8.212173823267221,8.212173823267221,50.0,1,1,0
/CustomerService/CreateCustomerfa404095-556c-4ef8-95e7-17f819f5d0fc,22.03204995021224,22.03204995021224,50.0,1,1,0
/CustomerService/CreateCustomerfbb0a5a2-4df9-4912-9b2c-989ff4255f44,6.145943887531757,6.145943887531757,50.0,1,1,0
/CustomerService/CreateCustomerfe63b309-2bce-4ffa-8f8c-36837a22a393,12.093273922801018,12.093273922801018,50.0,1,1,0
/CustomerService/CreateCustomerff6c8ecb-72ae-4c82-bc06-ac499a0f2a19,5.760503932833672,5.760503932833672,50.0,1,1,0
/CustomerService/UpdateCustomer0268e6d0-ae10-4bcb-b2e8-9eb6521bd8d4,6.570071913301945,6.570071913301945,50.0,1,1,0
/CustomerService/UpdateCustomer11360fbd-96c6-40e5-aaaa-0938177dcce5,6.8073938600718975,6.8073938600718975,50.0,1,1,0
/CustomerService/UpdateCustomer17823354-9e0a-4567-aa53-918f2ae5a888,9.364394005388021,9.364394005388021,50.0,1,1,0
/CustomerService/UpdateCustomer1b32cb56-4409-4eae-84e4-f140e5db23b6,6.724322680383921,6.724322680383921,50.0,1,1,0
/CustomerService/UpdateCustomer207a6407-13d3-46c6-bfac-932c9a9992cf,5.8784871362149715,5.8784871362149715,50.0,1,1,0
/CustomerService/UpdateCustomer2c955e26-47ab-4396-9cb2-030716d70e8b,8.948799688369036,8.948799688369036,50.0,1,1,0
/CustomerService/UpdateCustomer3090a049-a5b3-4571-83bc-88ce2d6d1fe3,11.094135697931051,11.094135697931051,50.0,1,1,0
/CustomerService/UpdateCustomer31111fed-c1a7-4611-b790-7c95248d5d51,7.988722063601017,7.988722063601017,50.0,1,1,0
/CustomerService/UpdateCustomer34addb5c-fda7-4490-bb49-a85613b6138a,9.317479096353054,9.317479096353054,50.0,1,1,0
/CustomerService/UpdateCustomer3504a347-c724-4b7f-8b98-e6e1f304d3af,4.93912398815155,4.93912398815155,50.0,1,1,0
/CustomerService/UpdateCustomer39e86f8b-7735-46af-bdc3-cc245dea457f,4.144103731960058,4.144103731960058,50.0,1,1,0
/CustomerService/UpdateCustomer3a3f9620-e67b-4d8f-b5c8-8ef5ab1ce36c,12.392513919621706,12.392513919621706,50.0,1,1,0
/CustomerService/UpdateCustomer3ac3e79e-be41-43c0-a4ea-74a2871e9af1,5.760121159255505,5.760121159255505,50.0,1,1,0
/CustomerService/UpdateCustomer3c451ad8-b168-4ba5-9e80-0880fee4b8dd,12.714516837149858,12.714516837149858,50.0,1,1,0
/CustomerService/UpdateCustomer3e4e8757-a301-47de-896a-5eb2af64dec2,5.532565992325544,5.532565992325544,50.0,1,1,0
/CustomerService/UpdateCustomer41c7d809-1078-4544-8120-1463d084a53e,9.63945733383298,9.63945733383298,50.0,1,1,0
/CustomerService/UpdateCustomer43dea692-708f-450a-b1c8-cb4bb354ddd2,8.711470291018486,8.711470291018486,50.0,1,1,0
/CustomerService/UpdateCustomer45052690-0bd7-414e-95c0-7b5a7e86ff0d,6.261840928345919,6.261840928345919,50.0,1,1,0
/CustomerService/UpdateCustomer4e4b3422-8d11-49a6-853c-9c0621d72501,10.85679279640317,10.85679279640317,50.0,1,1,0
/CustomerService/UpdateCustomer4f36786b-a13c-4937-b90c-483caac7c104,9.525330737233162,9.525330737233162,50.0,1,1,0
/CustomerService/UpdateCustomer4f62813c-3c8d-4009-87fc-5a3f02d85e4f,9.787469170987606,9.787469170987606,50.0,1,1,0
/CustomerService/UpdateCustomer5325e771-e3e1-4c9a-9599-e45de7d8cad2,8.04988807067275,8.04988807067275,50.0,1,1,0
/CustomerService/UpdateCustomer5b2f8463-b28e-4b23-b51f-8cf96cfccbd6,5.864714737981558,5.864714737981558,50.0,1,1,0
/CustomerService/UpdateCustomer5d980162-26e8-43eb-aff9-d6fad2720188,7.678603287786245,7.678603287786245,50.0,1,1,0
/CustomerService/UpdateCustomer66d64229-4f4b-4e0c-ad36-a60cae6aa8be,9.018550626933575,9.018550626933575,50.0,1,1,0
/CustomerService/UpdateCustomer68ddcc25-1264-4395-a557-9bf8278a6791,7.258010096848011,7.258010096848011,50.0,1,1,0
/CustomerService/UpdateCustomer6b2799ea-d9a8-4c29-806c-3acdff261131,9.821023792028427,9.821023792028427,50.0,1,1,0
/CustomerService/UpdateCustomer6b959253-1081-47c7-9c8b-41c9da2a586c,6.320473738014698,6.320473738014698,50.0,1,1,0
/CustomerService/UpdateCustomer6eae457a-d211-443b-a54f-7b1e2bf5ec14,9.012524038553238,9.012524038553238,50.0,1,1,0
/CustomerService/UpdateCustomer6f220ca0-edb0-4eb8-ad3d-6615948dcdba,5.712089128792286,5.712089128792286,50.0,1,1,0
/CustomerService/UpdateCustomer6fd39426-a8a2-4a30-96f7-5027f30be419,6.2032719142735,6.2032719142735,50.0,1,1,0
/CustomerService/UpdateCustomer715a8f62-4a51-418f-8f80-6bfacec6e2e2,7.673733867704868,7.673733867704868,50.0,1,1,0
/CustomerService/UpdateCustomer74a2b6a9-ef1c-4af7-ae04-7f1ee93fcaf1,16.69801864773035,16.69801864773035,50.0,1,1,0
/CustomerService/UpdateCustomer7571cc0f-858a-4ea5-9e6f-57ada86f46d6,11.12027931958437,11.12027931958437,50.0,1,1,0
/CustomerService/UpdateCustomer7a2ec3dc-d151-499f-adc3-bd0a6b03a442,5.877780262380838,5.877780262380838,50.0,1,1,0
/CustomerService/UpdateCustomer7d72d568-243d-41d3-8419-a9f977e2b90b,6.863289978355169,6.863289978355169,50.0,1,1,0
/CustomerService/UpdateCustomer852a62ac-1ce7-47dd-a9f1-dc75cca61a8a,12.833331245929003,12.833331245929003,50.0,1,1,0
/CustomerService/UpdateCustomer85322f8c-65ca-4736-b6c5-cbb6f4c0c4a2,6.101006641983986,6.101006641983986,50.0,1,1,0
/CustomerService/UpdateCustomer85a98e6d-b7be-4fa7-a783-fc897193b82e,6.870217155665159,6.870217155665159,50.0,1,1,0
/CustomerService/UpdateCustomer86a32415-4400-4629-b257-c3690ae747fc,8.517115842550993,8.517115842550993,50.0,1,1,0
/CustomerService/UpdateCustomer86e094bc-eb2b-473e-9ac8-9f1a08be1101,4.584906157106161,4.584906157106161,50.0,1,1,0
/CustomerService/UpdateCustomer886fadd7-592b-493b-9323-ae757209505f,10.95266081392765,10.95266081392765,50.0,1,1,0
/CustomerService/UpdateCustomer8a5a4665-ea8c-4d64-a5af-41700c592f2f,4.5126560144126415,4.5126560144126415,50.0,1,1,0
/CustomerService/UpdateCustomer8c96a0aa-dd73-4c02-a567-a0ab781d4396,8.03966075181961,8.03966075181961,50.0,1,1,0
/CustomerService/UpdateCustomer8da6d001-7518-49a8-9e33-e51ad599769c,11.531102936714888,11.531102936714888,50.0,1,1,0
/CustomerService/UpdateCustomer8e0f8122-1474-48d2-a462-b00841c3b7cd,6.567769218236208,6.567769218236208,50.0,1,1,0
/CustomerService/UpdateCustomer93e1ff4b-100c-4799-b46b-8367c82b2488,8.44464497640729,8.44464497640729,50.0,1,1,0
/CustomerService/UpdateCustomer9aec533c-2902-48c4-8eca-70f9588b0077,9.257226251065731,9.257226251065731,50.0,1,1,0
/CustomerService/UpdateCustomer9c7ead01-4d07-408b-a5d4-5e7c5d5f4e0f,11.632498819380999,11.632498819380999,50.0,1,1,0
/CustomerService/UpdateCustomer9dbe0a6e-97b5-4ae9-ad9a-58c784f8e22a,8.092169184237719,8.092169184237719,50.0,1,1,0
/CustomerService/UpdateCustomera3e52c1b-4ff1-473f-a9d4-aefa96321e65,6.6128321923315525,6.6128321923315525,50.0,1,1,0
/CustomerService/UpdateCustomera5b8f93c-1120-467b-90e6-6de6720f0c0c,5.757366772741079,5.757366772741079,50.0,1,1,0
/CustomerService/UpdateCustomera8ea3234-1990-43bf-80bf-f6f1d72bca6e,7.594732102006674,7.594732102006674,50.0,1,1,0
/CustomerService/UpdateCustomeraade6274-b49d-4c26-a3c0-530651c12f21,10.40763035416603,10.40763035416603,50.0,1,1,0
/CustomerService/UpdateCustomerab0dc469-0fcc-408c-b106-1a04aed78608,10.681271087378263,10.681271087378263,50.0,1,1,0
/CustomerService/UpdateCustomerae343ac5-f2f8-4b41-8c55-c3fc4c8f6347,5.350568797439337,5.350568797439337,50.0,1,1,0
/CustomerService/UpdateCustomerb0c61ad4-0537-4884-9824-cbc7385c18fe,5.641740281134844,5.641740281134844,50.0,1,1,0
/CustomerService/UpdateCustomerb35854e2-6dd3-4f73-9453-21db692dbc5b,7.0995730347931385,7.0995730347931385,50.0,1,1,0
/CustomerService/UpdateCustomerb7701bdd-0bd3-45d1-9fc8-88d433884bbf,5.413272883743048,5.413272883743048,50.0,1,1,0
/CustomerService/UpdateCustomerb7f51a51-c2ac-4be7-9eb1-47f5f4bc1c54,9.30554373189807,9.30554373189807,50.0,1,1,0
/CustomerService/UpdateCustomerbc697fb1-a6c5-4f1b-a0fd-6b3490e40185,26.216336991637945,26.216336991637945,50.0,1,1,0
/CustomerService/UpdateCustomerbf68bdc4-2f8b-4b3b-a9fb-882fbdc1d19a,4.516563843935728,4.516563843935728,50.0,1,1,0
/CustomerService/UpdateCustomerc4385ad2-a659-46ba-aec3-aa8b4d45c3f7,4.47441078722477,4.47441078722477,50.0,1,1,0
/CustomerService/UpdateCustomerd5048813-3aaa-4014-aa8b-7fc38e519876,9.716528002172709,9.716528002172709,50.0,1,1,0
/CustomerService/UpdateCustomerda0d0002-e891-4aae-a815-b44bb213370b,5.551090929657221,5.551090929657221,50.0,1,1,0
/CustomerService/UpdateCustomere024efd4-4fdc-45bc-9819-97cb7689b278,4.98997000977397,4.98997000977397,50.0,1,1,0
/CustomerService/UpdateCustomere0ef9ae0-f763-4843-b013-158fab3b6cec,7.192608900368214,7.192608900368214,50.0,1,1,0
/CustomerService/UpdateCustomere3dcaf55-2fd0-4c78-bc3d-2c59a57e3cbd,5.887027829885483,5.887027829885483,50.0,1,1,0
/CustomerService/UpdateCustomere69c566b-a8d6-4133-a3f1-877b1d0e4532,9.950269013643265,9.950269013643265,50.0,1,1,0
/CustomerService/UpdateCustomere986e8cf-a028-4a34-a6c7-c654a18f3b97,5.35921286791563,5.35921286791563,50.0,1,1,0
/CustomerService/UpdateCustomerec720e30-7d6c-4c03-8f5e-c47ac0dadf7f,12.346516828984022,12.346516828984022,50.0,1,1,0
/CustomerService/UpdateCustomerf02492d3-c26f-4735-8bb9-4b06ab6c50a5,10.06631599739194,10.06631599739194,50.0,1,1,0
/CustomerService/UpdateCustomerf0f8bcfa-2bf7-4a73-82ae-e9266fa73ba2,5.897118244320154,5.897118244320154,50.0,1,1,0
/CustomerService/UpdateCustomerf21ca6b0-1c4d-4e5b-aaaf-ebeb03912665,8.188995067030191,8.188995067030191,50.0,1,1,0
/CustomerService/UpdateCustomerf7380dab-2851-4fe5-a303-ee1fed3e307d,4.596061073243618,4.596061073243618,50.0,1,1,0
/CustomerService/UpdateCustomerf925ad14-9d11-4d8e-8e60-6af8d4b749c6,4.2477259412407875,4.2477259412407875,50.0,1,1,0
/CustomerService/UpdateCustomerf9fb1df1-00c5-4c10-9d87-e6455ef89e09,4.039913881570101,4.039913881570101,50.0,1,1,0
/CustomerService/UpdateCustomerfba2e085-ec75-46a8-859a-68e4c9a592fa,4.327781964093447,4.327781964093447,50.0,1,1,0
/CustomerService/UpdateCustomerfbc4d0e3-7cbe-4b44-81da-472033a261d5,6.592970807105303,6.592970807105303,50.0,1,1,0
/CustomerService/UpdateCustomerfe4f9245-087a-4858-9a34-be40a8700f39,6.598576903343201,6.598576903343201,50.0,1,1,0
/CustomerService/getCustomer01fe179c-d794-45c4-944b-fb624839630d,8.225330151617527,8.225330151617527,2.0,1,1,0
/CustomerService/getCustomer02ac23f3-5f54-482f-ab6e-6b56d141e1f6,2.3868028074502945,2.3868028074502945,2.0,1,1,0
/CustomerService/getCustomer0687c1cf-fd76-4a55-92d9-42847c77759b,4.963804967701435,4.963804967701435,2.0,1,1,0
/CustomerService/getCustomer0ab7b2b4-8398-4b85-a7e9-564420d5f20c,3.8971598260104656,3.8971598260104656,2.0,1,1,0
/CustomerService/getCustomer0c835c7a-369e-4459-bcb5-4242940e1dd5,2.680187113583088,2.680187113583088,2.0,1,1,0
/CustomerService/getCustomer0e11d490-ecaf-4c80-bef3-66e18aa23f04,8.611395955085754,8.611395955085754,2.0,1,1,0
/CustomerService/getCustomer12158ad8-139e-4229-bdfa-a68076d10c86,3.6896439269185066,3.6896439269185066,2.0,1,1,0
/CustomerService/getCustomer16ac6448-2b52-47d4-b82d-cd52a02e5171,2.587198279798031,2.587198279798031,2.0,1,1,0
/CustomerService/getCustomer190732fc-f82e-45a8-85f1-3f5489e4f5d3,3.1581399962306023,3.1581399962306023,2.0,1,1,0
/CustomerService/getCustomer1984fbd3-c549-400d-8c81-b2200a89633a,2.3485771380364895,2.3485771380364895,2.0,1,1,0
/CustomerService/getCustomer21e0c81e-6d97-453c-b188-6f3e6e1ddd09,2.837616950273514,2.837616950273514,2.0,1,1,0
/CustomerService/getCustomer22736d81-c0a3-422d-ab19-96556ab3e976,4.506404977291822,4.506404977291822,2.0,1,1,0
/CustomerService/getCustomer2555b303-818a-47a6-b490-83d907618b36,4.888935945928097,4.888935945928097,2.0,1,1,0
/CustomerService/getCustomer29f92f7a-99a2-4714-9814-358a149f6b0e,69.23946691676974,69.23946691676974,2.0,1,1,0
/CustomerService/getCustomer2a5d567e-c6a2-4a4e-9362-a171a2fa8805,2.1364479325711727,2.1364479325711727,2.0,1,1,0
/CustomerService/getCustomer2b1a25c9-ef4d-4a8d-a7ac-0c89a46535ec,4.6165259554982185,4.6165259554982185,2.0,1,1,0
/CustomerService/getCustomer355cdd9e-81f2-40f1-82d1-f6c31fe6bc4f,5.30978012830019,5.30978012830019,2.0,1,1,0
/CustomerService/getCustomer361363fd-a6bb-4279-a33b-2ba582c95cb0,60.35769497975707,60.35769497975707,2.0,1,1,0
/CustomerService/getCustomer3619d931-eec7-437a-97bc-f5a1935d3c65,2.564038150012493,2.564038150012493,2.0,1,1,0
/CustomerService/getCustomer37ff64e0-5aae-4021-8130-d93ea9c36607,2.1845828741788864,2.1845828741788864,2.0,1,1,0
/CustomerService/getCustomer380f52a4-26b9-4e5b-99fc-3c9e7fa02899,3.8398499600589275,3.8398499600589275,2.0,1,1,0
/CustomerService/getCustomer3838ba35-555f-4b4d-82ab-2dfc6526cc68,6.1349207535386086,6.1349207535386086,2.0,1,1,0
/CustomerService/getCustomer39e74222-fd25-428a-acb8-6c6cdacc43ce,3.2349959947168827,3.2349959947168827,2.0,1,1,0
/CustomerService/getCustomer3f0140d6-f7f2-4a7a-844b-2dc5fc070831,6.335949990898371,6.335949990898371,2.0,1,1,0
/CustomerService/getCustomer40d63de0-2cf4-4e2a-95db-b8dfd1949ff7,64.55571297556162,64.55571297556162,2.0,1,1,0
/CustomerService/getCustomer41b660fa-3ed4-4b64-a951-d6445a67d214,5.782306659966707,5.782306659966707,2.0,1,1,0
/CustomerService/getCustomer4400fbea-b50a-4fc9-a1bc-3404b77af9c0,1.7459960654377937,1.7459960654377937,2.0,1,1,0
/CustomerService/getCustomer4568e3de-c1cb-4dcf-aca2-7fbc5cb379c5,5.758126266300678,5.758126266300678,2.0,1,1,0
/CustomerService/getCustomer4724c3f8-c23e-4b35-84a7-f5544ec9d764,6.388211157172918,6.388211157172918,2.0,1,1,0
/CustomerService/getCustomer498252ee-e147-487e-b791-e953c3ccb889,7.107999641448259,7.107999641448259,2.0,1,1,0
/CustomerService/getCustomer4f5d0d58-2e66-425f-8231-cff762c93e65,3.977433778345585,3.977433778345585,2.0,1,1,0
/CustomerService/getCustomer53f54f69-c27b-4e75-8191-95421109d1f8,7.038634270429611,7.038634270429611,2.0,1,1,0
/CustomerService/getCustomer54d13cd0-f199-4612-876f-88ec33ea76ad,2.829431090503931,2.829431090503931,2.0,1,1,0
/CustomerService/getCustomer55c6d84e-92ea-4256-813d-d660d197135d,2.303814049810171,2.303814049810171,2.0,1,1,0
/CustomerService/getCustomer5600ed88-4a0b-4d6e-a6ff-d9c17a9f17b0,7.4149868451058865,7.4149868451058865,2.0,1,1,0
/CustomerService/getCustomer5774b566-8fed-4f11-aad5-36ed1e91bdeb,42.73307602852583,42.73307602852583,2.0,1,1,0
/CustomerService/getCustomer5a8d78a3-d62b-44b9-b39f-7602ddc70b40,7.31509318575263,7.31509318575263,2.0,1,1,0
/CustomerService/getCustomer5cf7f695-3a3d-4049-9adc-5d60b301b31b,2.9676449485123158,2.9676449485123158,2.0,1,1,0
/CustomerService/getCustomer5d74ec6f-bb65-4d35-9fc4-c32768fb0aeb,5.330996122211218,5.330996122211218,2.0,1,1,0
/CustomerService/getCustomer5f47f52f-8ea7-47f0-9ec0-90fa89ec2e77,5.959959700703621,5.959959700703621,2.0,1,1,0
/CustomerService/getCustomer652aeadb-ae1c-42af-8d44-802f91c30f58,2.1423413418233395,2.1423413418233395,2.0,1,1,0
/CustomerService/getCustomer65a0d91b-9915-4948-bdaf-dfa7405b214b,3.7174709141254425,3.7174709141254425,2.0,1,1,0
/CustomerService/getCustomer68442d27-4471-4563-9d44-4a2009f94335,2.526198048144579,2.526198048144579,2.0,1,1,0
/CustomerService/getCustomer6b5332cc-539b-45e8-ba35-48cad1df0c9f,4.69823507592082,4.69823507592082,2.0,1,1,0
/CustomerService/getCustomer6d2f491c-3f80-4348-923f-047bbebf3dba,5.502698943018913,5.502698943018913,2.0,1,1,0
/CustomerService/getCustomer6eccb6fd-f29a-4d42-ac7a-3ae56d3b8f81,4.1886549443006516,4.1886549443006516,2.0,1,1,0
/CustomerService/getCustomer736081bb-a246-4b4b-b96d-83436f62ff0d,7.285355124622583,7.285355124622583,2.0,1,1,0
/CustomerService/getCustomer737d6ae4-2b9e-496a-b206-78ff0b161293,7.126314099878073,7.126314099878073,2.0,1,1,0
/CustomerService/getCustomer7c4878cd-7640-4627-a631-81923638a8d5,4.97305067256093,4.97305067256093,2.0,1,1,0
/CustomerService/getCustomer7d1bfe44-67c0-4415-bc21-8c3b00ba91b9,3.6044390872120857,3.6044390872120857,2.0,1,1,0
/CustomerService/getCustomer8258cb1c-4fe7-4d78-8437-a1e8360277fd,7.606768980622292,7.606768980622292,2.0,1,1,0
/CustomerService/getCustomer8ac55040-1617-44c3-a8c9-d9a6535596c8,3.000423312187195,3.000423312187195,2.0,1,1,0
/CustomerService/getCustomer8d4ab3ff-9fad-40f3-96a6-7fe9f86f8eb7,6.561380811035633,6.561380811035633,2.0,1,1,0
/CustomerService/getCustomer9185bdd6-a7f8-46e1-967e-2d2f51168638,6.0273571871221066,6.0273571871221066,2.0,1,1,0
/CustomerService/getCustomer9b676454-064b-4a43-bc5f-3c04fc40c1e9,3.8406942039728165,3.8406942039728165,2.0,1,1,0
/CustomerService/getCustomer9ca99d87-a06e-4203-8e07-96c03962536c,6.5347482450306416,6.5347482450306416,2.0,1,1,0
/CustomerService/getCustomera5f92c71-d966-495c-80c7-176a50a8eaf0,5.460523068904877,5.460523068904877,2.0,1,1,0
/CustomerService/getCustomera675ed15-3639-445d-8d91-36d46bab0a5f,6.885970942676067,6.885970942676067,2.0,1,1,0
/CustomerService/getCustomera6b330dc-1059-4fe6-af69-4f3c26524d39,6.127631291747093,6.127631291747093,2.0,1,1,0
/CustomerService/getCustomeraf019e1c-d8b1-4f10-aa8a-1e0347002b4b,5.69115998223424,5.69115998223424,2.0,1,1,0
/CustomerService/getCustomerafa9dfe1-ebc2-47c7-a785-a8ea4f136a0d,69.32152109220624,69.32152109220624,2.0,1,1,0
/CustomerService/getCustomerb2b9e322-b97a-48bb-aac0-17857aa72c46,4.973030183464289,4.973030183464289,2.0,1,1,0
/CustomerService/getCustomerb3c559e5-81dc-47ea-a993-9a45beb276cd,2.5592572055757046,2.5592572055757046,2.0,1,1,0
/CustomerService/getCustomerb76f9edc-5f80-4354-b365-83de21013c29,7.091701962053776,7.091701962053776,2.0,1,1,0
/CustomerService/getCustomerb83ff356-4d97-4be5-8a43-6f623b1cab73,5.869325250387192,5.869325250387192,2.0,1,1,0
/CustomerService/getCustomerbb6ca4e5-bc1d-4c4d-83c3-b40b9dca735a,4.624946974217892,4.624946974217892,2.0,1,1,0
/CustomerService/getCustomerbbcea4e2-5806-4cae-b3c9-7f6ce7261bc6,8.890397846698761,8.890397846698761,2.0,1,1,0
/CustomerService/getCustomerbd84cdcc-2695-4565-8ffc-d23817262359,8.078175596892834,8.078175596892834,2.0,1,1,0
/CustomerService/getCustomerbe6ad540-9b0c-4d5d-85dd-4aaab45ac0c2,2.339575905352831,2.339575905352831,2.0,1,1,0
/CustomerService/getCustomerc59b858a-4edd-4407-9844-1427dd4742ac,6.705600302666426,6.705600302666426,2.0,1,1,0
/CustomerService/getCustomerc5bf9e5c-ba4a-483c-b27d-a1db66cd65c9,2.29050824418664,2.29050824418664,2.0,1,1,0
/CustomerService/getCustomerd3837882-57f7-4689-ae91-b3e8eb99a55b,4.782652948051691,4.782652948051691,2.0,1,1,0
/CustomerService/getCustomerd57a908f-754c-4f0f-9f63-a9a8656b1ef1,4.202981013804674,4.202981013804674,2.0,1,1,0
/CustomerService/getCustomerd743c454-094f-408b-bb27-11a9e2adbc68,4.448158200830221,4.448158200830221,2.0,1,1,0
/CustomerService/getCustomere0669cb3-4a67-418a-9c8d-6e3e0f83b757,1.9403062760829926,1.9403062760829926,2.0,1,1,0
/CustomerService/getCustomere73a9f84-1704-4862-a06b-6e784b917a6e,3.2262587919831276,3.2262587919831276,2.0,1,1,0
/CustomerService/getCustomere8ea1d45-b3f6-415e-a5c6-8ba94e9f4d73,5.057570058852434,5.057570058852434,2.0,1,1,0
/CustomerService/getCustomereebdb979-a67a-4cdc-a35f-9565920eeff7,1.9260887056589127,1.9260887056589127,2.0,1,1,0
/CustomerService/getCustomerf27d4e1d-104e-4790-9867-7244dc4f884b,4.174927249550819,4.174927249550819,2.0,1,1,0
/CustomerService/getCustomerfd0d02ef-a4a2-47ce-8aff-a410f6ad7f98,4.536558873951435,4.536558873951435,2.0,1,1,0
/OrderService/CreateOrder0176b689-94c8-4209-8e83-95f0fa6cd891,10.394757147878408,10.394757147878408,50.0,1,1,0
/OrderService/CreateOrder02957ce7-515e-44a5-b211-a872b934557a,2.7346350252628326,2.7346350252628326,50.0,1,1,0
/OrderService/CreateOrder03038548-a4e3-4342-8283-dd1c5f7df852,8.575398940593004,8.575398940593004,50.0,1,1,0
/OrderService/CreateOrder034164b5-db0a-4880-82e1-fcc50ad1c0dd,9.500817861407995,9.500817861407995,50.0,1,1,0
/OrderService/CreateOrder081a8a09-f20a-411f-adf4-9ac5ce567b16,2.5906949304044247,2.5906949304044247,50.0,1,1,0
/OrderService/CreateOrder120d9753-7757-4ec2-a242-fe1095b0485f,9.090234991163015,9.090234991163015,50.0,1,1,0
/OrderService/CreateOrder16c29f4b-a9ac-4591-ab9f-f275f6bf5dbd,15.60431020334363,15.60431020334363,50.0,1,1,0
/OrderService/CreateOrder181c6ae3-c83b-43f8-b713-7a2e09d5a4e7,4.57555428147316,4.57555428147316,50.0,1,1,0
/OrderService/CreateOrder1b04ad16-abe7-41cb-9028-2abe312b99cb,8.522351738065481,8.522351738065481,50.0,1,1,0
/OrderService/CreateOrder1c178299-5100-4233-b0b4-2c17b01bc5c6,6.325067020952702,6.325067020952702,50.0,1,1,0
/OrderService/CreateOrder1daf4ec5-4c8b-49a2-8364-3cc0f565308c,2.2151367738842964,2.2151367738842964,50.0,1,1,0
/OrderService/CreateOrder1e890179-4f49-463c-8e3e-dcf9aecfb771,14.419452287256718,14.419452287256718,50.0,1,1,0
/OrderService/CreateOrder26a6ad36-ee67-41ff-bed3-e832300470a7,13.331541791558266,13.331541791558266,50.0,1,1,0
/OrderService/CreateOrder2701d30d-79d6-4bc8-82d6-69b59fecef72,14.892291743308306,14.892291743308306,50.0,1,1,0
/OrderService/CreateOrder2aa76259-56cf-45f6-9542-ce91b71c935f,11.095385998487473,11.095385998487473,50.0,1,1,0
/OrderService/CreateOrder2d322ebd-125b-4f07-b7f5-f8fa4790cd41,10.012542828917503,10.012542828917503,50.0,1,1,0
/OrderService/CreateOrder2dc39451-f24d-4b0d-a782-585e62a79cec,2.3928387090563774,2.3928387090563774,50.0,1,1,0
/OrderService/CreateOrder2e1726f2-c78d-4d31-a8f8-d1169017d2f3,12.640706729143858,12.640706729143858,50.0,1,1,0
/OrderService/CreateOrder2fb54c08-b99c-4ac2-af16-68f85aeab3ee,10.632007848471403,10.632007848471403,50.0,1,1,0
/OrderService/CreateOrder2fd64121-fd2a-4758-898f-25e134f0e72d,9.294381830841303,9.294381830841303,50.0,1,1,0
/OrderService/CreateOrder31219599-4ca6-4903-9609-f5c80b81e1b0,9.849490132182837,9.849490132182837,50.0,1,1,0
/OrderService/CreateOrder31860bb1-7c68-4dd3-ab04-3813fc0b9220,5.705165211111307,5.705165211111307,50.0,1,1,0
/OrderService/CreateOrder31e70dd0-6c0d-4153-9552-f0551bfe9cac,10.248279199004173,10.248279199004173,50.0,1,1,0
/OrderService/CreateOrder322a2854-85c7-4c4f-b70c-5d9afcd9dc77,3.2758801244199276,3.2758801244199276,50.0,1,1,0
/OrderService/CreateOrder3b047b3e-c13d-4185-bfef-00e5558a48b2,4.5017702504992485,4.5017702504992485,50.0,1,1,0
/OrderService/CreateOrder3c755e54-603d-4bba-9426-31a2aaeb8777,1.9237757660448551,1.9237757660448551,50.0,1,1,0
/OrderService/CreateOrder3d20769d-fe7e-4acf-9c40-f14900d75a09,2.2475956939160824,2.2475956939160824,50.0,1,1,0
/OrderService/CreateOrder49d4632a-a285-416a-a398-df9b38e40c81,18.371698912233114,18.371698912233114,50.0,1,1,0
/OrderService/CreateOrder546dc622-22ce-444b-b608-c21ec97f7bc6,14.728980138897896,14.728980138897896,50.0,1,1,0
/OrderService/CreateOrder54eca59f-5f71-4978-b317-898e36de227a,10.259455069899559,10.259455069899559,50.0,1,1,0
/OrderService/CreateOrder562fa157-d5b1-440e-8801-908d559eb01e,2.374522853642702,2.374522853642702,50.0,1,1,0
/OrderService/CreateOrder588d433b-a133-48f4-a8d1-4de1396bae7f,13.51235993206501,13.51235993206501,50.0,1,1,0
/OrderService/CreateOrder5ae0d94c-fa54-4b56-9e9c-58680faab3e2,4.490764811635017,4.490764811635017,50.0,1,1,0
/OrderService/CreateOrder5c03e2d1-be76-4fd1-86e6-26dd2455b5c1,14.184994157403708,14.184994157403708,50.0,1,1,0
/OrderService/CreateOrder739e6c31-e5c3-4c83-9bee-dd1f59176bc1,22.096849977970123,22.096849977970123,50.0,1,1,0
/OrderService/CreateOrder777a4d44-b90e-4398-ba32-d3dd6d72625d,2.4628019891679287,2.4628019891679287,50.0,1,1,0
/OrderService/CreateOrder7b77c6ef-26b9-48d2-b08c-2fe27c71ad01,5.512893665581942,5.512893665581942,50.0,1,1,0
/OrderService/CreateOrder7ebda198-e4a3-4804-a931-f7d2329e3a32,10.254031978547573,10.254031978547573,49.0,1,1,0
/OrderService/CreateOrder809cb30b-0b41-43d0-bc09-09ef274b0ae7,7.3731690645217896,7.3731690645217896,50.0,1,1,0
/OrderService/CreateOrder8235b133-e353-4b40-947b-13c648196631,2.3136590607464314,2.3136590607464314,50.0,1,1,0
/OrderService/CreateOrder82bbb594-4e37-4160-b2ac-e40b42b1fdad,15.593247022479773,15.593247022479773,50.0,1,1,0
/OrderService/CreateOrder8787bbc2-79d6-4536-b7ea-30384d4e5440,7.7575878240168095,7.7575878240168095,50.0,1,1,0
/OrderService/CreateOrder8a5ca66a-119a-4d2c-bb21-06c18187d7f3,10.159474797546864,10.159474797546864,50.0,1,1,0
/OrderService/CreateOrder8d09a551-2552-4e63-ab59-f54020b50605,10.104939807206392,10.104939807206392,50.0,1,1,0
/OrderService/CreateOrder8d0e9592-0640-41ab-addf-294022a8a79c,10.704700835049152,10.704700835049152,50.0,1,1,0
/OrderService/CreateOrder8d27e212-c9ec-4a4e-a567-33f50a4fbe14,9.143221192061901,9.143221192061901,50.0,1,1,0
/OrderService/CreateOrder8d343fe8-728e-4297-8e49-fa1b9a95917b,10.006135329604149,10.006135329604149,50.0,1,1,0
/OrderService/CreateOrder9345f6d0-6d9b-4067-97d8-95d4042da128,14.156145974993706,14.156145974993706,50.0,1,1,0
/OrderService/CreateOrder973e84f7-207b-493f-ae82-7e79daaa0e20,7.676880341023207,7.676880341023207,50.0,1,1,0
/OrderService/CreateOrder9b0141a6-89f6-475a-9c85-e0915304c766,8.295400999486446,8.295400999486446,50.0,1,1,0
/OrderService/CreateOrder9cc74ca0-33ac-482a-a245-b9c75dbfb157,11.50877121835947,11.50877121835947,50.0,1,1,0
/OrderService/CreateOrder9edf242d-4759-4016-95ca-035599ba8984,9.58114629611373,9.58114629611373,50.0,1,1,0
/OrderService/CreateOrdera4b594ea-e487-42de-9ab6-5518665a7d55,9.34152165427804,9.34152165427804,50.0,1,1,0
/OrderService/CreateOrdera5abc31c-f969-4e65-bbfc-0ffd47544074,6.894549820572138,6.894549820572138,50.0,1,1,0
/OrderService/CreateOrderab511074-b76f-455a-8104-82be22b6dd66,12.081518769264221,12.081518769264221,50.0,1,1,0
/OrderService/CreateOrderaf8b37f9-ccf0-4ea4-82e6-1a4b10800790,2.441197168081999,2.441197168081999,50.0,1,1,0
/OrderService/CreateOrderb047d382-b6e4-4fad-9d22-dc15c490d391,17.024036031216383,17.024036031216383,50.0,1,1,0
/OrderService/CreateOrderb0b3c761-0f4f-49b2-9b75-987fe9871418,7.873834110796452,7.873834110796452,50.0,1,1,0
/OrderService/CreateOrderb2457e48-d909-42d4-b77d-98bf4cb02626,7.856131996959448,7.856131996959448,50.0,1,1,0
/OrderService/CreateOrderb38d943b-1f8e-4385-8068-63e0cee4df60,5.979585461318493,5.979585461318493,50.0,1,1,0
/OrderService/CreateOrderb83c0863-29e8-4908-b3c9-0598191a03d2,3.0382219702005386,3.0382219702005386,50.0,1,1,0
/OrderService/CreateOrderba26f7c6-0e3c-4b49-bad0-da1155775b63,14.196006115525961,14.196006115525961,50.0,1,1,0
/OrderService/CreateOrderc2faad7e-ae5b-4cfc-8c60-800dee31b9d3,15.42622223496437,15.42622223496437,50.0,1,1,0
/OrderService/CreateOrderc65cd4e9-530b-4ec5-8497-723cc6f5aaa4,23.68734683841467,23.68734683841467,50.0,1,1,0
/OrderService/CreateOrderc78632a9-1ce4-450e-b306-52ed0aa8a853,21.30319969728589,21.30319969728589,50.0,1,1,0
/OrderService/CreateOrdercc60d4b0-f904-45c3-8a4a-83b057399309,12.042382266372442,12.042382266372442,50.0,1,1,0
/OrderService/CreateOrderce903697-2dc4-41ee-bdc6-36e91886f491,21.437027025967836,21.437027025967836,50.0,1,1,0
/OrderService/CreateOrdercff0d6b5-f952-4ee6-a0a7-e858dc9a163a,8.673482108861208,8.673482108861208,50.0,1,1,0
/OrderService/CreateOrderd02ab551-e902-485f-9bc7-71f1e7819098,8.923231158405542,8.923231158405542,50.0,1,1,0
/OrderService/CreateOrderd7fd04f8-1c89-4021-9d53-7869a485e8d7,18.643306102603674,18.643306102603674,50.0,1,1,0
/OrderService/CreateOrderd93d0ccc-09bd-45ee-96b5-7de32919b833,8.084704168140888,8.084704168140888,50.0,1,1,0
/OrderService/CreateOrdere197c819-7c40-4a8f-b7d0-fd0c653c6ab8,16.46250020712614,16.46250020712614,50.0,1,1,0
/OrderService/CreateOrdere20c0cbb-cf46-42df-8649-9b754f295f5d,9.780037216842175,9.780037216842175,50.0,1,1,0
/OrderService/CreateOrdere2cb6db5-0c37-4e74-8f84-25c7d9c9d41e,10.96025900915265,10.96025900915265,50.0,1,1,0
/OrderService/CreateOrdere3bca6a9-1608-4c6e-ac71-3d49002889d5,10.165669023990631,10.165669023990631,50.0,1,1,0
/OrderService/CreateOrderec8de06d-79d9-4d99-842f-8e7bf7dbdd39,15.642229001969099,15.642229001969099,50.0,1,1,0
/OrderService/CreateOrdered92a099-7d77-4f2e-9b71-9578530dfa1c,3.208151087164879,3.208151087164879,50.0,1,1,0
/OrderService/CreateOrderf0def50f-1772-420e-933f-f00a47f78cb4,8.521288633346558,8.521288633346558,50.0,1,1,0
/OrderService/CreateOrderfae2a110-ed7f-4f27-97af-ebd66ee3941d,14.66559013351798,14.66559013351798,50.0,1,1,0
/OrderService/CreateOrderfbf8baec-fcb4-44e2-ad03-89e4f1f55bbb,18.965790048241615,18.965790048241615,50.0,1,1,0
/OrderService/GetOrder018c26ce-6999-4eb0-be12-dec43d847068,2.516262698918581,2.516262698918581,3.0,1,1,0
/OrderService/GetOrder041382cc-709e-424a-9c22-0f38a9956b75,1.1669551022350788,1.1669551022350788,3.0,1,1,0
/OrderService/GetOrder08eacdaf-8da2-400e-a26b-201ff550726e,3.7878211587667465,3.7878211587667465,3.0,1,1,0
/OrderService/GetOrder0a26e80f-f933-4bce-a7e7-d03b587fd24d,2.197252120822668,2.197252120822668,2.0,1,1,0
/OrderService/GetOrder0b801cc8-3c6c-453e-8ed9-e2978192ac92,1.0584271512925625,1.0584271512925625,3.0,1,1,0
/OrderService/GetOrder0dfefeb9-cc0d-47e8-9d90-99223c00e047,1.5807547606527805,1.5807547606527805,3.0,1,1,0
/OrderService/GetOrder1353642b-8e29-4888-ba17-8aa00799a7bf,2.1943291649222374,2.1943291649222374,3.0,1,1,0
/OrderService/GetOrder143880a4-67b0-4865-ac54-e074fbf263a9,3.0093020759522915,3.0093020759522915,3.0,1,1,0
/OrderService/GetOrder156f137d-2342-4e57-827c-529080a30f82,1.596167217940092,1.596167217940092,3.0,1,1,0
/OrderService/GetOrder19d02046-18dc-4cfe-a3ee-fbe915e53130,2.044898923486471,2.044898923486471,3.0,1,1,0
/OrderService/GetOrder1af56403-e95b-4079-8910-21bac1aae9b2,2.2434000857174397,2.2434000857174397,3.0,1,1,0
/OrderService/GetOrder1e758c7c-ff17-4c21-b613-4be8670e8e89,2.2251089103519917,2.2251089103519917,3.0,1,1,0
/OrderService/GetOrder1f34e3f7-5d88-4d8b-bfb5-f3d99c3a2e33,1.3273190706968307,1.3273190706968307,3.0,1,1,0
/OrderService/GetOrder2cc369fb-f59f-4023-bd83-a42c24914f5c,4.993327893316746,4.993327893316746,2.0,1,1,0
/OrderService/GetOrder30e0bf7c-f220-4bd3-ba09-26f192ecf6cf,2.9784883372485638,2.9784883372485638,3.0,1,1,0
/OrderService/GetOrder31015811-194c-4861-8adb-7150c8104863,1.3936441391706467,1.3936441391706467,3.0,1,1,0
/OrderService/GetOrder31451b6c-2686-4822-8ff8-fbde0b0c1556,2.4265870451927185,2.4265870451927185,3.0,1,1,0
/OrderService/GetOrder33386aff-e45a-4797-84ac-df74e3c235d9,2.766014076769352,2.766014076769352,3.0,1,1,0
/OrderService/GetOrder34562e13-bef3-4c7a-893f-ed8297a0f659,2.8650802560150623,2.8650802560150623,2.0,1,1,0
/OrderService/GetOrder384ed235-7b69-4e37-86e8-3878a4411172,1.4206119813024998,1.4206119813024998,3.0,1,1,0
/OrderService/GetOrder3d0a8cf4-cc7a-44e8-a7fe-3f59e40d9e73,4.280601162463427,4.280601162463427,3.0,1,1,0
/OrderService/GetOrder3dd02c6e-cc9b-4619-8338-0601f5764e28,2.3722583428025246,2.3722583428025246,3.0,1,1,0
/OrderService/GetOrder3ef6cd08-b5bb-40e7-92df-cb39769c0603,2.334565855562687,2.334565855562687,3.0,1,1,0
/OrderService/GetOrder43f09ce8-51e8-419c-942b-70150fb67edb,1.9752220250666142,1.9752220250666142,3.0,1,1,0
/OrderService/GetOrder44bc0e86-53eb-4ade-8a44-8f641d927a6d,1.970880664885044,1.970880664885044,2.0,1,1,0
/OrderService/GetOrder44ceb11b-5d90-4ba7-84cd-8b6ec6f83790,2.077522687613964,2.077522687613964,3.0,1,1,0
/OrderService/GetOrder4d54907b-a263-40ab-a6d9-fa48f82b3afc,1.8959720619022846,1.8959720619022846,3.0,1,1,0
/OrderService/GetOrder5a19c369-4df1-45f1-9775-24b4b24e0afd,5.423865281045437,5.423865281045437,2.0,1,1,0
/OrderService/GetOrder5da0ff92-0de4-48e0-879b-251f54b38238,1.4395411126315594,1.4395411126315594,3.0,1,1,0
/OrderService/GetOrder5dc52f7d-3b19-4861-b4eb-f88709dc03fa,2.5738151744008064,2.5738151744008064,3.0,1,1,0
/OrderService/GetOrder5dfe52a3-5080-434c-bac8-65285c91fc5e,2.0344690419733524,2.0344690419733524,3.0,1,1,0
/OrderService/GetOrder5e786c74-d6fb-46a9-aab6-a14277eafe33,1.5911269001662731,1.5911269001662731,3.0,1,1,0
/OrderService/GetOrder6527ee7e-38b4-46e0-8008-b369093c2b1e,2.4696472100913525,2.4696472100913525,3.0,1,1,0
/OrderService/GetOrder65f90bb8-ecf8-4417-9fdf-113dd299e420,2.1422812715172768,2.1422812715172768,3.0,1,1,0
/OrderService/GetOrder7261e346-215d-4272-8918-eb81c605bd4d,2.341036219149828,2.341036219149828,3.0,1,1,0
/OrderService/GetOrder748798b2-fa32-4242-b20b-3408f71e7f34,1.658495981246233,1.658495981246233,3.0,1,1,0
/OrderService/GetOrder79e66777-387b-455a-8f59-a8c6f1662a6e,2.1678810007870197,2.1678810007870197,3.0,1,1,0
/OrderService/GetOrder7a695840-455e-47e4-967c-f1d796f4777c,2.9241498559713364,2.9241498559713364,3.0,1,1,0
/OrderService/GetOrder81186713-c456-4143-ad03-7d3d49a9d032,2.013815101236105,2.013815101236105,3.0,1,1,0
/OrderService/GetOrder82235e13-5f90-470d-bd0c-b5d2a4bddba7,4.728436004370451,4.728436004370451,3.0,1,1,0
/OrderService/GetOrder870e8cbb-3436-44a1-bdbb-adc05d195005,1.6958019696176052,1.6958019696176052,3.0,1,1,0
/OrderService/GetOrder878bd4f2-39a6-44ca-8793-07e69b5acbf7,3.1191743910312653,3.1191743910312653,3.0,1,1,0
/OrderService/GetOrder894460e1-1be6-43a5-bccf-df0484beed80,2.4267002008855343,2.4267002008855343,3.0,1,1,0
/OrderService/GetOrder8a5e73ba-fb13-4df5-98c6-58246a0cadee,3.937862813472748,3.937862813472748,3.0,1,1,0
/OrderService/GetOrder8c337579-09a6-4347-81c5-f9d3e7a07d7c,2.5859358720481396,2.5859358720481396,2.0,1,1,0
/OrderService/GetOrder8e563db8-9ea0-4cc4-8c01-71e2538e4eda,3.3247931860387325,3.3247931860387325,3.0,1,1,0
/OrderService/GetOrder98e9aa03-9bbc-4537-ae7e-12ff3bcf6217,1.865471713244915,1.865471713244915,2.0,1,1,0
/OrderService/GetOrder9ad58c56-4bf2-4d7d-8ed1-e2fd2d011e11,7.678402122110128,7.678402122110128,3.0,1,1,0
/OrderService/GetOrder9b9cd1bf-0378-41b2-bb5a-69790063b7bf,1.9755647517740726,1.9755647517740726,3.0,1,1,0
/OrderService/GetOrder9f1b1889-e91c-4e9a-a248-c47bac882b15,1.967431977391243,1.967431977391243,3.0,1,1,0
/OrderService/GetOrdera0401d74-234e-47b8-840d-7778b7805730,1.480740960687399,1.480740960687399,2.0,1,1,0
/OrderService/GetOrdera7dd04d1-afb0-4ef4-865e-c64779a031e9,1.73873919993639,1.73873919993639,3.0,1,1,0
/OrderService/GetOrdera8ae6e4b-9875-439a-be1d-17f1cf20d142,1.7013722099363804,1.7013722099363804,3.0,1,1,0
/OrderService/GetOrderaa257f7b-f8af-4c7e-8ddc-26d4745a1b5f,1.5141055919229984,1.5141055919229984,3.0,1,1,0
/OrderService/GetOrderabc4764b-fe9d-4fba-8d66-74df9e16ee9f,2.4734181351959705,2.4734181351959705,2.0,1,1,0
/OrderService/GetOrderae51a379-0ddf-4440-bb71-9c21ab6817d3,6.569123826920986,6.569123826920986,3.0,1,1,0
/OrderService/GetOrderb0586156-962a-48fe-9bea-860a8dba3ecc,4.171417094767094,4.171417094767094,3.0,1,1,0
/OrderService/GetOrderb28cbe96-34d0-4e64-a933-51536b1c672b,2.1489248611032963,2.1489248611032963,3.0,1,1,0
/OrderService/GetOrderb475c82e-7624-4c13-bf46-29b36322793e,1.2670191936194897,1.2670191936194897,3.0,1,1,0
/OrderService/GetOrderbad85382-a047-4d4f-91bd-c1037138c24b,1.9071027636528015,1.9071027636528015,3.0,1,1,0
/OrderService/GetOrderbc6180e3-c3d5-471e-884e-9470e780e5ab,2.1604280918836594,2.1604280918836594,3.0,1,1,0
/OrderService/GetOrderc0395c77-6f49-4c8a-ad4f-b1c831090ac0,5.499868653714657,5.499868653714657,3.0,1,1,0
/OrderService/GetOrderc27b6936-528a-4906-bc3b-974cca53e072,3.8914051838219166,3.8914051838219166,3.0,1,1,0
/OrderService/GetOrderca3216d1-27c4-443c-bd3f-a567601bf314,2.2058761678636074,2.2058761678636074,3.0,1,1,0
/OrderService/GetOrderd4c9e089-97c8-49a0-81e5-5f21c63645c5,1.630459912121296,1.630459912121296,3.0,1,1,0
/OrderService/GetOrderd7a4417b-0a39-45b5-94c8-21d5f08e13c7,3.5581281408667564,3.5581281408667564,3.0,1,1,0
/OrderService/GetOrderd85d6345-70d7-4e29-83ad-eeb0e0e861ff,1.6860510222613811,1.6860510222613811,3.0,1,1,0
/OrderService/GetOrderd99b2841-74ed-42d4-ba52-9440d31a073c,1.8830136395990849,1.8830136395990849,3.0,1,1,0
/OrderService/GetOrderdb17fb6d-1915-4d1d-aafa-3f9c6e5c7bb3,2.052965108305216,2.052965108305216,3.0,1,1,0
/OrderService/GetOrderdbf3e18f-d155-49bd-a91e-f46d2a95e8ad,1.6336888074874878,1.6336888074874878,3.0,1,1,0
/OrderService/GetOrderdc37f0c7-332c-4b3e-a94b-a0f4b27d3192,2.333898562937975,2.333898562937975,3.0,1,1,0
/OrderService/GetOrdere9ce4e42-aaca-4849-8755-2afdea1ae52c,2.1365350112318993,2.1365350112318993,3.0,1,1,0
/OrderService/GetOrderea06d9f0-b1d6-4d42-b187-cd8481aff848,2.762268763035536,2.762268763035536,3.0,1,1,0
/OrderService/GetOrderea9fba26-699e-4090-8a8d-4060d99f9603,1.6114800237119198,1.6114800237119198,2.0,1,1,0
/OrderService/GetOrderebe52391-9a50-4bf6-853d-380bbba90e5c,2.382093109190464,2.382093109190464,2.0,1,1,0
/OrderService/GetOrderf5373d75-bae9-4f9e-b607-c02c63dad1ae,1.3503292575478554,1.3503292575478554,3.0,1,1,0
/OrderService/GetOrderf800d708-4966-4ea4-9400-7868ce72c447,1.5585771761834621,1.5585771761834621,3.0,1,1,0
/OrderService/GetOrderfa23bea0-a6db-4745-98bc-efed2d24620c,3.8798251189291477,3.8798251189291477,3.0,1,1,0
/OrderService/GetOrderfd48666d-62f3-4631-8799-30b8b09e73df,1.4166850596666336,1.4166850596666336,3.0,1,1,0
/OrderService/GetOrderffa5d5ee-87a9-4dd3-9d17-bbc5e5383178,2.1602408960461617,2.1602408960461617,3.0,1,1,0
Aggregated,7.8803598233207595,6.0,32.225,-1,1,0
