Service,Average Response Time,Medium Response Time,Request Size,Request Type,Frequency,Size
/CatalogService/AddItem12300bd5-8db9-4744-88ab-b1ddb5ba024f,21.442333236336708,21.442333236336708,100000.0,1,0,2
/CatalogService/AddItem355f54c5-f56e-467e-8a3a-42de1a62caef,16.133511904627085,16.133511904627085,100000.0,1,0,2
/CatalogService/AddItem3f72a703-cf73-4a00-8261-51a25b783f9f,24.800177197903395,24.800177197903395,100000.0,1,0,2
/CatalogService/AddItem6e0aa4e7-0868-45a1-91c4-3304be92adc0,25.774574372917414,25.774574372917414,100000.0,1,0,2
/CatalogService/AddItem9b574341-d7c3-4cf9-aa14-8d869e234002,13.815585989505053,13.815585989505053,100000.0,1,0,2
/CatalogService/AddItemb60d84dc-cd75-4494-b45f-37aba18c23bc,26.29468496888876,26.29468496888876,100000.0,1,0,2
/CatalogService/AddItemd88f4fb3-5191-45de-9369-316634608b9e,13.766101095825434,13.766101095825434,100000.0,1,0,2
/CatalogService/AddItemea7e310d-f98c-497f-996d-38ad40c3244e,12.700492050498724,12.700492050498724,100000.0,1,0,2
/CatalogService/GetItem4b8955ff-db22-4d50-a091-1bee5261c7ca,5.865414161235094,5.865414161235094,3.0,1,0,2
/CatalogService/GetItem766976a2-ddc7-4f82-b86c-4200681a36c0,3.935144282877445,3.935144282877445,3.0,1,0,2
/CatalogService/GetItem7d6bea76-8982-4b08-bd02-eb3eb695da76,8.032035082578659,8.032035082578659,3.0,1,0,2
/CatalogService/GetIteme37e63a5-297a-4381-aa35-cda5bca7fc79,5.71504607796669,5.71504607796669,3.0,1,0,2
/CatalogService/GetItemef0d90ff-1d97-49f4-bfbe-2bcac86ca0b1,4.043341148644686,4.043341148644686,3.0,1,0,2
/CatalogService/GetItemefbf96dc-31b1-49fb-abc7-94f48a92ebee,2.124439924955368,2.124439924955368,3.0,1,0,2
/CatalogService/GetItemf5c3c48e-fd03-4cab-82b7-3362cf8320fa,3.128266893327236,3.128266893327236,3.0,1,0,2
/CatalogService/GetItemf9ee777e-42a2-4979-b8c4-ec0ee80c80a3,6.944304797798395,6.944304797798395,3.0,1,0,2
/CatalogService/UpdateItem1a4426d2-5b2d-4437-b31d-00c4da6f34f0,4.728661850094795,4.728661850094795,100000.0,1,0,2
/CatalogService/UpdateItem42aa55ca-cc08-4958-af18-4fca6c125077,7.2648776695132256,7.2648776695132256,100000.0,1,0,2
/CatalogService/UpdateItem445e7a59-5358-4e36-a03a-5248219673dd,9.130693040788174,9.130693040788174,100000.0,1,0,2
/CatalogService/UpdateItem45003b28-5d6b-4610-ba4c-d592f5cdb3ab,18.676139879971743,18.676139879971743,100000.0,1,0,2
/CatalogService/UpdateItem5a7e4fd0-171c-455a-81b7-650377885654,13.259780127555132,13.259780127555132,100000.0,1,0,2
/CatalogService/UpdateItem87d39cf6-00d5-457d-a820-70a3cfadec07,8.720212616026402,8.720212616026402,100000.0,1,0,2
/CatalogService/UpdateItemde22364f-3547-49e3-9bc1-9e0e27b49e49,10.351590812206268,10.351590812206268,100000.0,1,0,2
/CatalogService/UpdateItemf892f542-b489-4da2-ba30-8315a80ba00e,11.185977142304182,11.185977142304182,100000.0,1,0,2
/CustomerService/CreateCustomer06ea2642-2216-4d3e-9f5f-810ddc11fcd9,19.274108111858368,19.274108111858368,100000.0,1,0,2
/CustomerService/CreateCustomer0fb71f00-23d7-4bb2-8ec3-451839fddd58,22.747796028852463,22.747796028852463,100000.0,1,0,2
/CustomerService/CreateCustomer257a4f50-effd-43c1-b26b-06778de58d51,29.72546499222517,29.72546499222517,100000.0,1,0,2
/CustomerService/CreateCustomer408c0423-cd48-4363-b72a-73d4c8a71f63,27.387406211346388,27.387406211346388,100000.0,1,0,2
/CustomerService/CreateCustomerc9e9db7d-97c4-41fe-9f6e-9f6f55f6a68c,19.43144667893648,19.43144667893648,100000.0,1,0,2
/CustomerService/CreateCustomere86ad52a-72c0-4e24-944d-90d5a9988ebe,27.278969064354897,27.278969064354897,100000.0,1,0,2
/CustomerService/CreateCustomere8e6b8e0-a702-4504-926d-4088c1d1a8d5,20.43268922716379,20.43268922716379,100000.0,1,0,2
/CustomerService/CreateCustomerf77aa163-5d7b-4fa4-87e7-ee51046f7854,26.82029129937291,26.82029129937291,100000.0,1,0,2
/CustomerService/UpdateCustomer0833ce89-0bf6-4f47-818c-ca57bf984178,10.109389666467905,10.109389666467905,100000.0,1,0,2
/CustomerService/UpdateCustomer4485cc65-6502-4221-a61f-9e00077bd129,19.54156905412674,19.54156905412674,100000.0,1,0,2
/CustomerService/UpdateCustomer66d8dd56-e2bb-4204-9875-15500534e580,10.27762796729803,10.27762796729803,100000.0,1,0,2
/CustomerService/UpdateCustomer67ff33c6-d709-4951-8a17-12c91431855f,10.732649825513363,10.732649825513363,100000.0,1,0,2
/CustomerService/UpdateCustomer7bb0dd8d-091a-41b2-9422-f55c2ffb6b05,16.660337802022696,16.660337802022696,100000.0,1,0,2
/CustomerService/UpdateCustomerbd3bcf96-ded4-4998-833f-2a490ba8941e,14.17414378374815,14.17414378374815,100000.0,1,0,2
/CustomerService/UpdateCustomerce78b15f-3ce7-4721-a4ee-fc6fc49e9ec6,12.630007229745388,12.630007229745388,100000.0,1,0,2
/CustomerService/UpdateCustomerf95590be-437b-43c3-803f-ef20610625b5,10.218304116278887,10.218304116278887,100000.0,1,0,2
/CustomerService/getCustomer196d2b0d-2fbf-4c33-ae72-27200102bed4,4.609177820384502,4.609177820384502,2.0,1,0,2
/CustomerService/getCustomer5124b54a-b5d1-45c9-a888-44a29ec95439,5.682031158357859,5.682031158357859,2.0,1,0,2
/CustomerService/getCustomer67ebeee4-8ad6-4a93-923b-c23171b14b1d,5.209952127188444,5.209952127188444,2.0,1,0,2
/CustomerService/getCustomer6d058bfb-1c01-48a9-899a-4148b89c1dcc,9.595587849617004,9.595587849617004,2.0,1,0,2
/CustomerService/getCustomer7fcf54f3-5311-4951-be1f-305fbda40a40,10.515205096453428,10.515205096453428,2.0,1,0,2
/CustomerService/getCustomerb034add0-5f38-4ada-bacd-e115482360f8,8.503446355462074,8.503446355462074,2.0,1,0,2
/CustomerService/getCustomerb9e2f1a6-a70c-4c0f-b1b8-255c90aa5af3,7.973792962729931,7.973792962729931,2.0,1,0,2
/CustomerService/getCustomerd2ebb74a-9eb1-4dba-827b-df56945ff7b6,9.54692717641592,9.54692717641592,2.0,1,0,2
/OrderService/CreateOrder038a8acd-9a9b-4213-b0bb-dacbffa58aab,7.27625610306859,7.27625610306859,100000.0,1,0,2
/OrderService/CreateOrder3d6ade13-3a8e-4b66-9a17-b5517d293b49,6.749019958078861,6.749019958078861,100000.0,1,0,2
/OrderService/CreateOrder50b95c43-d2df-4537-98c5-02caadbc247a,21.040535997599363,21.040535997599363,100000.0,1,0,2
/OrderService/CreateOrder6a293049-3f0e-40ef-ab35-300c1ae5077e,21.515456028282642,21.515456028282642,100000.0,1,0,2
/OrderService/CreateOrder7f1ab405-23c9-401b-ab3a-bc15779e9b89,24.02292611077428,24.02292611077428,100000.0,1,0,2
/OrderService/CreateOrder9a2ad9be-0de8-40f5-81ed-688c191a8f41,20.602939650416374,20.602939650416374,100000.0,1,0,2
/OrderService/CreateOrderc3e93bc2-ba24-4013-b2a6-2fa45e9e81b4,7.004830986261368,7.004830986261368,100000.0,1,0,2
/OrderService/CreateOrderd5fb27fd-6e99-4db0-a302-1941fc7c6793,18.04011408239603,18.04011408239603,99999.0,1,0,2
/OrderService/GetOrder548cb4cb-0bdc-425d-9069-f6a6b1796afe,1.1722296476364136,1.1722296476364136,3.0,1,0,2
/OrderService/GetOrder55a83978-00d8-4cf4-9123-c41853d84a50,3.974179271608591,3.974179271608591,3.0,1,0,2
/OrderService/GetOrder5bf4d634-d9e2-4cd7-b604-5a7501114bbd,2.6855659671127796,2.6855659671127796,2.0,1,0,2
/OrderService/GetOrder95e4bf89-955f-4f34-84da-642b02901452,4.65786037966609,4.65786037966609,3.0,1,0,2
/OrderService/GetOrder9d4c29b2-2407-4269-99df-b4cc2363d83e,1.9764238968491554,1.9764238968491554,3.0,1,0,2
/OrderService/GetOrdera9a52883-c39f-4b12-bd90-f568c867bf14,2.231832128018141,2.231832128018141,3.0,1,0,2
/OrderService/GetOrderb645b924-aa9e-4b2f-a985-25b3d32027f0,7.052678149193525,7.052678149193525,3.0,1,0,2
/OrderService/GetOrderefff3d87-24d3-4e89-8d08-fcaaf3042740,4.979701712727547,4.979701712727547,3.0,1,0,2
Aggregated,12.373347781249322,10.0,62500.96875,-1,0,2
