Service,Average Response Time,Medium Response Time,Request Size,Request Type,Frequency,Size
/CatalogService/AddItem01038fbd-4481-4411-8bd2-b23192621685,7.342573720961809,7.342573720961809,100000.0,1,1,2
/CatalogService/AddItem08318f2b-69b6-409a-95ad-469b0d1d69b5,12.679575011134148,12.679575011134148,100000.0,1,1,2
/CatalogService/AddItem0f127bc5-3fab-404a-bd29-14c586f2eabe,7.792329415678978,7.792329415678978,100000.0,1,1,2
/CatalogService/AddItem0f25842a-fc32-4381-ba48-9d41820fd5fb,9.949886240065098,9.949886240065098,100000.0,1,1,2
/CatalogService/AddItem1097e07f-dea3-4e15-8a78-f4236ea6a8db,7.044180296361446,7.044180296361446,100000.0,1,1,2
/CatalogService/AddItem110a92ed-f6b5-4583-a55b-ba3cca15c512,16.96114894002676,16.96114894002676,100000.0,1,1,2
/CatalogService/AddItem17424eec-d91f-4baf-8a46-c3dfde292ffa,7.619085721671581,7.619085721671581,100000.0,1,1,2
/CatalogService/AddItem17c0e803-be11-49c4-9370-a7c8d1ebb37e,5.429547280073166,5.429547280073166,100000.0,1,1,2
/CatalogService/AddItem17e96936-c9d0-4523-8e47-922c212e1974,7.6623521745204926,7.6623521745204926,100000.0,1,1,2
/CatalogService/AddItem195051f0-404f-4862-80e8-1520177eb919,4.9516018480062485,4.9516018480062485,100000.0,1,1,2
/CatalogService/AddItem1f02f467-d6f6-49bf-90a8-6dbbcd853ba8,15.250585041940212,15.250585041940212,100000.0,1,1,2
/CatalogService/AddItem1fcd7e5f-093b-4ba8-ba3c-13ed819592fa,10.747042018920183,10.747042018920183,100000.0,1,1,2
/CatalogService/AddItem204585d5-c815-40b2-b6fd-eb58091721ad,7.224334869533777,7.224334869533777,100000.0,1,1,2
/CatalogService/AddItem22459a2e-c135-4015-8b40-002146492b52,6.62168487906456,6.62168487906456,100000.0,1,1,2
/CatalogService/AddItem282163ab-b1e0-46ca-80ec-0e56ec660541,14.354501850903034,14.354501850903034,100000.0,1,1,2
/CatalogService/AddItem2c922a7c-721a-4d48-80f6-42d5b59272b1,7.239480037242174,7.239480037242174,100000.0,1,1,2
/CatalogService/AddItem2dab9233-4632-4292-af63-46e08206a2c9,8.51105386391282,8.51105386391282,100000.0,1,1,2
/CatalogService/AddItem33d869fa-441c-40a9-be94-6ab4c7b1ce0a,6.399401929229498,6.399401929229498,100000.0,1,1,2
/CatalogService/AddItem369fe1ec-92ef-4f20-9119-ce8f800be09a,8.001387119293213,8.001387119293213,100000.0,1,1,2
/CatalogService/AddItem39208eef-be17-4f23-ad4f-d205da066ca0,7.403746247291565,7.403746247291565,100000.0,1,1,2
/CatalogService/AddItem39fc105f-2436-4336-a6e1-9f53bfac548a,7.94971501454711,7.94971501454711,100000.0,1,1,2
/CatalogService/AddItem3c1c06b2-3e6e-4798-9ec8-8568d5ef31d1,15.156127978116274,15.156127978116274,100000.0,1,1,2
/CatalogService/AddItem3f8d2e6e-f402-4cfa-adef-a6e46638295b,8.207477629184723,8.207477629184723,100000.0,1,1,2
/CatalogService/AddItem3f8d9412-cf9d-44aa-a7bb-556dc3dcdaf0,15.034082811325788,15.034082811325788,100000.0,1,1,2
/CatalogService/AddItem46016fb7-bca5-46a3-810e-e1570c5ac15f,5.599504336714745,5.599504336714745,100000.0,1,1,2
/CatalogService/AddItem46abc174-4def-4758-a284-a6b8793bd17f,6.8465350195765495,6.8465350195765495,100000.0,1,1,2
/CatalogService/AddItem4a6fe613-0204-470c-af43-210442682f8f,9.51870996505022,9.51870996505022,100000.0,1,1,2
/CatalogService/AddItem4bf74752-9c59-49d8-96aa-dd8ffe7b5fed,7.973354775458574,7.973354775458574,100000.0,1,1,2
/CatalogService/AddItem4f4bff20-049e-4520-a950-1901a1b7a337,9.297285694628954,9.297285694628954,100000.0,1,1,2
/CatalogService/AddItem4fac62d7-e18d-4fdc-9420-dcc6d4c40148,7.116165012121201,7.116165012121201,100000.0,1,1,2
/CatalogService/AddItem510bc8e0-4dae-4de8-83ce-f10c59e37161,11.501398868858814,11.501398868858814,100000.0,1,1,2
/CatalogService/AddItem53d2d9d1-5898-4367-90bc-eb20addc42aa,5.890910048037767,5.890910048037767,100000.0,1,1,2
/CatalogService/AddItem53f9a650-6809-4b7b-bf31-1cfbc80e977b,25.077254977077246,25.077254977077246,100000.0,1,1,2
/CatalogService/AddItem5444aeb8-cc4e-4da9-b3c6-617af16a2d04,7.40709388628602,7.40709388628602,100000.0,1,1,2
/CatalogService/AddItem5733ae0d-22c6-40c4-be33-e6a5c462f89d,9.898382239043713,9.898382239043713,100000.0,1,1,2
/CatalogService/AddItem584ceb6c-eb4e-4545-bb82-0cf36a2874c2,6.409709807485342,6.409709807485342,100000.0,1,1,2
/CatalogService/AddItem665eae68-6715-4ed3-a46e-d60d63eef873,6.852696184068918,6.852696184068918,100000.0,1,1,2
/CatalogService/AddItem69fc9040-3808-41d0-b083-f832f26a1f76,6.35670218616724,6.35670218616724,100000.0,1,1,2
/CatalogService/AddItem6aa3dfef-b50e-48e0-a686-a89f09b3ddec,7.453481201082468,7.453481201082468,100000.0,1,1,2
/CatalogService/AddItem6b694ad1-62f9-422f-a874-6dd8a0f98df6,6.823727861046791,6.823727861046791,100000.0,1,1,2
/CatalogService/AddItem76304b29-95c8-4fb5-82de-a2c2094a3ecf,6.964453030377626,6.964453030377626,100000.0,1,1,2
/CatalogService/AddItem779bd21d-78e0-4a9d-8b27-6e1f90c5fd20,5.766802001744509,5.766802001744509,100000.0,1,1,2
/CatalogService/AddItem77cafcb8-3ba4-4494-b204-14495b25fd17,9.194443933665752,9.194443933665752,100000.0,1,1,2
/CatalogService/AddItem78816cd8-09a6-4b87-8289-6bd2509be602,7.539178244769573,7.539178244769573,100000.0,1,1,2
/CatalogService/AddItem7ca19404-ceb3-4cca-a8ba-5a4874681ba9,28.55330565944314,28.55330565944314,100000.0,1,1,2
/CatalogService/AddItem823b0d14-cc5a-4a32-ad3f-509b0b581e0f,8.799991104751825,8.799991104751825,100000.0,1,1,2
/CatalogService/AddItem833b82cd-a729-4b6f-afbe-19dcb2b57093,11.776674073189497,11.776674073189497,100000.0,1,1,2
/CatalogService/AddItem9155d33e-866b-495a-a176-96779bb6ec9c,8.168114814907312,8.168114814907312,100000.0,1,1,2
/CatalogService/AddItem924d774f-f774-4256-8157-bdaaed68b98f,13.10809701681137,13.10809701681137,100000.0,1,1,2
/CatalogService/AddItem9875b800-e730-4492-b03c-573324b0a0dc,10.073065292090178,10.073065292090178,100000.0,1,1,2
/CatalogService/AddItem99feeb41-bd52-4c06-886f-82314f789969,13.147657737135887,13.147657737135887,100000.0,1,1,2
/CatalogService/AddItem9bca7c96-0eff-46bd-a3ec-460b58d5e5bf,7.469648960977793,7.469648960977793,100000.0,1,1,2
/CatalogService/AddItem9cce7efa-6b8d-44b8-b39a-6e49301e3ee6,6.119176279753447,6.119176279753447,100000.0,1,1,2
/CatalogService/AddItema23ccfcf-70fd-4c8d-a9ae-79f3fa75537c,9.232050739228725,9.232050739228725,100000.0,1,1,2
/CatalogService/AddItema2b59009-5e71-4a21-adb3-5ba360d5be27,5.455074366182089,5.455074366182089,100000.0,1,1,2
/CatalogService/AddItema4ee2108-10c4-484c-bee3-7cbe83982b64,5.773673765361309,5.773673765361309,100000.0,1,1,2
/CatalogService/AddItema8a8526c-b9d4-4c19-bef7-4d4330b35906,6.727834232151508,6.727834232151508,100000.0,1,1,2
/CatalogService/AddItema96fe266-3165-4b24-a72d-b06a18e10edb,11.690321378409863,11.690321378409863,100000.0,1,1,2
/CatalogService/AddItemb2955004-1f93-4cbd-b8d2-994c1ae4d3d1,13.16147018224001,13.16147018224001,100000.0,1,1,2
/CatalogService/AddItemb3554fc1-fe0f-4565-b1cc-681cf97ecfb8,7.460728287696838,7.460728287696838,100000.0,1,1,2
/CatalogService/AddItembaf46013-899d-45ac-95ef-d99993ae66a4,10.00859308987856,10.00859308987856,100000.0,1,1,2
/CatalogService/AddItembf73aaa6-a978-416b-983f-27f7a3330bc8,11.335801798850298,11.335801798850298,100000.0,1,1,2
/CatalogService/AddItemc20f206f-c653-47aa-86c0-a2b1ad2400e7,7.881266064941883,7.881266064941883,100000.0,1,1,2
/CatalogService/AddItemc6d7a67d-aab4-4211-b3e2-621dba6a68ed,8.415088057518005,8.415088057518005,100000.0,1,1,2
/CatalogService/AddItemc768b724-a223-4329-8fef-26ed96a514b4,6.323998793959618,6.323998793959618,100000.0,1,1,2
/CatalogService/AddItemc9f4876c-38b8-4d27-ae3c-da5add1b9b8a,6.923290900886059,6.923290900886059,100000.0,1,1,2
/CatalogService/AddItemca3f6086-a1f9-48d2-ba55-79bc1485dd89,12.953056953847408,12.953056953847408,100000.0,1,1,2
/CatalogService/AddItemd0cfc652-6bf7-467d-a3f3-3bc1583bef64,5.754784680902958,5.754784680902958,100000.0,1,1,2
/CatalogService/AddItemd218b087-22f6-44c4-ac0c-1d919aba057e,8.448197040706873,8.448197040706873,100000.0,1,1,2
/CatalogService/AddItemda2b6ddb-bf20-4667-b2c3-a2edf6e9abe4,5.52828935906291,5.52828935906291,100000.0,1,1,2
/CatalogService/AddIteme6aae1af-406f-477c-b559-efaaf0db440d,4.5846509747207165,4.5846509747207165,100000.0,1,1,2
/CatalogService/AddIteme87bbdf9-3010-4f68-89ce-f1e767522e06,6.52051717042923,6.52051717042923,100000.0,1,1,2
/CatalogService/AddItemeb834857-94ad-43c4-bacd-c799f55d2026,8.524855133146048,8.524855133146048,100000.0,1,1,2
/CatalogService/AddItemec56ffc3-8181-434d-89ef-53df279d77f5,6.718212738633156,6.718212738633156,100000.0,1,1,2
/CatalogService/AddItemf6758775-d9f9-41f7-876b-b2f8950ee267,5.996967200189829,5.996967200189829,100000.0,1,1,2
/CatalogService/AddItemf8df1483-6b6c-4420-b187-25efd40d11e8,8.309219032526016,8.309219032526016,100000.0,1,1,2
/CatalogService/AddItemfbd63f93-b04f-4419-bd5b-136898007a07,11.81713305413723,11.81713305413723,100000.0,1,1,2
/CatalogService/AddItemfcb0752e-c594-4b18-b8f0-d38ad286de3a,8.440713863819838,8.440713863819838,100000.0,1,1,2
/CatalogService/AddItemfdbc5def-0ee7-480d-9572-ec515ce30d56,5.637079011648893,5.637079011648893,100000.0,1,1,2
/CatalogService/AddItemfe59955d-3718-49aa-94b0-17e68d2ddaf7,10.57890010997653,10.57890010997653,100000.0,1,1,2
/CatalogService/GetItem03a5a273-58a9-4ccd-904a-0683d7fc5e9e,2.463510725647211,2.463510725647211,3.0,1,1,2
/CatalogService/GetItem070db0d8-ef8e-4ad2-b2c6-f7de74f529bb,3.6689848639070988,3.6689848639070988,3.0,1,1,2
/CatalogService/GetItem09b0c749-0e8a-4e9b-8434-be54338dc0ff,7.200608029961586,7.200608029961586,3.0,1,1,2
/CatalogService/GetItem0b03e525-cfa9-42e8-bd3b-268413b39bae,10.573246981948614,10.573246981948614,3.0,1,1,2
/CatalogService/GetItem0c8452ac-bcb4-4fb6-8004-b105038dce3d,5.348905920982361,5.348905920982361,3.0,1,1,2
/CatalogService/GetItem11262931-5d9f-40db-94ab-c06e75853492,3.287864848971367,3.287864848971367,3.0,1,1,2
/CatalogService/GetItem11c027aa-e419-49c8-ba30-8d27eee21860,2.6267352513968945,2.6267352513968945,3.0,1,1,2
/CatalogService/GetItem187ef1f7-f901-4302-a626-0b0ca12e57cb,3.4581157378852367,3.4581157378852367,3.0,1,1,2
/CatalogService/GetItem1a545e36-0c8e-4386-a5c5-ab1c7ada0a8c,3.6956369876861572,3.6956369876861572,3.0,1,1,2
/CatalogService/GetItem1aa013c7-1044-4ea6-9cfc-acfd65a2ad59,2.1028886549174786,2.1028886549174786,3.0,1,1,2
/CatalogService/GetItem1c46d179-875b-4fde-8d18-c8e705f96fa7,14.159856364130974,14.159856364130974,3.0,1,1,2
/CatalogService/GetItem1e61abaf-6a69-4827-a13d-4160aebb1c99,3.5370048135519028,3.5370048135519028,3.0,1,1,2
/CatalogService/GetItem21ff25b7-33d8-48fe-af16-4111de63b76c,3.2969387248158455,3.2969387248158455,3.0,1,1,2
/CatalogService/GetItem26c4504b-6f95-4f39-9f95-13feb35e0ebe,4.397124983370304,4.397124983370304,3.0,1,1,2
/CatalogService/GetItem27341d8d-d95d-4000-932d-b6a1ebd6f025,3.2769585959613323,3.2769585959613323,3.0,1,1,2
/CatalogService/GetItem276ff655-103b-4361-ab35-dcf6aeeb5bdc,3.7112031131982803,3.7112031131982803,3.0,1,1,2
/CatalogService/GetItem27fc5e29-e11d-4ecd-9a46-7aa0754df2b1,2.7388921007514,2.7388921007514,3.0,1,1,2
/CatalogService/GetItem320d6eb8-cb25-4145-8350-2e9eab0c3f0e,4.820857662707567,4.820857662707567,3.0,1,1,2
/CatalogService/GetItem33f0dd96-053d-4c3f-8fc2-f11b807477bb,4.517994821071625,4.517994821071625,3.0,1,1,2
/CatalogService/GetItem3565bcf6-c685-4179-b5d5-d82e04fa5d24,2.6575569063425064,2.6575569063425064,3.0,1,1,2
/CatalogService/GetItem37fb9569-3e5c-4f00-ab33-03ccc98c5f20,8.406453765928745,8.406453765928745,3.0,1,1,2
/CatalogService/GetItem3a81b02d-db79-431a-9595-c45aa91c87f9,3.0434690415859222,3.0434690415859222,3.0,1,1,2
/CatalogService/GetItem3e3e567c-c624-4773-a285-7415ec060c87,3.681365866214037,3.681365866214037,3.0,1,1,2
/CatalogService/GetItem437c6667-420e-4341-b46f-191783b9f00d,2.695715054869652,2.695715054869652,3.0,1,1,2
/CatalogService/GetItem45ffc6c3-7876-48e1-b979-375c24e90f1b,3.382182214409113,3.382182214409113,3.0,1,1,2
/CatalogService/GetItem46b53757-d8a6-49bc-a0ac-88f1d4fe5646,4.083788022398949,4.083788022398949,3.0,1,1,2
/CatalogService/GetItem46f25ce2-d7fc-4b9e-b358-6d877c905eda,6.6320388577878475,6.6320388577878475,3.0,1,1,2
/CatalogService/GetItem47b08341-d656-4fee-aa91-2c27c9ea1fe7,3.773464821279049,3.773464821279049,2.0,1,1,2
/CatalogService/GetItem47d6e510-da96-422c-b771-611ed820e585,3.8149687461555004,3.8149687461555004,2.0,1,1,2
/CatalogService/GetItem48b1f140-a79d-4942-94e5-118f0755ba88,2.866778988391161,2.866778988391161,3.0,1,1,2
/CatalogService/GetItem59692468-67d0-4190-8e4d-f2bdda3324ba,3.933303989470005,3.933303989470005,3.0,1,1,2
/CatalogService/GetItem5e0cbbec-4f05-4763-958f-b54efa3473f8,3.8290079683065414,3.8290079683065414,3.0,1,1,2
/CatalogService/GetItem6b2b5809-5142-40f1-9e65-5720242e1738,2.957114949822426,2.957114949822426,3.0,1,1,2
/CatalogService/GetItem6c0cba0b-5f4b-4a45-ad76-e2806e8d0455,7.3090228252112865,7.3090228252112865,3.0,1,1,2
/CatalogService/GetItem6ff21338-173c-42e1-9e8c-6915be9dcd26,3.5483059473335743,3.5483059473335743,3.0,1,1,2
/CatalogService/GetItem72eb65b5-3167-488d-bbfc-157ccd4218c5,3.7992671132087708,3.7992671132087708,3.0,1,1,2
/CatalogService/GetItem75b21b50-bf10-4bd6-a551-f8d6c64621e2,3.9805881679058075,3.9805881679058075,3.0,1,1,2
/CatalogService/GetItem76522e00-876f-427e-89de-b752e312578d,4.494281951338053,4.494281951338053,3.0,1,1,2
/CatalogService/GetItem77ab04db-7e9d-4c3c-9d79-15a7665eafd3,11.750431265681982,11.750431265681982,3.0,1,1,2
/CatalogService/GetItem7cb9ab2f-5f18-4faa-8f49-a0910da1ed16,3.480821382254362,3.480821382254362,3.0,1,1,2
/CatalogService/GetItem7fb9c0dc-a7a4-4dc8-b2b2-0396923b5442,4.365197848528624,4.365197848528624,3.0,1,1,2
/CatalogService/GetItem84b8ec1a-8cff-4554-91c7-c91e0617f113,3.8886694237589836,3.8886694237589836,3.0,1,1,2
/CatalogService/GetItem8672faad-58d6-456e-8365-a2b0a1db2db9,12.828209903091192,12.828209903091192,3.0,1,1,2
/CatalogService/GetItem874e575d-3175-4b8f-b300-afb12c188417,7.238100282847881,7.238100282847881,3.0,1,1,2
/CatalogService/GetItem8c3aad33-d42e-4478-879c-4b9455832c6c,4.026991780847311,4.026991780847311,3.0,1,1,2
/CatalogService/GetItem8c8d2edb-48ac-437e-8f0c-c3703a76ed5a,8.190677035599947,8.190677035599947,3.0,1,1,2
/CatalogService/GetItem8d91fca5-2e18-4d05-a076-7726a3e5c0ab,3.5893297754228115,3.5893297754228115,3.0,1,1,2
/CatalogService/GetItem9499fb14-796b-4b71-a55d-be4ff3fb717a,4.464154131710529,4.464154131710529,3.0,1,1,2
/CatalogService/GetItem9796fa01-2456-4966-a8ce-ae5a4c847470,3.9458461105823517,3.9458461105823517,3.0,1,1,2
/CatalogService/GetItema3a930b1-6517-4d35-aa6d-9627fc5b5f24,4.021544940769672,4.021544940769672,3.0,1,1,2
/CatalogService/GetItema6275db5-8fec-43de-b024-9a56f22437ec,3.607694059610367,3.607694059610367,3.0,1,1,2
/CatalogService/GetItema67fc4b7-c410-4420-bc8b-1769d0f46406,3.81885701790452,3.81885701790452,3.0,1,1,2
/CatalogService/GetItemab51f9da-5a72-47ba-93cd-849345ea04bd,4.632660187780857,4.632660187780857,3.0,1,1,2
/CatalogService/GetItemb025272e-a649-4f45-884b-90943f6aaec6,14.047021977603436,14.047021977603436,3.0,1,1,2
/CatalogService/GetItemb144cd58-0b5a-4c25-96bc-5a891de34fa4,3.4321309067308903,3.4321309067308903,3.0,1,1,2
/CatalogService/GetItemb2cfbdf2-1cee-4f6d-8adf-a3bf47491e1e,3.8279779255390167,3.8279779255390167,3.0,1,1,2
/CatalogService/GetItemb9928e05-d904-461e-8f9e-a21502f042c2,3.7630489096045494,3.7630489096045494,3.0,1,1,2
/CatalogService/GetItemb9996fe3-a1d3-4102-9722-c18ed37fabaa,3.0422797426581383,3.0422797426581383,3.0,1,1,2
/CatalogService/GetItembf8ee283-8ea0-4ff1-a9df-134413ff2c78,5.864947102963924,5.864947102963924,3.0,1,1,2
/CatalogService/GetItemc25d09d1-5e97-4ad7-86b4-560b57d8131b,7.198543753474951,7.198543753474951,3.0,1,1,2
/CatalogService/GetItemc3439b9e-7e5e-4bcb-b1bf-a60b97b22d30,4.104575142264366,4.104575142264366,3.0,1,1,2
/CatalogService/GetItemc78f45e5-a661-4315-9ece-7fa8833a9e0f,7.177823688834906,7.177823688834906,3.0,1,1,2
/CatalogService/GetItemc84a54e0-5f84-402e-836c-3b3fece58aa6,3.8452986627817154,3.8452986627817154,3.0,1,1,2
/CatalogService/GetItemc94ce419-addd-4126-9027-bfba11ef5880,9.460039902478456,9.460039902478456,2.0,1,1,2
/CatalogService/GetItemcadf2dba-a669-4f16-80f5-3537bb040f4d,5.240658763796091,5.240658763796091,3.0,1,1,2
/CatalogService/GetItemcd86d833-4b3f-4bee-979a-d9ee9537bad4,5.094423890113831,5.094423890113831,3.0,1,1,2
/CatalogService/GetItemd285b0fb-bf12-4c48-9930-f286caf3e79e,4.977751057595015,4.977751057595015,3.0,1,1,2
/CatalogService/GetItemd50e86a6-21b6-4063-970e-5219d76face3,4.268914926797152,4.268914926797152,3.0,1,1,2
/CatalogService/GetItemd95aab1b-18e9-4e56-bf7d-9a3e264fc230,8.031866978853941,8.031866978853941,3.0,1,1,2
/CatalogService/GetItemdeb59785-a62d-4af1-a976-f36a97200f5c,3.232746385037899,3.232746385037899,3.0,1,1,2
/CatalogService/GetIteme33d4723-de79-462f-985e-09e447768093,3.4870849922299385,3.4870849922299385,3.0,1,1,2
/CatalogService/GetIteme3e3c79f-7f4d-4cf2-b9b5-e5f65c35c09d,4.164394922554493,4.164394922554493,3.0,1,1,2
/CatalogService/GetIteme744c5d7-29cb-4476-84fe-6278d6d11adf,5.657381843775511,5.657381843775511,3.0,1,1,2
/CatalogService/GetIteme9969a46-5468-49ca-8769-dd5a8b4c7c12,8.930006064474583,8.930006064474583,3.0,1,1,2
/CatalogService/GetItemece56cd9-4f92-4c50-bc75-dc906cc3fd31,3.541748970746994,3.541748970746994,3.0,1,1,2
/CatalogService/GetItemf1b009e0-d6f8-4b6a-8619-d5fc301705a0,9.472592268139124,9.472592268139124,3.0,1,1,2
/CatalogService/GetItemf4120cd3-6df1-4249-ac7e-b75bd13517bb,4.082915838807821,4.082915838807821,3.0,1,1,2
/CatalogService/GetItemf7c8305c-8acd-45f1-95d5-ae32dd0e8b49,3.4417472779750824,3.4417472779750824,3.0,1,1,2
/CatalogService/GetItemfdd14cfb-36f2-4ee5-ae3c-0ca61bc06c2c,8.709552232176065,8.709552232176065,3.0,1,1,2
/CatalogService/GetItemff712c40-f8f3-4361-94c0-0ab2ee3a0f9a,3.5884720273315907,3.5884720273315907,3.0,1,1,2
/CatalogService/UpdateItem0097344c-f23f-4919-ae3a-f014e6369550,8.160670287907124,8.160670287907124,100000.0,1,1,2
/CatalogService/UpdateItem03faedf0-59f7-456c-81a4-523eaa254a98,7.014801260083914,7.014801260083914,100000.0,1,1,2
/CatalogService/UpdateItem07bdce5e-98ec-4e2d-b0e2-ff0c4bd9f1d8,8.695060387253761,8.695060387253761,100000.0,1,1,2
/CatalogService/UpdateItem131c1088-a685-4b02-bccc-053551dfae0c,8.407011162489653,8.407011162489653,100000.0,1,1,2
/CatalogService/UpdateItem15583527-55de-48ee-a27a-fd4473406b51,6.927491165697575,6.927491165697575,100000.0,1,1,2
/CatalogService/UpdateItem171fde44-42ed-45ab-90c8-4407422b8d57,9.42329317331314,9.42329317331314,100000.0,1,1,2
/CatalogService/UpdateItem1a2bb569-56ce-4027-a276-40620e475871,6.528025958687067,6.528025958687067,100000.0,1,1,2
/CatalogService/UpdateItem1a90309c-1235-4e73-a81b-1844ce78b691,10.57728286832571,10.57728286832571,100000.0,1,1,2
/CatalogService/UpdateItem22a7e9db-cec2-4ae8-bc86-4020e0679bc9,7.98943592235446,7.98943592235446,100000.0,1,1,2
/CatalogService/UpdateItem26c5d535-0b69-4c14-9503-dc722e318591,11.835407931357622,11.835407931357622,100000.0,1,1,2
/CatalogService/UpdateItem280091d7-8369-4426-bf1a-0db210d9a2e5,6.788311060518026,6.788311060518026,100000.0,1,1,2
/CatalogService/UpdateItem291d1395-820f-4447-82ca-c3608fd52b8b,8.883557748049498,8.883557748049498,100000.0,1,1,2
/CatalogService/UpdateItem2a55311a-1a42-4530-8c9b-ff3766eadb80,8.52456595748663,8.52456595748663,100000.0,1,1,2
/CatalogService/UpdateItem340e9092-baa9-4245-96aa-25c0e521f2e6,10.202945210039616,10.202945210039616,100000.0,1,1,2
/CatalogService/UpdateItem3879bdb6-6db6-4ebb-803e-b91edb0f7578,9.792368859052658,9.792368859052658,100000.0,1,1,2
/CatalogService/UpdateItem3ae280c4-f4e7-4177-87d7-b4700e58b367,8.282302878797054,8.282302878797054,100000.0,1,1,2
/CatalogService/UpdateItem3de9373d-68b3-495e-8c27-624966d4aeb9,6.202211137861013,6.202211137861013,100000.0,1,1,2
/CatalogService/UpdateItem3fa007e7-f1cf-40f4-8206-23f81db2e138,10.476968251168728,10.476968251168728,100000.0,1,1,2
/CatalogService/UpdateItem428f24a1-6f11-48d4-ae68-83a44d918d35,9.487424045801163,9.487424045801163,100000.0,1,1,2
/CatalogService/UpdateItem446f8ce5-7706-409b-b07a-2993222a733c,8.461744990199804,8.461744990199804,100000.0,1,1,2
/CatalogService/UpdateItem4705b360-0558-4cf0-87c3-df59ea802a1a,10.643939953297377,10.643939953297377,100000.0,1,1,2
/CatalogService/UpdateItem4c72928c-4b3d-4d8d-8c52-87a7fa5075a9,7.3006837628781796,7.3006837628781796,100000.0,1,1,2
/CatalogService/UpdateItem518f4d35-711e-4114-953c-d9321d627717,12.640404980629683,12.640404980629683,100000.0,1,1,2
/CatalogService/UpdateItem596f59c0-7a39-4a5d-aa8f-a314a61e67d0,11.986987665295601,11.986987665295601,100000.0,1,1,2
/CatalogService/UpdateItem5d48c9d7-88ca-4448-9838-e4a755ea4a63,9.648459032177925,9.648459032177925,100000.0,1,1,2
/CatalogService/UpdateItem676bcb55-1823-46a6-bb7e-67cefe1ca9a4,7.047632243484259,7.047632243484259,100000.0,1,1,2
/CatalogService/UpdateItem67d9c26d-3a85-41dd-bf7b-4119ae43d42d,7.87337776273489,7.87337776273489,100000.0,1,1,2
/CatalogService/UpdateItem6c781142-3209-493e-99f1-594c8c474dbf,14.623342081904411,14.623342081904411,100000.0,1,1,2
/CatalogService/UpdateItem6cc55b82-624d-469f-917b-ea2db4e7b758,16.698697116225958,16.698697116225958,100000.0,1,1,2
/CatalogService/UpdateItem6d93059d-7d3c-4899-95e3-57f692679d07,14.50269902125001,14.50269902125001,100000.0,1,1,2
/CatalogService/UpdateItem6db55c2a-e31f-421e-919f-92650fb8db74,9.35411499813199,9.35411499813199,100000.0,1,1,2
/CatalogService/UpdateItem7b8d4085-0f5c-4740-8f12-75c6290b13e3,8.566256146878004,8.566256146878004,100000.0,1,1,2
/CatalogService/UpdateItem7c18f0f1-2079-43c6-99b0-e1b0867b2c6a,13.655537739396095,13.655537739396095,100000.0,1,1,2
/CatalogService/UpdateItem7dd85e7e-9dd7-4af3-9829-81ac7ca99fee,13.19716777652502,13.19716777652502,100000.0,1,1,2
/CatalogService/UpdateItem859a4cdc-eea1-4971-b626-cb2aebdc0457,14.224122744053602,14.224122744053602,100000.0,1,1,2
/CatalogService/UpdateItem85e0cda4-3761-4606-a6c7-e17cd4f25025,7.948772981762886,7.948772981762886,100000.0,1,1,2
/CatalogService/UpdateItem85fc4740-b0a9-417a-92c0-0e3c5d534f2c,8.638456929475069,8.638456929475069,100000.0,1,1,2
/CatalogService/UpdateItem86790995-a021-4fce-9910-0f2c10e8ac40,13.783217407763004,13.783217407763004,100000.0,1,1,2
/CatalogService/UpdateItem88b4940a-f71b-4acd-93d4-6291ac35db9c,8.446607273072004,8.446607273072004,100000.0,1,1,2
/CatalogService/UpdateItem8a27e5ba-3f13-471a-a49e-ed8523aa2934,7.9948874190449715,7.9948874190449715,100000.0,1,1,2
/CatalogService/UpdateItem90131789-cea7-4491-842d-de206c6c085a,4.511222243309021,4.511222243309021,100000.0,1,1,2
/CatalogService/UpdateItem9147cb4d-b48c-479b-aa46-c22d9ded539f,7.2520277462899685,7.2520277462899685,100000.0,1,1,2
/CatalogService/UpdateItem92c250e2-0651-4a54-ada0-3261e5aff125,9.441497270017862,9.441497270017862,100000.0,1,1,2
/CatalogService/UpdateItem92fa9e5b-bbd1-4fed-8ee6-12c70a80bc10,9.947719983756542,9.947719983756542,100000.0,1,1,2
/CatalogService/UpdateItem9bc6e8ca-abd6-445d-8c38-73b90b9b83a7,7.580279838293791,7.580279838293791,100000.0,1,1,2
/CatalogService/UpdateItem9cb2a07d-5fcf-4ff2-bd80-341d138a4b2a,13.804987072944641,13.804987072944641,100000.0,1,1,2
/CatalogService/UpdateItem9d5c081b-ebfe-4d14-9454-548d66cdb12f,6.86576496809721,6.86576496809721,100000.0,1,1,2
/CatalogService/UpdateItema45947d7-1482-4cbc-9d30-d19dfca65576,22.950537037104368,22.950537037104368,100000.0,1,1,2
/CatalogService/UpdateItema8094c1e-0e5f-4abf-946d-0b6f0676e7b7,7.0220488123595715,7.0220488123595715,100000.0,1,1,2
/CatalogService/UpdateItema8f70fe3-c10a-4b67-926a-24d319e32c23,7.3404633440077305,7.3404633440077305,100000.0,1,1,2
/CatalogService/UpdateItemaa6258e9-015c-4164-9b71-e88b89e990aa,11.486208997666836,11.486208997666836,100000.0,1,1,2
/CatalogService/UpdateItemaf2d77f1-cd9d-4dbf-b142-4ed9a7f6b5cd,7.081718184053898,7.081718184053898,100000.0,1,1,2
/CatalogService/UpdateItemb35ff6ec-0868-482b-b51e-38a0ac978e5d,19.82692675665021,19.82692675665021,100000.0,1,1,2
/CatalogService/UpdateItemb5f5a1d6-9e87-44a5-8439-a42765462df6,7.491406053304672,7.491406053304672,100000.0,1,1,2
/CatalogService/UpdateItemb7882800-cf9d-401f-8ae8-dff75f047272,8.954356890171766,8.954356890171766,100000.0,1,1,2
/CatalogService/UpdateItemb7f14fdc-221b-4e4f-b80c-d9c032873a9c,11.916922871023417,11.916922871023417,100000.0,1,1,2
/CatalogService/UpdateItemb86d7533-e0ba-4914-848d-79c1d88e6c44,10.78723929822445,10.78723929822445,100000.0,1,1,2
/CatalogService/UpdateItembf8855a9-757e-4f47-9b3d-0933c7f59f86,11.035057716071606,11.035057716071606,100000.0,1,1,2
/CatalogService/UpdateItemc0adf4a9-ec84-49c0-9761-a0157a0912ba,15.252702869474888,15.252702869474888,100000.0,1,1,2
/CatalogService/UpdateItemc9a57745-7428-45ad-9faf-dc9fb72533d9,5.822242703288794,5.822242703288794,100000.0,1,1,2
/CatalogService/UpdateItemd403761c-8a9a-4254-8928-5b0013a41b10,6.694620009511709,6.694620009511709,100000.0,1,1,2
/CatalogService/UpdateItemd586a049-2cf6-4c35-921c-1e616b619173,8.727141190320253,8.727141190320253,100000.0,1,1,2
/CatalogService/UpdateItemd72826ea-9436-4ca7-89ee-6cba260b7c10,7.467173971235752,7.467173971235752,100000.0,1,1,2
/CatalogService/UpdateItemdb9b80e5-f333-40ef-aa0b-12f452fc4940,11.184276081621647,11.184276081621647,100000.0,1,1,2
/CatalogService/UpdateItemdbbba2d9-8983-4416-afb5-b692b821f7e8,14.450364280492067,14.450364280492067,100000.0,1,1,2
/CatalogService/UpdateItemdcfb52aa-82ec-4978-ab8e-02c97715e12d,5.485963076353073,5.485963076353073,99999.0,1,1,2
/CatalogService/UpdateItemdfc864e7-1224-4877-b247-6cadadc2e2a8,8.489353116601706,8.489353116601706,100000.0,1,1,2
/CatalogService/UpdateIteme1be6a15-0426-499b-8e4a-c880d284d5db,11.468523181974888,11.468523181974888,100000.0,1,1,2
/CatalogService/UpdateIteme7dc00da-4159-45a9-954d-ae7283257d19,8.71372316032648,8.71372316032648,100000.0,1,1,2
/CatalogService/UpdateIteme829ede2-97cc-4a81-abed-e1acb7dcfe8a,6.420828867703676,6.420828867703676,100000.0,1,1,2
/CatalogService/UpdateIteme96de4e4-5455-47d4-97eb-6ff69745d3ed,12.795355170965195,12.795355170965195,100000.0,1,1,2
/CatalogService/UpdateItemee46a745-62b6-490b-88ab-515c0b8313c8,8.622321300208569,8.622321300208569,100000.0,1,1,2
/CatalogService/UpdateItemef3168a8-1072-4dea-a344-441dd319b7e0,8.605791721493006,8.605791721493006,100000.0,1,1,2
/CatalogService/UpdateItemf0c53810-f4df-4d2d-ae8f-463ed32162fb,12.709124013781548,12.709124013781548,100000.0,1,1,2
/CatalogService/UpdateItemf6173288-e6b5-4a98-bd65-c22c6adb7436,6.619967054575682,6.619967054575682,100000.0,1,1,2
/CatalogService/UpdateItemf62991c3-ce21-464a-8ce8-43eb00617fd1,11.773564852774143,11.773564852774143,100000.0,1,1,2
/CatalogService/UpdateItemfa9d2831-b358-4c71-9eb5-452f11d1e467,19.971804693341255,19.971804693341255,100000.0,1,1,2
/CatalogService/UpdateItemfb1cc0fa-fe91-48c6-9770-bd73573d40d7,9.433852043002844,9.433852043002844,100000.0,1,1,2
/CatalogService/UpdateItemff1fc73b-f533-4c85-81c4-948073f58674,7.039512973278761,7.039512973278761,100000.0,1,1,2
/CatalogService/UpdateItemffbb9d47-53ea-4976-9efa-688f5f9c0f9f,7.745479233562946,7.745479233562946,100000.0,1,1,2
/CustomerService/CreateCustomer02fc78d2-002c-4fa8-9c4d-defb2ee7430e,24.258471094071865,24.258471094071865,100000.0,1,1,2
/CustomerService/CreateCustomer0583b335-8088-41ca-bb80-753132e390ba,16.86398871243,16.86398871243,100000.0,1,1,2
/CustomerService/CreateCustomer0da68a82-e6ee-4baa-9a7e-86633fc05d06,14.620475936681032,14.620475936681032,100000.0,1,1,2
/CustomerService/CreateCustomer0da853d3-a6bd-4e04-af68-c1be694fdce3,14.87674517557025,14.87674517557025,100000.0,1,1,2
/CustomerService/CreateCustomer1a73601d-d72f-43b1-86fd-e0b32280e98e,7.496170233935118,7.496170233935118,100000.0,1,1,2
/CustomerService/CreateCustomer2a71b614-f54f-4ea9-a730-5cc8e7b13139,15.11203171685338,15.11203171685338,100000.0,1,1,2
/CustomerService/CreateCustomer2cf526af-4ae0-422d-ac4e-fc96dc0e91f4,14.175418764352798,14.175418764352798,100000.0,1,1,2
/CustomerService/CreateCustomer2e9cf88a-27ad-4e08-b45f-3201c11af42f,11.501522734761238,11.501522734761238,100000.0,1,1,2
/CustomerService/CreateCustomer31d3373b-7873-4a79-825b-3d5543501033,12.21829792484641,12.21829792484641,100000.0,1,1,2
/CustomerService/CreateCustomer328bb4a3-ec9f-46a9-b2a8-4fa161321de4,10.969823226332664,10.969823226332664,100000.0,1,1,2
/CustomerService/CreateCustomer339ef88e-118a-4eb3-b564-cdf63adc2a58,10.515895672142506,10.515895672142506,100000.0,1,1,2
/CustomerService/CreateCustomer33b7dccd-1d26-45b4-bedb-536f927625f9,12.545914854854345,12.545914854854345,100000.0,1,1,2
/CustomerService/CreateCustomer35969b3a-0b92-4f6e-9e6b-d3ccff764537,8.969879243522882,8.969879243522882,100000.0,1,1,2
/CustomerService/CreateCustomer37957cf5-d439-47c4-aa91-457773f94961,9.470452088862658,9.470452088862658,100000.0,1,1,2
/CustomerService/CreateCustomer3a27eb70-09f8-44fd-9895-898e9203f8d0,15.220704954117537,15.220704954117537,100000.0,1,1,2
/CustomerService/CreateCustomer3a3177e7-d12a-4ea9-89a9-84b0b1375248,12.24029390141368,12.24029390141368,100000.0,1,1,2
/CustomerService/CreateCustomer42a7d286-8d72-479f-ab1f-ef7e60c51b5b,10.629689320921898,10.629689320921898,100000.0,1,1,2
/CustomerService/CreateCustomer432fdab5-02e8-4a44-8e6b-d4d2cdea72c1,41.87367297708988,41.87367297708988,100000.0,1,1,2
/CustomerService/CreateCustomer47111300-392d-436b-91fc-325de06d7027,18.121189903467894,18.121189903467894,100000.0,1,1,2
/CustomerService/CreateCustomer4aedc92f-e23d-4dad-96d6-2404e5b7b8ad,11.368618812412024,11.368618812412024,100000.0,1,1,2
/CustomerService/CreateCustomer4b9eea9e-4ac7-4306-ba8e-81165f6391d4,42.96422516927123,42.96422516927123,100000.0,1,1,2
/CustomerService/CreateCustomer4d101e98-685c-4431-9d0b-586d739dfe60,10.303851217031479,10.303851217031479,100000.0,1,1,2
/CustomerService/CreateCustomer503fb350-719e-4ba6-b655-aa98404f43a6,15.236319042742252,15.236319042742252,100000.0,1,1,2
/CustomerService/CreateCustomer53f18ce8-3f27-42d9-acfb-6abe1a353e1e,9.372593834996223,9.372593834996223,100000.0,1,1,2
/CustomerService/CreateCustomer5409c1c5-2069-4fa4-8531-7c2ae60c1d39,9.478203020989895,9.478203020989895,100000.0,1,1,2
/CustomerService/CreateCustomer570dba6e-1045-4aca-999a-ede275e9d2df,18.86134408414364,18.86134408414364,100000.0,1,1,2
/CustomerService/CreateCustomer5cb0b47c-374a-4db9-b11e-25cfa88f2b26,11.364287231117487,11.364287231117487,100000.0,1,1,2
/CustomerService/CreateCustomer5f2521e9-7af7-4c8c-b2c7-d9ef2a5e5e1c,11.84915704652667,11.84915704652667,100000.0,1,1,2
/CustomerService/CreateCustomer5fbc27c4-709b-4e0d-a0fd-fb521492a7ad,41.93966370075941,41.93966370075941,100000.0,1,1,2
/CustomerService/CreateCustomer60aa1a20-33d9-4823-869b-d75e4930b64e,9.517774917185307,9.517774917185307,100000.0,1,1,2
/CustomerService/CreateCustomer6b1b375b-511d-4b89-ab39-8fc689509bef,10.109927039593458,10.109927039593458,100000.0,1,1,2
/CustomerService/CreateCustomer6defc6cb-4a73-40fb-a67d-09ae2afd9307,7.876839023083448,7.876839023083448,100000.0,1,1,2
/CustomerService/CreateCustomer6f71f2f8-3d24-4559-bfe0-ce914169c6e0,10.214861948043108,10.214861948043108,100000.0,1,1,2
/CustomerService/CreateCustomer76593b25-84a2-4cee-8347-8a8e6d4c7f0a,9.585789870470762,9.585789870470762,100000.0,1,1,2
/CustomerService/CreateCustomer787e3cb0-8adc-4a88-b272-33b1f3b3ec83,45.883113984018564,45.883113984018564,100000.0,1,1,2
/CustomerService/CreateCustomer78bb164d-0771-4dfc-9c9a-8501949eea82,13.288842979818583,13.288842979818583,100000.0,1,1,2
/CustomerService/CreateCustomer798567bb-76be-4385-bd9b-c000bc6f8af4,15.10705891996622,15.10705891996622,100000.0,1,1,2
/CustomerService/CreateCustomer7abfeb63-b9e3-479e-93d8-2843bbd57248,10.064265225082636,10.064265225082636,100000.0,1,1,2
/CustomerService/CreateCustomer7f357785-590a-4d8b-9f8c-da773646a344,9.530562441796064,9.530562441796064,100000.0,1,1,2
/CustomerService/CreateCustomer824dbceb-d660-420e-afba-7ac33fb276fd,15.160590875893831,15.160590875893831,100000.0,1,1,2
/CustomerService/CreateCustomer82d12231-9927-42aa-b462-bf3070c4dc2d,16.048328951001167,16.048328951001167,100000.0,1,1,2
/CustomerService/CreateCustomer83535451-60ec-42e1-a591-96432a8a4ccb,22.315177135169506,22.315177135169506,100000.0,1,1,2
/CustomerService/CreateCustomer857b4416-790b-428e-9313-472c3201dcde,9.869568981230259,9.869568981230259,100000.0,1,1,2
/CustomerService/CreateCustomer8c2c3938-b84b-4394-b6a9-0c603afc7574,12.69396673887968,12.69396673887968,100000.0,1,1,2
/CustomerService/CreateCustomer91b8711c-d2cf-44a1-a2b6-3eb787989e2f,17.062378115952015,17.062378115952015,100000.0,1,1,2
/CustomerService/CreateCustomer969bcdfe-e899-4ef3-bb22-204382fa3a9e,15.253569930791855,15.253569930791855,100000.0,1,1,2
/CustomerService/CreateCustomer9b765267-40be-48a6-a7b7-f4b40ac379ba,7.196378894150257,7.196378894150257,100000.0,1,1,2
/CustomerService/CreateCustomera0bca47a-48fb-4ed9-b7bd-f98e700d2388,41.14932706579566,41.14932706579566,100000.0,1,1,2
/CustomerService/CreateCustomera1d0f2a5-74ab-430d-bea2-4983defe986c,17.29424111545086,17.29424111545086,100000.0,1,1,2
/CustomerService/CreateCustomera254fe1c-34ad-4f68-b1cc-a49703f9e358,15.705554746091366,15.705554746091366,100000.0,1,1,2
/CustomerService/CreateCustomerb3aa92fa-34da-4ad7-9e6b-f49c80daef7c,16.485992819070816,16.485992819070816,100000.0,1,1,2
/CustomerService/CreateCustomerb6f900f2-7e87-4e0a-bc74-dc01efe448dc,9.672417305409908,9.672417305409908,100000.0,1,1,2
/CustomerService/CreateCustomerb878ea24-ce22-468c-aa2f-807276342fd8,11.888666078448296,11.888666078448296,100000.0,1,1,2
/CustomerService/CreateCustomerbb672743-5894-4cc4-951d-aaf3e999974f,11.000546626746655,11.000546626746655,100000.0,1,1,2
/CustomerService/CreateCustomerbbd39e36-e67b-4a5c-83da-53ad05c1cd6e,13.252547942101955,13.252547942101955,100000.0,1,1,2
/CustomerService/CreateCustomerbd2d0c5f-29fc-4b10-babf-a38ba1c3fe57,17.62260962277651,17.62260962277651,100000.0,1,1,2
/CustomerService/CreateCustomerc0987965-abee-437b-8533-a154c3d2e731,11.533174198120832,11.533174198120832,100000.0,1,1,2
/CustomerService/CreateCustomerc2417892-0ba1-4e53-9c7b-3210049db810,10.567175690084696,10.567175690084696,100000.0,1,1,2
/CustomerService/CreateCustomerc5e00ce8-e450-4c67-888d-283db162586b,16.059641260653734,16.059641260653734,100000.0,1,1,2
/CustomerService/CreateCustomerc66e8437-5ad5-4ca4-b73e-12d2e99c180d,13.19261034950614,13.19261034950614,100000.0,1,1,2
/CustomerService/CreateCustomerc8295380-f531-4890-a13b-9cf69ad93f07,23.31295609474182,23.31295609474182,100000.0,1,1,2
/CustomerService/CreateCustomerc8ddc957-8765-42ba-82e1-d87b27e04e0e,8.097940124571323,8.097940124571323,100000.0,1,1,2
/CustomerService/CreateCustomerc9f8fe3e-ba4c-4c48-8b7d-626fbf0d0db4,11.42430491745472,11.42430491745472,100000.0,1,1,2
/CustomerService/CreateCustomerccf98f57-93a0-4a0e-91b4-2269d3d3cebb,9.362602606415749,9.362602606415749,100000.0,1,1,2
/CustomerService/CreateCustomerd06aa322-872b-4f7d-a33f-486794111996,14.068360906094313,14.068360906094313,100000.0,1,1,2
/CustomerService/CreateCustomerd1c402b4-97c6-45b4-bc72-647064abcb10,13.501429930329323,13.501429930329323,100000.0,1,1,2
/CustomerService/CreateCustomerd569113e-ce25-4896-9edc-d88011403c4a,17.928441055119038,17.928441055119038,100000.0,1,1,2
/CustomerService/CreateCustomerd5b91d34-9dd5-46a3-978f-997341c5cedc,15.987064223736525,15.987064223736525,100000.0,1,1,2
/CustomerService/CreateCustomerd7bdeddd-16d0-485f-ae72-fb5d100302d3,10.272820014506578,10.272820014506578,100000.0,1,1,2
/CustomerService/CreateCustomerd976f780-dd19-4951-89fe-8b5c0202472c,21.98515273630619,21.98515273630619,100000.0,1,1,2
/CustomerService/CreateCustomerdcc56763-150a-4b9c-b78e-f8a543cf5288,11.410357896238565,11.410357896238565,100000.0,1,1,2
/CustomerService/CreateCustomere04f9265-edaa-4e3b-b547-07b11ed23364,16.534850001335144,16.534850001335144,100000.0,1,1,2
/CustomerService/CreateCustomere33b0048-2680-4912-a1c8-e199e719069c,23.306874092668295,23.306874092668295,100000.0,1,1,2
/CustomerService/CreateCustomerede9e972-94ba-457e-ab44-a0a8af42a59c,12.401211075484753,12.401211075484753,100000.0,1,1,2
/CustomerService/CreateCustomerf0bd9833-9a99-4db2-ae13-017bf952d3db,13.446148950606585,13.446148950606585,100000.0,1,1,2
/CustomerService/CreateCustomerf6dc1879-0392-4581-92f4-b9ade2e1085b,13.629382010549307,13.629382010549307,100000.0,1,1,2
/CustomerService/CreateCustomerf89fd62d-2d21-4f5b-9ec2-62b3479f8d27,10.037171188741922,10.037171188741922,100000.0,1,1,2
/CustomerService/CreateCustomerfa555dd7-f465-4c43-b270-80062e37c8f6,8.412951603531837,8.412951603531837,100000.0,1,1,2
/CustomerService/CreateCustomerfda54144-4b3c-47f8-9df3-0a5c088c03d2,33.946128096431494,33.946128096431494,100000.0,1,1,2
/CustomerService/CreateCustomerfdbfb9c9-fcbe-4daa-a0ce-27c467645a77,14.74301191046834,14.74301191046834,100000.0,1,1,2
/CustomerService/UpdateCustomer05281445-8411-4477-b7ad-40289f661482,12.202372774481773,12.202372774481773,100000.0,1,1,2
/CustomerService/UpdateCustomer0656d04f-e079-4284-882b-2e4eeb20c52d,10.61523100361228,10.61523100361228,100000.0,1,1,2
/CustomerService/UpdateCustomer07504070-6701-4b4a-ab17-21ab15d7a848,7.569949142634869,7.569949142634869,100000.0,1,1,2
/CustomerService/UpdateCustomer0b0f069c-7343-463a-b615-26299cce6bf7,27.95788273215294,27.95788273215294,100000.0,1,1,2
/CustomerService/UpdateCustomer0cb80625-479d-406f-8895-527aa6be0420,9.412472601979971,9.412472601979971,100000.0,1,1,2
/CustomerService/UpdateCustomer117764ba-e930-4336-989a-f84e9712daef,11.204556562006474,11.204556562006474,100000.0,1,1,2
/CustomerService/UpdateCustomer11e0ad50-5fc4-410f-ab48-5e10265d85ea,11.108667124062777,11.108667124062777,100000.0,1,1,2
/CustomerService/UpdateCustomer14a16cd3-3863-416d-94ef-4bc8557e3fb3,14.453284908086061,14.453284908086061,100000.0,1,1,2
/CustomerService/UpdateCustomer16fefb76-3096-4e64-bd77-e8b310473fc6,13.491534162312746,13.491534162312746,100000.0,1,1,2
/CustomerService/UpdateCustomer1aad6ada-5767-49e6-8fe3-0dddcdba8ac2,24.40451178699732,24.40451178699732,100000.0,1,1,2
/CustomerService/UpdateCustomer1d1a52ee-3a55-4bf7-95c3-678edef605b3,9.18124383315444,9.18124383315444,100000.0,1,1,2
/CustomerService/UpdateCustomer1ffbf40c-87a8-4e03-ad8e-0dbd18667393,9.063172154128551,9.063172154128551,100000.0,1,1,2
/CustomerService/UpdateCustomer20bf6c34-326e-4115-9cc4-7c2f662ff53a,13.811944052577019,13.811944052577019,100000.0,1,1,2
/CustomerService/UpdateCustomer26b435bb-b28f-4f60-a539-2aba06361632,17.50560710206628,17.50560710206628,100000.0,1,1,2
/CustomerService/UpdateCustomer2a3bfaa3-0912-45ed-8664-46ae2e7995e4,17.892440780997276,17.892440780997276,100000.0,1,1,2
/CustomerService/UpdateCustomer308910cc-96b5-4a14-8464-a16340e68d65,10.030062403529882,10.030062403529882,100000.0,1,1,2
/CustomerService/UpdateCustomer31ea8013-f643-4594-a5dc-613a899c9518,9.51666384935379,9.51666384935379,100000.0,1,1,2
/CustomerService/UpdateCustomer3c6639c4-d117-4e63-ad3a-db820289857f,12.067368719726801,12.067368719726801,100000.0,1,1,2
/CustomerService/UpdateCustomer3d13f874-11a1-4cdd-a111-8427178a8a61,12.604123912751675,12.604123912751675,100000.0,1,1,2
/CustomerService/UpdateCustomer3f17a2d3-9675-4e6f-999c-e053bad902cf,14.317724853754044,14.317724853754044,100000.0,1,1,2
/CustomerService/UpdateCustomer42ae35e6-d786-4706-9cfd-5363b7f36af3,8.963324129581451,8.963324129581451,100000.0,1,1,2
/CustomerService/UpdateCustomer46cde40f-f946-4126-842b-6db1a3c3cdc0,13.96384509280324,13.96384509280324,100000.0,1,1,2
/CustomerService/UpdateCustomer480f29cc-09b8-4d20-ba56-fef71db574d5,16.467624809592962,16.467624809592962,100000.0,1,1,2
/CustomerService/UpdateCustomer48e67eb7-0b3b-4cb4-8823-0b8f6008cdbc,10.14155987650156,10.14155987650156,100000.0,1,1,2
/CustomerService/UpdateCustomer493ef0f8-717b-456d-b453-92aeea1d7ece,12.677659746259451,12.677659746259451,100000.0,1,1,2
/CustomerService/UpdateCustomer49be212f-6261-47c3-b4f9-7456973f04bf,18.233745824545622,18.233745824545622,100000.0,1,1,2
/CustomerService/UpdateCustomer50901949-a5af-4765-8504-fdad27d18bc4,13.970495201647282,13.970495201647282,100000.0,1,1,2
/CustomerService/UpdateCustomer52aa729e-abb4-4baf-91fa-2843ea4c7c77,14.568716753274202,14.568716753274202,100000.0,1,1,2
/CustomerService/UpdateCustomer533366f0-445f-491d-9029-66fd181dadfb,15.21310769021511,15.21310769021511,100000.0,1,1,2
/CustomerService/UpdateCustomer55b07ce0-287f-4491-bd09-c2ec5b2d188e,7.98781868070364,7.98781868070364,100000.0,1,1,2
/CustomerService/UpdateCustomer598f6c7d-b734-4cbf-b2f1-8c14f3e85ed6,11.463407892733812,11.463407892733812,100000.0,1,1,2
/CustomerService/UpdateCustomer5db2f669-c307-4464-bf8f-6eae06be338a,18.608737736940384,18.608737736940384,100000.0,1,1,2
/CustomerService/UpdateCustomer6447ce94-e0e8-4773-a80a-717da0786681,22.565036080777645,22.565036080777645,100000.0,1,1,2
/CustomerService/UpdateCustomer65110df4-cdd2-4289-a7f0-d0c5b14266e8,15.892614144831896,15.892614144831896,100000.0,1,1,2
/CustomerService/UpdateCustomer6771fcd2-5c3b-44ea-82cd-87602a871417,16.77862089127302,16.77862089127302,100000.0,1,1,2
/CustomerService/UpdateCustomer6db414b3-505b-46a0-be35-62b021471f0a,21.72265714034438,21.72265714034438,100000.0,1,1,2
/CustomerService/UpdateCustomer719ffbb1-8622-4a3e-ab2a-ff592aa0f745,27.547601144760847,27.547601144760847,100000.0,1,1,2
/CustomerService/UpdateCustomer73faa314-ac97-42db-868b-553fa6cd7bd4,14.158343896269798,14.158343896269798,100000.0,1,1,2
/CustomerService/UpdateCustomer76c59020-210d-44d0-9caf-0067e170edca,12.124844826757908,12.124844826757908,100000.0,1,1,2
/CustomerService/UpdateCustomer77bfc924-cbac-4436-a2bb-676ff3230050,19.25593288615346,19.25593288615346,100000.0,1,1,2
/CustomerService/UpdateCustomer84e6d6a6-6a98-4eb6-81ad-bde60dee5e64,9.38308984041214,9.38308984041214,100000.0,1,1,2
/CustomerService/UpdateCustomer85f1552e-6325-49aa-a300-068695042c9c,13.259523082524538,13.259523082524538,100000.0,1,1,2
/CustomerService/UpdateCustomer86c1979b-f037-4b6e-b1b0-4916eaa3f294,10.757846292108297,10.757846292108297,100000.0,1,1,2
/CustomerService/UpdateCustomer86f5cc9e-83c7-4bd5-94a3-08a622315db3,11.47196488454938,11.47196488454938,100000.0,1,1,2
/CustomerService/UpdateCustomer88147b21-7643-4291-9fca-345f57b3d6a2,12.014528270810843,12.014528270810843,100000.0,1,1,2
/CustomerService/UpdateCustomer89f6d426-2443-4ec3-bf35-3cf85c8b1ccb,9.756749030202627,9.756749030202627,100000.0,1,1,2
/CustomerService/UpdateCustomer91f66117-3991-4926-b011-96d005832de5,15.121289063245058,15.121289063245058,100000.0,1,1,2
/CustomerService/UpdateCustomer9275a1fe-818b-4f1f-b4e1-f6f8cabd9f20,22.031078580766916,22.031078580766916,100000.0,1,1,2
/CustomerService/UpdateCustomer9374d49b-08c8-4ce6-a579-02631fbe6ca9,13.682420831173658,13.682420831173658,100000.0,1,1,2
/CustomerService/UpdateCustomer941dffb9-45df-49ac-b7fd-c46b0f782e57,25.410215836018324,25.410215836018324,100000.0,1,1,2
/CustomerService/UpdateCustomer9cb4288f-9b6a-4687-a9d0-2d5af565eaab,12.806020211428404,12.806020211428404,100000.0,1,1,2
/CustomerService/UpdateCustomer9d1b71d4-7026-4de1-a268-54f808f938f9,61.373003758490086,61.373003758490086,100000.0,1,1,2
/CustomerService/UpdateCustomer9ed1b8a2-5dfc-4c43-ad7a-daf2869aeae0,11.631194967776537,11.631194967776537,100000.0,1,1,2
/CustomerService/UpdateCustomer9f4e31ea-c18a-4f26-a6e3-164ec1ce2a5e,10.540413204580545,10.540413204580545,100000.0,1,1,2
/CustomerService/UpdateCustomera14b2f49-24a0-40ec-a0dc-97caf5519998,8.770504966378212,8.770504966378212,100000.0,1,1,2
/CustomerService/UpdateCustomera4b7ad7c-e2ee-4def-99d2-3dec87937696,17.804989591240883,17.804989591240883,100000.0,1,1,2
/CustomerService/UpdateCustomera857d92a-f7c5-4b29-920e-59f11aa46078,16.498917248100042,16.498917248100042,100000.0,1,1,2
/CustomerService/UpdateCustomera8eff81f-250b-41cb-8b41-95591cfca80f,15.647477935999632,15.647477935999632,100000.0,1,1,2
/CustomerService/UpdateCustomerb1869db4-b87c-466c-a126-f750e2a3cba9,17.87650678306818,17.87650678306818,100000.0,1,1,2
/CustomerService/UpdateCustomerb45612d6-3ff8-4677-9b28-afb02c81816d,12.856370769441128,12.856370769441128,100000.0,1,1,2
/CustomerService/UpdateCustomerb7246dc8-2002-42e1-b82c-bc2362cf0d4e,15.35422494634986,15.35422494634986,100000.0,1,1,2
/CustomerService/UpdateCustomerb9ddbd59-cb63-425e-a1c4-226112c40840,16.779207158833742,16.779207158833742,100000.0,1,1,2
/CustomerService/UpdateCustomerbc25d44b-611a-4e84-bb26-a3e254705f43,9.654166176915169,9.654166176915169,100000.0,1,1,2
/CustomerService/UpdateCustomerc28e4e83-39fa-45c6-87c5-5865e8c9d586,12.913801707327366,12.913801707327366,100000.0,1,1,2
/CustomerService/UpdateCustomerc53b6d61-d291-49f5-b250-c3506a990c4a,9.92297101765871,9.92297101765871,100000.0,1,1,2
/CustomerService/UpdateCustomerc9bdc92c-648b-4af6-b270-3020ec7ddedc,12.208460830152035,12.208460830152035,100000.0,1,1,2
/CustomerService/UpdateCustomercbdbd7f7-3b8e-4efe-ac66-02b573310a9e,18.106823787093163,18.106823787093163,100000.0,1,1,2
/CustomerService/UpdateCustomercd6554cf-b94b-4d55-8947-fa2f5437415c,14.104348607361317,14.104348607361317,100000.0,1,1,2
/CustomerService/UpdateCustomerd0620db0-fa44-434e-8901-6d923f9676b5,11.123283300548792,11.123283300548792,100000.0,1,1,2
/CustomerService/UpdateCustomerd14e1f5f-b839-436c-908e-36711448997c,13.4501070715487,13.4501070715487,100000.0,1,1,2
/CustomerService/UpdateCustomerd163f1eb-a16f-4f1f-af9e-1a627c92251b,17.069553025066853,17.069553025066853,100000.0,1,1,2
/CustomerService/UpdateCustomere0989e92-45b4-4bb9-8845-d89bc16da36d,11.52400067076087,11.52400067076087,100000.0,1,1,2
/CustomerService/UpdateCustomere821edba-9d8d-4e7b-858d-1d65a854ec50,15.892555937170982,15.892555937170982,100000.0,1,1,2
/CustomerService/UpdateCustomerf54e7e27-3a45-45d8-a3d0-8c690dac544c,8.474903181195259,8.474903181195259,100000.0,1,1,2
/CustomerService/UpdateCustomerf7a3294a-6f8c-45d7-a1b2-1dd11837e7b6,11.294622905552387,11.294622905552387,100000.0,1,1,2
/CustomerService/UpdateCustomerf9684312-07f1-4e8f-b4ae-9b30920370c9,14.279235620051622,14.279235620051622,100000.0,1,1,2
/CustomerService/UpdateCustomerfa655bf5-b6c7-4337-8638-612880f33927,13.93213402479887,13.93213402479887,100000.0,1,1,2
/CustomerService/UpdateCustomerfa7eb76b-d11f-4926-9cc5-4fcda07e05dd,19.981876015663147,19.981876015663147,100000.0,1,1,2
/CustomerService/UpdateCustomerfc96f988-e3fe-4cbd-88f1-6be44a3262e4,9.216240141540766,9.216240141540766,100000.0,1,1,2
/CustomerService/UpdateCustomerfd623b53-ab8d-4e5f-acbe-e7f0ef7c7d26,13.06811673566699,13.06811673566699,100000.0,1,1,2
/CustomerService/getCustomer02977759-cd33-4691-b941-58635cc932ca,5.641197320073843,5.641197320073843,2.0,1,1,2
/CustomerService/getCustomer09c903fb-66a0-4baa-acd3-16d39ca231ba,5.663950927555561,5.663950927555561,2.0,1,1,2
/CustomerService/getCustomer0c0f9aa6-4811-44ec-9de1-a475d0b1ca91,3.8828030228614807,3.8828030228614807,2.0,1,1,2
/CustomerService/getCustomer0e03c2b3-6b9c-42eb-8407-535654e66f89,11.463285889476538,11.463285889476538,2.0,1,1,2
/CustomerService/getCustomer0ef91b32-50fd-4b81-8359-13557356ee3c,4.072487819939852,4.072487819939852,2.0,1,1,2
/CustomerService/getCustomer1831c8f1-7422-4c1c-8eec-e39377bd3b81,3.7113018333911896,3.7113018333911896,2.0,1,1,2
/CustomerService/getCustomer1b1d0365-4939-4589-be30-213c0f80524d,6.118122022598982,6.118122022598982,2.0,1,1,2
/CustomerService/getCustomer2338f425-8335-43ef-852b-3f5eaac63715,4.307890310883522,4.307890310883522,2.0,1,1,2
/CustomerService/getCustomer26eb1152-5748-4089-a91a-4b5262a1e672,3.981051966547966,3.981051966547966,2.0,1,1,2
/CustomerService/getCustomer2b7717ed-8d51-4b94-8409-299e1e5064a8,55.142694152891636,55.142694152891636,2.0,1,1,2
/CustomerService/getCustomer2e9ceb60-1f52-4f46-9f93-ee597429f90b,4.760511219501495,4.760511219501495,2.0,1,1,2
/CustomerService/getCustomer33984a2d-6593-4ae4-9f6e-e3230642b17b,8.756333962082863,8.756333962082863,2.0,1,1,2
/CustomerService/getCustomer37637634-fdc4-447c-b7d4-d31fc34e3b2b,3.2323230989277363,3.2323230989277363,2.0,1,1,2
/CustomerService/getCustomer407661a8-2fbf-459b-bb93-70fb6a50580e,3.680122084915638,3.680122084915638,2.0,1,1,2
/CustomerService/getCustomer43ddbc2b-c0d9-436d-adfb-63fbf2f944c3,3.6516617983579636,3.6516617983579636,2.0,1,1,2
/CustomerService/getCustomer4503e055-13e0-46ab-a3b5-38fc5dba7655,3.424285911023617,3.424285911023617,2.0,1,1,2
/CustomerService/getCustomer46a75ffe-0d5b-4f2b-9d91-74c2b4013a97,8.864250034093857,8.864250034093857,2.0,1,1,2
/CustomerService/getCustomer552850c3-2669-4deb-889e-6ebde9861892,7.8971958719193935,7.8971958719193935,2.0,1,1,2
/CustomerService/getCustomer5ba67457-9873-49fa-9fc3-f842b61a5e8f,4.732659086585045,4.732659086585045,2.0,1,1,2
/CustomerService/getCustomer5f2379b4-5b70-4cc5-bae4-f6acde8f548c,3.4838090650737286,3.4838090650737286,2.0,1,1,2
/CustomerService/getCustomer640912ce-1931-437f-befd-1d410ec75af6,2.8899339959025383,2.8899339959025383,2.0,1,1,2
/CustomerService/getCustomer6780a3ad-ded2-4d4d-ae83-cc8e22a9f3df,5.0399452447891235,5.0399452447891235,2.0,1,1,2
/CustomerService/getCustomer67d6d6cd-9ba7-4c4e-a378-29913187b1fc,6.796221248805523,6.796221248805523,2.0,1,1,2
/CustomerService/getCustomer691e2a95-3475-451f-97ba-d602eb3605e8,10.505092795938253,10.505092795938253,2.0,1,1,2
/CustomerService/getCustomer75833eb3-b4e3-477e-99f5-df85215c5e0b,7.864709943532944,7.864709943532944,2.0,1,1,2
/CustomerService/getCustomer76d7e5eb-14a9-4b8a-aebc-2745bc683b0d,4.849586170166731,4.849586170166731,2.0,1,1,2
/CustomerService/getCustomer7ac1b185-a6eb-4a2f-ac14-35a1fc548d3a,3.96994361653924,3.96994361653924,2.0,1,1,2
/CustomerService/getCustomer7c9ef6c4-1f92-4cb4-b25a-8b24d36218cf,8.65034619346261,8.65034619346261,2.0,1,1,2
/CustomerService/getCustomer817d35b1-03c6-4652-84ff-410533fb14d1,3.4674652852118015,3.4674652852118015,2.0,1,1,2
/CustomerService/getCustomer845365ee-0db8-47ad-818e-686e2a776d0d,6.622188724577427,6.622188724577427,2.0,1,1,2
/CustomerService/getCustomer85f45c27-bb50-4559-b48c-effe052c1073,5.408461671322584,5.408461671322584,2.0,1,1,2
/CustomerService/getCustomer8c5ae702-8b32-4e77-a4a8-5c08a9a7b308,3.3458350226283073,3.3458350226283073,2.0,1,1,2
/CustomerService/getCustomer8c7f61b6-5e7e-41d2-9acf-2ec055e856bd,3.2215979881584644,3.2215979881584644,2.0,1,1,2
/CustomerService/getCustomer92156066-981c-477b-81c5-cd68d58f9cfc,4.724142141640186,4.724142141640186,2.0,1,1,2
/CustomerService/getCustomer93c31e2f-65d6-4017-bd0b-313615f03b81,3.2712272368371487,3.2712272368371487,2.0,1,1,2
/CustomerService/getCustomer9402d972-983f-438b-b4a3-4f58301bf540,4.150121007114649,4.150121007114649,2.0,1,1,2
/CustomerService/getCustomer941ee1dc-97fc-44a0-8f2d-9803842bbbe1,8.336558006703854,8.336558006703854,2.0,1,1,2
/CustomerService/getCustomer9510a5a8-0783-4465-9f9d-e47656e071f7,9.184034075587988,9.184034075587988,2.0,1,1,2
/CustomerService/getCustomer9bd90692-e70d-4766-a092-32c2ecb81eb7,6.3172029331326485,6.3172029331326485,2.0,1,1,2
/CustomerService/getCustomera3c27361-4d03-4f06-ab1c-0d408613c0bd,9.122052229940891,9.122052229940891,2.0,1,1,2
/CustomerService/getCustomera457d236-0bef-4bc2-a463-0f3b6e2f77e3,12.737903743982315,12.737903743982315,2.0,1,1,2
/CustomerService/getCustomera7f07845-d58b-46c5-8ce4-e9c8f696e565,7.017550058662891,7.017550058662891,2.0,1,1,2
/CustomerService/getCustomeraa76914d-7319-4705-9416-c309a0192081,4.374273121356964,4.374273121356964,2.0,1,1,2
/CustomerService/getCustomerb111cd62-7a0f-427a-80dd-9277fc8d2391,8.306609001010656,8.306609001010656,2.0,1,1,2
/CustomerService/getCustomerb1b64b90-49ea-4815-8f9e-d6a288fea012,2.5003040209412575,2.5003040209412575,2.0,1,1,2
/CustomerService/getCustomerb446bd32-8d8f-407c-bd75-3d66ecdd8676,3.9753238670527935,3.9753238670527935,2.0,1,1,2
/CustomerService/getCustomerb4e9870f-e605-414a-9616-70c7e652447b,4.769244696944952,4.769244696944952,2.0,1,1,2
/CustomerService/getCustomerb567455f-6c36-4d67-8c3c-5dcead87b4b1,3.800294827669859,3.800294827669859,2.0,1,1,2
/CustomerService/getCustomerbad55a07-53a0-4087-af9a-fc53be6d07b0,4.668546840548515,4.668546840548515,2.0,1,1,2
/CustomerService/getCustomerbd119840-cd54-41b5-8cfe-a58d1ae7b093,6.431908812373877,6.431908812373877,2.0,1,1,2
/CustomerService/getCustomerbdcdfa8a-b5b7-4243-af16-95228d26e932,4.747224040329456,4.747224040329456,2.0,1,1,2
/CustomerService/getCustomerc7275ecf-c868-4083-bbd4-c1442b24966a,11.086439713835716,11.086439713835716,2.0,1,1,2
/CustomerService/getCustomerc799f6f8-5c9a-4890-94bf-d080a0810275,3.7846690975129604,3.7846690975129604,2.0,1,1,2
/CustomerService/getCustomerc9308920-1e02-4da6-8335-bdf555bace10,6.6798231564462185,6.6798231564462185,2.0,1,1,2
/CustomerService/getCustomercb0e1512-4685-41c8-9f0f-e05a834b7b9e,6.077252794057131,6.077252794057131,2.0,1,1,2
/CustomerService/getCustomercd4e24e7-7d49-4796-85f4-12c71ec37f69,4.623863380402327,4.623863380402327,2.0,1,1,2
/CustomerService/getCustomerceeab543-1a44-46b4-9be3-14b087af2c27,7.822967134416103,7.822967134416103,2.0,1,1,2
/CustomerService/getCustomerd22099d5-0468-4043-8e4c-8f32e9a9760c,4.809238947927952,4.809238947927952,2.0,1,1,2
/CustomerService/getCustomerd2401399-4b06-4e1c-aec4-006609e6e921,3.741106018424034,3.741106018424034,2.0,1,1,2
/CustomerService/getCustomerd2d796cd-088f-4680-ad96-8888ab7bd3fb,4.437111783772707,4.437111783772707,2.0,1,1,2
/CustomerService/getCustomerd52c6955-7e21-461d-a4b7-0ce3ae4dded8,7.400183007121086,7.400183007121086,2.0,1,1,2
/CustomerService/getCustomerdc26769c-b46f-4f62-a019-6aa7a2301e9f,4.095736891031265,4.095736891031265,2.0,1,1,2
/CustomerService/getCustomerdfddd997-0676-41f1-b822-c4af241bd655,7.784626912325621,7.784626912325621,2.0,1,1,2
/CustomerService/getCustomere2a7a8db-e59e-425f-9901-889c416e5e1d,3.718685358762741,3.718685358762741,2.0,1,1,2
/CustomerService/getCustomere434f1b9-dd8c-4d0d-b0ae-8d6cb6972032,7.428641896694899,7.428641896694899,2.0,1,1,2
/CustomerService/getCustomere5e49460-5f5d-4f49-8e42-a72a7560cb1e,4.042197950184345,4.042197950184345,2.0,1,1,2
/CustomerService/getCustomere70ccd92-b6b4-47d4-b79c-57b423683e67,3.4194872714579105,3.4194872714579105,2.0,1,1,2
/CustomerService/getCustomere8126e4f-12b5-496a-b851-c9c7be1126eb,3.920852206647396,3.920852206647396,2.0,1,1,2
/CustomerService/getCustomere96f5cca-c77a-4860-8cdc-3183820bd5f8,4.634008277207613,4.634008277207613,2.0,1,1,2
/CustomerService/getCustomeree04c12d-2008-4e66-a6f5-a696fa216d94,3.0240709893405437,3.0240709893405437,2.0,1,1,2
/CustomerService/getCustomeree75200f-f303-40f0-95cb-473aaf88f3e7,3.6206399090588093,3.6206399090588093,2.0,1,1,2
/CustomerService/getCustomerf2c94b1c-957b-4da5-8e70-60b90285809a,13.296773191541433,13.296773191541433,2.0,1,1,2
/CustomerService/getCustomerf4323698-f190-4fbd-b42f-b3c09014d56d,4.651559982448816,4.651559982448816,2.0,1,1,2
/CustomerService/getCustomerf6eb41fe-104b-4054-84c0-7d86e318525d,4.002681002020836,4.002681002020836,2.0,1,1,2
/CustomerService/getCustomerf763f030-1a6a-4fb3-81ed-875d0e1fc2be,4.138068296015263,4.138068296015263,2.0,1,1,2
/CustomerService/getCustomerf9c12c9a-19d1-4e68-87db-aa171208f776,5.070251878350973,5.070251878350973,2.0,1,1,2
/CustomerService/getCustomerfa48f429-030e-4d85-9e67-e7f59ff31139,10.008340701460838,10.008340701460838,2.0,1,1,2
/CustomerService/getCustomerfb42b595-9716-4d6b-8b79-c7d34e5e495f,2.649452071636915,2.649452071636915,2.0,1,1,2
/CustomerService/getCustomerfe0f2b94-0849-42eb-b5fa-1dd78093ff2a,4.439974669367075,4.439974669367075,2.0,1,1,2
/CustomerService/getCustomerfee6328d-cf8c-47a0-a289-7d36a205454c,5.960815120488405,5.960815120488405,2.0,1,1,2
/OrderService/CreateOrder01f6759f-535e-4bf7-9d75-202b7d4a8299,6.091162096709013,6.091162096709013,100000.0,1,1,2
/OrderService/CreateOrder03177d4f-3aed-4453-bfd2-6937a04de6cb,6.842968985438347,6.842968985438347,100000.0,1,1,2
/OrderService/CreateOrder05d390a4-0aa1-436f-82a3-7fe3e681fbcb,7.9775601625442505,7.9775601625442505,100000.0,1,1,2
/OrderService/CreateOrder067097c2-4be1-4faa-80d9-f684e70ef621,13.425038196146488,13.425038196146488,100000.0,1,1,2
/OrderService/CreateOrder09ff0d8f-42bf-4fd7-b25e-f41eefe80e50,13.004162348806858,13.004162348806858,100000.0,1,1,2
/OrderService/CreateOrder0e1708b3-7b27-420b-b961-015bf217bb69,8.34130123257637,8.34130123257637,100000.0,1,1,2
/OrderService/CreateOrder10ac2299-1525-4e0c-8381-a582f6acafe3,8.520328905433416,8.520328905433416,100000.0,1,1,2
/OrderService/CreateOrder155673ba-cfd0-490a-a271-9cfa1eab3e6f,6.218090187758207,6.218090187758207,100000.0,1,1,2
/OrderService/CreateOrder1bf8c804-0cd5-4ae7-ab0d-612231ec8fc8,8.625152055174112,8.625152055174112,100000.0,1,1,2
/OrderService/CreateOrder1e705f23-cc81-48d1-adc6-36526d974c91,7.462773006409407,7.462773006409407,100000.0,1,1,2
/OrderService/CreateOrder25193919-a50c-4694-9011-802092246082,13.739550020545721,13.739550020545721,100000.0,1,1,2
/OrderService/CreateOrder263e9e69-9716-41ee-9cdb-5232af116dd7,7.767791859805584,7.767791859805584,100000.0,1,1,2
/OrderService/CreateOrder28b4f057-6d87-4eaf-881a-0ebf0d15f63d,14.552437234669924,14.552437234669924,100000.0,1,1,2
/OrderService/CreateOrder29c0bb2c-b6a5-4252-a73b-2a294247fc7a,6.885575130581856,6.885575130581856,100000.0,1,1,2
/OrderService/CreateOrder29eb3811-46aa-40d0-a598-739222731d1c,8.070280775427818,8.070280775427818,100000.0,1,1,2
/OrderService/CreateOrder2e9a54dd-171c-494f-b85c-c1746d2feca1,6.75358297303319,6.75358297303319,100000.0,1,1,2
/OrderService/CreateOrder2ff22af4-69cd-409c-8774-13f692200080,17.414182890206575,17.414182890206575,100000.0,1,1,2
/OrderService/CreateOrder33a4076f-5b70-4d51-827f-e26983b4ce65,7.9069859348237514,7.9069859348237514,100000.0,1,1,2
/OrderService/CreateOrder33eb356e-315a-44c6-b841-6e730dc36d60,10.051880963146687,10.051880963146687,100000.0,1,1,2
/OrderService/CreateOrder38454c50-0287-4f07-8884-81c03a343b12,13.233286794275045,13.233286794275045,100000.0,1,1,2
/OrderService/CreateOrder38987bf2-42bc-4780-92f3-513dfa780b55,54.185083135962486,54.185083135962486,100000.0,1,1,2
/OrderService/CreateOrder3968d881-81aa-4be5-a2b8-a2e187636e89,7.756181061267853,7.756181061267853,100000.0,1,1,2
/OrderService/CreateOrder3a8a6310-33ac-43fa-a266-ab89ddc86028,8.054133038967848,8.054133038967848,100000.0,1,1,2
/OrderService/CreateOrder3fa4ec3c-1027-446d-9aa2-0373cba709f5,8.100598119199276,8.100598119199276,100000.0,1,1,2
/OrderService/CreateOrder3fd8b97d-756f-452b-95e3-d75a9d2e3c2d,7.690597791224718,7.690597791224718,100000.0,1,1,2
/OrderService/CreateOrder406a33b3-fe4f-4f25-bafb-18f684c9b081,12.918176129460335,12.918176129460335,99999.0,1,1,2
/OrderService/CreateOrder44dc3010-498d-46fb-a950-ca32174bafe2,8.56126518920064,8.56126518920064,100000.0,1,1,2
/OrderService/CreateOrder45bd2def-e74d-4691-ba68-284a9338fb9b,7.773233111947775,7.773233111947775,99999.0,1,1,2
/OrderService/CreateOrder52972c57-3ea7-4b27-ade6-2ebc66f81a52,7.129555102437735,7.129555102437735,100000.0,1,1,2
/OrderService/CreateOrder54ff5542-17fe-4dfc-9089-465472a6132e,7.624235935509205,7.624235935509205,100000.0,1,1,2
/OrderService/CreateOrder554f7242-ab12-49a7-8a9a-01a5f4335bdb,15.472129452973604,15.472129452973604,100000.0,1,1,2
/OrderService/CreateOrder590d3a45-65ee-4156-bd55-ff435669a00d,8.124263025820255,8.124263025820255,100000.0,1,1,2
/OrderService/CreateOrder64f8d980-3c42-4323-b30e-ac0a177a6f06,8.0321473069489,8.0321473069489,100000.0,1,1,2
/OrderService/CreateOrder64ff92bc-4005-4ebf-bf95-30bb14557cfa,10.952455922961235,10.952455922961235,100000.0,1,1,2
/OrderService/CreateOrder69a288dc-c0f7-4a89-ba56-5ad3f2591d08,10.231060907244682,10.231060907244682,100000.0,1,1,2
/OrderService/CreateOrder6c78f032-a09f-4e49-b6e9-864359d7df4c,11.529652867466211,11.529652867466211,100000.0,1,1,2
/OrderService/CreateOrder6e840774-5797-442e-bbdf-b75893f56b2c,5.380318034440279,5.380318034440279,100000.0,1,1,2
/OrderService/CreateOrder6f4e1c06-139a-47e6-8914-3c3b563abab4,7.571124937385321,7.571124937385321,99999.0,1,1,2
/OrderService/CreateOrder748f98bb-8b13-4191-b3d3-5f15fc6fe196,8.596452884376049,8.596452884376049,100000.0,1,1,2
/OrderService/CreateOrder7498ec39-10fa-4627-9eae-9e11dfdd7b0a,6.957604084163904,6.957604084163904,100000.0,1,1,2
/OrderService/CreateOrder7dea09da-3ab2-4ffd-b0df-d4d533b0acd5,11.507436167448759,11.507436167448759,100000.0,1,1,2
/OrderService/CreateOrder809bf0a9-e7cb-4f5d-9507-686aec39c0b4,9.062860626727343,9.062860626727343,100000.0,1,1,2
/OrderService/CreateOrder81e22a0a-e709-402c-a2be-93e0a22905f1,7.182236295193434,7.182236295193434,100000.0,1,1,2
/OrderService/CreateOrder85617f8e-b081-4a74-bda0-fc5279a4b58e,7.77832418680191,7.77832418680191,100000.0,1,1,2
/OrderService/CreateOrder889bdde7-5baa-4acd-a1a1-25b4a69d70d4,12.469833251088858,12.469833251088858,100000.0,1,1,2
/OrderService/CreateOrder8b7b7a07-62cd-4054-a1d8-ef0be4120d87,7.638811599463224,7.638811599463224,100000.0,1,1,2
/OrderService/CreateOrder8e17b3c2-9652-4d87-98b1-a7497c6627c8,8.322763722389936,8.322763722389936,100000.0,1,1,2
/OrderService/CreateOrder9c58dcf6-821d-467a-a704-f75bef0bd6a0,5.373792722821236,5.373792722821236,100000.0,1,1,2
/OrderService/CreateOrder9d7bcd13-b5c5-4798-aca1-4d68329bc78e,8.391077164560556,8.391077164560556,100000.0,1,1,2
/OrderService/CreateOrdera6e81bd9-21d6-4823-ba27-0bc2e98478d2,8.08147294446826,8.08147294446826,100000.0,1,1,2
/OrderService/CreateOrdera7d84ab4-526b-40c9-9635-ed83a39c7b49,7.545518223196268,7.545518223196268,100000.0,1,1,2
/OrderService/CreateOrderadf01100-2922-4d41-a5b3-b1f40f98ae6e,13.495205901563168,13.495205901563168,100000.0,1,1,2
/OrderService/CreateOrderb03de6e8-4133-47c9-8c29-36fca123458c,7.818207610398531,7.818207610398531,100000.0,1,1,2
/OrderService/CreateOrderb21bd166-0f36-4c78-ba11-88962f420af6,10.758886113762856,10.758886113762856,100000.0,1,1,2
/OrderService/CreateOrderb3f1b68c-46bc-45f6-bd8f-959be4b41f5b,10.275157168507576,10.275157168507576,100000.0,1,1,2
/OrderService/CreateOrderb4c7928b-4f9d-4e3a-846c-0507a2cc0dcc,9.11375880241394,9.11375880241394,100000.0,1,1,2
/OrderService/CreateOrderb5705e4f-59d3-42ee-9229-7c17765ae18c,5.392702296376228,5.392702296376228,100000.0,1,1,2
/OrderService/CreateOrderb5a83bb2-c48c-4318-a38a-5ee83246a604,7.646332960575819,7.646332960575819,100000.0,1,1,2
/OrderService/CreateOrderb5e28a83-f9a9-4ffb-8bc1-74758dbde342,8.372882846742868,8.372882846742868,100000.0,1,1,2
/OrderService/CreateOrderb657b632-46a6-4c40-9ecc-f7ee5157a22b,7.646406069397926,7.646406069397926,100000.0,1,1,2
/OrderService/CreateOrderb83c32da-5f1f-48f4-b218-a3d37a963760,6.32861815392971,6.32861815392971,100000.0,1,1,2
/OrderService/CreateOrderbae1f92b-5bbe-4e8a-84ef-5727f1960fb1,8.232106920331717,8.232106920331717,100000.0,1,1,2
/OrderService/CreateOrderc10ed9a1-c1c0-4822-ad00-5598e4e7ec5f,8.103699423372746,8.103699423372746,100000.0,1,1,2
/OrderService/CreateOrderc2adc529-dda6-42dc-9ad4-6343fd641847,8.446050807833672,8.446050807833672,100000.0,1,1,2
/OrderService/CreateOrderc5a443d0-d457-4572-a8f5-978f375d2724,7.76301696896553,7.76301696896553,100000.0,1,1,2
/OrderService/CreateOrderc5e77f3d-329f-4405-8b67-40d7ec03c8ac,14.22860100865364,14.22860100865364,100000.0,1,1,2
/OrderService/CreateOrdercbd575be-66b1-426f-be40-9d067492d4fb,8.090171962976456,8.090171962976456,100000.0,1,1,2
/OrderService/CreateOrdercced4db6-814b-4121-b8b0-0f352fa0729c,8.014393039047718,8.014393039047718,100000.0,1,1,2
/OrderService/CreateOrderd65d17f9-1fdb-455b-92ac-3f5735351eb7,7.633548229932785,7.633548229932785,100000.0,1,1,2
/OrderService/CreateOrderd895b3d3-f78a-4dae-bd25-e7558ab5dd21,9.270668029785156,9.270668029785156,100000.0,1,1,2
/OrderService/CreateOrderd90d9392-181e-4292-baae-3bf447786852,13.769479002803564,13.769479002803564,100000.0,1,1,2
/OrderService/CreateOrdere0dc3dca-6bf1-4e4e-b8a4-523775844218,6.41531590372324,6.41531590372324,100000.0,1,1,2
/OrderService/CreateOrdere10dccdd-4910-4d17-b442-01c8c154d21d,10.128832887858152,10.128832887858152,100000.0,1,1,2
/OrderService/CreateOrdere3c384d8-38cf-4d45-b73d-7120a41d3437,7.502152118831873,7.502152118831873,100000.0,1,1,2
/OrderService/CreateOrdere9277db4-933a-472c-9a48-36091bf7b9f1,7.667433004826307,7.667433004826307,100000.0,1,1,2
/OrderService/CreateOrderec32c726-cf52-4cdd-8edd-5c0e7c32dfd9,6.314028985798359,6.314028985798359,100000.0,1,1,2
/OrderService/CreateOrderec58d598-9c32-4978-8f2f-1e3faa0c6838,7.312880828976631,7.312880828976631,100000.0,1,1,2
/OrderService/CreateOrderec6780f5-75ce-4b31-862a-885b8b9ddd9b,7.050478830933571,7.050478830933571,100000.0,1,1,2
/OrderService/CreateOrdereceee879-bbeb-4b98-a576-c0339b7dfb88,11.264964006841183,11.264964006841183,100000.0,1,1,2
/OrderService/CreateOrderfce66e54-f1ca-42cf-bc0f-3282df84dce5,7.132701110094786,7.132701110094786,100000.0,1,1,2
/OrderService/GetOrder00b9fa57-b893-41e7-b7ba-9db942b831b2,3.165547735989094,3.165547735989094,3.0,1,1,2
/OrderService/GetOrder045083de-24e5-4b52-a7d0-6f33f5847c14,2.664454746991396,2.664454746991396,3.0,1,1,2
/OrderService/GetOrder0476568e-4756-4e98-87fa-5b3ee3734dde,2.9701138846576214,2.9701138846576214,2.0,1,1,2
/OrderService/GetOrder0885aca2-feeb-4868-9414-83f22682817a,3.252279944717884,3.252279944717884,3.0,1,1,2
/OrderService/GetOrder0f9c0e82-e9b3-4e63-a498-f58ea2144648,3.07294400408864,3.07294400408864,2.0,1,1,2
/OrderService/GetOrder11dcca55-a6c3-499f-a954-5af4a4090a1c,2.4464521557092667,2.4464521557092667,2.0,1,1,2
/OrderService/GetOrder12d352b7-17ef-481e-b3b0-04afa23d8774,11.198869906365871,11.198869906365871,3.0,1,1,2
/OrderService/GetOrder187ff72b-927e-448e-ae01-0adad622e0a1,10.234163142740726,10.234163142740726,3.0,1,1,2
/OrderService/GetOrder18e6171e-b5be-43f4-bcc5-7096f233fa6f,2.1400400437414646,2.1400400437414646,3.0,1,1,2
/OrderService/GetOrder1f8e7780-0205-4c5a-a135-aa1c23ac9036,2.9853498563170433,2.9853498563170433,3.0,1,1,2
/OrderService/GetOrder1f8f7c8e-0dba-4e01-9fdb-ca69732b76aa,3.8376860320568085,3.8376860320568085,3.0,1,1,2
/OrderService/GetOrder2450f4a7-a628-406e-ae2b-777a2f3ead93,3.155644051730633,3.155644051730633,3.0,1,1,2
/OrderService/GetOrder24cf3912-0d52-4ca0-96d7-ec9572e26247,2.4777869693934917,2.4777869693934917,3.0,1,1,2
/OrderService/GetOrder251da9f9-aee2-42ad-95e8-7551e0d0a842,2.743097022175789,2.743097022175789,3.0,1,1,2
/OrderService/GetOrder27b615a7-2bd9-406b-8518-829a1523b195,2.414821181446314,2.414821181446314,3.0,1,1,2
/OrderService/GetOrder2d491768-02f8-466d-929d-be145b0867cd,2.6818769983947277,2.6818769983947277,2.0,1,1,2
/OrderService/GetOrder3356992a-4864-42c9-a52b-642a071b4d95,2.9681045562028885,2.9681045562028885,3.0,1,1,2
/OrderService/GetOrder36ba203c-cffe-4ad2-92c7-8fa41154878f,1.6393479891121387,1.6393479891121387,3.0,1,1,2
/OrderService/GetOrder402c1c6a-fdb9-41c3-87d0-de6a16fe6845,3.4697861410677433,3.4697861410677433,3.0,1,1,2
/OrderService/GetOrder40c64622-0505-4940-941c-8a461240d09e,1.2955809943377972,1.2955809943377972,3.0,1,1,2
/OrderService/GetOrder41c31d5f-8c88-44a0-ac89-f294994b6b5f,3.3097518607974052,3.3097518607974052,3.0,1,1,2
/OrderService/GetOrder41f22dc3-e783-4eee-a12c-42e33bb0f353,2.7641220949590206,2.7641220949590206,3.0,1,1,2
/OrderService/GetOrder434996fb-9f31-47cb-bd2c-03031dd6746a,3.7984619848430157,3.7984619848430157,3.0,1,1,2
/OrderService/GetOrder45fed4b7-3122-477a-bb4a-395f3c8018e1,3.693272825330496,3.693272825330496,3.0,1,1,2
/OrderService/GetOrder467121ed-48fc-4827-a440-23b15c0c9a2c,3.0982811003923416,3.0982811003923416,3.0,1,1,2
/OrderService/GetOrder46b9670a-833e-4a9d-96f3-30f46c7eceb4,7.79200391843915,7.79200391843915,3.0,1,1,2
/OrderService/GetOrder46cd6654-d998-4af7-a20c-d3e3d7b8d60f,3.2366421073675156,3.2366421073675156,3.0,1,1,2
/OrderService/GetOrder4e489551-c484-4dd5-be67-9dba72c4cad9,3.4941951744258404,3.4941951744258404,3.0,1,1,2
/OrderService/GetOrder50162a9e-b02c-4e22-a28b-abbaf251fbcb,2.945247106254101,2.945247106254101,3.0,1,1,2
/OrderService/GetOrder50b499b0-7d80-48ad-bf9c-ddb1590135fc,3.1087100505828857,3.1087100505828857,3.0,1,1,2
/OrderService/GetOrder5354b5d1-a3e0-4503-bea5-79c4d83d66a6,4.518195055425167,4.518195055425167,3.0,1,1,2
/OrderService/GetOrder542ab9d0-fd4d-495f-a2be-6054c518d3bd,5.675361957401037,5.675361957401037,3.0,1,1,2
/OrderService/GetOrder54f24e22-8885-4c4d-afb3-9657d021eef1,4.221121314913034,4.221121314913034,3.0,1,1,2
/OrderService/GetOrder57f71bd3-2476-4e90-8b82-77c117aecfb0,3.1155631877481937,3.1155631877481937,3.0,1,1,2
/OrderService/GetOrder6133495e-c7c4-425a-80ad-4a9f430daa90,2.9254970140755177,2.9254970140755177,2.0,1,1,2
/OrderService/GetOrder669ff7bc-a5ba-42c8-8153-96d0b0d10eef,5.170732736587524,5.170732736587524,3.0,1,1,2
/OrderService/GetOrder71b94cc0-1949-4dac-aab0-33b5e53116f6,2.9618260450661182,2.9618260450661182,3.0,1,1,2
/OrderService/GetOrder72492573-00d4-446d-9ecd-10fb5726cccc,4.170077387243509,4.170077387243509,3.0,1,1,2
/OrderService/GetOrder7282f297-785e-4a62-98d4-4ece939cea3f,5.804609972983599,5.804609972983599,3.0,1,1,2
/OrderService/GetOrder7286ddee-3f7a-4d0e-aae4-648e70ecfaa4,3.6587417125701904,3.6587417125701904,3.0,1,1,2
/OrderService/GetOrder766ae4ee-f838-4144-ac19-b264ee4268cc,3.027874045073986,3.027874045073986,3.0,1,1,2
/OrderService/GetOrder775df6ce-4424-4f81-b75b-d7599f84080e,2.541425172239542,2.541425172239542,3.0,1,1,2
/OrderService/GetOrder7b523187-476e-4c02-8376-fa3d51c2b226,3.2561603002250195,3.2561603002250195,3.0,1,1,2
/OrderService/GetOrder7f268531-46f8-4ca7-9241-a0b48198cc2d,3.360308241099119,3.360308241099119,3.0,1,1,2
/OrderService/GetOrder81107628-c6de-4364-b0ba-69eafd7b18c1,3.425224218517542,3.425224218517542,3.0,1,1,2
/OrderService/GetOrder82faf901-ddd5-4bb4-86ca-72e202435370,3.2231048680841923,3.2231048680841923,3.0,1,1,2
/OrderService/GetOrder83ca15d2-698f-40c2-a9f1-b83fdf99af6f,2.891024574637413,2.891024574637413,3.0,1,1,2
/OrderService/GetOrder8dde6a63-0cef-4727-a9eb-d149ff0458d0,11.784662958234549,11.784662958234549,3.0,1,1,2
/OrderService/GetOrder94654b0a-8824-49b7-803a-bf9abdfee087,2.776480745524168,2.776480745524168,3.0,1,1,2
/OrderService/GetOrder987f05ad-8425-481d-98e5-8a9f9af1f2b6,5.798954050987959,5.798954050987959,3.0,1,1,2
/OrderService/GetOrder9fa5a25b-fd8e-4e93-a7fd-f54abdacd977,4.983828868716955,4.983828868716955,3.0,1,1,2
/OrderService/GetOrdera027b574-1d47-44ba-bb4c-09cb36273d40,2.7828258462250233,2.7828258462250233,3.0,1,1,2
/OrderService/GetOrdera6c0dfda-a8d2-4f35-b37c-6c486ff06db9,2.76955496519804,2.76955496519804,2.0,1,1,2
/OrderService/GetOrdera7ef8603-b89d-4fe3-a623-e6582e82025c,4.215276800096035,4.215276800096035,3.0,1,1,2
/OrderService/GetOrderab51cc9a-b45c-4364-9c20-befbef7f97af,4.938692785799503,4.938692785799503,3.0,1,1,2
/OrderService/GetOrderaec2ef91-92a3-4872-b070-24a386aa195f,3.571461420506239,3.571461420506239,3.0,1,1,2
/OrderService/GetOrderb03cab3e-5732-43af-a0f5-a3e5d11aead1,7.720626890659332,7.720626890659332,2.0,1,1,2
/OrderService/GetOrderb045bde2-e419-4fc4-a083-6f746d21d681,3.7341569550335407,3.7341569550335407,3.0,1,1,2
/OrderService/GetOrderb1fac8b9-c16f-42fc-bb36-38d7ff94523a,3.0477498658001423,3.0477498658001423,2.0,1,1,2
/OrderService/GetOrderb612f3ed-239b-4ec1-8f9e-fbf14c6ae1d8,3.5283826291561127,3.5283826291561127,3.0,1,1,2
/OrderService/GetOrderb640885a-caea-4afb-a051-c7fb749105c1,3.1578578054904938,3.1578578054904938,3.0,1,1,2
/OrderService/GetOrderb730c074-faee-44d9-a130-df0db40c6d46,7.01487110927701,7.01487110927701,2.0,1,1,2
/OrderService/GetOrderba333fd7-b6d1-453b-a0bb-87b99c5031fe,3.3823358826339245,3.3823358826339245,3.0,1,1,2
/OrderService/GetOrderbb93ec54-a38a-4259-a7ca-272c6b14b232,3.92710417509079,3.92710417509079,3.0,1,1,2
/OrderService/GetOrderc0f4ad50-5658-40d5-91f9-3746d3dc777c,2.0580822601914406,2.0580822601914406,3.0,1,1,2
/OrderService/GetOrderc57221d9-4b0d-4b4e-a42a-8fdce3746112,2.2953636944293976,2.2953636944293976,3.0,1,1,2
/OrderService/GetOrdercab78c72-9b42-4764-9ea3-155cd5cd505c,11.018209159374237,11.018209159374237,3.0,1,1,2
/OrderService/GetOrdercfc5dc10-b501-4a13-acfe-e4462750123b,9.819213766604662,9.819213766604662,3.0,1,1,2
/OrderService/GetOrderd448aa5c-9c3a-40b7-a1c3-8941dc2a26f5,3.404481802135706,3.404481802135706,3.0,1,1,2
/OrderService/GetOrderd640ffaf-4d28-4ca2-a2b2-c523c4167432,2.8447466902434826,2.8447466902434826,3.0,1,1,2
/OrderService/GetOrderd8547e6f-15e2-4d91-be7f-4cbb5c45bd1d,2.2574630565941334,2.2574630565941334,3.0,1,1,2
/OrderService/GetOrdere1973598-e6ba-4632-8389-44545786541a,6.377870216965675,6.377870216965675,3.0,1,1,2
/OrderService/GetOrdere1a0faa1-b1ba-4ce7-b03d-22ac2dfa3fb4,2.5117481127381325,2.5117481127381325,3.0,1,1,2
/OrderService/GetOrderf23862ce-06e0-4141-9ac8-5dc1e83e6d3f,4.113621078431606,4.113621078431606,3.0,1,1,2
/OrderService/GetOrderf44fc47f-98fc-4277-a9c1-48095f497b33,3.366915974766016,3.366915974766016,3.0,1,1,2
/OrderService/GetOrderf7a03b27-76e4-4903-8771-c96fef2a83aa,3.498251084238291,3.498251084238291,3.0,1,1,2
/OrderService/GetOrderf9fee41b-afb2-4772-afdf-d033b1ce889c,3.257734701037407,3.257734701037407,3.0,1,1,2
/OrderService/GetOrderfa9b6856-6075-4e97-8dca-f2289a08959d,2.7611330151557922,2.7611330151557922,2.0,1,1,2
/OrderService/GetOrderfb3d4573-b84f-4682-8936-460f2dbba176,3.0514742247760296,3.0514742247760296,3.0,1,1,2
/OrderService/GetOrderfbf091dd-658f-4e65-8d8c-f97e251102f6,2.8336914256215096,2.8336914256215096,3.0,1,1,2
Aggregated,9.219908173690783,8.0,62500.9734375,-1,1,2
