Service,Average Response Time,Medium Response Time,Request Size,Request Type,Frequency,Size
/CatalogService/AddItem026368d3-aa79-46a2-b265-8a5f27f3089a,8.508653845638037,8.508653845638037,50.0,1,1,0
/CatalogService/AddItem04b0413d-b3ec-48c9-bcd3-059a2ec55864,10.847896337509155,10.847896337509155,50.0,1,1,0
/CatalogService/AddItem054ed434-b0d4-4820-adea-512e32a1d56b,9.0108010917902,9.0108010917902,50.0,1,1,0
/CatalogService/AddItem08e764ef-3fc0-4c77-b362-5fa437939e58,11.566650588065386,11.566650588065386,50.0,1,1,0
/CatalogService/AddItem0fb0b0ee-da52-486a-b421-612267451075,9.716116823256016,9.716116823256016,50.0,1,1,0
/CatalogService/AddItem12c0e356-e7f6-4366-abcf-fdb73c0c5538,22.017895709723234,22.017895709723234,50.0,1,1,0
/CatalogService/AddItem158d7b7c-ff26-4be0-be67-ae766a80ddbf,1.7429608851671219,1.7429608851671219,50.0,1,1,0
/CatalogService/AddItem17870580-deff-4e03-9f60-3093256cc93c,9.906549006700516,9.906549006700516,50.0,1,1,0
/CatalogService/AddItem186ee806-513d-4974-9912-f86b4c387f05,6.419717334210873,6.419717334210873,50.0,1,1,0
/CatalogService/AddItem1d63c797-c485-4cb8-9f59-31e0bb23adfc,3.4005832858383656,3.4005832858383656,50.0,1,1,0
/CatalogService/AddItem280e6673-5d58-4434-ad3b-3d3cc608e8cf,9.651353117078543,9.651353117078543,50.0,1,1,0
/CatalogService/AddItem2a39f026-1ad0-4f68-a87d-194e7a31828a,12.502676341682673,12.502676341682673,50.0,1,1,0
/CatalogService/AddItem2e0058c5-0606-48f5-8227-a009a8833241,2.6058387011289597,2.6058387011289597,50.0,1,1,0
/CatalogService/AddItem3431ba00-50c1-4d98-aafd-ef0b78ba3274,25.200723204761744,25.200723204761744,50.0,1,1,0
/CatalogService/AddItem3e91fa3c-110e-4dd3-9cb6-a014ab846fff,8.446513209491968,8.446513209491968,50.0,1,1,0
/CatalogService/AddItem4384f88e-cd2e-45c9-b3ae-a3156d18f084,2.993317786604166,2.993317786604166,50.0,1,1,0
/CatalogService/AddItem442fb472-30fc-415a-b292-30139eebcf3b,12.31667585670948,12.31667585670948,50.0,1,1,0
/CatalogService/AddItem453bbd4a-a209-4b46-ab99-d8a9aba2b4de,6.557382643222809,6.557382643222809,50.0,1,1,0
/CatalogService/AddItem48390ff0-48d3-4871-848c-63c75be1a9c9,3.9126561023294926,3.9126561023294926,50.0,1,1,0
/CatalogService/AddItem489eba2a-93a5-429d-b442-4a44a0bd6e71,3.5942071117460728,3.5942071117460728,50.0,1,1,0
/CatalogService/AddItem48a923f7-6cdd-4c3e-adea-d23445dd5e31,6.538196001201868,6.538196001201868,50.0,1,1,0
/CatalogService/AddItem4db37d77-9211-452f-9857-b195de00315e,8.845831267535686,8.845831267535686,50.0,1,1,0
/CatalogService/AddItem4eb40a94-d404-44b9-a83e-db29554e215e,9.903950151056051,9.903950151056051,50.0,1,1,0
/CatalogService/AddItem4fc3c126-d296-4982-b3dc-8ae21631e2f6,14.786586631089449,14.786586631089449,50.0,1,1,0
/CatalogService/AddItem50182851-87ff-4684-be68-4c193fe93a2e,4.583275876939297,4.583275876939297,50.0,1,1,0
/CatalogService/AddItem52b937ef-501e-4356-9ebb-c8701d37b67e,44.916859827935696,44.916859827935696,50.0,1,1,0
/CatalogService/AddItem53981d54-f542-4d0e-9323-f89d109ba67e,8.208977058529854,8.208977058529854,50.0,1,1,0
/CatalogService/AddItem53b51155-d8c8-4280-a287-c070b67c36e8,10.004483163356781,10.004483163356781,50.0,1,1,0
/CatalogService/AddItem54149b56-09bd-4a35-96d1-36c5f3c1ef62,2.1623941138386726,2.1623941138386726,50.0,1,1,0
/CatalogService/AddItem562cf61f-bf6f-4003-b845-ad4a7eb95488,5.293127149343491,5.293127149343491,50.0,1,1,0
/CatalogService/AddItem5f0b3e05-dbd4-48fa-b8d4-968b7ce0ed48,13.69032310321927,13.69032310321927,50.0,1,1,0
/CatalogService/AddItem6f0bb073-8a89-49fa-96c4-a1678df7e785,10.269213933497667,10.269213933497667,50.0,1,1,0
/CatalogService/AddItem70792a7a-a4ee-4027-bc01-2d2d0eb73867,8.551767095923424,8.551767095923424,50.0,1,1,0
/CatalogService/AddItem7232bc2e-19dc-4386-8593-c4a07deaafed,2.4394048377871513,2.4394048377871513,50.0,1,1,0
/CatalogService/AddItem78297391-80e6-46b2-99f0-49af2e9096f8,13.575129210948944,13.575129210948944,50.0,1,1,0
/CatalogService/AddItem7b8b9b27-4b98-4c1c-91a3-d5d2a84c6d61,6.893990095704794,6.893990095704794,50.0,1,1,0
/CatalogService/AddItem7f382a34-0eff-4405-bee4-a9a4df4098ed,9.878749027848244,9.878749027848244,50.0,1,1,0
/CatalogService/AddItem80da0c1c-6eee-48e0-8595-2993c220d681,2.6761353947222233,2.6761353947222233,50.0,1,1,0
/CatalogService/AddItem836b7b47-cd3b-487d-a308-87b0e50a57bd,14.718512073159218,14.718512073159218,50.0,1,1,0
/CatalogService/AddItem8489c74b-f396-4636-9d95-f992601194f2,10.40581101551652,10.40581101551652,50.0,1,1,0
/CatalogService/AddItem889a7cab-0976-4810-adfb-6bcd020e833d,2.586974762380123,2.586974762380123,50.0,1,1,0
/CatalogService/AddItem892f175f-38ca-495d-90ee-96f1d0bfb77b,13.721263036131859,13.721263036131859,50.0,1,1,0
/CatalogService/AddItem8a39ecec-fa83-4a10-9374-25027566a665,3.046965692192316,3.046965692192316,50.0,1,1,0
/CatalogService/AddItem8d2fe662-28fc-4501-a969-9ea095baf610,10.530776344239712,10.530776344239712,50.0,1,1,0
/CatalogService/AddItem916e4df2-12b2-4e43-87a9-1527ca3b6048,3.0026580207049847,3.0026580207049847,50.0,1,1,0
/CatalogService/AddItem92af1c49-27fc-40ae-ba85-ca5b4ae01afb,2.9951720498502254,2.9951720498502254,50.0,1,1,0
/CatalogService/AddItem9a5ba518-6a39-4217-8526-e0ec245d8c43,3.36568895727396,3.36568895727396,50.0,1,1,0
/CatalogService/AddItem9a6cba22-7830-4728-bad8-876665a99aa3,6.555380299687386,6.555380299687386,50.0,1,1,0
/CatalogService/AddItem9c4d32c8-ffc0-4ab1-b924-0daf038160cf,6.931942421942949,6.931942421942949,50.0,1,1,0
/CatalogService/AddItem9e63f00f-d458-483b-94a0-cc879f2908ab,10.980247054249048,10.980247054249048,50.0,1,1,0
/CatalogService/AddItema23a2bab-34ee-4c41-8ae9-47300dd56eb7,11.348169762641191,11.348169762641191,50.0,1,1,0
/CatalogService/AddItema6704991-e8c3-4e93-869d-6c2ef15f086f,2.9085553251206875,2.9085553251206875,50.0,1,1,0
/CatalogService/AddItema969a8c1-871e-480c-ba33-aae55c6a946e,10.965950321406126,10.965950321406126,50.0,1,1,0
/CatalogService/AddItemafa503ea-d704-422f-bb4f-f1d04f9cab90,4.132971167564392,4.132971167564392,50.0,1,1,0
/CatalogService/AddItemb01b7765-0219-4f5d-84f9-1490737f216a,10.327220894396305,10.327220894396305,50.0,1,1,0
/CatalogService/AddItemb0581ccf-b612-4c86-a411-fc4ffb4bc77c,11.991845909506083,11.991845909506083,50.0,1,1,0
/CatalogService/AddItemb0feea95-2e9c-4b1b-90f0-62e0679856d2,2.446392085403204,2.446392085403204,50.0,1,1,0
/CatalogService/AddItemb72039fb-5ac4-4b4a-94b0-4ed3ad76490d,3.841386642307043,3.841386642307043,50.0,1,1,0
/CatalogService/AddItembd237157-205e-4af9-ac91-fe11cde89e4b,8.517563808709383,8.517563808709383,50.0,1,1,0
/CatalogService/AddItemc73f191c-e63c-40c4-aa14-617b7622f716,11.054500937461853,11.054500937461853,50.0,1,1,0
/CatalogService/AddItemc9b023db-8142-4ca3-acbf-61c217e85976,10.388678405433893,10.388678405433893,50.0,1,1,0
/CatalogService/AddItemce231db2-701c-487b-b65d-4f41b31b1cdf,10.913582053035498,10.913582053035498,50.0,1,1,0
/CatalogService/AddItemcf4ca65f-dcbf-4c69-a9ee-d97baa37e4bf,6.3968440517783165,6.3968440517783165,50.0,1,1,0
/CatalogService/AddItemd23c4568-3fd4-44e1-a68e-0b3e874a46a6,16.211140900850296,16.211140900850296,50.0,1,1,0
/CatalogService/AddItemd5bdd228-5258-41f0-a421-1da367b998f4,2.460429910570383,2.460429910570383,50.0,1,1,0
/CatalogService/AddItemd7052742-bafc-4ad3-81a3-db360c26c2df,10.565485339611769,10.565485339611769,50.0,1,1,0
/CatalogService/AddItemd74f8872-7c24-4c63-93ab-2cd3b45275cf,16.201218590140343,16.201218590140343,50.0,1,1,0
/CatalogService/AddItemd921412f-4669-4b34-8355-e3be3351aa07,6.739472970366478,6.739472970366478,50.0,1,1,0
/CatalogService/AddItemdd415b12-1c97-4e33-9104-337ad9429101,10.863010305911303,10.863010305911303,50.0,1,1,0
/CatalogService/AddItemdd7165a5-5e38-46ab-ab69-03727f21cac1,9.554882068186998,9.554882068186998,50.0,1,1,0
/CatalogService/AddIteme533f68b-e10a-4127-9fe4-2ccb81b2ea5c,9.704235009849072,9.704235009849072,50.0,1,1,0
/CatalogService/AddIteme5b7135d-fad4-4852-a091-304e0ad6900a,3.169917967170477,3.169917967170477,50.0,1,1,0
/CatalogService/AddIteme930f8d1-7796-4673-88d4-d2a2fceab1f5,21.388559136539698,21.388559136539698,50.0,1,1,0
/CatalogService/AddItemf199a5cf-0011-47ce-9aff-b9705ef6cb79,10.166812222450972,10.166812222450972,50.0,1,1,0
/CatalogService/AddItemf42281da-c66b-4bc8-b47c-6391963eb743,8.403369225561619,8.403369225561619,50.0,1,1,0
/CatalogService/AddItemf51ff4d6-1d33-44b5-9440-2afbae91742d,3.9728251285851,3.9728251285851,50.0,1,1,0
/CatalogService/AddItemf595555e-0337-420b-813e-be9365677628,3.3775619231164455,3.3775619231164455,50.0,1,1,0
/CatalogService/AddItemf805d922-ebca-4029-b979-6c399b1375fc,10.268541984260082,10.268541984260082,50.0,1,1,0
/CatalogService/AddItemf8314a2c-385f-4e19-84af-8c8627636c87,5.1453812047839165,5.1453812047839165,50.0,1,1,0
/CatalogService/AddItemff94eb32-91b7-419e-bfe3-5f5dd82a08bc,12.447236105799675,12.447236105799675,50.0,1,1,0
/CatalogService/GetItem01677e17-2d89-4f90-9336-368b9f897758,2.4213073775172234,2.4213073775172234,3.0,1,1,0
/CatalogService/GetItem03bd36fd-a309-4038-aea8-d77f95bec698,4.666919354349375,4.666919354349375,3.0,1,1,0
/CatalogService/GetItem0611a0d9-686e-4e26-b6ea-ace53f15c0e4,3.7181349471211433,3.7181349471211433,3.0,1,1,0
/CatalogService/GetItem070789a9-9dec-4529-91d5-56514c7b2ab0,4.358010832220316,4.358010832220316,3.0,1,1,0
/CatalogService/GetItem0ca29a8c-9f9e-4c98-b0ea-30b88f47001c,1.993119716644287,1.993119716644287,3.0,1,1,0
/CatalogService/GetItem1e45eda2-c64f-478b-8db6-6af5c8ade589,3.472986165434122,3.472986165434122,3.0,1,1,0
/CatalogService/GetItem2097bb47-b085-4c23-abe4-291ac31a8721,5.137787200510502,5.137787200510502,3.0,1,1,0
/CatalogService/GetItem20b175da-9d26-407e-8a5b-4081ef8511fb,9.261123836040497,9.261123836040497,3.0,1,1,0
/CatalogService/GetItem25e9e24c-e5b2-4ad0-8c05-cf404c0b04b7,3.0851000919938087,3.0851000919938087,3.0,1,1,0
/CatalogService/GetItem29bad6e0-4444-47a8-b971-fbdfe1990ed9,2.2984561510384083,2.2984561510384083,3.0,1,1,0
/CatalogService/GetItem2ba665b6-430c-4834-8164-fc4b5fe27690,2.916791010648012,2.916791010648012,3.0,1,1,0
/CatalogService/GetItem2cb0115b-9737-4325-a97a-ad91272d3e18,4.839497152715921,4.839497152715921,3.0,1,1,0
/CatalogService/GetItem2ee030eb-194c-4541-b7fe-2c8afbc96bae,3.8544689305126667,3.8544689305126667,3.0,1,1,0
/CatalogService/GetItem2f3042ee-aede-4311-b368-60d2782298e1,9.010835085064173,9.010835085064173,3.0,1,1,0
/CatalogService/GetItem2fddeb09-a50b-40dc-a047-8fc5a693b223,7.491918280720711,7.491918280720711,3.0,1,1,0
/CatalogService/GetItem32c6218d-56fa-46c8-bd4f-6f0084323fbb,5.77208586037159,5.77208586037159,3.0,1,1,0
/CatalogService/GetItem350cffd7-5600-49cf-9e12-28348430e9a5,2.6709772646427155,2.6709772646427155,3.0,1,1,0
/CatalogService/GetItem3745ba0a-0c51-4a7f-b693-493c39438129,13.556192163378,13.556192163378,3.0,1,1,0
/CatalogService/GetItem3b2e603d-7950-4ea8-93e3-ac3e1d209522,2.090585883706808,2.090585883706808,3.0,1,1,0
/CatalogService/GetItem3d929d3e-d980-4be4-9f72-27081c07e8b5,5.1522827707231045,5.1522827707231045,3.0,1,1,0
/CatalogService/GetItem3f55fffa-0774-44fd-a3c6-8a9a1099ddd4,11.202244088053703,11.202244088053703,3.0,1,1,0
/CatalogService/GetItem4348c82d-f820-486d-ac9d-424f0557f516,6.53315894305706,6.53315894305706,3.0,1,1,0
/CatalogService/GetItem449b7f25-b0a1-46a1-bd37-1c446b5cf4c1,7.043404970318079,7.043404970318079,3.0,1,1,0
/CatalogService/GetItem4c272d6d-ddbc-48e0-9233-7f4e2253b74a,3.371517173945904,3.371517173945904,3.0,1,1,0
/CatalogService/GetItem5103b961-84c2-430a-82c7-c692dc4a5db4,3.6440622061491013,3.6440622061491013,3.0,1,1,0
/CatalogService/GetItem52c39f10-9a94-4e81-aa19-e116e28c2544,2.6127370074391365,2.6127370074391365,3.0,1,1,0
/CatalogService/GetItem63eac8a9-9d10-4dd4-8b35-186288bf7ff6,5.89169142767787,5.89169142767787,3.0,1,1,0
/CatalogService/GetItem68b232c7-2b1e-4802-b3ca-9f168c742f57,6.208013743162155,6.208013743162155,3.0,1,1,0
/CatalogService/GetItem69057df4-bd83-4c40-bd30-daa884124ef1,9.12391860038042,9.12391860038042,3.0,1,1,0
/CatalogService/GetItem69b84b80-ee84-4612-a15d-6154a3089603,3.809847868978977,3.809847868978977,3.0,1,1,0
/CatalogService/GetItem6b239420-990c-49d2-9d05-8500bbf289a2,5.877024028450251,5.877024028450251,3.0,1,1,0
/CatalogService/GetItem6ce3eac2-32df-4f86-818c-6f4fae918f94,3.062641713768244,3.062641713768244,3.0,1,1,0
/CatalogService/GetItem6d70b932-be6a-48f7-8367-1df8256d1bd7,3.493820782750845,3.493820782750845,3.0,1,1,0
/CatalogService/GetItem6f416e84-881c-4730-95a5-4bb4b72fd4f9,4.913474898785353,4.913474898785353,3.0,1,1,0
/CatalogService/GetItem73689961-20b2-4986-bdec-15b0bc8a8055,4.679316189140081,4.679316189140081,3.0,1,1,0
/CatalogService/GetItem761a7f85-aec6-41ab-94db-056b82461cd9,3.313933964818716,3.313933964818716,3.0,1,1,0
/CatalogService/GetItem79a9070d-8f5c-4839-9c3e-ec0a027157c7,4.700745921581984,4.700745921581984,3.0,1,1,0
/CatalogService/GetItem7a8d5b62-8fd2-4b4b-8feb-893cdacd2222,1.7626830376684666,1.7626830376684666,3.0,1,1,0
/CatalogService/GetItem7ad33b00-0413-452e-a62c-9cfe0b7260e5,5.570503417402506,5.570503417402506,3.0,1,1,0
/CatalogService/GetItem7be85863-c2f0-4618-9641-16c18bc2e46a,4.760500974953175,4.760500974953175,2.0,1,1,0
/CatalogService/GetItem7cbf467b-a8a9-4064-857c-c77fdc23fb39,3.9907959289848804,3.9907959289848804,3.0,1,1,0
/CatalogService/GetItem7da08302-11ce-496d-96ab-3b73c2215192,2.5362330488860607,2.5362330488860607,3.0,1,1,0
/CatalogService/GetItem7dde1177-06a7-42e6-b40d-468ef991849d,2.701536286622286,2.701536286622286,3.0,1,1,0
/CatalogService/GetItem8202d932-30c9-4868-a713-be7ba3b065ba,3.2145408913493156,3.2145408913493156,3.0,1,1,0
/CatalogService/GetItem8394a8db-f680-4604-b026-e9b4731c92e5,23.935196921229362,23.935196921229362,3.0,1,1,0
/CatalogService/GetItem85c52160-9fc0-4ebf-addc-23c89c9b37ba,5.641056224703789,5.641056224703789,3.0,1,1,0
/CatalogService/GetItem8855d560-eb5b-447f-8575-819ebe7bf440,4.277342930436134,4.277342930436134,3.0,1,1,0
/CatalogService/GetItem8d364897-3fae-481e-b5b1-7aadeaf2321b,2.3128362372517586,2.3128362372517586,3.0,1,1,0
/CatalogService/GetItem909de63c-bb43-4d44-87c5-26654eda92ee,4.7776829451322556,4.7776829451322556,3.0,1,1,0
/CatalogService/GetItem956740e3-1806-43bc-bcb1-71c475432057,2.549621742218733,2.549621742218733,3.0,1,1,0
/CatalogService/GetItem98a53b52-2270-4d7b-8ebd-75f7210a9e1f,1.5623001381754875,1.5623001381754875,3.0,1,1,0
/CatalogService/GetItema122623e-9483-43d7-9885-d814c77f983a,22.14731741696596,22.14731741696596,3.0,1,1,0
/CatalogService/GetItema78791d3-0b07-456c-a89c-9dcdaa894b8f,1.6689859330654144,1.6689859330654144,3.0,1,1,0
/CatalogService/GetItema98b6ee2-d685-4c2d-a43e-abf3e554a087,4.372487775981426,4.372487775981426,3.0,1,1,0
/CatalogService/GetItemaabb0a51-c635-4a48-9624-7e7029e878e2,4.299523774534464,4.299523774534464,3.0,1,1,0
/CatalogService/GetItemadce8db3-c59a-4b19-aa6c-522cea47ffa6,2.559045795351267,2.559045795351267,3.0,1,1,0
/CatalogService/GetItemb375374a-1c60-4d1e-b1bd-ee4130abb48e,2.3716120049357414,2.3716120049357414,3.0,1,1,0
/CatalogService/GetItemb8162875-c151-4986-859c-fa2ddbbbcdc0,5.885255988687277,5.885255988687277,3.0,1,1,0
/CatalogService/GetItemb8816e2f-1703-4edb-be12-b5b1177990d9,1.6101370565593243,1.6101370565593243,3.0,1,1,0
/CatalogService/GetItembc36efaa-2e25-4235-b3ea-f1de4cbc1d55,2.487617079168558,2.487617079168558,3.0,1,1,0
/CatalogService/GetItemc425d878-9af2-4806-a291-be0f9a4bbe94,6.259466055780649,6.259466055780649,3.0,1,1,0
/CatalogService/GetItemc978b166-d572-4476-bba1-49f760bc6e55,1.8512271344661713,1.8512271344661713,3.0,1,1,0
/CatalogService/GetItemc99c6215-4e7e-4889-b564-75de1c62ef28,2.66328826546669,2.66328826546669,3.0,1,1,0
/CatalogService/GetItemd51013f2-4c36-4efc-87ce-e49fb6dbfeb5,1.7682388424873352,1.7682388424873352,3.0,1,1,0
/CatalogService/GetItemda36da25-55e3-4852-9ef7-41edfe096e9f,3.517039120197296,3.517039120197296,3.0,1,1,0
/CatalogService/GetItemda908da8-0d34-4cc5-904b-08f005097be5,4.254279192537069,4.254279192537069,3.0,1,1,0
/CatalogService/GetItemde3979e9-5fe7-477c-8fd5-ef7201e8c30e,2.342948690056801,2.342948690056801,3.0,1,1,0
/CatalogService/GetItemde74c29c-018d-46ea-be61-c1ca7ba8477e,16.076168045401573,16.076168045401573,3.0,1,1,0
/CatalogService/GetItemdef8e209-fd5d-4b7c-842d-6b8d3abd7db5,2.9559768736362457,2.9559768736362457,3.0,1,1,0
/CatalogService/GetItemdfe65516-9eb5-47e6-99e2-1393084487c6,4.812836647033691,4.812836647033691,3.0,1,1,0
/CatalogService/GetIteme5072cda-c403-41c9-bb12-17bfb6c3df49,4.383882042020559,4.383882042020559,3.0,1,1,0
/CatalogService/GetIteme5688952-b0f7-4a14-ac97-2381fc63f1bf,3.6616497673094273,3.6616497673094273,3.0,1,1,0
/CatalogService/GetIteme8164f63-db6b-4c6c-84c0-33855dae2f6a,6.686292123049498,6.686292123049498,3.0,1,1,0
/CatalogService/GetItemf25e4bb9-fa25-4da7-b592-aaaa5d6f4b0e,3.1560142524540424,3.1560142524540424,3.0,1,1,0
/CatalogService/GetItemf5ac38c5-8a5e-48d9-8586-d3095a349bce,6.5006073564291,6.5006073564291,3.0,1,1,0
/CatalogService/GetItemf715ba5d-3812-4b22-a00a-e6880182caba,6.1705391854047775,6.1705391854047775,3.0,1,1,0
/CatalogService/GetItemf939d781-c632-4077-a83d-623104f2b653,9.328275918960571,9.328275918960571,3.0,1,1,0
/CatalogService/GetItemfa84de91-73cf-4b2f-a0f5-276e7be39321,3.3455328084528446,3.3455328084528446,3.0,1,1,0
/CatalogService/GetItemfb8e6640-ec47-4c12-be43-583c2150cb4b,6.181095261126757,6.181095261126757,3.0,1,1,0
/CatalogService/GetItemffc3ae0c-115a-490e-bf00-b773497cee7f,2.7461391873657703,2.7461391873657703,3.0,1,1,0
/CatalogService/UpdateItem0797c728-1ab5-40d6-983f-b800cbd24d28,5.837616976350546,5.837616976350546,50.0,1,1,0
/CatalogService/UpdateItem0863625c-50c0-456f-b435-389a09f6af90,5.14664500951767,5.14664500951767,50.0,1,1,0
/CatalogService/UpdateItem08e7d69b-da4f-405a-9f17-122677b7e37f,5.823445040732622,5.823445040732622,50.0,1,1,0
/CatalogService/UpdateItem09b1fa81-5390-4b68-939f-64a58c7cc4e4,11.032525915652514,11.032525915652514,50.0,1,1,0
/CatalogService/UpdateItem0b1b5422-3c95-41dc-a232-8aad9aaadca7,2.4439929984509945,2.4439929984509945,50.0,1,1,0
/CatalogService/UpdateItem0b2cd70b-0ba9-4a19-b42f-18cd8469ef90,10.85849478840828,10.85849478840828,50.0,1,1,0
/CatalogService/UpdateItem0b6ad753-1aae-4d73-a39d-32b5c969e25e,4.612151999026537,4.612151999026537,50.0,1,1,0
/CatalogService/UpdateItem0d90f267-2b2e-4b41-83e8-fd0ae897b4e7,3.031193744391203,3.031193744391203,50.0,1,1,0
/CatalogService/UpdateItem1131a442-cab4-4eaf-9aa1-57d57f0bf4d5,6.181539967656136,6.181539967656136,50.0,1,1,0
/CatalogService/UpdateItem127c082e-c99d-4c3d-b116-5ce73b509771,3.0412119813263416,3.0412119813263416,50.0,1,1,0
/CatalogService/UpdateItem1447d601-9329-48cf-9b47-915c7e168831,4.079916980117559,4.079916980117559,50.0,1,1,0
/CatalogService/UpdateItem16508651-af01-46a7-9b8e-83892708e6ae,5.191171076148748,5.191171076148748,50.0,1,1,0
/CatalogService/UpdateItem18bbe87e-923a-46a4-999f-120c6e54d989,29.6395318582654,29.6395318582654,50.0,1,1,0
/CatalogService/UpdateItem1dc60ff0-6294-48d0-b6de-20ee353c6033,5.942198913544416,5.942198913544416,50.0,1,1,0
/CatalogService/UpdateItem25e1d4bb-2567-41ad-a06b-270a28ede2ec,7.735572289675474,7.735572289675474,50.0,1,1,0
/CatalogService/UpdateItem306c0350-7dfa-4eb2-b2d0-4f9401929a60,6.060014013200998,6.060014013200998,50.0,1,1,0
/CatalogService/UpdateItem311afb2a-ed96-467c-af84-5e0ab64201b7,5.001901648938656,5.001901648938656,50.0,1,1,0
/CatalogService/UpdateItem3391f972-2eeb-45ab-bc6b-fbe3fc103e09,7.401807699352503,7.401807699352503,50.0,1,1,0
/CatalogService/UpdateItem36cd72d4-3345-46c1-b405-5e8ea9e0999a,4.968301858752966,4.968301858752966,50.0,1,1,0
/CatalogService/UpdateItem382d08ec-c88f-4f8d-b0d8-2a3aadcde3ef,5.441600922495127,5.441600922495127,50.0,1,1,0
/CatalogService/UpdateItem39fc78c5-633e-4a77-a3d4-9b6712c70305,3.9701471105217934,3.9701471105217934,50.0,1,1,0
/CatalogService/UpdateItem3cb9e214-ccad-4b03-bee8-10fef5cbadda,7.5668818317353725,7.5668818317353725,50.0,1,1,0
/CatalogService/UpdateItem45f0a6d9-2039-498c-ada4-9d1c004c7c82,7.085357327014208,7.085357327014208,50.0,1,1,0
/CatalogService/UpdateItem4839ba8f-a034-4a31-9cfd-68f8184780be,10.913669131696224,10.913669131696224,50.0,1,1,0
/CatalogService/UpdateItem4aabed32-a4ee-4868-9bc3-56d6859ba131,3.6519886925816536,3.6519886925816536,50.0,1,1,0
/CatalogService/UpdateItem4e895b4d-9739-45f3-9f68-06f28407a386,4.490451887249947,4.490451887249947,50.0,1,1,0
/CatalogService/UpdateItem4f5cb49e-9ba7-40f1-9c8e-c4e3b094e4e2,8.257683832198381,8.257683832198381,50.0,1,1,0
/CatalogService/UpdateItem50ab9289-2f67-4774-86f7-1ffdd0adb46f,6.143112201243639,6.143112201243639,50.0,1,1,0
/CatalogService/UpdateItem5267dff7-18b6-408c-b135-a73e4bad35c6,4.222104791551828,4.222104791551828,50.0,1,1,0
/CatalogService/UpdateItem58fbfe48-e8ce-4b6a-9e32-a90d0b2ff34a,18.47340725362301,18.47340725362301,50.0,1,1,0
/CatalogService/UpdateItem5c18f194-2793-4beb-a16d-74b72c2ebb66,6.278368178755045,6.278368178755045,50.0,1,1,0
/CatalogService/UpdateItem5fa208a4-44c1-45d9-8eb8-975b7e354c40,6.6779120825231075,6.6779120825231075,50.0,1,1,0
/CatalogService/UpdateItem623355e4-782f-45d9-941f-eeb8125d4588,4.6319798566401005,4.6319798566401005,50.0,1,1,0
/CatalogService/UpdateItem6410cdda-b60e-44ae-ad28-cde4db232cdb,4.665487911552191,4.665487911552191,50.0,1,1,0
/CatalogService/UpdateItem752a4efb-7e88-45eb-91d4-276850721644,6.780738011002541,6.780738011002541,50.0,1,1,0
/CatalogService/UpdateItem75be6845-907c-488b-9331-91c624b18718,7.008126005530357,7.008126005530357,50.0,1,1,0
/CatalogService/UpdateItem77ccfce7-b19f-427a-bd64-f045a49543c4,6.580321118235588,6.580321118235588,50.0,1,1,0
/CatalogService/UpdateItem793bc5df-b932-425e-9456-d884ea7168d6,7.4736252427101135,7.4736252427101135,50.0,1,1,0
/CatalogService/UpdateItem7e1811a8-a4e5-4d4c-ab89-3119fb5ce6f4,7.812002208083868,7.812002208083868,50.0,1,1,0
/CatalogService/UpdateItem7e210e44-bf2a-424a-9213-2382dc549d51,6.064819172024727,6.064819172024727,50.0,1,1,0
/CatalogService/UpdateItem7eee096a-16bb-4768-b26b-baa1afdf320f,4.581318702548742,4.581318702548742,50.0,1,1,0
/CatalogService/UpdateItem81ee9cc8-47ab-4f93-8bc3-c67c33b0488e,4.1866907849907875,4.1866907849907875,50.0,1,1,0
/CatalogService/UpdateItem8aac7894-6ad2-4b8b-b990-fe642ad060c0,17.706636805087328,17.706636805087328,50.0,1,1,0
/CatalogService/UpdateItem8b9f6dec-73cb-4b61-9d95-1d621d549fd9,12.085059192031622,12.085059192031622,50.0,1,1,0
/CatalogService/UpdateItem8e271a23-1f40-40a7-922b-ef687d062027,3.6868280731141567,3.6868280731141567,50.0,1,1,0
/CatalogService/UpdateItem8ea37639-c9de-4b67-84a1-9f7399746b57,3.1788479536771774,3.1788479536771774,50.0,1,1,0
/CatalogService/UpdateItem8ec1d9dd-1388-4502-9fd5-2140bd5aef1c,3.3208541572093964,3.3208541572093964,50.0,1,1,0
/CatalogService/UpdateItem926a8d97-4fa9-4f53-ae30-9c64e0458f19,2.8070062398910522,2.8070062398910522,50.0,1,1,0
/CatalogService/UpdateItem92b55628-70b2-496f-b20d-df70b6511430,7.825708016753197,7.825708016753197,50.0,1,1,0
/CatalogService/UpdateItem937bf141-b3e4-4f45-809f-39e6a4a5f902,6.399590987712145,6.399590987712145,50.0,1,1,0
/CatalogService/UpdateItem974a3c3f-9683-4fde-abea-7112f6adcc0d,7.767361123114824,7.767361123114824,50.0,1,1,0
/CatalogService/UpdateItema026ccb6-15f9-45dc-b1b6-2c3fe908adb2,3.3519952557981014,3.3519952557981014,50.0,1,1,0
/CatalogService/UpdateItema045a371-3052-4e80-8e4f-eb0aa61da60b,12.232060544192791,12.232060544192791,50.0,1,1,0
/CatalogService/UpdateItema5a6b82d-ec49-4a7c-9481-ffa693b0c766,17.04308483749628,17.04308483749628,50.0,1,1,0
/CatalogService/UpdateItemaf5c826f-85d1-4cdd-bd9e-a5d7459b0e01,4.802071023732424,4.802071023732424,50.0,1,1,0
/CatalogService/UpdateItemb21448ff-8b70-43c6-86fd-1dc84b24eee3,5.486061796545982,5.486061796545982,50.0,1,1,0
/CatalogService/UpdateItemb2d46fa9-c0fc-4fad-accc-9c10a18877f6,8.145196828991175,8.145196828991175,50.0,1,1,0
/CatalogService/UpdateItemb6f0c687-aed1-46d1-83ee-9988917f86c0,3.700579982250929,3.700579982250929,50.0,1,1,0
/CatalogService/UpdateItemb73efe90-0c59-4dc6-934d-25cc8963495f,9.442147798836231,9.442147798836231,50.0,1,1,0
/CatalogService/UpdateItemb833b378-3d53-49e9-8fa0-636bd28003b6,6.087377667427063,6.087377667427063,50.0,1,1,0
/CatalogService/UpdateItemba7716d9-be05-4e75-9eb1-1af5612ef4ae,9.147870354354382,9.147870354354382,50.0,1,1,0
/CatalogService/UpdateItembd299c30-7ec4-44de-8976-e29148c6572e,9.268521796911955,9.268521796911955,50.0,1,1,0
/CatalogService/UpdateItemc29e66ea-44d8-46b1-bd38-a405e8803c58,6.157551892101765,6.157551892101765,50.0,1,1,0
/CatalogService/UpdateItemc2bbe895-3fcc-4d54-aa6b-f9c66e1f6be4,5.470215808600187,5.470215808600187,50.0,1,1,0
/CatalogService/UpdateItemc43e8fc0-0866-47ff-aed7-3a5e82120505,8.136897813528776,8.136897813528776,50.0,1,1,0
/CatalogService/UpdateItemc66b30bc-b739-48b4-9a6f-ac314e3d7e34,5.60987601056695,5.60987601056695,50.0,1,1,0
/CatalogService/UpdateItemccb7a4c9-5fe3-48fc-babc-464dd5762a17,18.02525296807289,18.02525296807289,50.0,1,1,0
/CatalogService/UpdateItemcf58b4a7-55d3-4eb9-bbe0-f98889e80da0,10.62676403671503,10.62676403671503,50.0,1,1,0
/CatalogService/UpdateItemd13a9095-c1af-49e9-945a-a70bb64781c4,3.596290946006775,3.596290946006775,50.0,1,1,0
/CatalogService/UpdateItemd55cc977-4d5a-4c92-b53d-85408214911f,19.73951607942581,19.73951607942581,50.0,1,1,0
/CatalogService/UpdateIteme041e793-046f-4291-9ff9-2eafd9eabd3d,3.985895775258541,3.985895775258541,50.0,1,1,0
/CatalogService/UpdateIteme0c1b0f8-87fd-4fcf-8c4a-24e78288d96f,11.525936890393496,11.525936890393496,50.0,1,1,0
/CatalogService/UpdateIteme2ac2025-4fdb-4293-9a3b-c7176958290d,14.634247869253159,14.634247869253159,50.0,1,1,0
/CatalogService/UpdateIteme3214dd2-a2a5-4cd3-b01a-161eed5f65e2,10.548841208219528,10.548841208219528,50.0,1,1,0
/CatalogService/UpdateIteme64c14b1-10c1-454b-a700-a372bed57646,7.496469188481569,7.496469188481569,50.0,1,1,0
/CatalogService/UpdateIteme8833b23-7ae5-4328-b5b3-da7174bdabbb,5.23907458409667,5.23907458409667,50.0,1,1,0
/CatalogService/UpdateItemeb177eec-53f5-4af1-80e2-9b65660257f6,2.0152023062109947,2.0152023062109947,50.0,1,1,0
/CatalogService/UpdateItemeb70fa4c-2827-4d0d-a1b2-895de4d7f967,5.864293780177832,5.864293780177832,49.0,1,1,0
/CatalogService/UpdateItemefe52063-f979-485b-9ffe-33b29d32e00d,6.343506742268801,6.343506742268801,50.0,1,1,0
/CatalogService/UpdateItemf10d64bf-d652-4ade-a004-1147b2e9cc73,4.095400217920542,4.095400217920542,50.0,1,1,0
/CustomerService/CreateCustomer06dc6338-ddf5-41e2-9b6f-8e754a38f1a1,13.269474264234304,13.269474264234304,50.0,1,1,0
/CustomerService/CreateCustomer0be89602-ac99-4b74-987c-2f70e567a0ea,15.275124926120043,15.275124926120043,50.0,1,1,0
/CustomerService/CreateCustomer11d96ae6-a62a-4a25-84d2-60e38a6ded15,17.173780128359795,17.173780128359795,50.0,1,1,0
/CustomerService/CreateCustomer125516f7-94e8-4e46-a958-048331f810e1,14.225095976144075,14.225095976144075,50.0,1,1,0
/CustomerService/CreateCustomer13f57ccd-8435-457d-87b0-93980fab3879,54.5133575797081,54.5133575797081,50.0,1,1,0
/CustomerService/CreateCustomer153dcc6a-258b-47bf-be5c-10572c5e8d77,14.032713137567043,14.032713137567043,50.0,1,1,0
/CustomerService/CreateCustomer1726f9af-b909-4b6a-ab08-de5c05fcb65a,3.540714271366596,3.540714271366596,50.0,1,1,0
/CustomerService/CreateCustomer178bc194-0b96-4785-8bd8-49471ac382e7,21.283287089318037,21.283287089318037,50.0,1,1,0
/CustomerService/CreateCustomer1f74d58f-c776-4d87-a295-b9444670d934,4.989986773580313,4.989986773580313,50.0,1,1,0
/CustomerService/CreateCustomer21f39f5c-e6b2-423c-a2b1-ec3a81802d2e,9.354058187454939,9.354058187454939,50.0,1,1,0
/CustomerService/CreateCustomer254c887f-1d85-4a72-aed3-ede9a3911bca,10.81053726375103,10.81053726375103,50.0,1,1,0
/CustomerService/CreateCustomer2766a81f-dfcf-4fc1-82e8-559d764b682d,12.987227644771338,12.987227644771338,50.0,1,1,0
/CustomerService/CreateCustomer28400e1f-d249-40fc-9261-cf74dcbfab53,12.169572059065104,12.169572059065104,50.0,1,1,0
/CustomerService/CreateCustomer2adc5e2c-9f44-49d5-9266-7a322964f99b,4.777281079441309,4.777281079441309,50.0,1,1,0
/CustomerService/CreateCustomer2c333a94-749b-49a8-80df-33df62418ba2,16.383801121264696,16.383801121264696,50.0,1,1,0
/CustomerService/CreateCustomer3008a235-1362-404f-a830-b5c4fe6e6db6,9.138389956206083,9.138389956206083,50.0,1,1,0
/CustomerService/CreateCustomer309e0b1c-89ea-4ddf-8a34-5c09db39acfd,4.765292629599571,4.765292629599571,50.0,1,1,0
/CustomerService/CreateCustomer335a26d4-8e05-4d1f-ab6a-9122f4f64253,4.688024986535311,4.688024986535311,50.0,1,1,0
/CustomerService/CreateCustomer33c4c769-ca96-4686-b949-e4f62af10e9d,5.814595147967339,5.814595147967339,50.0,1,1,0
/CustomerService/CreateCustomer350516d1-2b53-4034-a62d-75333ec33402,4.59657795727253,4.59657795727253,50.0,1,1,0
/CustomerService/CreateCustomer356e3bf3-8007-49ec-a6a9-16440190b844,4.531114362180233,4.531114362180233,50.0,1,1,0
/CustomerService/CreateCustomer3beb079b-372d-4a8b-8b6e-f9567fd9d3f4,5.501977168023586,5.501977168023586,50.0,1,1,0
/CustomerService/CreateCustomer3e3cb660-30ca-4ec6-a5e5-cc8a118bc40e,17.699108459055424,17.699108459055424,50.0,1,1,0
/CustomerService/CreateCustomer40e453ee-715e-4bed-aad5-ef416a802ee3,13.263924978673458,13.263924978673458,50.0,1,1,0
/CustomerService/CreateCustomer43cf0ed7-01b6-4553-90ac-ba61717c72b2,17.36764097586274,17.36764097586274,50.0,1,1,0
/CustomerService/CreateCustomer50e0f9d2-9fb9-4abb-8b54-09018141b878,12.196417897939682,12.196417897939682,50.0,1,1,0
/CustomerService/CreateCustomer55817029-e11d-405d-b33b-d3d5dcec147a,4.388719797134399,4.388719797134399,50.0,1,1,0
/CustomerService/CreateCustomer5bd9aa7b-8aff-4b80-848c-7f2ca81c09fb,4.009444732218981,4.009444732218981,50.0,1,1,0
/CustomerService/CreateCustomer608b8c26-82f7-40fe-84af-94e1e6cc9b8e,5.237346049398184,5.237346049398184,50.0,1,1,0
/CustomerService/CreateCustomer6172ce60-a120-4bd1-8f5b-ee590c4b957d,4.645333159714937,4.645333159714937,50.0,1,1,0
/CustomerService/CreateCustomer682b5190-60f9-4475-a010-bb3a37b1f385,20.21933998912573,20.21933998912573,50.0,1,1,0
/CustomerService/CreateCustomer6a63ed20-af99-42b3-9c82-da58e202586c,7.41252675652504,7.41252675652504,50.0,1,1,0
/CustomerService/CreateCustomer6ba2eb10-36fd-4d63-a5fa-b3a8055245c4,13.073904905468225,13.073904905468225,50.0,1,1,0
/CustomerService/CreateCustomer6df52e18-edf1-4ca7-a429-b97b68ac8b0d,17.401095014065504,17.401095014065504,50.0,1,1,0
/CustomerService/CreateCustomer73681592-1889-46fd-92b0-42f8f1a6cdd3,14.792316127568483,14.792316127568483,50.0,1,1,0
/CustomerService/CreateCustomer789cd33a-25e4-4346-b757-ac2857bce898,14.65768227353692,14.65768227353692,50.0,1,1,0
/CustomerService/CreateCustomer79425b47-20ac-47dc-b23b-e2812cff25fd,15.944621991366148,15.944621991366148,50.0,1,1,0
/CustomerService/CreateCustomer8562407a-fdd9-436d-9978-3d3bb8286509,14.901766087859869,14.901766087859869,50.0,1,1,0
/CustomerService/CreateCustomer8b99adc4-59ad-461a-91b1-384fdba7f5fc,10.35054586827755,10.35054586827755,50.0,1,1,0
/CustomerService/CreateCustomer8efb37dd-6e54-4ad4-8c0e-1fe1b07fd045,12.464134953916073,12.464134953916073,50.0,1,1,0
/CustomerService/CreateCustomer8f1905a2-07e7-482d-985e-ac726adb26c7,15.218533109873533,15.218533109873533,50.0,1,1,0
/CustomerService/CreateCustomer910f544a-8d1f-436b-869a-f4a6f15ffd86,5.136062856763601,5.136062856763601,50.0,1,1,0
/CustomerService/CreateCustomer95772c9e-b5e8-40ef-ab53-9df7b05c65dc,13.725859113037586,13.725859113037586,50.0,1,1,0
/CustomerService/CreateCustomer96108317-95e4-4ea4-8bef-d1a3bd2316cd,13.821574859321117,13.821574859321117,50.0,1,1,0
/CustomerService/CreateCustomer97ef4662-3ae1-4757-a7d7-7fea41c0e49c,5.665267817676067,5.665267817676067,50.0,1,1,0
/CustomerService/CreateCustomer9a1653ac-9c17-4961-8d13-82a5354dae5a,18.28634412959218,18.28634412959218,50.0,1,1,0
/CustomerService/CreateCustomer9a59613b-3c4b-415a-aefc-6144fa9a2c55,14.830907806754112,14.830907806754112,50.0,1,1,0
/CustomerService/CreateCustomer9b047667-2060-4077-91cd-e798e6f3835a,14.579047914594412,14.579047914594412,50.0,1,1,0
/CustomerService/CreateCustomer9f4615e6-4eb7-44fc-b686-9974fff27cf8,13.4193766862154,13.4193766862154,50.0,1,1,0
/CustomerService/CreateCustomera18cf50d-ff3d-4503-9055-e88969ef065f,12.600322719663382,12.600322719663382,50.0,1,1,0
/CustomerService/CreateCustomera3037630-3b3b-4c44-97fc-17a08fda88cf,6.32882583886385,6.32882583886385,50.0,1,1,0
/CustomerService/CreateCustomera8cd748e-1cae-4173-b24d-a87f1861d62f,16.328088007867336,16.328088007867336,50.0,1,1,0
/CustomerService/CreateCustomeraf42b72e-6870-40ca-8c89-b43c0cda26bc,20.242596976459026,20.242596976459026,50.0,1,1,0
/CustomerService/CreateCustomeraf66b543-c271-412b-9643-2d70c5878d4e,14.586071949452162,14.586071949452162,50.0,1,1,0
/CustomerService/CreateCustomerb0934561-8cc3-4810-a09a-02ed61420961,13.170557096600533,13.170557096600533,50.0,1,1,0
/CustomerService/CreateCustomerb1b671eb-f625-4afd-a4b6-1789914b083a,17.394139897078276,17.394139897078276,50.0,1,1,0
/CustomerService/CreateCustomerb4079f8a-78a1-42ce-9a7c-cb166330a1df,12.208048719912767,12.208048719912767,50.0,1,1,0
/CustomerService/CreateCustomerb7c61608-f49d-42ea-b38e-04cac6835670,14.632120728492737,14.632120728492737,50.0,1,1,0
/CustomerService/CreateCustomerb8b5d2f4-0958-4544-8176-5c3a2ee5ffb3,18.358393106609583,18.358393106609583,50.0,1,1,0
/CustomerService/CreateCustomerb90e9ef2-e062-4fb3-b05f-a325b46ef3de,14.49621981009841,14.49621981009841,50.0,1,1,0
/CustomerService/CreateCustomerb91d764f-bc83-4568-b60e-5a54129e8bea,18.50120583549142,18.50120583549142,50.0,1,1,0
/CustomerService/CreateCustomerba1b6390-c376-4d56-8e78-305e90ad60fa,14.038973022252321,14.038973022252321,50.0,1,1,0
/CustomerService/CreateCustomerba6bb0fb-c44b-47f7-ab32-b8a2227bb767,8.892468176782131,8.892468176782131,50.0,1,1,0
/CustomerService/CreateCustomerbb82a64f-e7b8-48f0-8039-0738c823de93,18.14303221181035,18.14303221181035,50.0,1,1,0
/CustomerService/CreateCustomerc7c8c989-d257-4015-962a-e6e554d9fadf,12.870355974882841,12.870355974882841,50.0,1,1,0
/CustomerService/CreateCustomercaa897ff-3c17-4504-84f5-4ece1ce60394,7.184550166130066,7.184550166130066,50.0,1,1,0
/CustomerService/CreateCustomercccab2ce-83ca-438f-9ec8-49833314a87e,14.390761032700539,14.390761032700539,50.0,1,1,0
/CustomerService/CreateCustomerceffd719-d099-4ee6-acef-dcd8d98c008f,22.12670538574457,22.12670538574457,50.0,1,1,0
/CustomerService/CreateCustomerd103bdce-df9c-4b2e-b8fa-025dc6b1b0df,14.12832411006093,14.12832411006093,50.0,1,1,0
/CustomerService/CreateCustomerd2a5b1ee-0fe8-4e7a-a09d-4e0bc0292dc0,14.552009757608175,14.552009757608175,50.0,1,1,0
/CustomerService/CreateCustomerd5680290-aa01-4fb6-8a28-bbed335d283b,4.796444904059172,4.796444904059172,50.0,1,1,0
/CustomerService/CreateCustomerdc854a87-8b54-44ae-8ebc-d4c9f8c5e217,18.26137723401189,18.26137723401189,50.0,1,1,0
/CustomerService/CreateCustomere6299b2b-bfb7-4ff3-86bf-0e8ef0b7f8e9,20.316650159657,20.316650159657,50.0,1,1,0
/CustomerService/CreateCustomere8e36d47-5c64-4a76-b652-94c61d569f4f,11.999382171779871,11.999382171779871,50.0,1,1,0
/CustomerService/CreateCustomere9cac16c-0329-462a-9b6b-d188df196d5d,12.511245906352997,12.511245906352997,50.0,1,1,0
/CustomerService/CreateCustomeree5fcb38-c592-4ed0-9579-eb20170cce30,13.178351800888777,13.178351800888777,50.0,1,1,0
/CustomerService/CreateCustomeref082ff2-5c77-43b5-af81-9b701e894a7c,13.471012003719807,13.471012003719807,50.0,1,1,0
/CustomerService/CreateCustomerefe079c5-10e5-4704-9ba6-74b6f624de13,4.004999995231628,4.004999995231628,50.0,1,1,0
/CustomerService/CreateCustomerf93b6f2f-fb59-48c9-8591-56334374cf21,10.1384068839252,10.1384068839252,50.0,1,1,0
/CustomerService/CreateCustomerfdb055d1-37c9-4297-9773-a33568fe4460,11.5163903683424,11.5163903683424,50.0,1,1,0
/CustomerService/UpdateCustomer13cb3d1d-d76b-4aa6-b1fc-626078bbd6a3,4.236123058944941,4.236123058944941,50.0,1,1,0
/CustomerService/UpdateCustomer153f85aa-c159-4425-ac5c-d87166b9f4a8,4.534143954515457,4.534143954515457,50.0,1,1,0
/CustomerService/UpdateCustomer1545ee9a-2f5b-4124-9a49-869d87c3e9ac,10.360537096858025,10.360537096858025,50.0,1,1,0
/CustomerService/UpdateCustomer17bf8b18-c274-4fa2-8b89-4548ff3935fc,9.871135000139475,9.871135000139475,50.0,1,1,0
/CustomerService/UpdateCustomer19caa2b7-e955-44eb-9d86-bdd65ff35925,9.773056954145432,9.773056954145432,50.0,1,1,0
/CustomerService/UpdateCustomer1a1974f4-a3d3-4ec3-a267-d4ce98a2560a,11.273181065917015,11.273181065917015,50.0,1,1,0
/CustomerService/UpdateCustomer24301b4f-deb9-4b24-89ca-02d4c642fbbb,6.064753048121929,6.064753048121929,50.0,1,1,0
/CustomerService/UpdateCustomer24b76637-87bb-42c3-9962-9175df9bb478,6.882284302264452,6.882284302264452,50.0,1,1,0
/CustomerService/UpdateCustomer254e38f4-454d-42e0-9fdd-7e088717bc92,9.797284845262766,9.797284845262766,50.0,1,1,0
/CustomerService/UpdateCustomer27299807-e212-4a49-81dd-8f6e5a75db4e,11.102884076535702,11.102884076535702,50.0,1,1,0
/CustomerService/UpdateCustomer2fe98804-a54a-42bd-ba50-441f38d21ada,4.049221985042095,4.049221985042095,50.0,1,1,0
/CustomerService/UpdateCustomer3429ba6b-4793-450d-bca9-ae547f1ac072,4.7699748538434505,4.7699748538434505,50.0,1,1,0
/CustomerService/UpdateCustomer3775e7b3-23e8-48ba-9041-22467e083062,19.42756213247776,19.42756213247776,50.0,1,1,0
/CustomerService/UpdateCustomer387f019a-c2f3-4877-972f-53d809e51553,6.20758393779397,6.20758393779397,50.0,1,1,0
/CustomerService/UpdateCustomer3ad8e177-1f6a-4b56-9d19-f67ff9079444,27.541360817849636,27.541360817849636,50.0,1,1,0
/CustomerService/UpdateCustomer3b699fd3-61f0-4e7f-acd9-21719f42da98,6.230069790035486,6.230069790035486,50.0,1,1,0
/CustomerService/UpdateCustomer44269e67-1a57-41fb-99f2-bcc74a2ac0c8,14.83614882454276,14.83614882454276,50.0,1,1,0
/CustomerService/UpdateCustomer46438f5b-db04-4884-a745-7a8ce1e9f6f3,13.480271212756634,13.480271212756634,50.0,1,1,0
/CustomerService/UpdateCustomer48847a77-e54e-4e45-a62e-63e0d59aade1,9.3642333522439,9.3642333522439,50.0,1,1,0
/CustomerService/UpdateCustomer4926899a-17cd-4daa-993c-73a22e831b52,4.800713155418634,4.800713155418634,50.0,1,1,0
/CustomerService/UpdateCustomer4cfc6380-9eae-49fe-953a-9fb9a93a847f,10.151778813451529,10.151778813451529,50.0,1,1,0
/CustomerService/UpdateCustomer4e4348af-f867-4ceb-8305-c4745f4e32cd,8.738993667066097,8.738993667066097,50.0,1,1,0
/CustomerService/UpdateCustomer4fe9e5d1-e639-479b-a6ec-c9d2a45b40a7,7.772586774080992,7.772586774080992,50.0,1,1,0
/CustomerService/UpdateCustomer57fa07c4-a865-4ff6-ab8b-a9b567d32f33,5.7623740285634995,5.7623740285634995,50.0,1,1,0
/CustomerService/UpdateCustomer587cfe69-ba29-4b7f-8497-c42e557c9e55,11.829695664346218,11.829695664346218,50.0,1,1,0
/CustomerService/UpdateCustomer5c6a3ed2-43bb-4795-9562-3605b92485cc,19.248165655881166,19.248165655881166,50.0,1,1,0
/CustomerService/UpdateCustomer60d4caca-b4da-4f6f-96b6-a52ab7efc307,6.666846573352814,6.666846573352814,50.0,1,1,0
/CustomerService/UpdateCustomer6337d2ca-7d71-4faa-b45e-3ef2e9c1b81d,6.88276207074523,6.88276207074523,50.0,1,1,0
/CustomerService/UpdateCustomer64890d10-821a-496d-a873-b25418e427fb,6.749420892447233,6.749420892447233,50.0,1,1,0
/CustomerService/UpdateCustomer667e96e4-0dbe-4a04-862b-890b7883a6e7,5.667534191161394,5.667534191161394,50.0,1,1,0
/CustomerService/UpdateCustomer70c28318-e0dd-4e2b-83ea-73f0763f2abd,7.523840293288231,7.523840293288231,50.0,1,1,0
/CustomerService/UpdateCustomer72cbf01c-32ca-40bc-8aa2-bdc70c67484c,7.36476993188262,7.36476993188262,50.0,1,1,0
/CustomerService/UpdateCustomer736a0930-6a1b-4a7b-bab7-dd7735d23b62,8.583479095250368,8.583479095250368,50.0,1,1,0
/CustomerService/UpdateCustomer748727b8-9ef4-49b4-a029-caa7485880b1,5.870074965059757,5.870074965059757,50.0,1,1,0
/CustomerService/UpdateCustomer77ad1398-be3c-4ce5-a4df-469769bf32ea,14.485026709735394,14.485026709735394,50.0,1,1,0
/CustomerService/UpdateCustomer78501260-1af6-4d9d-8c6a-01f7249f19dd,8.05558729916811,8.05558729916811,50.0,1,1,0
/CustomerService/UpdateCustomer7cd9f693-75eb-4344-a7a4-115cbd6e55e1,5.786469206213951,5.786469206213951,50.0,1,1,0
/CustomerService/UpdateCustomer7d2e07b7-f1c4-4164-af11-346f9b7ccfa7,15.68651758134365,15.68651758134365,50.0,1,1,0
/CustomerService/UpdateCustomer816cdeec-a0ef-43bd-a4f6-1461a3746b90,5.718348082154989,5.718348082154989,50.0,1,1,0
/CustomerService/UpdateCustomer819259f4-632d-44d9-a063-8d0a633e500f,5.10443514212966,5.10443514212966,50.0,1,1,0
/CustomerService/UpdateCustomer82387c80-39a0-4789-acda-b99ac998ad0c,22.989341989159584,22.989341989159584,50.0,1,1,0
/CustomerService/UpdateCustomer856b3676-6a00-4fc3-888e-7e3c8477b503,6.705026142299175,6.705026142299175,50.0,1,1,0
/CustomerService/UpdateCustomer8a25bb4d-277f-4ab2-9cdd-552c6f343222,15.530786011368036,15.530786011368036,50.0,1,1,0
/CustomerService/UpdateCustomer8c530672-9abc-4f73-8744-e9320acdcca7,15.800729859620333,15.800729859620333,50.0,1,1,0
/CustomerService/UpdateCustomer9842223d-d4c1-497c-9bcf-33cd4a9d9595,5.589106120169163,5.589106120169163,50.0,1,1,0
/CustomerService/UpdateCustomer9bd49418-b3eb-47f5-932b-e6eecc1c2941,5.909170024096966,5.909170024096966,50.0,1,1,0
/CustomerService/UpdateCustomer9db5a44b-9703-4063-b321-218f0140ae9f,5.73895126581192,5.73895126581192,50.0,1,1,0
/CustomerService/UpdateCustomerb087beb6-2d97-4a14-9459-56adfd940469,4.80325985699892,4.80325985699892,50.0,1,1,0
/CustomerService/UpdateCustomerb65830d1-d984-48bc-86c1-251100fe28bb,7.14811822399497,7.14811822399497,50.0,1,1,0
/CustomerService/UpdateCustomerba0fa75c-832b-4b0a-b0f1-6deb96b117dc,10.68212604150176,10.68212604150176,50.0,1,1,0
/CustomerService/UpdateCustomerbb0066ad-c9af-4f4a-9585-5d498cb9c091,5.916534923017025,5.916534923017025,50.0,1,1,0
/CustomerService/UpdateCustomerbb77c64a-de25-480e-87a5-128e64be81a5,8.352973964065313,8.352973964065313,50.0,1,1,0
/CustomerService/UpdateCustomerbed40c6f-ab75-406d-a1df-1128dc24787e,9.373312816023827,9.373312816023827,50.0,1,1,0
/CustomerService/UpdateCustomerc10c55cb-6537-4c34-b6a9-2e0901656697,10.187151841819286,10.187151841819286,50.0,1,1,0
/CustomerService/UpdateCustomerc432a89f-084b-4d5d-ae5c-a005837df15b,5.075732246041298,5.075732246041298,50.0,1,1,0
/CustomerService/UpdateCustomerc6fbae71-9945-47d4-9d04-8ff04ee4bac2,6.597667932510376,6.597667932510376,50.0,1,1,0
/CustomerService/UpdateCustomerc99992fb-ab8e-41b2-a1ba-2bb3c4f096f7,7.736376021057367,7.736376021057367,50.0,1,1,0
/CustomerService/UpdateCustomerca2a32ed-14aa-49fc-a8ff-c955a0f03f00,7.018513977527618,7.018513977527618,50.0,1,1,0
/CustomerService/UpdateCustomercab6ab21-4eab-4b35-854d-4a10f43f23cb,5.775121971964836,5.775121971964836,50.0,1,1,0
/CustomerService/UpdateCustomercc0075f8-e8dc-4575-b997-c0d3b5bdff5d,8.95594572648406,8.95594572648406,50.0,1,1,0
/CustomerService/UpdateCustomerd16e565c-0003-4631-b65b-5e00c9457e54,8.476787246763706,8.476787246763706,50.0,1,1,0
/CustomerService/UpdateCustomerd4e24b33-826e-4449-8f3a-4f19bacf8d33,10.8082490041852,10.8082490041852,50.0,1,1,0
/CustomerService/UpdateCustomerd72016c3-7328-412b-98e0-69cd0aa2b98e,5.155571270734072,5.155571270734072,50.0,1,1,0
/CustomerService/UpdateCustomerdab01cf1-a7bd-41c2-9f60-8978e141016a,3.5654869861900806,3.5654869861900806,50.0,1,1,0
/CustomerService/UpdateCustomere378ff70-4cb9-4069-80f8-9f2b52453a66,13.08118924498558,13.08118924498558,50.0,1,1,0
/CustomerService/UpdateCustomere4f8fb58-30d6-4fbf-a591-9739b4240359,16.062097623944283,16.062097623944283,50.0,1,1,0
/CustomerService/UpdateCustomere96d2982-6269-428f-9067-9377bb993306,8.89312382787466,8.89312382787466,50.0,1,1,0
/CustomerService/UpdateCustomerea777ad7-5ce2-43bb-88c4-0550507ef609,8.717870339751244,8.717870339751244,50.0,1,1,0
/CustomerService/UpdateCustomerece54f95-a97b-4ed9-9c7c-d25639f2f066,7.3028551414608955,7.3028551414608955,50.0,1,1,0
/CustomerService/UpdateCustomered61b92b-8995-460d-9701-e3e91688dfb3,7.432097103446722,7.432097103446722,50.0,1,1,0
/CustomerService/UpdateCustomered6a8a30-34a8-41fa-8744-ab491f8b54b5,7.079319097101688,7.079319097101688,50.0,1,1,0
/CustomerService/UpdateCustomerefac844a-3949-4be1-b2d0-55acc48367fa,11.523319873958826,11.523319873958826,50.0,1,1,0
/CustomerService/UpdateCustomerefae17ae-7ee6-4f20-910c-0f9e98de9b4d,7.48191773891449,7.48191773891449,50.0,1,1,0
/CustomerService/UpdateCustomerf059abd8-0897-43a0-9c1a-2638ea37ba0d,4.222353920340538,4.222353920340538,50.0,1,1,0
/CustomerService/UpdateCustomerf12fe90e-a130-4c1d-9ff9-7db088ee235d,9.130728896707296,9.130728896707296,50.0,1,1,0
/CustomerService/UpdateCustomerf458712b-662e-4e1d-8764-1981f3062e78,16.96524489670992,16.96524489670992,50.0,1,1,0
/CustomerService/UpdateCustomerf8a998ac-fd50-4e93-bf35-702cc71b2d9d,12.693013064563274,12.693013064563274,50.0,1,1,0
/CustomerService/UpdateCustomerfac5bcf4-4358-4df9-b6a3-d98b4ba49109,7.090714294463396,7.090714294463396,50.0,1,1,0
/CustomerService/UpdateCustomerfb0755c0-1c27-4329-b7f6-dde42557d374,8.520693983882666,8.520693983882666,50.0,1,1,0
/CustomerService/UpdateCustomerfd87347b-08bb-4de1-8d96-836afee4b9cc,9.691042825579643,9.691042825579643,50.0,1,1,0
/CustomerService/getCustomer018bb150-f2b0-45a7-8d5e-13dad90d171e,4.528714809566736,4.528714809566736,2.0,1,1,0
/CustomerService/getCustomer04219944-408f-4ef5-8f73-c4d748a81c89,2.7980278246104717,2.7980278246104717,2.0,1,1,0
/CustomerService/getCustomer07632db4-6854-424b-b8c1-616d55f01898,4.453779198229313,4.453779198229313,2.0,1,1,0
/CustomerService/getCustomer0e2ee1e6-1770-4a76-b2af-a1bf9d23cf78,12.58714497089386,12.58714497089386,2.0,1,1,0
/CustomerService/getCustomer0e8fcc39-bd94-4ab2-aa94-0b15035f67b3,1.8477430567145348,1.8477430567145348,2.0,1,1,0
/CustomerService/getCustomer0f9cca45-be50-4e3a-a888-80766d0cd1dd,7.960868999361992,7.960868999361992,2.0,1,1,0
/CustomerService/getCustomer10347b6b-7c7d-4261-81f9-6f7d8137421e,5.801802966743708,5.801802966743708,2.0,1,1,0
/CustomerService/getCustomer10da65f6-b2e7-4edc-841f-7de4c3e976a2,2.263991627842188,2.263991627842188,2.0,1,1,0
/CustomerService/getCustomer13e72513-4f02-4d50-9534-6b14fff5f613,4.525700118392706,4.525700118392706,2.0,1,1,0
/CustomerService/getCustomer15550730-235a-4391-ba50-d984c0039f2b,1.9381837919354439,1.9381837919354439,2.0,1,1,0
/CustomerService/getCustomer1ac676b2-9eaa-4d4b-9ae4-1e787ca14a61,5.729943048208952,5.729943048208952,2.0,1,1,0
/CustomerService/getCustomer1d0250c8-de0b-41a7-bcc0-815ddc0d01a2,2.000500913709402,2.000500913709402,2.0,1,1,0
/CustomerService/getCustomer1d5e67fa-b9f2-45df-9dde-380c73027ce4,5.9752739034593105,5.9752739034593105,2.0,1,1,0
/CustomerService/getCustomer20bb69b3-745f-4354-bcbf-56fff84717db,4.607819020748138,4.607819020748138,2.0,1,1,0
/CustomerService/getCustomer26ade3e0-5119-445c-9537-2dd2ad3228c5,3.353225998580456,3.353225998580456,2.0,1,1,0
/CustomerService/getCustomer27dde27b-82d9-41c4-b1e2-4676a7e0304a,7.029981818050146,7.029981818050146,2.0,1,1,0
/CustomerService/getCustomer2a32035a-89eb-4c90-a408-489a3e7a97a6,6.849973928183317,6.849973928183317,2.0,1,1,0
/CustomerService/getCustomer32c80598-5524-469f-ac43-b09e7c2b8f8c,3.465360961854458,3.465360961854458,2.0,1,1,0
/CustomerService/getCustomer39304ba5-640a-4c3e-9ac0-0c5321569951,5.406069103628397,5.406069103628397,2.0,1,1,0
/CustomerService/getCustomer4293a036-a4a6-43d2-866f-9a69389980a1,5.646706093102694,5.646706093102694,2.0,1,1,0
/CustomerService/getCustomer45f1aedf-7d74-4c90-a38e-caf7a817c21f,4.8460569232702255,4.8460569232702255,2.0,1,1,0
/CustomerService/getCustomer474f7e39-392d-4012-b2e9-c72739584598,3.0910572968423367,3.0910572968423367,2.0,1,1,0
/CustomerService/getCustomer4906abf0-0fbf-4ff7-b320-0b50dac64545,7.689746096730232,7.689746096730232,2.0,1,1,0
/CustomerService/getCustomer4b812e1e-7a11-4d29-becb-f831dc1341b6,2.6622628793120384,2.6622628793120384,2.0,1,1,0
/CustomerService/getCustomer4d452285-a3ce-4f99-9220-d3e47a9d6458,4.822552669793367,4.822552669793367,2.0,1,1,0
/CustomerService/getCustomer5008e2c6-2773-496a-a9d2-5bb024dc659b,12.426338624209166,12.426338624209166,2.0,1,1,0
/CustomerService/getCustomer5187f5a6-dc27-4959-8615-1e8d9239bb0d,5.547638982534409,5.547638982534409,2.0,1,1,0
/CustomerService/getCustomer5433e018-a8b4-405d-bd2e-edcc25cc79a1,12.085480149835348,12.085480149835348,2.0,1,1,0
/CustomerService/getCustomer555f2c24-8f0e-4abf-897e-7ddd31af88e5,5.225132685154676,5.225132685154676,2.0,1,1,0
/CustomerService/getCustomer593b245c-389e-47a8-9167-0f01630f7ab8,4.5356787741184235,4.5356787741184235,2.0,1,1,0
/CustomerService/getCustomer59f4cfb1-fd04-4e5d-8412-19858522297e,3.234773874282837,3.234773874282837,2.0,1,1,0
/CustomerService/getCustomer5c0838c1-dea8-4541-9ea1-306f3aaf9a88,1.8131867982447147,1.8131867982447147,2.0,1,1,0
/CustomerService/getCustomer5c84a4e7-1315-4f02-b376-e96663dc9827,2.368805930018425,2.368805930018425,2.0,1,1,0
/CustomerService/getCustomer5d78d88c-de7d-4960-8624-3d7754ccb1d1,6.653585936874151,6.653585936874151,2.0,1,1,0
/CustomerService/getCustomer5e04b0aa-f413-4dab-9ca4-729c6701dd50,6.988813169300556,6.988813169300556,2.0,1,1,0
/CustomerService/getCustomer5f341789-bbce-49e2-b038-71ed9620c6ae,9.144998155534267,9.144998155534267,2.0,1,1,0
/CustomerService/getCustomer5f4634af-369c-4fba-8785-3bc3690a6df9,2.182100899517536,2.182100899517536,2.0,1,1,0
/CustomerService/getCustomer624b1b3b-d1cb-4b37-a90a-0813c2760c8e,7.670524064451456,7.670524064451456,2.0,1,1,0
/CustomerService/getCustomer62bbab70-383d-4d18-b100-e4285627981e,7.6278760097920895,7.6278760097920895,2.0,1,1,0
/CustomerService/getCustomer63b84fb2-6de5-4f60-95af-4229d21eb228,7.572549860924482,7.572549860924482,2.0,1,1,0
/CustomerService/getCustomer6fb2aa98-a047-4d6c-876c-ad883eeb1d34,3.7242895923554897,3.7242895923554897,2.0,1,1,0
/CustomerService/getCustomer719a7a92-f9a9-4651-a95d-39b54ac70a56,5.830422975122929,5.830422975122929,2.0,1,1,0
/CustomerService/getCustomer7eed5eca-4b50-425a-90af-0a4465f9a43b,4.492069594562054,4.492069594562054,2.0,1,1,0
/CustomerService/getCustomer7f48864a-dfd9-49e4-a57a-3fbf4b9233dd,7.1693360805511475,7.1693360805511475,2.0,1,1,0
/CustomerService/getCustomer825edcfd-a36d-4ae3-bdac-176048bab0ab,6.236593704670668,6.236593704670668,2.0,1,1,0
/CustomerService/getCustomer825fa836-d76d-4503-965c-4efd054819c4,2.655705902725458,2.655705902725458,2.0,1,1,0
/CustomerService/getCustomer82f47b59-32e9-4770-abfa-67940853f2d9,2.6835831813514233,2.6835831813514233,2.0,1,1,0
/CustomerService/getCustomer862cb86b-36a4-492e-bfa8-00c2861eddab,11.529998853802681,11.529998853802681,2.0,1,1,0
/CustomerService/getCustomer8b7b19db-979d-4009-8489-9f1fcd9243b7,9.98629629611969,9.98629629611969,2.0,1,1,0
/CustomerService/getCustomer97c89ef8-dcb6-424e-99e1-7ff9f7105f1a,21.6285171918571,21.6285171918571,2.0,1,1,0
/CustomerService/getCustomer9d316dff-6de5-4607-b260-f7448fdb4ac9,4.252873361110687,4.252873361110687,2.0,1,1,0
/CustomerService/getCustomer9d3421a1-3e0c-402f-b6c9-efe5a0788da4,7.31330830603838,7.31330830603838,2.0,1,1,0
/CustomerService/getCustomera2b5df78-b387-492b-82a9-1934b5980168,7.828912232071161,7.828912232071161,2.0,1,1,0
/CustomerService/getCustomera9dda897-1d44-4902-bd02-bc4c12b0bb1c,4.654238000512123,4.654238000512123,2.0,1,1,0
/CustomerService/getCustomerae26db22-e516-4d95-8fbd-6216458fd52b,2.2190711461007595,2.2190711461007595,2.0,1,1,0
/CustomerService/getCustomerb0ea58ce-72a5-4c18-b405-551deea1ec2f,5.171515978872776,5.171515978872776,2.0,1,1,0
/CustomerService/getCustomerb3ccf55a-8fb3-49bb-bea7-742662dbd056,2.4644979275763035,2.4644979275763035,2.0,1,1,0
/CustomerService/getCustomerb976174a-3163-4e18-a217-76c70e589642,3.1726928427815437,3.1726928427815437,2.0,1,1,0
/CustomerService/getCustomerb9edd8e8-f421-4bcd-b4e3-5148c8fad90a,2.0583481527864933,2.0583481527864933,2.0,1,1,0
/CustomerService/getCustomerb9f352ef-6682-4779-99dd-367eaf9dcefe,69.79635311290622,69.79635311290622,2.0,1,1,0
/CustomerService/getCustomerbc214b7d-5336-4fdd-ada7-203153a3e070,6.35699275881052,6.35699275881052,2.0,1,1,0
/CustomerService/getCustomerbdf17647-00ec-4e14-a893-87c57203d7ea,7.439820095896721,7.439820095896721,2.0,1,1,0
/CustomerService/getCustomerc36df5c5-3e6b-445e-8646-f1f8f4dac15d,4.553798120468855,4.553798120468855,2.0,1,1,0
/CustomerService/getCustomerc4cc3fb0-3d82-4dea-b21b-9c8985a9a2e1,5.886900704354048,5.886900704354048,2.0,1,1,0
/CustomerService/getCustomercdda15fe-68fb-46f8-90d9-8deaba9e63ce,6.2204948626458645,6.2204948626458645,2.0,1,1,0
/CustomerService/getCustomerd5dd9e33-5f11-4721-8491-ac9d7a7aed7f,5.340362899005413,5.340362899005413,2.0,1,1,0
/CustomerService/getCustomerdafa381a-1946-4a81-9a97-85ab639754aa,2.8060232289135456,2.8060232289135456,2.0,1,1,0
/CustomerService/getCustomerdcb23831-32ef-4423-80b3-fef1155dcbfd,5.427891854196787,5.427891854196787,2.0,1,1,0
/CustomerService/getCustomerddc104a5-0d15-4611-bdce-c1bc8b9a0000,7.336617913097143,7.336617913097143,2.0,1,1,0
/CustomerService/getCustomere359419c-750f-4340-9fae-fc715b6f7f63,4.042263608425856,4.042263608425856,2.0,1,1,0
/CustomerService/getCustomere36499d5-d79a-49e3-9b46-d18fd1220300,5.5297743529081345,5.5297743529081345,2.0,1,1,0
/CustomerService/getCustomere3da31ad-36c9-4d44-822b-93587fd8a223,5.9853107668459415,5.9853107668459415,2.0,1,1,0
/CustomerService/getCustomere404d2e3-9fa8-4d40-8bef-e39d1cdedb04,6.737279240041971,6.737279240041971,2.0,1,1,0
/CustomerService/getCustomere7b4b733-1eff-4dfe-8cef-843ce82f1c33,2.406749874353409,2.406749874353409,2.0,1,1,0
/CustomerService/getCustomere999a4b9-3def-4ead-b88a-ca3f586d78b6,5.419179331511259,5.419179331511259,2.0,1,1,0
/CustomerService/getCustomereb269da0-027d-4361-b3f7-6a3ca2bc8b02,4.751733969897032,4.751733969897032,2.0,1,1,0
/CustomerService/getCustomerf0c387b2-b039-4f21-8c38-82ba144da3a5,3.226613160222769,3.226613160222769,2.0,1,1,0
/CustomerService/getCustomerf63653fc-2668-4037-958e-9d2b30b40b7d,16.67045522481203,16.67045522481203,2.0,1,1,0
/CustomerService/getCustomerf7a6a278-95c5-482e-bcab-b52f4135a904,5.199301987886429,5.199301987886429,2.0,1,1,0
/CustomerService/getCustomerf8dd1d60-82be-49fe-9e7f-407291b1840a,7.013448979705572,7.013448979705572,2.0,1,1,0
/OrderService/CreateOrder04aa5df2-373a-48e1-852b-618ff705d931,4.610010888427496,4.610010888427496,50.0,1,1,0
/OrderService/CreateOrder06d107ce-675d-43ca-8bba-39f6cfdfcc09,31.111574731767178,31.111574731767178,50.0,1,1,0
/OrderService/CreateOrder0a262c51-5720-4566-b2d6-4ad447cecb54,3.1007640063762665,3.1007640063762665,50.0,1,1,0
/OrderService/CreateOrder0e1421e4-02ad-4415-bc87-6f9549f7fddc,2.823818940669298,2.823818940669298,50.0,1,1,0
/OrderService/CreateOrder0e8b5438-2816-4ca7-aa37-41b827b415f4,3.4022550098598003,3.4022550098598003,50.0,1,1,0
/OrderService/CreateOrder1122f016-b4d8-4a87-bdb1-d96036cbf027,1.6010487452149391,1.6010487452149391,50.0,1,1,0
/OrderService/CreateOrder1526040d-9548-4beb-9194-edfa9c906478,8.809343911707401,8.809343911707401,50.0,1,1,0
/OrderService/CreateOrder18729339-0eac-4c8d-ad68-42d170107fc1,8.074605837464333,8.074605837464333,50.0,1,1,0
/OrderService/CreateOrder20dd07dc-b6cd-4c2e-9340-d57e0a93dabd,3.544858656823635,3.544858656823635,50.0,1,1,0
/OrderService/CreateOrder20deca4a-94c4-47f9-ac7b-73142b301c07,2.8586890548467636,2.8586890548467636,50.0,1,1,0
/OrderService/CreateOrder229be30c-927c-48c0-899c-2b096fa19a42,1.9944999366998672,1.9944999366998672,50.0,1,1,0
/OrderService/CreateOrder23b6f347-01f5-4107-8cea-6e13ecc0c186,26.696639135479927,26.696639135479927,50.0,1,1,0
/OrderService/CreateOrder24ba1f27-4e57-4d17-9416-d7f65480e068,3.82235087454319,3.82235087454319,50.0,1,1,0
/OrderService/CreateOrder2e6c63ad-cf83-4c4c-99a2-9fd61ca8e8eb,7.851497270166874,7.851497270166874,50.0,1,1,0
/OrderService/CreateOrder3128b71b-6eb2-4e5c-b7f7-5c9a6271d178,6.569899152964354,6.569899152964354,50.0,1,1,0
/OrderService/CreateOrder328c8443-8ba5-42fc-9c9a-592c32e7ce52,3.9453688077628613,3.9453688077628613,50.0,1,1,0
/OrderService/CreateOrder32bfb392-2485-4ff7-a46f-cea1a6a50b02,2.162498887628317,2.162498887628317,50.0,1,1,0
/OrderService/CreateOrder36f9c195-75e6-4625-8b15-005b188f6f60,2.79024476185441,2.79024476185441,50.0,1,1,0
/OrderService/CreateOrder3832ac31-5abe-468c-bd75-3a6ab2ed0cad,8.213546127080917,8.213546127080917,50.0,1,1,0
/OrderService/CreateOrder3ee81c02-2a90-4439-aedd-124178c23497,2.7070720680058002,2.7070720680058002,50.0,1,1,0
/OrderService/CreateOrder3fb759dd-fac8-4fdf-9ff9-43be02370dad,2.1543120965361595,2.1543120965361595,50.0,1,1,0
/OrderService/CreateOrder44713604-0fe3-40f7-8368-843449746b85,16.52677496895194,16.52677496895194,50.0,1,1,0
/OrderService/CreateOrder460eaa64-6dc8-4c86-8be1-66dd65a878a3,28.498100116848946,28.498100116848946,50.0,1,1,0
/OrderService/CreateOrder4d8e67ff-680e-4d2b-a070-fd1b5511bb38,2.226226031780243,2.226226031780243,50.0,1,1,0
/OrderService/CreateOrder4e772d86-87d9-4c55-a458-e4d5c6dd189c,2.123432233929634,2.123432233929634,50.0,1,1,0
/OrderService/CreateOrder50488465-8637-481d-b901-335d4c02bab4,2.887306734919548,2.887306734919548,50.0,1,1,0
/OrderService/CreateOrder5d48d7da-7339-4a73-bcf7-4860752c5994,2.2758799605071545,2.2758799605071545,50.0,1,1,0
/OrderService/CreateOrder5de295da-7075-46fb-aef4-1d0513dd2ca7,3.6424780264496803,3.6424780264496803,50.0,1,1,0
/OrderService/CreateOrder5e05c9df-c8e1-4680-a7a1-821ba70eafd0,3.298474010080099,3.298474010080099,50.0,1,1,0
/OrderService/CreateOrder611b0af8-dd2f-490e-97cf-1338fcfb9199,2.8176959604024887,2.8176959604024887,50.0,1,1,0
/OrderService/CreateOrder624591eb-e309-441f-b8a1-40c63b722fa1,7.861939258873463,7.861939258873463,50.0,1,1,0
/OrderService/CreateOrder666a1642-61d3-47ac-a506-a44cc915573a,3.106289077550173,3.106289077550173,50.0,1,1,0
/OrderService/CreateOrder67ce4ae8-fa19-42fe-842f-77b331a61b32,10.951350908726454,10.951350908726454,50.0,1,1,0
/OrderService/CreateOrder69332987-e6d8-4ae2-b78c-6d1fd2be3909,3.232872113585472,3.232872113585472,50.0,1,1,0
/OrderService/CreateOrder6971263a-5f11-4bf1-86cc-d714874a457c,31.60825092345476,31.60825092345476,50.0,1,1,0
/OrderService/CreateOrder6a2e04ed-0495-438f-8696-3b8c809d3ebd,1.7727520316839218,1.7727520316839218,50.0,1,1,0
/OrderService/CreateOrder6b16e019-2bc7-428f-8eb8-b5245b534d08,4.547776188701391,4.547776188701391,50.0,1,1,0
/OrderService/CreateOrder70a47370-b61f-4e4f-bc4d-7af23256761b,3.3545009791851044,3.3545009791851044,50.0,1,1,0
/OrderService/CreateOrder7126c94c-6d74-495e-ac87-393a7894ae89,3.4533999860286713,3.4533999860286713,50.0,1,1,0
/OrderService/CreateOrder7788d3ca-e006-45bc-adf5-812bb5d6181c,20.355980843305588,20.355980843305588,50.0,1,1,0
/OrderService/CreateOrder7de5bdfc-9463-4a68-876b-94e2c4951e40,8.779407944530249,8.779407944530249,50.0,1,1,0
/OrderService/CreateOrder7e496004-4112-4a32-af03-7a7022bb9630,2.80194915831089,2.80194915831089,49.0,1,1,0
/OrderService/CreateOrder7f012f19-d3d8-4e67-a6cf-23fd85e51b3a,1.503953244537115,1.503953244537115,50.0,1,1,0
/OrderService/CreateOrder87221f71-5b66-4375-aa3a-aaae977af645,29.014274012297392,29.014274012297392,50.0,1,1,0
/OrderService/CreateOrder88af2bab-5b00-4325-85c3-5187a9a670c8,3.936454188078642,3.936454188078642,50.0,1,1,0
/OrderService/CreateOrder948bb76b-f626-427b-bb94-142a82c172a6,3.6475579254329205,3.6475579254329205,50.0,1,1,0
/OrderService/CreateOrder95a862d4-cda7-4eb1-aabd-ad666a7bd277,2.727714367210865,2.727714367210865,50.0,1,1,0
/OrderService/CreateOrder96fd88e3-72a2-4696-b85f-cc28782377e7,3.1538777984678745,3.1538777984678745,50.0,1,1,0
/OrderService/CreateOrder9d97cc69-a3c2-4f31-a811-771ad433bd5c,28.66451209411025,28.66451209411025,50.0,1,1,0
/OrderService/CreateOrdera2396082-d561-4f37-b365-6a37575af360,2.5958940386772156,2.5958940386772156,50.0,1,1,0
/OrderService/CreateOrdera7ebbdb0-8a93-47ec-bc9f-553a484b3bc9,2.7945530600845814,2.7945530600845814,50.0,1,1,0
/OrderService/CreateOrdera876967f-4171-4b36-b4ab-6c67e39574b0,2.800026908516884,2.800026908516884,49.0,1,1,0
/OrderService/CreateOrderaae081cc-7033-4855-8df0-427efc0b9a5a,3.006638027727604,3.006638027727604,50.0,1,1,0
/OrderService/CreateOrderb11661c0-8735-44e5-9bd9-75832dfc26f0,2.727189101278782,2.727189101278782,50.0,1,1,0
/OrderService/CreateOrderb206f12e-594a-4108-a502-f896abb211ac,3.144866321235895,3.144866321235895,50.0,1,1,0
/OrderService/CreateOrderb28327c0-b285-4049-ae1e-9f9adaecb5ac,1.9654021598398685,1.9654021598398685,50.0,1,1,0
/OrderService/CreateOrderba4c3d30-80f6-4149-817d-2bd814e17b1c,7.483405061066151,7.483405061066151,50.0,1,1,0
/OrderService/CreateOrderbbdb1f29-e744-4be2-8d13-97826d9a8ff2,2.182180993258953,2.182180993258953,50.0,1,1,0
/OrderService/CreateOrderbe2db845-b97a-4b5c-bbc9-921ed0e452cf,30.857288278639317,30.857288278639317,50.0,1,1,0
/OrderService/CreateOrderc28c7664-f6c6-4b50-8a47-e41d26959c8b,3.1597339548170567,3.1597339548170567,50.0,1,1,0
/OrderService/CreateOrderc8e5ba6b-1ba4-43b4-950a-7e836cd2ea46,2.4581770412623882,2.4581770412623882,50.0,1,1,0
/OrderService/CreateOrdercaa79d5e-551b-41ed-ac5d-0bef5293eb7f,3.24444891884923,3.24444891884923,50.0,1,1,0
/OrderService/CreateOrdercc0f1e60-ec7d-438f-a651-7b588a8e1650,19.184995908290148,19.184995908290148,50.0,1,1,0
/OrderService/CreateOrdercd4de7e6-9133-498e-b41f-53c7bb56d5d2,2.0978483371436596,2.0978483371436596,50.0,1,1,0
/OrderService/CreateOrdercf7e5808-cbd6-4e39-b286-6f532d79b06f,28.580694925040007,28.580694925040007,50.0,1,1,0
/OrderService/CreateOrdercf9ccb06-acbf-4a67-9939-356f3ba5713a,2.3921900428831577,2.3921900428831577,50.0,1,1,0
/OrderService/CreateOrderd9c2e95d-6109-4351-b0e9-c32a9dcc26d6,2.050667069852352,2.050667069852352,50.0,1,1,0
/OrderService/CreateOrderdcb65931-7971-4e73-986b-ee935c268d10,6.677907891571522,6.677907891571522,50.0,1,1,0
/OrderService/CreateOrderdf4f46bc-c7f0-47cd-a364-fa74ec9e8fc7,3.5187499597668648,3.5187499597668648,50.0,1,1,0
/OrderService/CreateOrderdf69101c-6dae-4c68-96c8-2ca015035550,2.359387930482626,2.359387930482626,50.0,1,1,0
/OrderService/CreateOrderdfa82a3b-3f47-4c86-86af-28d8d52eec3e,9.435868356376886,9.435868356376886,50.0,1,1,0
/OrderService/CreateOrdere0628d8b-79c7-4a67-adc4-d444a3c16aaa,3.838685806840658,3.838685806840658,50.0,1,1,0
/OrderService/CreateOrdere1a35789-ec5f-40b6-b846-f202999208be,2.788454294204712,2.788454294204712,50.0,1,1,0
/OrderService/CreateOrdere872e641-55c5-4951-83ca-669bb3de256d,8.957384154200554,8.957384154200554,50.0,1,1,0
/OrderService/CreateOrderecd36994-bfe9-4e5f-8be3-9fe0d8ec579e,10.331145022064447,10.331145022064447,50.0,1,1,0
/OrderService/CreateOrderef0e58b6-b8cc-4aea-aa1a-35be867d013e,4.301782697439194,4.301782697439194,50.0,1,1,0
/OrderService/CreateOrderf0bc035a-83f1-42b9-acaf-401b664e26dc,5.5052777752280235,5.5052777752280235,50.0,1,1,0
/OrderService/CreateOrderf274e9c8-56c6-4e15-9527-8468a6929ec6,30.06804035976529,30.06804035976529,50.0,1,1,0
/OrderService/CreateOrderf2f538ed-8c39-4793-9d60-5d73d98c9269,2.6214648969471455,2.6214648969471455,50.0,1,1,0
/OrderService/CreateOrderf751cc7c-b939-4e45-a020-f97679a24045,2.4485611356794834,2.4485611356794834,50.0,1,1,0
/OrderService/GetOrder010862d6-9261-44ed-960b-1467fae06b24,1.6238372772932053,1.6238372772932053,3.0,1,1,0
/OrderService/GetOrder02f49a3d-8d57-49bc-a930-86ada1d1bf2e,6.766804028302431,6.766804028302431,3.0,1,1,0
/OrderService/GetOrder0b2e54cd-c1d7-4e59-8da3-59b590fb381b,1.245373860001564,1.245373860001564,2.0,1,1,0
/OrderService/GetOrder0f8a9236-db2f-4869-8597-da3bc22488e0,2.0925221033394337,2.0925221033394337,3.0,1,1,0
/OrderService/GetOrder0fb849a6-b9e2-45c4-9c01-c04d88d8ff5d,20.138001069426537,20.138001069426537,3.0,1,1,0
/OrderService/GetOrder12f0f486-773a-457b-8992-65eb9a82dd02,4.50521893799305,4.50521893799305,3.0,1,1,0
/OrderService/GetOrder211e2850-6019-4869-a5c4-bd744eed56d9,1.9894069992005825,1.9894069992005825,3.0,1,1,0
/OrderService/GetOrder241d4fe1-98c5-422f-961f-16eea45b0cf3,1.9038007594645023,1.9038007594645023,3.0,1,1,0
/OrderService/GetOrder2662c728-1d79-4a37-87c9-5a3ef24d9890,1.6323910094797611,1.6323910094797611,3.0,1,1,0
/OrderService/GetOrder2693327f-ecf7-4293-93d7-7dabd67b5a4f,2.345432061702013,2.345432061702013,2.0,1,1,0
/OrderService/GetOrder2bb33f51-fee5-4256-9bf5-53994143b2c9,1.6986783593893051,1.6986783593893051,2.0,1,1,0
/OrderService/GetOrder2da67415-8d3a-4e50-bca6-6b93dcf4593b,1.5636240132153034,1.5636240132153034,3.0,1,1,0
/OrderService/GetOrder2edd2e97-5f3b-4571-a044-a89d317801b7,1.5582209452986717,1.5582209452986717,3.0,1,1,0
/OrderService/GetOrder2fdc6363-b8e3-4074-ab21-19f2aa908192,2.564100082963705,2.564100082963705,2.0,1,1,0
/OrderService/GetOrder334d8d38-811f-4516-8457-7db29e6bb334,2.276268322020769,2.276268322020769,3.0,1,1,0
/OrderService/GetOrder3510566a-4940-4d1f-a62e-edfcfc920730,1.6513029113411903,1.6513029113411903,3.0,1,1,0
/OrderService/GetOrder38995d7a-f74a-4f17-a603-78a0fdfc861b,27.599594090133905,27.599594090133905,3.0,1,1,0
/OrderService/GetOrder389ca772-d3de-4a51-b52b-5f1d3efda5af,1.8564998172223568,1.8564998172223568,3.0,1,1,0
/OrderService/GetOrder3a4f607b-8aa0-44d7-8412-cca7ac75cbc3,4.218036774545908,4.218036774545908,3.0,1,1,0
/OrderService/GetOrder3ac152c2-2c28-42ac-9147-7bbc6370c35b,5.497893318533897,5.497893318533897,3.0,1,1,0
/OrderService/GetOrder3b337e93-ac23-4cd2-a5c0-ac57a544159e,1.409644726663828,1.409644726663828,3.0,1,1,0
/OrderService/GetOrder3d130482-30b8-4f33-9008-50ae7e70a6eb,5.970519967377186,5.970519967377186,3.0,1,1,0
/OrderService/GetOrder44fc2722-0f42-4909-bf6d-6d163ec36101,7.014791946858168,7.014791946858168,3.0,1,1,0
/OrderService/GetOrder45af64b1-b5f9-4b73-b40c-f574583e658d,1.604212448000908,1.604212448000908,3.0,1,1,0
/OrderService/GetOrder4954143f-6add-4237-8952-66d748870b3e,2.3466767743229866,2.3466767743229866,3.0,1,1,0
/OrderService/GetOrder4a5d49e4-4aa3-4c7d-9f4f-a02adcd2be42,1.715934369713068,1.715934369713068,2.0,1,1,0
/OrderService/GetOrder4c6d48d9-0978-4f28-9eee-23c14ef3a595,2.0605637691915035,2.0605637691915035,3.0,1,1,0
/OrderService/GetOrder4d13f2d0-6a2e-44b1-a7e0-8acff8b02ae4,4.694194067269564,4.694194067269564,3.0,1,1,0
/OrderService/GetOrder4eb70cf6-7f53-4302-b4d3-153712fa5e4d,2.3160963319242,2.3160963319242,3.0,1,1,0
/OrderService/GetOrder50c10375-c3eb-4396-8843-88f7068f76e3,1.8223272636532784,1.8223272636532784,2.0,1,1,0
/OrderService/GetOrder58000629-a532-4202-a1ff-8441e0a34ad3,1.8490515649318695,1.8490515649318695,3.0,1,1,0
/OrderService/GetOrder5e0cd02b-5341-47d4-817c-248fc1c4f773,2.109211403876543,2.109211403876543,3.0,1,1,0
/OrderService/GetOrder63652e22-4741-47f6-bf3f-3df2a0edfc20,8.739188313484192,8.739188313484192,3.0,1,1,0
/OrderService/GetOrder6a183870-8a43-48d0-add3-16e77892b15b,1.6368227079510689,1.6368227079510689,3.0,1,1,0
/OrderService/GetOrder709f49eb-0af2-44ec-89fd-079315c9b55f,1.593977678567171,1.593977678567171,3.0,1,1,0
/OrderService/GetOrder7275a93a-e7b0-4782-9ff4-6f00f082bdba,2.0991256460547447,2.0991256460547447,2.0,1,1,0
/OrderService/GetOrder72cba099-2e0c-4ab4-a113-685c17733f57,4.59103100001812,4.59103100001812,3.0,1,1,0
/OrderService/GetOrder77230a82-502c-416d-bca6-67376002fac6,1.653364859521389,1.653364859521389,3.0,1,1,0
/OrderService/GetOrder77e8fc22-d7c4-42d6-afd8-5ff0620ab373,1.4149928465485573,1.4149928465485573,3.0,1,1,0
/OrderService/GetOrder7b26d84c-ca82-4866-b83f-5f3e6d6cb546,1.6783811151981354,1.6783811151981354,3.0,1,1,0
/OrderService/GetOrder832c9d16-96ec-4cbc-8d26-e37cb36ef915,1.8305974081158638,1.8305974081158638,3.0,1,1,0
/OrderService/GetOrder87ba6d70-de7e-4911-9ec4-270757ed0f10,1.6265278682112694,1.6265278682112694,3.0,1,1,0
/OrderService/GetOrder8c8ed402-bea9-4183-8dbb-841d4ae50322,2.919387072324753,2.919387072324753,3.0,1,1,0
/OrderService/GetOrder93d08726-6289-4341-ae06-7bc267b13970,2.448960207402706,2.448960207402706,3.0,1,1,0
/OrderService/GetOrder99c603cd-0e2d-46a2-b030-688cb5ce44b7,1.8488271161913872,1.8488271161913872,3.0,1,1,0
/OrderService/GetOrder9c48ab3c-c214-4d1e-9006-6c8597b3d68b,28.56628503650427,28.56628503650427,3.0,1,1,0
/OrderService/GetOrder9dad82bb-b3d7-4283-a641-3a1e4e4b7eb0,2.2155330516397953,2.2155330516397953,3.0,1,1,0
/OrderService/GetOrder9e88ea97-c538-4c55-8acb-43676c7b8dd4,1.1753416620194912,1.1753416620194912,3.0,1,1,0
/OrderService/GetOrder9f4165bf-807d-465e-9b8b-b3c231e5ee79,3.8064331747591496,3.8064331747591496,3.0,1,1,0
/OrderService/GetOrder9f9064a1-f9f5-4d8c-b264-d3099734a1df,1.3096630573272705,1.3096630573272705,3.0,1,1,0
/OrderService/GetOrdera0dd14f2-2aaf-4fb1-84a0-f32ccffb2624,2.1928702481091022,2.1928702481091022,3.0,1,1,0
/OrderService/GetOrdera130cd8b-14de-4b15-8130-5cdd866f8084,1.6584759578108788,1.6584759578108788,3.0,1,1,0
/OrderService/GetOrdera1e1ab25-3d93-4b0e-a6e2-107911165f7f,4.511140752583742,4.511140752583742,3.0,1,1,0
/OrderService/GetOrdera788afc8-471b-4fe5-b7f6-91316e7519c2,1.8354272469878197,1.8354272469878197,3.0,1,1,0
/OrderService/GetOrdera7972b6f-6c41-4c41-823e-2241e2d6c8b4,2.2358261048793793,2.2358261048793793,3.0,1,1,0
/OrderService/GetOrderacc0ddf3-df19-4ae8-893f-915a1948fae9,1.702787820249796,1.702787820249796,3.0,1,1,0
/OrderService/GetOrderafff3150-831b-4577-ad1f-81da3be30ad4,2.237977460026741,2.237977460026741,3.0,1,1,0
/OrderService/GetOrderb4580815-2684-4d39-87a0-a641ea962fa9,1.600727904587984,1.600727904587984,2.0,1,1,0
/OrderService/GetOrderb7e6141c-1089-4892-b13b-3aa5f39ddc23,2.3414622992277145,2.3414622992277145,3.0,1,1,0
/OrderService/GetOrderb97ef044-74da-462c-9bf2-25a4e3e46603,1.13589596003294,1.13589596003294,3.0,1,1,0
/OrderService/GetOrderbddb6e09-831c-4876-904f-896bf58fa60f,5.739147774875164,5.739147774875164,3.0,1,1,0
/OrderService/GetOrderbe261bbf-f482-49e1-a213-686a19f46d03,2.9048719443380833,2.9048719443380833,3.0,1,1,0
/OrderService/GetOrderc9097805-69f5-4f73-9b81-47f1b933a714,2.3644082248210907,2.3644082248210907,3.0,1,1,0
/OrderService/GetOrderc9956ea9-d922-43b0-910e-f8aa9ebe7aed,2.894515171647072,2.894515171647072,3.0,1,1,0
/OrderService/GetOrdercb48598f-e5db-4258-9ea9-19223dff19a7,1.5541980974376202,1.5541980974376202,2.0,1,1,0
/OrderService/GetOrdercbc19ee0-6d6c-4e43-a079-d3384711de2a,0.9948811493813992,0.9948811493813992,3.0,1,1,0
/OrderService/GetOrdercc4488f3-6154-4b9a-a336-aec7916ef200,2.974744886159897,2.974744886159897,2.0,1,1,0
/OrderService/GetOrdere349e25e-71b3-4db8-9df0-b582971e2f1e,2.23242724314332,2.23242724314332,3.0,1,1,0
/OrderService/GetOrdere38fe2be-c21c-4e83-9792-7e0a3cf9fbc3,2.3515098728239536,2.3515098728239536,3.0,1,1,0
/OrderService/GetOrdere56403d1-f470-4c80-ac39-bc5abcdf8a71,2.8827497735619545,2.8827497735619545,3.0,1,1,0
/OrderService/GetOrdere6c74a62-3ec4-4d0b-9c9f-35a733b5acf0,2.609481103718281,2.609481103718281,3.0,1,1,0
/OrderService/GetOrderef211c94-1675-44b1-9a78-37620fc68a85,1.7433282919228077,1.7433282919228077,3.0,1,1,0
/OrderService/GetOrderef66c155-3daa-4732-9772-10d994adfff7,1.7508873715996742,1.7508873715996742,3.0,1,1,0
/OrderService/GetOrderf1223fd6-9bde-418c-aca1-b06433b62652,2.8956648893654346,2.8956648893654346,3.0,1,1,0
/OrderService/GetOrderf6710905-a957-4ac6-8639-663a8fe56c3e,1.9360417500138283,1.9360417500138283,2.0,1,1,0
/OrderService/GetOrderf8879444-8f68-4214-b0ab-929b17d458b5,1.7402740195393562,1.7402740195393562,2.0,1,1,0
/OrderService/GetOrderf906ceed-11dc-4cf8-a4ac-1d4739301d79,1.9485042430460453,1.9485042430460453,3.0,1,1,0
/OrderService/GetOrderf971cdf4-7072-4b83-93af-e7af15c3ea0c,23.17384397611022,23.17384397611022,3.0,1,1,0
/OrderService/GetOrderf9af0558-db4d-4b6e-a720-b7a031f133c1,2.311884891241789,2.311884891241789,3.0,1,1,0
/OrderService/GetOrderfdf30450-8299-4330-a13c-7b4658d79d48,1.8122089095413685,1.8122089095413685,3.0,1,1,0
Aggregated,7.605795958079398,6.0,32.225,-1,1,0
