Service,Average Response Time,Medium Response Time,Request Size,Request Type,Frequency,Size
/CatalogService/AddItem00fa628f-df31-46d0-a5cf-f555a7c0c97b,15.602861065417528,15.602861065417528,50.0,1,0,0
/CatalogService/AddItem36d1db6a-f6b9-4af9-a875-dd8bf7a56d63,7.323885336518288,7.323885336518288,50.0,1,0,0
/CatalogService/AddItem5fc522e4-4030-4cca-b896-ecdefb263f67,13.180964160710573,13.180964160710573,50.0,1,0,0
/CatalogService/AddItem7fd182c4-3e2f-4068-b916-1fccda56c50b,13.79841286689043,13.79841286689043,50.0,1,0,0
/CatalogService/AddItem99667811-7063-478c-939a-537173524875,12.657665647566319,12.657665647566319,50.0,1,0,0
/CatalogService/AddItemd1933d27-5da2-4058-aacf-fb30b2ec3a37,13.52312508970499,13.52312508970499,50.0,1,0,0
/CatalogService/AddIteme58730db-35a6-46da-ad8f-074726c9558c,10.193860158324242,10.193860158324242,50.0,1,0,0
/CatalogService/AddItemeb39f3ec-1da8-432a-b05a-155f38c7a4ec,8.693552110344172,8.693552110344172,50.0,1,0,0
/CatalogService/GetItem03637d57-d194-44be-bfbd-648c99b85471,4.936218727380037,4.936218727380037,3.0,1,0,0
/CatalogService/GetItem362b147c-646a-4741-babe-6f7ce4c6751b,4.826587159186602,4.826587159186602,3.0,1,0,0
/CatalogService/GetItem4ec64553-5684-46fc-89f9-853ba3a10556,4.8302109353244305,4.8302109353244305,2.0,1,0,0
/CatalogService/GetItem7b07900d-5a82-4f79-b845-ecdbb261da15,4.775330889970064,4.775330889970064,3.0,1,0,0
/CatalogService/GetItem7c7b71cd-2de9-4daa-adae-9a5c5a436c6d,5.870375316590071,5.870375316590071,3.0,1,0,0
/CatalogService/GetItem83174adb-8413-46ed-a2ab-ad669302e839,3.9501357823610306,3.9501357823610306,3.0,1,0,0
/CatalogService/GetItem8d447b94-4e65-499d-bb90-2c6bf928553d,1.659295056015253,1.659295056015253,3.0,1,0,0
/CatalogService/GetItemf1a48e7c-8106-4609-ae3f-b35c25bd5880,4.689100198447704,4.689100198447704,3.0,1,0,0
/CatalogService/UpdateItem06f42919-daf5-44b7-bb81-58025a729e60,10.365207679569721,10.365207679569721,50.0,1,0,0
/CatalogService/UpdateItem9832c605-3b3e-4cec-881a-0f5b53ad7ca9,10.641130153089762,10.641130153089762,50.0,1,0,0
/CatalogService/UpdateItemcd5578f1-de60-4900-861b-56f2a463bd7b,6.167144980281591,6.167144980281591,50.0,1,0,0
/CatalogService/UpdateIteme622adae-3247-4d65-826a-9bd09012153a,10.336554143577814,10.336554143577814,50.0,1,0,0
/CatalogService/UpdateItemef6facb6-680d-4d91-bfaf-0c861f086fe4,8.62796325236559,8.62796325236559,50.0,1,0,0
/CatalogService/UpdateItemf1c54d10-5538-4a98-9f60-aa0af7c1bd93,4.787423647940159,4.787423647940159,50.0,1,0,0
/CatalogService/UpdateItemf6d5153a-40ad-4de5-bcbe-1d8c4eda6645,6.115505006164312,6.115505006164312,50.0,1,0,0
/CatalogService/UpdateItemfff49aec-37d6-4c3e-987a-187871da3964,8.374531753361225,8.374531753361225,50.0,1,0,0
/CustomerService/CreateCustomer06eaea94-db14-4ad2-aa04-e2f5140c622e,12.285108212381601,12.285108212381601,50.0,1,0,0
/CustomerService/CreateCustomer1388bf54-fe5f-478e-b9d7-1163b71c02c5,11.493730824440718,11.493730824440718,50.0,1,0,0
/CustomerService/CreateCustomer34555d3d-ebce-4973-af9c-edfb0983556d,10.62133302912116,10.62133302912116,50.0,1,0,0
/CustomerService/CreateCustomer3e95739e-f8b1-4706-8cce-70cf7a5e035d,9.960134979337454,9.960134979337454,50.0,1,0,0
/CustomerService/CreateCustomer43dba5b3-f416-418d-8dcf-2b04d7428a9d,12.506667990237474,12.506667990237474,50.0,1,0,0
/CustomerService/CreateCustomer5ac67b6b-970f-4cfb-8f53-3b308a2dc9dc,11.144164018332958,11.144164018332958,50.0,1,0,0
/CustomerService/CreateCustomerd7bd4da0-6842-44af-951f-6cd60277132c,12.008051853626966,12.008051853626966,50.0,1,0,0
/CustomerService/CreateCustomerf0a10269-0e5c-4abc-ac2e-ff1793784770,11.530107352882624,11.530107352882624,50.0,1,0,0
/CustomerService/UpdateCustomer074f5809-59af-4389-b400-96fff5f213d0,9.728285949677229,9.728285949677229,50.0,1,0,0
/CustomerService/UpdateCustomer0bada418-f18d-4e06-94d3-545f12e90d3e,7.413392886519432,7.413392886519432,50.0,1,0,0
/CustomerService/UpdateCustomer2df993de-2eba-4510-ac15-1cc5f3c6cd71,10.45942585915327,10.45942585915327,50.0,1,0,0
/CustomerService/UpdateCustomer2ecb8ef2-a230-4774-b04e-e4ddac9f70ef,10.706339962780476,10.706339962780476,50.0,1,0,0
/CustomerService/UpdateCustomer9c6cd432-c129-4667-b5ba-a20fa221af94,11.228907853364944,11.228907853364944,50.0,1,0,0
/CustomerService/UpdateCustomerce9e2355-0430-44d4-9f7b-d048aabbf0c6,9.7562400624156,9.7562400624156,50.0,1,0,0
/CustomerService/UpdateCustomere8dde63b-accf-4c9f-b116-7f80fefa395a,8.599567227065563,8.599567227065563,50.0,1,0,0
/CustomerService/UpdateCustomerf81efce2-05df-4080-a168-2a39955eb63a,9.597193915396929,9.597193915396929,50.0,1,0,0
/CustomerService/getCustomer198a5c1e-312a-4ffc-acba-fe167cc94050,2.36679008230567,2.36679008230567,2.0,1,0,0
/CustomerService/getCustomer367de60a-e476-4a59-aeed-c1048de11b9b,7.372763939201832,7.372763939201832,2.0,1,0,0
/CustomerService/getCustomer415848fb-c8f7-4246-9649-b1a7363ae2ea,13.554103672504425,13.554103672504425,2.0,1,0,0
/CustomerService/getCustomer9e36eb0d-3ef4-41a0-87c7-d61a1af2ad65,6.888488307595253,6.888488307595253,2.0,1,0,0
/CustomerService/getCustomercb11219c-6923-4b8d-add9-8b23307006af,4.660203121602535,4.660203121602535,2.0,1,0,0
/CustomerService/getCustomerf3885905-fbe3-47d0-9e8c-61d3b051313e,6.439355202019215,6.439355202019215,2.0,1,0,0
/CustomerService/getCustomerf7355718-6ce3-4ec8-aad5-ab7a4bb2e0ef,10.006329976022243,10.006329976022243,2.0,1,0,0
/CustomerService/getCustomerfc1f8d91-7ca3-45c3-a99f-38c7567c7c60,7.019242737442255,7.019242737442255,2.0,1,0,0
/OrderService/CreateOrder0ac95042-4f9f-442e-b676-5a41496df8dd,7.0139458402991295,7.0139458402991295,50.0,1,0,0
/OrderService/CreateOrder3bc163ba-8d48-4dfb-b1b0-43108dd378e8,4.4906409457325935,4.4906409457325935,50.0,1,0,0
/OrderService/CreateOrder8d1d1828-4975-4776-a52e-6646fffbc3f5,10.220522060990334,10.220522060990334,50.0,1,0,0
/OrderService/CreateOrderb0272370-6aee-44cb-8b08-9131e6d58004,4.6471538953483105,4.6471538953483105,50.0,1,0,0
/OrderService/CreateOrderd4e06b20-cdd2-45a7-bca4-cfb15dcceffe,9.790650568902493,9.790650568902493,50.0,1,0,0
/OrderService/CreateOrdere9bb1606-516b-4129-805c-85809a8c45ac,17.280675005167723,17.280675005167723,50.0,1,0,0
/OrderService/CreateOrderfa064cf1-e071-475c-bebb-c6501efd52aa,16.77948608994484,16.77948608994484,50.0,1,0,0
/OrderService/CreateOrderfccfee0e-b919-4416-bf7e-3c679afdafa7,18.60173000022769,18.60173000022769,50.0,1,0,0
/OrderService/GetOrder340924bd-4c68-4bb5-9d24-4fdc893e3c1e,4.701482132077217,4.701482132077217,3.0,1,0,0
/OrderService/GetOrder3eb313ff-0518-4d3d-88a2-d7e3edeca55e,2.067023888230324,2.067023888230324,3.0,1,0,0
/OrderService/GetOrder727116b5-4261-4eb2-bd83-9437b9dd6ba1,3.0278852209448814,3.0278852209448814,3.0,1,0,0
/OrderService/GetOrder798f5803-9773-4aee-a636-f454be858ebe,3.2365848310291767,3.2365848310291767,3.0,1,0,0
/OrderService/GetOrderbce3048a-df39-4a1b-889f-dd923566ad7e,2.659900113940239,2.659900113940239,3.0,1,0,0
/OrderService/GetOrderd6a16508-4930-451b-8a36-920984612d4f,4.973805043846369,4.973805043846369,3.0,1,0,0
/OrderService/GetOrdere3e1669c-36c3-42cc-a2e7-74175148bb89,2.1677841432392597,2.1677841432392597,3.0,1,0,0
/OrderService/GetOrderf676076d-ede3-4a22-a785-ff1f114a6668,6.3629839569330215,6.3629839569330215,3.0,1,0,0
Aggregated,8.457737872959115,9.0,32.234375,-1,0,0
