Service,Average Response Time,Medium Response Time,Request Size,Request Type,Frequency,Size
/CatalogService/AddItem1222733b-154d-4f97-8a3a-620d7c9b7365,7.849935907870531,7.849935907870531,50.0,1,0,0
/CatalogService/AddItem36b4c5ba-19e5-4ae2-87b7-70d9cea2dbdb,9.197510778903961,9.197510778903961,50.0,1,0,0
/CatalogService/AddItem3b50914b-7663-4350-9deb-fcac9d30820f,6.483252160251141,6.483252160251141,50.0,1,0,0
/CatalogService/AddItem7b829bd5-6281-4904-82b6-1ca6cfb0a2c6,11.931160930544138,11.931160930544138,50.0,1,0,0
/CatalogService/AddItem81e4f3f6-c968-4788-bc80-b4a0397c1e01,5.463968031108379,5.463968031108379,50.0,1,0,0
/CatalogService/AddItema1650625-f707-4048-beba-5ccb6bf20daa,12.571816798299551,12.571816798299551,50.0,1,0,0
/CatalogService/AddItema811449f-91d9-439c-aa32-751a27aa2b3a,12.860510032624006,12.860510032624006,50.0,1,0,0
/CatalogService/AddItemc4f734fc-845a-4170-b3b3-a440126443d0,12.335347011685371,12.335347011685371,50.0,1,0,0
/CatalogService/GetItem04d35e04-1998-4164-bc71-864199fbda85,7.501681800931692,7.501681800931692,3.0,1,0,0
/CatalogService/GetItem05244615-4f3b-4975-84cf-69f136ae09e1,5.117311142385006,5.117311142385006,3.0,1,0,0
/CatalogService/GetItem3c6cb513-831b-4d03-874e-ed84551f0228,3.140535671263933,3.140535671263933,3.0,1,0,0
/CatalogService/GetItem56161dae-0198-42f4-b69f-4f57a2ca8da1,4.33178897947073,4.33178897947073,3.0,1,0,0
/CatalogService/GetItem5dfdce42-5370-4787-a396-76a1e1f1cb41,6.787517108023167,6.787517108023167,3.0,1,0,0
/CatalogService/GetItema7001751-3512-4143-b1f4-f725e74b1182,10.206624399870634,10.206624399870634,3.0,1,0,0
/CatalogService/GetIteme7c65734-66a5-433c-af60-d6cfad5aa7a8,5.449127871543169,5.449127871543169,3.0,1,0,0
/CatalogService/GetItemf55647dd-9910-453e-abda-495045bfc356,8.496242109686136,8.496242109686136,3.0,1,0,0
/CatalogService/UpdateItem146610fb-9f8d-450a-a642-ce6bec448a13,5.3790840320289135,5.3790840320289135,50.0,1,0,0
/CatalogService/UpdateItem4363d2e5-dd9f-4940-8cc1-60b0eb3ac48c,8.083088789135218,8.083088789135218,50.0,1,0,0
/CatalogService/UpdateItem5797874f-ea06-4525-9d31-9cacbcb97773,6.996203679591417,6.996203679591417,50.0,1,0,0
/CatalogService/UpdateItem660c3222-4e11-4b86-af6b-f5c61fd17c73,8.662875276058912,8.662875276058912,50.0,1,0,0
/CatalogService/UpdateItem7e03e0a4-a4e8-4ab3-8c00-17dbe86a7477,7.962576113641262,7.962576113641262,50.0,1,0,0
/CatalogService/UpdateItemb2e85a28-740b-49c1-abb9-6d15fd220ef3,5.2505070343613625,5.2505070343613625,50.0,1,0,0
/CatalogService/UpdateItemfaa8587f-b0ce-47b1-b543-33048502ccad,5.3450181148946285,5.3450181148946285,49.0,1,0,0
/CatalogService/UpdateItemfcbb57dd-2d5a-4de9-a918-f2ca9f089ed8,5.327609367668629,5.327609367668629,50.0,1,0,0
/CustomerService/CreateCustomer32862b44-86d9-48d9-8135-2714bcee313e,16.192207112908363,16.192207112908363,50.0,1,0,0
/CustomerService/CreateCustomer44d46efd-50d7-4ee7-86d1-fb3ecb49f533,20.524639170616865,20.524639170616865,50.0,1,0,0
/CustomerService/CreateCustomer5f6057cf-9337-4d33-ab07-ae9167175c4f,16.220021061599255,16.220021061599255,50.0,1,0,0
/CustomerService/CreateCustomer7fbcffc3-22b2-4454-9640-e932354bc387,13.497757725417614,13.497757725417614,50.0,1,0,0
/CustomerService/CreateCustomer877612b9-a363-499f-8111-ccfd3500f556,18.460848834365606,18.460848834365606,50.0,1,0,0
/CustomerService/CreateCustomer8cd78aa1-2024-4b75-95ce-b0414d8e825c,18.744912929832935,18.744912929832935,50.0,1,0,0
/CustomerService/CreateCustomerf339322f-1afb-4b4f-83c2-fe3fd36390f1,17.39923981949687,17.39923981949687,50.0,1,0,0
/CustomerService/CreateCustomerf45098b2-b1f3-4df8-a387-cc37ef587137,14.103364199399948,14.103364199399948,50.0,1,0,0
/CustomerService/UpdateCustomer0a167035-1f41-4ba4-a7a8-79cfaab877be,6.992866285145283,6.992866285145283,50.0,1,0,0
/CustomerService/UpdateCustomer177151d8-56df-471a-9b74-1b23fc838118,11.085648089647293,11.085648089647293,50.0,1,0,0
/CustomerService/UpdateCustomer307935d0-548d-4b6f-a4ec-8bbab684903b,13.18521797657013,13.18521797657013,50.0,1,0,0
/CustomerService/UpdateCustomer32ec59d3-46f7-48bb-a70d-dd999bc0910a,11.184839997440577,11.184839997440577,50.0,1,0,0
/CustomerService/UpdateCustomer369eeafa-3da0-495d-a76c-dbd5a785b2f5,14.740589074790478,14.740589074790478,50.0,1,0,0
/CustomerService/UpdateCustomerb595118f-be31-43e8-a596-594980333376,11.715664062649012,11.715664062649012,50.0,1,0,0
/CustomerService/UpdateCustomerd7c348f6-e9db-41e8-aa2c-251866970fd7,8.18651495501399,8.18651495501399,50.0,1,0,0
/CustomerService/UpdateCustomerea9bde11-1261-4586-a278-0e5d9b1acf77,10.111890267580748,10.111890267580748,50.0,1,0,0
/CustomerService/getCustomer2e0550ad-20e1-4e1b-b645-0286b9ab9226,4.753732122480869,4.753732122480869,2.0,1,0,0
/CustomerService/getCustomer2e6b2d5e-8862-49db-965c-a038fc6843d6,4.9476888962090015,4.9476888962090015,2.0,1,0,0
/CustomerService/getCustomer33361171-6d37-4f92-9280-838e62276cbe,9.916936047375202,9.916936047375202,2.0,1,0,0
/CustomerService/getCustomer4f89a8f1-32b5-4a47-a78e-f99bd25970e5,5.019497126340866,5.019497126340866,2.0,1,0,0
/CustomerService/getCustomerc33be2f4-a0f0-4b45-8c33-2fe7f8e85eb1,7.289571221917868,7.289571221917868,2.0,1,0,0
/CustomerService/getCustomerd9da64b1-4d1d-4eb9-a057-abd79a9067b7,10.48239367082715,10.48239367082715,2.0,1,0,0
/CustomerService/getCustomerda7f0d2b-7ca3-4c11-8a3a-eec701ae4693,9.173586964607239,9.173586964607239,2.0,1,0,0
/CustomerService/getCustomerf36d7f06-c96d-4e45-bef8-9e39ac8a603e,4.658257123082876,4.658257123082876,2.0,1,0,0
/OrderService/CreateOrder4e13ae85-39e8-47b4-8f10-28c7b39bde4d,8.224851917475462,8.224851917475462,50.0,1,0,0
/OrderService/CreateOrder5b4f09a3-56c1-41cd-a56f-54827f22e78f,10.412209201604128,10.412209201604128,50.0,1,0,0
/OrderService/CreateOrder5e7a8d7b-2c11-4c0a-9849-504772a30315,6.3610379584133625,6.3610379584133625,50.0,1,0,0
/OrderService/CreateOrderbce31948-b185-4000-8c22-7db13a3054a2,8.84257024154067,8.84257024154067,49.0,1,0,0
/OrderService/CreateOrderbdf60342-a185-4d5d-bfb5-b9f1f0832cfc,8.830673061311245,8.830673061311245,50.0,1,0,0
/OrderService/CreateOrderca76d034-a77c-44e7-b9b0-20eeecccbc98,8.396322838962078,8.396322838962078,50.0,1,0,0
/OrderService/CreateOrderf1f93fd0-e82e-433a-8276-ab2fc380ff51,10.201808996498585,10.201808996498585,50.0,1,0,0
/OrderService/CreateOrderff7169e7-00cf-42c3-8237-dacff32cec84,7.58287264034152,7.58287264034152,50.0,1,0,0
/OrderService/GetOrder34f0d45a-3461-417d-8d55-7741b28719a3,3.934399224817753,3.934399224817753,3.0,1,0,0
/OrderService/GetOrder78952b0a-215e-41bb-87fd-842233796388,4.729347303509712,4.729347303509712,3.0,1,0,0
/OrderService/GetOrder7cb263af-a79f-4d5e-848b-4a533560dcd1,1.3157417997717857,1.3157417997717857,3.0,1,0,0
/OrderService/GetOrdera63d4814-9bdd-48a4-9555-5d6b92dc5682,3.2288478687405586,3.2288478687405586,3.0,1,0,0
/OrderService/GetOrderab02e388-80d9-44a5-9da9-c4c1d9f21a66,6.328408140689135,6.328408140689135,3.0,1,0,0
/OrderService/GetOrderb615bfcf-359d-4bb2-847f-b03607b7b2db,2.9529547318816185,2.9529547318816185,3.0,1,0,0
/OrderService/GetOrdere45dbef5-bc74-4625-8766-6c89d02ec3ac,4.395146854221821,4.395146854221821,3.0,1,0,0
/OrderService/GetOrdere790104f-80de-49a7-9a25-a0d0778d4d92,2.0714588463306427,2.0714588463306427,3.0,1,0,0
Aggregated,8.736372335988563,8.0,32.21875,-1,0,0
