Service,Average Response Time,Medium Response Time,Request Size,Request Type,Frequency,Size
/CatalogService/AddItem043d4a38-b916-4b26-b20e-3289331f1c01,5.29118999838829,5.29118999838829,50.0,1,0,0
/CatalogService/AddItem3832fd59-d773-4b9f-b7fe-03dd176cb648,6.068016868084669,6.068016868084669,50.0,1,0,0
/CatalogService/AddItem41c77ed1-9c9c-42af-933e-5d8c03c0ff49,7.8648352064192295,7.8648352064192295,50.0,1,0,0
/CatalogService/AddItem87c65724-5f3e-4b91-8531-3894ecfb0d52,4.170795902609825,4.170795902609825,50.0,1,0,0
/CatalogService/AddItem8f35c6ab-c9a0-4b0e-be88-53abcbf40cfc,6.490555126219988,6.490555126219988,50.0,1,0,0
/CatalogService/AddItem9c839384-4a35-492c-b9c5-4f2ae9e97a1a,8.598932065069675,8.598932065069675,50.0,1,0,0
/CatalogService/AddItemaa590134-a4ac-4c97-8d3a-43d7318daf2d,10.186461266130209,10.186461266130209,50.0,1,0,0
/CatalogService/AddItemfdcc1152-a12e-4a64-b85f-9cb65feaa7ac,6.398556753993034,6.398556753993034,50.0,1,0,0
/CatalogService/GetItem345c7cf3-6c79-45a6-bd25-758ffb792431,2.3521166294813156,2.3521166294813156,3.0,1,0,0
/CatalogService/GetItem39224357-3498-40eb-ac28-b631897aeb93,5.313487723469734,5.313487723469734,3.0,1,0,0
/CatalogService/GetItem5acc3a73-ca57-457a-b518-53ec661771ab,4.097957164049149,4.097957164049149,3.0,1,0,0
/CatalogService/GetItem89f04476-3937-4eda-8b11-821088ce58ea,11.043997947126627,11.043997947126627,3.0,1,0,0
/CatalogService/GetItem8f637c0f-b2a5-4d22-b476-c95dfad02231,6.59533217549324,6.59533217549324,3.0,1,0,0
/CatalogService/GetItembc3c0247-ca78-45d5-bbe9-fac5b4ab7bc7,8.666901849210262,8.666901849210262,3.0,1,0,0
/CatalogService/GetItemdb67b27a-7af1-448b-b0ad-fcf9a06e6f1d,13.249156065285206,13.249156065285206,3.0,1,0,0
/CatalogService/GetItemf814d0cd-67d4-4484-bf1c-34fee6d57168,6.823834963142872,6.823834963142872,3.0,1,0,0
/CatalogService/UpdateItem296c2803-3129-4cc9-bdeb-89b93c05f8d5,19.705147948116064,19.705147948116064,50.0,1,0,0
/CatalogService/UpdateItem32690cc5-dd8c-40e3-b674-466bde375079,7.717455737292767,7.717455737292767,50.0,1,0,0
/CatalogService/UpdateItem3ddbdfd8-2ffa-4ace-8792-cad2a1a82a24,16.452725045382977,16.452725045382977,50.0,1,0,0
/CatalogService/UpdateItem43ab2fdd-8a60-4d1c-a21e-2f20c4b1f33c,17.497236840426922,17.497236840426922,50.0,1,0,0
/CatalogService/UpdateItem8286f418-d8f4-4b7d-8d72-7d28a2a11676,7.853783201426268,7.853783201426268,50.0,1,0,0
/CatalogService/UpdateItema1f2c106-78de-48c9-bfb2-35611ccf4dce,6.776131689548492,6.776131689548492,50.0,1,0,0
/CatalogService/UpdateItema6ec70c6-deba-4a1c-bf68-c5da565eed58,8.373158983886242,8.373158983886242,50.0,1,0,0
/CatalogService/UpdateItemce1fa3a6-c8e4-4eb5-bfa9-45f8df573ef6,6.441426929086447,6.441426929086447,50.0,1,0,0
/CustomerService/CreateCustomer06fba24f-79a2-46c7-a59e-652efadb19cd,23.37719826027751,23.37719826027751,50.0,1,0,0
/CustomerService/CreateCustomer3635ff5f-4a8e-4166-bbf0-dde3e3f3bc5f,32.988972030580044,32.988972030580044,50.0,1,0,0
/CustomerService/CreateCustomer66119290-2409-4d81-8227-3f11aeabdd83,22.318430244922638,22.318430244922638,50.0,1,0,0
/CustomerService/CreateCustomer8631a38e-e0e2-4186-855a-6d64b9d094b1,23.7001059576869,23.7001059576869,50.0,1,0,0
/CustomerService/CreateCustomer991d15a4-fd74-4e79-8fd2-518b119b760a,22.39420311525464,22.39420311525464,50.0,1,0,0
/CustomerService/CreateCustomeraffdfc2c-1745-46d7-8925-3edf8f6f8e5f,25.55083902552724,25.55083902552724,50.0,1,0,0
/CustomerService/CreateCustomerc5e8f6fe-544a-4fff-b69c-51d0de0aa3f8,17.065628431737423,17.065628431737423,50.0,1,0,0
/CustomerService/CreateCustomerdf670edd-06fd-4894-91f9-057154ee1108,33.940297085791826,33.940297085791826,50.0,1,0,0
/CustomerService/UpdateCustomer242f35e3-32df-49fb-87d4-7a56e7c70969,11.579823214560747,11.579823214560747,50.0,1,0,0
/CustomerService/UpdateCustomer55b03caa-aac2-4064-9f22-5039f62d9382,11.5404580719769,11.5404580719769,50.0,1,0,0
/CustomerService/UpdateCustomer596e8678-f0ab-4cf1-9368-1d869b07d80d,10.38791611790657,10.38791611790657,50.0,1,0,0
/CustomerService/UpdateCustomer814c3f8d-d383-488e-bd4d-ef3722e9169f,21.631254348903894,21.631254348903894,50.0,1,0,0
/CustomerService/UpdateCustomera78e694d-1afa-463d-b35f-cbf391dc2eae,31.266155187040567,31.266155187040567,50.0,1,0,0
/CustomerService/UpdateCustomera7a2dda5-5398-456a-b139-d375a32019af,16.26954786479473,16.26954786479473,50.0,1,0,0
/CustomerService/UpdateCustomere6e4b4c0-79a4-4993-b450-23f80c62f284,11.617307085543871,11.617307085543871,50.0,1,0,0
/CustomerService/UpdateCustomerfae6502e-7ea1-494b-a6a4-c16fe3026086,11.506449431180954,11.506449431180954,50.0,1,0,0
/CustomerService/getCustomer023fad1b-5df1-4ee7-9915-656c5d90e8dd,8.58128210529685,8.58128210529685,2.0,1,0,0
/CustomerService/getCustomer12cc6429-8136-42e9-bddf-5852205d0ba0,11.31780305877328,11.31780305877328,2.0,1,0,0
/CustomerService/getCustomer22026c4e-f1d6-4300-a1a6-b2f852cb0009,4.814882297068834,4.814882297068834,2.0,1,0,0
/CustomerService/getCustomer5f40eadb-340e-4b51-a5e4-1d44a690aff3,10.364190675318241,10.364190675318241,2.0,1,0,0
/CustomerService/getCustomer7965b50e-50b8-44b1-9c9a-cb556e8a1dcc,8.348492905497551,8.348492905497551,2.0,1,0,0
/CustomerService/getCustomer8401e4be-b779-4bf3-b62b-3ccb8d7056e1,9.371364023536444,9.371364023536444,2.0,1,0,0
/CustomerService/getCustomer947c4982-bdcd-4c90-8f64-c44109f8a875,10.594218969345093,10.594218969345093,2.0,1,0,0
/CustomerService/getCustomera710b4cf-1517-40e9-a997-caccadb327b5,4.1871750727295876,4.1871750727295876,2.0,1,0,0
/OrderService/CreateOrder01a4c85c-ce04-4247-924d-5c22efee382a,38.516185246407986,38.516185246407986,50.0,1,0,0
/OrderService/CreateOrder0a61dffb-bfdc-4e93-b762-d247a91610b6,37.531637120991945,37.531637120991945,50.0,1,0,0
/OrderService/CreateOrder459eb6df-8a0b-484d-a70c-187bb2a718b5,36.13650519400835,36.13650519400835,50.0,1,0,0
/OrderService/CreateOrder49ca4f3d-d764-4b33-a1a1-55282b821346,20.214977208524942,20.214977208524942,50.0,1,0,0
/OrderService/CreateOrder6fb46c8a-7751-417f-80ea-7c78e3db7d47,20.40995005518198,20.40995005518198,50.0,1,0,0
/OrderService/CreateOrderc0c4aaeb-6c73-47ed-8618-2169a8154370,18.134329933673143,18.134329933673143,50.0,1,0,0
/OrderService/CreateOrderd9bae6cf-dde8-4b74-acc5-b7524dd1b822,30.849087052047253,30.849087052047253,50.0,1,0,0
/OrderService/CreateOrderea4311c6-1f7c-40a6-aeee-a72a1d170d32,38.93136279657483,38.93136279657483,50.0,1,0,0
/OrderService/GetOrder005390b6-77cf-4a69-bfe3-557a4df3f7ee,18.215634860098362,18.215634860098362,3.0,1,0,0
/OrderService/GetOrder48ab1303-3cb0-4ddd-8093-e3e2aa1bcae3,2.8248759917914867,2.8248759917914867,2.0,1,0,0
/OrderService/GetOrder4c239005-060e-4629-b17b-68521e45c193,2.2015832364559174,2.2015832364559174,3.0,1,0,0
/OrderService/GetOrder67303a7c-641b-409e-8ea0-a053e2fe9145,2.170636784285307,2.170636784285307,2.0,1,0,0
/OrderService/GetOrder6cd472e7-92cb-4455-a0a5-95913ffd546b,4.058785270899534,4.058785270899534,3.0,1,0,0
/OrderService/GetOrderce1731ce-b98a-42eb-8056-18a4adf612b1,1.5300107188522816,1.5300107188522816,3.0,1,0,0
/OrderService/GetOrderddda7191-a0b1-48be-90dd-82933321d5d4,7.685242220759392,7.685242220759392,3.0,1,0,0
/OrderService/GetOrderf47cf121-8720-4635-9731-89fef1f62981,16.73600496724248,16.73600496724248,3.0,1,0,0
Aggregated,13.982656208099797,10.0,32.21875,-1,0,0
