Service,Average Response Time,Medium Response Time,Request Size,Request Type,Frequency,Size
/CatalogService/AddItem0038ab34-292f-4a27-990f-f052e4f2b292,4.787486046552658,4.787486046552658,1000.0,1,1,1
/CatalogService/AddItem0d375ec3-76b6-4756-973e-d61493912ea1,3.8136839866638184,3.8136839866638184,1000.0,1,1,1
/CatalogService/AddItem12cc4772-e607-4c0b-81d4-0d0e5adffeb4,4.025413189083338,4.025413189083338,1000.0,1,1,1
/CatalogService/AddItem1bf29c95-df66-4cd2-af2e-299085c18f57,12.013799976557493,12.013799976557493,1000.0,1,1,1
/CatalogService/AddItem21a99859-cd37-4d59-890b-c114972c8b40,3.645417280495167,3.645417280495167,1000.0,1,1,1
/CatalogService/AddItem238c44c1-5855-4336-8235-0e2a1fbeef00,3.950368147343397,3.950368147343397,1000.0,1,1,1
/CatalogService/AddItem267edb17-8068-48a1-888d-57cb0d6d90a4,4.967056680470705,4.967056680470705,1000.0,1,1,1
/CatalogService/AddItem2ad3b7bf-7180-48c5-beff-9593df7be7af,4.122890066355467,4.122890066355467,1000.0,1,1,1
/CatalogService/AddItem2bbdc77f-cc4a-43a1-9734-8ffa2bc19802,11.71391922980547,11.71391922980547,1000.0,1,1,1
/CatalogService/AddItem359c5585-303f-4ee3-b27e-e66fc2df9c70,4.311813041567802,4.311813041567802,1000.0,1,1,1
/CatalogService/AddItem3cccaeac-05ef-42f3-a0b0-12644554a37b,4.086284898221493,4.086284898221493,1000.0,1,1,1
/CatalogService/AddItem4241db4e-3fbd-4b78-bf41-a765a2365170,3.5494021140038967,3.5494021140038967,1000.0,1,1,1
/CatalogService/AddItem45c23442-5526-4322-8c27-1c5e681afe5e,4.248965065926313,4.248965065926313,1000.0,1,1,1
/CatalogService/AddItem46d84549-536a-4e9e-bed1-9aacac323e4f,3.95213533192873,3.95213533192873,1000.0,1,1,1
/CatalogService/AddItem4766491c-4969-4e8c-974b-c0226c65775d,3.5811900161206722,3.5811900161206722,1000.0,1,1,1
/CatalogService/AddItem4f8dc717-4b8e-4376-b60d-9d68bccde6b4,4.207742866128683,4.207742866128683,1000.0,1,1,1
/CatalogService/AddItem52675806-c9e6-481e-9f38-cfd8df02b29e,4.096494056284428,4.096494056284428,1000.0,1,1,1
/CatalogService/AddItem5348c2b1-9f39-4506-844a-ba548254e256,5.157335661351681,5.157335661351681,1000.0,1,1,1
/CatalogService/AddItem5373aaf3-327f-4a90-ae50-fa84d6888b10,4.174483008682728,4.174483008682728,1000.0,1,1,1
/CatalogService/AddItem5c471863-9447-416f-94ea-2dd3463f760e,3.3010109327733517,3.3010109327733517,1000.0,1,1,1
/CatalogService/AddItem5ee28e14-0321-4266-800a-ce292e1aa29c,3.796821925789118,3.796821925789118,1000.0,1,1,1
/CatalogService/AddItem6185a166-9bac-475f-8ed6-c3c4d5e63bea,4.385161679238081,4.385161679238081,1000.0,1,1,1
/CatalogService/AddItem632f3710-e66f-4545-810d-0ef1490dace4,5.945676937699318,5.945676937699318,1000.0,1,1,1
/CatalogService/AddItem68f4fad9-fc20-4c7f-91b0-a89522040015,4.250431898981333,4.250431898981333,1000.0,1,1,1
/CatalogService/AddItem6bdfeef8-3926-4116-97ac-4f4cc820c61c,3.389459103345871,3.389459103345871,1000.0,1,1,1
/CatalogService/AddItem73f388e9-8bba-4420-9e96-e11f9c689a18,3.6829663440585136,3.6829663440585136,1000.0,1,1,1
/CatalogService/AddItem748e5520-b896-4105-90fa-341b114159f8,3.9004050195217133,3.9004050195217133,1000.0,1,1,1
/CatalogService/AddItem75d2c5f6-4a7c-4319-9b53-1ef71d941fd2,6.394311785697937,6.394311785697937,1000.0,1,1,1
/CatalogService/AddItem76dec621-d198-4268-a5f8-f9dfa05d74b1,4.488908685743809,4.488908685743809,1000.0,1,1,1
/CatalogService/AddItem7adce877-df8b-443c-83e6-b4c06e9e6f0b,5.90819725766778,5.90819725766778,1000.0,1,1,1
/CatalogService/AddItem7b0ade3d-b444-4a6e-9cac-475303351c71,8.686442859470844,8.686442859470844,1000.0,1,1,1
/CatalogService/AddItem7bc96b4c-f46c-45e4-8a8f-a5cd9f611ad5,11.77225774154067,11.77225774154067,1000.0,1,1,1
/CatalogService/AddItem7d5777ab-5e97-4f9b-916b-505bba485651,5.189247895032167,5.189247895032167,1000.0,1,1,1
/CatalogService/AddItem7fcd30f2-8a11-452f-9665-9eebfbf831d0,8.661267813295126,8.661267813295126,1000.0,1,1,1
/CatalogService/AddItem822be0a1-6419-4862-b848-da83e506a980,3.9925500750541687,3.9925500750541687,1000.0,1,1,1
/CatalogService/AddItem87ab858a-dc3f-47da-9e68-7c1d1a77d4ac,5.202705040574074,5.202705040574074,1000.0,1,1,1
/CatalogService/AddItem8add49c7-ce5d-4b9c-8b8f-568dfb428793,4.2107608169317245,4.2107608169317245,1000.0,1,1,1
/CatalogService/AddItem912ffa09-ceae-4cd8-9a0e-aaf47c9ba478,3.918267320841551,3.918267320841551,1000.0,1,1,1
/CatalogService/AddItem93584345-fc65-4a54-addc-bda22a81fc95,3.7286579608917236,3.7286579608917236,1000.0,1,1,1
/CatalogService/AddItem94b3dd88-7313-47ea-93ad-ef9b33d19894,3.878869116306305,3.878869116306305,1000.0,1,1,1
/CatalogService/AddItem9b44fd55-141b-441e-ac30-d2ec6abfa62c,4.891460761427879,4.891460761427879,1000.0,1,1,1
/CatalogService/AddItem9fba6cb3-c4d6-406a-af5d-09364e6a7060,11.989108752459288,11.989108752459288,1000.0,1,1,1
/CatalogService/AddItema0357293-fd94-4394-8fc0-64f0469fc63b,6.535893306136131,6.535893306136131,1000.0,1,1,1
/CatalogService/AddItema48d1450-2e22-4805-b163-50e32ce08a91,2.6957630179822445,2.6957630179822445,1000.0,1,1,1
/CatalogService/AddItema7e12b24-232f-458b-a103-2c57149df9e5,3.811430186033249,3.811430186033249,1000.0,1,1,1
/CatalogService/AddItema7e20923-6149-4e27-931e-0a700c85ac83,3.6438340321183205,3.6438340321183205,1000.0,1,1,1
/CatalogService/AddItemb0b4cd80-847a-4788-8aac-ca1c4a8e51ad,4.992289934307337,4.992289934307337,1000.0,1,1,1
/CatalogService/AddItemb2daf7b8-4b47-4e61-a969-76c34302690d,3.970365971326828,3.970365971326828,1000.0,1,1,1
/CatalogService/AddItembba2e055-96da-480c-9442-e7ac2b9ae480,9.385846089571714,9.385846089571714,1000.0,1,1,1
/CatalogService/AddItembc6fc8da-8005-4462-8012-362065d13b50,3.616156056523323,3.616156056523323,1000.0,1,1,1
/CatalogService/AddItembc926e03-08e3-4602-9710-b9ae2943190e,3.7318356335163116,3.7318356335163116,1000.0,1,1,1
/CatalogService/AddItembd24eb3f-9aa4-4452-a343-9bb0b4aba2ba,3.6320961080491543,3.6320961080491543,1000.0,1,1,1
/CatalogService/AddItembf0806fc-a016-4a80-a9bd-837000908640,7.54283694550395,7.54283694550395,1000.0,1,1,1
/CatalogService/AddItemc09eb355-8b6d-4623-ae76-d7ffdf01af05,3.2907500863075256,3.2907500863075256,1000.0,1,1,1
/CatalogService/AddItemc0e5061c-83cd-475e-8d45-a9e82c78b439,3.7960270419716835,3.7960270419716835,1000.0,1,1,1
/CatalogService/AddItemc14a95e0-4a3c-4ab7-a15f-57fbb0a392be,4.779576323926449,4.779576323926449,1000.0,1,1,1
/CatalogService/AddItemc37be649-06df-4d33-a7ec-f1915eba661e,4.521631170064211,4.521631170064211,1000.0,1,1,1
/CatalogService/AddItemc3b059fb-7cd0-4cba-a9f5-4b5b17ca2e4b,3.0878200195729733,3.0878200195729733,1000.0,1,1,1
/CatalogService/AddItemc6e8ba26-7384-4075-a032-c294fc295b87,3.4732469357550144,3.4732469357550144,1000.0,1,1,1
/CatalogService/AddItemc95cada6-3ff6-497d-a413-f6a6ab43dbe5,4.079900681972504,4.079900681972504,1000.0,1,1,1
/CatalogService/AddItemcb69925a-daca-481d-b2de-c035db990008,3.5570827312767506,3.5570827312767506,1000.0,1,1,1
/CatalogService/AddItemcf94a1e2-ce2e-4ba3-b1f0-07fac3a71a07,5.176782142370939,5.176782142370939,1000.0,1,1,1
/CatalogService/AddItemd51fca61-e88a-48e2-9292-c8e0e41484a6,6.6467891447246075,6.6467891447246075,1000.0,1,1,1
/CatalogService/AddItemd794ea41-98b3-451d-a83c-184a272d260d,3.9564240723848343,3.9564240723848343,1000.0,1,1,1
/CatalogService/AddItemdb76408a-f5fc-499c-9ccd-a6e0b37e719d,5.378766916692257,5.378766916692257,1000.0,1,1,1
/CatalogService/AddIteme127a270-7292-4255-aa70-e54a47c2f1df,5.562188103795052,5.562188103795052,1000.0,1,1,1
/CatalogService/AddIteme3ea156a-c2b0-4be3-a450-09e56b75b0de,7.181304041296244,7.181304041296244,1000.0,1,1,1
/CatalogService/AddIteme4af5f01-48a0-433a-85f0-0fb4ed94d4bb,4.45993710309267,4.45993710309267,1000.0,1,1,1
/CatalogService/AddIteme9351dc5-eb30-446d-bcfc-0fab60d04384,5.1695480942726135,5.1695480942726135,1000.0,1,1,1
/CatalogService/AddItemea637761-e72a-4ff8-82d4-63ce46c5c371,9.936446323990822,9.936446323990822,1000.0,1,1,1
/CatalogService/AddItemeb3f88ee-c13f-4f84-a89e-fd6130c350aa,3.5582962445914745,3.5582962445914745,1000.0,1,1,1
/CatalogService/AddItemeb6010d9-1114-4b94-ae62-f4536749f99e,2.619735896587372,2.619735896587372,1000.0,1,1,1
/CatalogService/AddItemeed179cf-d700-4135-834f-696525ed5ea3,3.8257469423115253,3.8257469423115253,1000.0,1,1,1
/CatalogService/AddItemf2d4a50c-c34d-495d-82a7-bca0372ead63,9.850968141108751,9.850968141108751,1000.0,1,1,1
/CatalogService/AddItemf34dcf50-b780-4fe7-afaf-fe205cfb0af5,3.1608552671968937,3.1608552671968937,1000.0,1,1,1
/CatalogService/AddItemf4485cb8-cf7c-4074-aa6b-26be9f78e9e4,5.317151080816984,5.317151080816984,1000.0,1,1,1
/CatalogService/AddItemf463e7db-1cf3-4e78-8861-c99f56abd8ff,3.451975993812084,3.451975993812084,1000.0,1,1,1
/CatalogService/AddItemf8a087dd-08a4-47cb-ba8a-c493aa9df1b6,7.324438076466322,7.324438076466322,1000.0,1,1,1
/CatalogService/AddItemf912a54d-572e-460c-b365-7637d5a10e31,4.160095006227493,4.160095006227493,1000.0,1,1,1
/CatalogService/AddItemfe68a284-2d90-458a-8deb-e9c7a8d5a127,2.907614689320326,2.907614689320326,1000.0,1,1,1
/CatalogService/GetItem0248fcd8-25f4-402d-9e4c-c562cc1b6e4b,5.925719626247883,5.925719626247883,3.0,1,1,1
/CatalogService/GetItem0b2f18d6-8a43-480b-b5c3-cbff072ab6b3,2.489851787686348,2.489851787686348,3.0,1,1,1
/CatalogService/GetItem0d85f71f-5c74-4dda-977c-a95929cccf1f,3.272088710218668,3.272088710218668,3.0,1,1,1
/CatalogService/GetItem134531cc-1d50-4aac-a96a-e902564ec7b2,7.005156949162483,7.005156949162483,3.0,1,1,1
/CatalogService/GetItem166f179a-90ec-4dd4-bb41-7a8504bebf6c,4.19311597943306,4.19311597943306,3.0,1,1,1
/CatalogService/GetItem172b4a86-7b6c-42a9-a27e-8afefcace89c,8.456878364086151,8.456878364086151,3.0,1,1,1
/CatalogService/GetItem181e2f54-ebfd-4c7e-9990-2f805a8398f9,1.981878187507391,1.981878187507391,3.0,1,1,1
/CatalogService/GetItem19e2cbb1-28fd-4656-97b9-5a9d2c085107,5.548818968236446,5.548818968236446,3.0,1,1,1
/CatalogService/GetItem1eb74888-af38-4f18-8510-a4e7066b9cff,2.842194866389036,2.842194866389036,3.0,1,1,1
/CatalogService/GetItem2475aa67-994c-433b-9b8a-bdca8274a952,7.599407806992531,7.599407806992531,3.0,1,1,1
/CatalogService/GetItem2874c008-cc86-4353-b7aa-ea0eb6c8d77c,5.3292810916900635,5.3292810916900635,3.0,1,1,1
/CatalogService/GetItem29c795eb-3d75-439e-86a2-745df7154abf,2.1461048163473606,2.1461048163473606,3.0,1,1,1
/CatalogService/GetItem2a2807c5-49c0-4774-947f-c6373608a6ea,3.5609290935099125,3.5609290935099125,3.0,1,1,1
/CatalogService/GetItem339fb661-2c43-4b24-a193-7bfdffc0df8c,3.769615199416876,3.769615199416876,3.0,1,1,1
/CatalogService/GetItem3c848517-8ad3-4fa2-830e-89a4c7759e16,7.376339286565781,7.376339286565781,3.0,1,1,1
/CatalogService/GetItem3c9a37e0-53a6-427c-b26a-19a48f27f7a5,9.734861087054014,9.734861087054014,3.0,1,1,1
/CatalogService/GetItem3f06ef64-6757-4067-8630-2be76665b2cb,6.581556051969528,6.581556051969528,3.0,1,1,1
/CatalogService/GetItem40ac522d-f5cf-4733-b31c-6dbe8002899e,4.005526192486286,4.005526192486286,3.0,1,1,1
/CatalogService/GetItem4110c7a8-977e-4967-b746-2487c6389de9,7.324399892240763,7.324399892240763,3.0,1,1,1
/CatalogService/GetItem469c6df1-25c3-46a8-bf53-4cbaed317593,6.83588208630681,6.83588208630681,3.0,1,1,1
/CatalogService/GetItem495e5eec-b53d-4e49-b783-d463d42eba78,7.629545405507088,7.629545405507088,3.0,1,1,1
/CatalogService/GetItem49be8d42-94cc-44e8-8c78-14a1e67015c0,2.911844290792942,2.911844290792942,3.0,1,1,1
/CatalogService/GetItem4add5e5d-515c-48dc-8d7b-6bfad2ffdd20,7.1517908945679665,7.1517908945679665,3.0,1,1,1
/CatalogService/GetItem4ce07902-1cd6-4798-b0b4-5cc602e485d1,9.323519188910723,9.323519188910723,3.0,1,1,1
/CatalogService/GetItem4db2e652-1f84-400f-ae2b-fbd74d555948,7.059074938297272,7.059074938297272,3.0,1,1,1
/CatalogService/GetItem50682878-68a1-4346-a1a6-df22c65d6bd3,2.0851949229836464,2.0851949229836464,3.0,1,1,1
/CatalogService/GetItem507edcb5-b262-4407-b42a-bded3117a10e,3.076117020100355,3.076117020100355,3.0,1,1,1
/CatalogService/GetItem5394033c-d0dd-4dcc-94fa-861cb5e7a193,5.320537369698286,5.320537369698286,3.0,1,1,1
/CatalogService/GetItem56004f6d-d2bc-4057-ae58-03ddc1b2e5d0,3.033003304153681,3.033003304153681,3.0,1,1,1
/CatalogService/GetItem566b4821-a0b5-4529-9bfd-7c21c17b338c,7.111462764441967,7.111462764441967,3.0,1,1,1
/CatalogService/GetItem5d22bb92-95fd-4c26-93ba-2b2aabab2e1c,3.4310673363506794,3.4310673363506794,3.0,1,1,1
/CatalogService/GetItem61a990b7-fc4f-427e-a826-6bb54857fb10,2.888972871005535,2.888972871005535,3.0,1,1,1
/CatalogService/GetItem64248568-b774-4fdb-aa58-c635dcf4203d,9.87733481451869,9.87733481451869,3.0,1,1,1
/CatalogService/GetItem689d8771-c6e1-4c22-b9e6-e563fb43a579,9.459251072257757,9.459251072257757,3.0,1,1,1
/CatalogService/GetItem6ce5b0cb-7ba5-4c0a-9078-acfdcc0ec730,11.960916686803102,11.960916686803102,3.0,1,1,1
/CatalogService/GetItem6d22427d-e1df-487d-ad6a-59eace0a76a4,1.6562510281801224,1.6562510281801224,3.0,1,1,1
/CatalogService/GetItem725ad1d8-133c-41ab-924f-683f5b2e38c9,5.868370179086924,5.868370179086924,3.0,1,1,1
/CatalogService/GetItem77961f84-c3f8-4ac5-8d0a-5a5851f6bf85,3.0509880743920803,3.0509880743920803,3.0,1,1,1
/CatalogService/GetItem794980a4-a58b-4778-8b81-f2b2b9e4883e,4.2397938668727875,4.2397938668727875,3.0,1,1,1
/CatalogService/GetItem7a3144c3-3c07-41ff-be0c-66d3b8a0aea9,1.5084818005561829,1.5084818005561829,3.0,1,1,1
/CatalogService/GetItem834c66fa-8be1-4ab6-bf0b-50dc534b00c7,5.03512192517519,5.03512192517519,3.0,1,1,1
/CatalogService/GetItem8605f0ed-5e47-48ca-ada3-d84cdee0a7d0,8.788594976067543,8.788594976067543,3.0,1,1,1
/CatalogService/GetItem8635e266-8eda-43d9-9156-69d60f124211,3.0114520341157913,3.0114520341157913,3.0,1,1,1
/CatalogService/GetItem88c6a792-3c78-4358-a417-dd249b1c3ea6,2.754656132310629,2.754656132310629,3.0,1,1,1
/CatalogService/GetItem891fb123-241f-4985-893d-23558ad1b92a,2.523631788790226,2.523631788790226,3.0,1,1,1
/CatalogService/GetItem89c39fd5-2175-4334-a6ed-f31ff0a97705,5.7162330485880375,5.7162330485880375,3.0,1,1,1
/CatalogService/GetItem8c69afbe-bdcc-4797-a5d5-996f85c02197,4.014269914478064,4.014269914478064,3.0,1,1,1
/CatalogService/GetItem8eb17e51-4a21-431b-917a-01ce4ac467e4,6.529984995722771,6.529984995722771,3.0,1,1,1
/CatalogService/GetItem9154c6ec-3ecd-4ac2-8d9f-ddd9f6790c28,4.680166020989418,4.680166020989418,3.0,1,1,1
/CatalogService/GetItem91596ec5-70cc-4458-be7d-39439cf283d2,3.3864807337522507,3.3864807337522507,3.0,1,1,1
/CatalogService/GetItem92b2bf38-f9b0-459a-9d71-b8b4f3eccd9f,6.570030935108662,6.570030935108662,3.0,1,1,1
/CatalogService/GetItem97cedf63-a3cb-4a88-b5c1-d787c1d244e3,2.032878343015909,2.032878343015909,3.0,1,1,1
/CatalogService/GetItem9aaccec4-cde3-4b7c-b304-f2d4741b3a48,2.7901288121938705,2.7901288121938705,3.0,1,1,1
/CatalogService/GetItem9e903a85-cebe-4992-a626-1493909bd824,3.3555682748556137,3.3555682748556137,3.0,1,1,1
/CatalogService/GetItema10bd7c5-080d-487d-ac15-bec1e36b2a6b,2.620766870677471,2.620766870677471,3.0,1,1,1
/CatalogService/GetItema5d86ea0-8eed-4cde-b3ab-5b559ab4cd92,5.119554698467255,5.119554698467255,3.0,1,1,1
/CatalogService/GetItemac1ee636-3571-4318-831b-e488456f07b6,3.3318251371383667,3.3318251371383667,3.0,1,1,1
/CatalogService/GetItemb19ad32c-938b-4fcc-bf8b-b97c27cf35d9,6.016161758452654,6.016161758452654,3.0,1,1,1
/CatalogService/GetItemb29c2683-f983-4523-8428-8604ab230fa3,2.9220408760011196,2.9220408760011196,3.0,1,1,1
/CatalogService/GetItembd53582f-2857-43e9-97d0-53a84b09ce14,3.118660766631365,3.118660766631365,3.0,1,1,1
/CatalogService/GetItembfcdef78-18a6-44a8-b5b0-d30bc25b4bdf,4.767955746501684,4.767955746501684,3.0,1,1,1
/CatalogService/GetItemc02a0757-0535-4435-8846-31cf50854fd4,3.7857280112802982,3.7857280112802982,3.0,1,1,1
/CatalogService/GetItemc1180b2e-8517-4331-bf00-19d364f9e9cf,3.3358787186443806,3.3358787186443806,3.0,1,1,1
/CatalogService/GetItemc612cc11-e6ca-4315-b737-af30f4d10b16,3.3109188079833984,3.3109188079833984,3.0,1,1,1
/CatalogService/GetItemca08c8a3-d8f0-4884-bd93-a6a415042860,3.775180783122778,3.775180783122778,3.0,1,1,1
/CatalogService/GetItemcacab011-3604-4628-842f-51f311220d09,2.954083029180765,2.954083029180765,2.0,1,1,1
/CatalogService/GetItemcf365b9b-6e22-4f16-8ff3-0ccf49b9d6df,1.7536911182105541,1.7536911182105541,3.0,1,1,1
/CatalogService/GetItemd2ee67cd-7d58-46c2-99c4-133419e48c82,3.1491979025304317,3.1491979025304317,3.0,1,1,1
/CatalogService/GetItemd8320616-94b4-446e-9b42-a5410e19e756,3.6247586831450462,3.6247586831450462,3.0,1,1,1
/CatalogService/GetIteme27312f2-57e4-42f4-94b4-9948737d7628,6.248002406209707,6.248002406209707,3.0,1,1,1
/CatalogService/GetIteme40132f5-330a-46c6-9cb5-2a4fc543efcc,2.9025226831436157,2.9025226831436157,3.0,1,1,1
/CatalogService/GetIteme709ea79-cd02-4f8e-a263-1192195a7042,6.284547038376331,6.284547038376331,3.0,1,1,1
/CatalogService/GetIteme7d46954-c22b-4e1f-9371-7e328465178a,4.763361066579819,4.763361066579819,3.0,1,1,1
/CatalogService/GetIteme9844546-9c97-4420-bf6a-cc67bc856b24,2.8578308410942554,2.8578308410942554,3.0,1,1,1
/CatalogService/GetIteme9a7da32-38f2-4af3-a8e9-73c92a570f27,3.7404499016702175,3.7404499016702175,3.0,1,1,1
/CatalogService/GetItemea2f678d-b84a-483d-9c27-a30d3641a764,6.607924122363329,6.607924122363329,3.0,1,1,1
/CatalogService/GetItemf866f79d-b6ab-4204-8a8f-2bae42c500ae,5.444744136184454,5.444744136184454,3.0,1,1,1
/CatalogService/GetItemfc265beb-3de4-4c62-b205-fc37ec262f32,5.936664063483477,5.936664063483477,3.0,1,1,1
/CatalogService/GetItemfe098490-fc30-451f-b523-0c43fb8c4df7,9.075288195163012,9.075288195163012,3.0,1,1,1
/CatalogService/GetItemfff445e0-5726-48d3-8de3-188be9289873,2.518331166356802,2.518331166356802,3.0,1,1,1
/CatalogService/UpdateItem019cc04f-971b-4ab8-b78e-d4dc40da8a1b,5.433959886431694,5.433959886431694,1000.0,1,1,1
/CatalogService/UpdateItem0279a8fa-1337-4c58-b679-6dfed57e379f,7.613919209688902,7.613919209688902,1000.0,1,1,1
/CatalogService/UpdateItem02880127-6ae8-4f9b-89d0-86e09b47c94d,4.418963100761175,4.418963100761175,1000.0,1,1,1
/CatalogService/UpdateItem05f016bb-096e-4311-8131-685455266299,4.936790093779564,4.936790093779564,1000.0,1,1,1
/CatalogService/UpdateItem093625ea-0f8f-4c71-acb3-83cc48c74f30,4.365331027656794,4.365331027656794,1000.0,1,1,1
/CatalogService/UpdateItem0c058864-2d55-4d5d-844d-9c3bf2a4fab9,4.095800686627626,4.095800686627626,1000.0,1,1,1
/CatalogService/UpdateItem0e5b556f-a3d9-4eb5-ad26-16e2639fc818,16.42446918413043,16.42446918413043,1000.0,1,1,1
/CatalogService/UpdateItem0e929fde-6089-4d08-af25-04a4c12a5028,4.264636430889368,4.264636430889368,1000.0,1,1,1
/CatalogService/UpdateItem13ffedba-2f7a-47d1-8ec2-177e935173d8,4.765953868627548,4.765953868627548,1000.0,1,1,1
/CatalogService/UpdateItem15088326-428a-40df-ab88-07f68deb7ae9,4.129244945943356,4.129244945943356,1000.0,1,1,1
/CatalogService/UpdateItem19474197-64c0-4eb0-b034-e6b85ce70e03,4.36561182141304,4.36561182141304,1000.0,1,1,1
/CatalogService/UpdateItem19b5031c-fca5-4e44-8e76-c725b2dd1e81,5.995915737003088,5.995915737003088,1000.0,1,1,1
/CatalogService/UpdateItem1a4c2b9f-5a65-40a2-9881-b0267b3ea6d2,9.385272860527039,9.385272860527039,1000.0,1,1,1
/CatalogService/UpdateItem1a844995-a0d2-4ca4-8abc-8b8f5179cf84,7.263290695846081,7.263290695846081,1000.0,1,1,1
/CatalogService/UpdateItem23096c9b-f8f3-4011-8865-08200e5cbfab,7.70415086299181,7.70415086299181,1000.0,1,1,1
/CatalogService/UpdateItem25453821-2a97-4ae6-89ca-fe9fae433934,10.481974110007286,10.481974110007286,1000.0,1,1,1
/CatalogService/UpdateItem2a588dbb-8e9e-4b96-bbad-37072ecab755,6.994808092713356,6.994808092713356,1000.0,1,1,1
/CatalogService/UpdateItem2bcaa885-f618-45dc-b859-4eeafae06ee4,4.6332161873579025,4.6332161873579025,1000.0,1,1,1
/CatalogService/UpdateItem34ce0119-8949-49e8-96cc-aee051145e13,11.521258857101202,11.521258857101202,1000.0,1,1,1
/CatalogService/UpdateItem40b15cb9-c71d-4d48-876c-4530416feaca,4.905463196337223,4.905463196337223,1000.0,1,1,1
/CatalogService/UpdateItem468d772f-1b95-4bf5-aa8d-3eb9d727407d,6.736102979630232,6.736102979630232,1000.0,1,1,1
/CatalogService/UpdateItem4cb60607-6004-41a3-8b1c-fbd992ffad55,9.09583643078804,9.09583643078804,1000.0,1,1,1
/CatalogService/UpdateItem4dc4860c-6edf-41af-91d9-580a499fda4e,3.805450163781643,3.805450163781643,1000.0,1,1,1
/CatalogService/UpdateItem4f4a50f9-1a09-48d8-9c20-0651759325a8,9.331798180937767,9.331798180937767,1000.0,1,1,1
/CatalogService/UpdateItem58d8e5d6-2844-435f-b941-f0e71f0de152,8.862766437232494,8.862766437232494,1000.0,1,1,1
/CatalogService/UpdateItem58dd4746-6370-4603-8652-7a1612faa8ea,5.58422738686204,5.58422738686204,1000.0,1,1,1
/CatalogService/UpdateItem696fb178-c23e-4813-9d9a-9796b48c520c,5.072612781077623,5.072612781077623,1000.0,1,1,1
/CatalogService/UpdateItem6e126cbb-9160-4f55-b316-9339d8647b85,4.400738049298525,4.400738049298525,1000.0,1,1,1
/CatalogService/UpdateItem6f4be45a-3391-4354-b9e8-3ec9c17a6bdb,10.198137257248163,10.198137257248163,1000.0,1,1,1
/CatalogService/UpdateItem701e8c7c-7d11-4205-a2c5-7f37315732b0,5.523153115063906,5.523153115063906,1000.0,1,1,1
/CatalogService/UpdateItem7199fa4f-7a7a-4168-b4e7-a9013bf10d52,7.581688929349184,7.581688929349184,1000.0,1,1,1
/CatalogService/UpdateItem71d40219-d9a2-49b0-8dcc-0497a49832a5,9.356318973004818,9.356318973004818,1000.0,1,1,1
/CatalogService/UpdateItem76cf19e6-4ba8-4f93-ba42-d432c9ea2eec,4.5980410650372505,4.5980410650372505,1000.0,1,1,1
/CatalogService/UpdateItem79831d17-12c9-4293-911f-c02c454dc7f4,8.354176301509142,8.354176301509142,1000.0,1,1,1
/CatalogService/UpdateItem79e3f15f-95cd-4cc7-a7cf-b1f87c9750bc,9.990329388529062,9.990329388529062,1000.0,1,1,1
/CatalogService/UpdateItem7ce8d7c4-3ca5-4280-af90-3a6d61c0f324,4.131847992539406,4.131847992539406,1000.0,1,1,1
/CatalogService/UpdateItem7d8814b8-b023-45fa-b251-968a67d9f846,5.4524433799088,5.4524433799088,1000.0,1,1,1
/CatalogService/UpdateItem7f1b8054-8d59-4c29-8412-ada4e0cf2382,3.1143268570303917,3.1143268570303917,1000.0,1,1,1
/CatalogService/UpdateItem810ab2c4-ca08-4844-a0f0-efcd7fcf5230,9.195519145578146,9.195519145578146,1000.0,1,1,1
/CatalogService/UpdateItem81d412bd-7228-4f3f-86fa-1e3f1903fb83,5.2649700082838535,5.2649700082838535,1000.0,1,1,1
/CatalogService/UpdateItem82b4b13f-b315-495b-a889-96a06a1c59a5,7.464302238076925,7.464302238076925,1000.0,1,1,1
/CatalogService/UpdateItem8a5c645e-a75e-4bac-8d44-c2dbd48c50a7,9.210978168994188,9.210978168994188,1000.0,1,1,1
/CatalogService/UpdateItem932f01ca-346e-413c-8d91-c8049baa04c9,3.7149707786738873,3.7149707786738873,1000.0,1,1,1
/CatalogService/UpdateItem939e9a05-7935-40f9-82e5-a6e74b23ccfa,4.110828973352909,4.110828973352909,1000.0,1,1,1
/CatalogService/UpdateItem94cbc4ff-f711-4abc-95b8-fb076d4dff86,2.781860064715147,2.781860064715147,1000.0,1,1,1
/CatalogService/UpdateItem94f9e125-eba1-4007-bcab-8d81c474068f,7.3085930198431015,7.3085930198431015,1000.0,1,1,1
/CatalogService/UpdateItem96641099-91f0-4087-98cf-22606b2f4948,6.045276299118996,6.045276299118996,1000.0,1,1,1
/CatalogService/UpdateItem969bb74f-c145-455b-8111-c30033e2f662,4.2419591918587685,4.2419591918587685,1000.0,1,1,1
/CatalogService/UpdateItem99a269fb-2c9f-44b4-b5a5-1547660374e6,5.584861151874065,5.584861151874065,1000.0,1,1,1
/CatalogService/UpdateItem9c894845-3679-4749-99e0-1b33c86a4a14,3.6467588506639004,3.6467588506639004,1000.0,1,1,1
/CatalogService/UpdateItema0a2e098-8650-4724-9930-1752988e7044,14.45087417960167,14.45087417960167,1000.0,1,1,1
/CatalogService/UpdateItemace11834-b13c-4af4-8275-6b4ef440524a,9.354503825306892,9.354503825306892,1000.0,1,1,1
/CatalogService/UpdateItemb8776224-7b98-40e4-9415-83aebf742013,8.660558145493269,8.660558145493269,1000.0,1,1,1
/CatalogService/UpdateItemb8f7815f-1dec-4c6a-b2b5-4248d292714e,4.352345131337643,4.352345131337643,1000.0,1,1,1
/CatalogService/UpdateItemc047e576-e46e-4a6e-9fcf-187cbbd20f62,4.894532263278961,4.894532263278961,1000.0,1,1,1
/CatalogService/UpdateItemc04e6c6c-3acc-48d4-96e6-adeeab450956,9.287517052143812,9.287517052143812,1000.0,1,1,1
/CatalogService/UpdateItemc4031a4a-e54a-4d2c-a7dc-39e94da062eb,3.4589781425893307,3.4589781425893307,1000.0,1,1,1
/CatalogService/UpdateItemc6fd429e-63ff-454b-b9cc-8ba8b8c3e283,3.855289425700903,3.855289425700903,1000.0,1,1,1
/CatalogService/UpdateItemcd736004-f5ee-45ff-9de2-688d893a2e79,3.9577512070536613,3.9577512070536613,1000.0,1,1,1
/CatalogService/UpdateItemcfcd2ab7-88f5-4f0a-ac83-daff16ff3d8c,9.325847029685974,9.325847029685974,1000.0,1,1,1
/CatalogService/UpdateItemd0c91978-f1cd-4e3b-a9de-cf493aa006b6,3.540308214724064,3.540308214724064,1000.0,1,1,1
/CatalogService/UpdateItemd5ce0c7d-ec5f-4741-be93-fe80bb47ebc6,6.324569694697857,6.324569694697857,1000.0,1,1,1
/CatalogService/UpdateItemd5d3204c-f785-4407-a98e-59d6897a832f,4.3944441713392735,4.3944441713392735,1000.0,1,1,1
/CatalogService/UpdateItemd696114c-fd11-4f61-8fb6-12b2490b4442,5.116641987115145,5.116641987115145,1000.0,1,1,1
/CatalogService/UpdateItemd965f9d0-0dd5-4908-8021-7e7d0a34df29,9.754579979926348,9.754579979926348,1000.0,1,1,1
/CatalogService/UpdateItemd97d406c-1f4d-485d-85a8-727f74693d4c,4.1808621026575565,4.1808621026575565,1000.0,1,1,1
/CatalogService/UpdateItemd9c094c9-7479-44fd-abcf-5c97477b3bc7,9.542872663587332,9.542872663587332,1000.0,1,1,1
/CatalogService/UpdateIteme460e90e-0693-4e14-9d4e-9433fcc4e3aa,4.343272186815739,4.343272186815739,1000.0,1,1,1
/CatalogService/UpdateIteme7214637-b592-45e5-a4d4-766913041aab,11.377631220966578,11.377631220966578,1000.0,1,1,1
/CatalogService/UpdateIteme9d4ae07-e618-4399-8c24-b54579272e18,3.721822053194046,3.721822053194046,1000.0,1,1,1
/CatalogService/UpdateItemec390bdf-4dc6-487d-a618-0887833348bb,30.102903954684734,30.102903954684734,1000.0,1,1,1
/CatalogService/UpdateItemf1954031-7de5-45db-a1ea-d38eca5323e4,8.312453050166368,8.312453050166368,1000.0,1,1,1
/CatalogService/UpdateItemf42cd983-9472-4b5e-95da-933948db760f,5.186906084418297,5.186906084418297,1000.0,1,1,1
/CatalogService/UpdateItemf56e45f6-fb8f-4a27-9b0a-d176ddfbd38d,3.7667378783226013,3.7667378783226013,1000.0,1,1,1
/CatalogService/UpdateItemf6f7285c-fbef-4f18-a6d4-21b574f3de63,4.077293910086155,4.077293910086155,1000.0,1,1,1
/CatalogService/UpdateItemf7abea0e-2d12-4220-b6b2-6482e50ecc2e,3.991111647337675,3.991111647337675,1000.0,1,1,1
/CatalogService/UpdateItemf80de88e-9f24-4e0a-be64-b73fef8c3389,4.862403031438589,4.862403031438589,1000.0,1,1,1
/CatalogService/UpdateItemf81f2351-04b6-46cf-91a1-65b3ddc2f6b1,4.789168946444988,4.789168946444988,1000.0,1,1,1
/CatalogService/UpdateItemfab74e95-03c5-4a46-a37d-a4bfa6b4fd36,9.170379023998976,9.170379023998976,1000.0,1,1,1
/CatalogService/UpdateItemfdd7150a-0aa1-4e09-9e0d-a054a903abbf,4.55766636878252,4.55766636878252,1000.0,1,1,1
/CustomerService/CreateCustomer0635f26b-6573-4572-b01a-bc681b6d58f6,20.98272182047367,20.98272182047367,1000.0,1,1,1
/CustomerService/CreateCustomer074975bd-e5d2-49a9-ba0f-867048c8599c,10.53011417388916,10.53011417388916,1000.0,1,1,1
/CustomerService/CreateCustomer07b51760-6a29-4045-8eaa-f567afa3a5e3,19.000264815986156,19.000264815986156,1000.0,1,1,1
/CustomerService/CreateCustomer0a8df9de-f001-41b4-a272-9de161bb646d,6.209419574588537,6.209419574588537,1000.0,1,1,1
/CustomerService/CreateCustomer125d4551-e87f-48b6-880c-942771a2a5e4,5.884177051484585,5.884177051484585,1000.0,1,1,1
/CustomerService/CreateCustomer12c1da38-e0e0-4972-a5c3-4fdb449c2c1a,13.562329113483429,13.562329113483429,1000.0,1,1,1
/CustomerService/CreateCustomer13d4e710-0ed4-4874-9821-1b656adac5ff,14.611958060413599,14.611958060413599,1000.0,1,1,1
/CustomerService/CreateCustomer1452bedf-feef-45b4-8b08-2e85fcb78dd9,5.929403007030487,5.929403007030487,1000.0,1,1,1
/CustomerService/CreateCustomer1df92cd1-4e22-4855-a14e-522520fe1e19,10.085261892527342,10.085261892527342,1000.0,1,1,1
/CustomerService/CreateCustomer1fed1072-d00f-4424-9f90-1d34178dfccc,7.225362118333578,7.225362118333578,1000.0,1,1,1
/CustomerService/CreateCustomer264b5b00-98bc-46df-bc8d-eb05defcef08,6.031791679561138,6.031791679561138,1000.0,1,1,1
/CustomerService/CreateCustomer28e56b4d-1cf7-49de-a251-1ce2bb8eb903,6.393560208380222,6.393560208380222,1000.0,1,1,1
/CustomerService/CreateCustomer3036d539-e908-4713-8c04-75b5b8f2b6a7,6.638327147811651,6.638327147811651,1000.0,1,1,1
/CustomerService/CreateCustomer322c384c-6e42-4aae-99e6-acd44ccfa736,6.0576400719583035,6.0576400719583035,1000.0,1,1,1
/CustomerService/CreateCustomer34112008-6d74-4861-95f0-e787339a8dd6,6.150391884148121,6.150391884148121,1000.0,1,1,1
/CustomerService/CreateCustomer35620b7d-0e12-415c-ba15-25afc69651b4,4.170555155724287,4.170555155724287,1000.0,1,1,1
/CustomerService/CreateCustomer360fd712-8358-44b7-94a0-5e9a46919f0f,13.39271990582347,13.39271990582347,1000.0,1,1,1
/CustomerService/CreateCustomer36d2455a-6918-4438-8efa-c9c5c8095a6d,19.439202267676592,19.439202267676592,1000.0,1,1,1
/CustomerService/CreateCustomer3ee2f483-3301-4307-bd6c-4edb339b4230,11.785225942730904,11.785225942730904,1000.0,1,1,1
/CustomerService/CreateCustomer404671ff-f1a9-4db7-92d5-f37e19dbc3cb,6.179251242429018,6.179251242429018,1000.0,1,1,1
/CustomerService/CreateCustomer43fdb0b6-77d7-44e0-b596-df938bec28e5,5.706374067813158,5.706374067813158,1000.0,1,1,1
/CustomerService/CreateCustomer465fb264-ca48-4bd8-a090-c81b3774ffa4,18.357026856392622,18.357026856392622,1000.0,1,1,1
/CustomerService/CreateCustomer48b67bbc-cc8a-4bc9-bd48-1314d8283071,24.379460141062737,24.379460141062737,1000.0,1,1,1
/CustomerService/CreateCustomer4a4cc015-ed02-41e5-81b9-a75c13def4b2,6.209049839526415,6.209049839526415,1000.0,1,1,1
/CustomerService/CreateCustomer50601ffc-81b9-4ed9-8535-b85bb7733101,6.193642970174551,6.193642970174551,1000.0,1,1,1
/CustomerService/CreateCustomer51fd3fbe-ce6e-42ff-bddf-763c0276da8f,9.264973923563957,9.264973923563957,1000.0,1,1,1
/CustomerService/CreateCustomer5be80d78-e2aa-41aa-b903-1c1d39de42d6,5.018431227654219,5.018431227654219,1000.0,1,1,1
/CustomerService/CreateCustomer5c39abee-312e-4ddf-8132-8d71b79b77d7,6.415494717657566,6.415494717657566,1000.0,1,1,1
/CustomerService/CreateCustomer5d065d75-12da-423f-9a57-38d44314331d,6.212098989635706,6.212098989635706,1000.0,1,1,1
/CustomerService/CreateCustomer5eecbce0-036f-49b3-b994-b4c4c1e23011,24.30855017155409,24.30855017155409,1000.0,1,1,1
/CustomerService/CreateCustomer627f7b5e-6d89-481b-9274-0b039d6bde0b,6.428307853639126,6.428307853639126,1000.0,1,1,1
/CustomerService/CreateCustomer637de2ae-7051-4ddb-aebf-34dcacfd3a19,10.919077787548304,10.919077787548304,1000.0,1,1,1
/CustomerService/CreateCustomer64d6d76f-14c1-4261-a169-4730b96b85d0,9.462954010814428,9.462954010814428,1000.0,1,1,1
/CustomerService/CreateCustomer66f73fef-cf9a-4dd7-aab8-07ab6d45b3ce,23.337808903306723,23.337808903306723,1000.0,1,1,1
/CustomerService/CreateCustomer6d514564-d4d3-4c54-98fe-1638b7d38fe7,6.2733483500778675,6.2733483500778675,1000.0,1,1,1
/CustomerService/CreateCustomer6dddbb4e-04e6-4138-994e-3b910149a423,11.91401481628418,11.91401481628418,1000.0,1,1,1
/CustomerService/CreateCustomer76490771-8204-4693-bc8c-f3ec3256f18a,5.935457069426775,5.935457069426775,1000.0,1,1,1
/CustomerService/CreateCustomer7d3e4325-a989-4f4f-bc54-cceabab67061,4.68046311289072,4.68046311289072,1000.0,1,1,1
/CustomerService/CreateCustomer8198082c-96b0-42f7-b4b8-c4a5ca97094d,7.039885967969894,7.039885967969894,1000.0,1,1,1
/CustomerService/CreateCustomer88c9ec74-f03b-466c-9e47-492d4816914a,13.83669814094901,13.83669814094901,1000.0,1,1,1
/CustomerService/CreateCustomer8c4b25e4-8e62-4226-aff5-c735ce056f68,6.1159031465649605,6.1159031465649605,1000.0,1,1,1
/CustomerService/CreateCustomer8cbe0f8a-f731-4d75-baa9-d071e74b8d28,5.802299361675978,5.802299361675978,1000.0,1,1,1
/CustomerService/CreateCustomer8cc00ec7-7a99-4ac9-8877-920eea545617,6.054060999304056,6.054060999304056,1000.0,1,1,1
/CustomerService/CreateCustomer8d045bd6-4d5b-4785-a2c2-9f1d4b20400e,6.53896015137434,6.53896015137434,1000.0,1,1,1
/CustomerService/CreateCustomer8eb3f65f-2f23-4ed9-960e-1eca8cba8e86,11.964612174779177,11.964612174779177,1000.0,1,1,1
/CustomerService/CreateCustomer8f2fe06e-041b-47cf-aef8-3b0e1aa9d251,19.042273983359337,19.042273983359337,1000.0,1,1,1
/CustomerService/CreateCustomer8f7d5c36-7c8f-4cad-9199-887cad0380ca,13.91207193955779,13.91207193955779,1000.0,1,1,1
/CustomerService/CreateCustomer90db65f9-d982-4feb-a47c-0b1cd0495b6f,5.638806149363518,5.638806149363518,1000.0,1,1,1
/CustomerService/CreateCustomer9263777a-2302-4179-877e-0afde40af549,6.9128829054534435,6.9128829054534435,1000.0,1,1,1
/CustomerService/CreateCustomer946d2600-d40d-4c2b-b4ce-75ed9c5735f5,19.029224291443825,19.029224291443825,1000.0,1,1,1
/CustomerService/CreateCustomer9c0187ed-14b7-43ca-91c9-3dd581aafab3,15.095348935574293,15.095348935574293,1000.0,1,1,1
/CustomerService/CreateCustomer9fcb27e6-f13e-4afc-9d43-6a4d37a0b23e,12.778179254382849,12.778179254382849,1000.0,1,1,1
/CustomerService/CreateCustomera4db680b-0219-4791-aa84-ffafb0c9cab5,7.138979621231556,7.138979621231556,1000.0,1,1,1
/CustomerService/CreateCustomera59b06bf-8825-4412-9fa1-b8209b5227c1,5.466958973556757,5.466958973556757,1000.0,1,1,1
/CustomerService/CreateCustomera86b651b-6ef1-474d-bf57-1e15dfde616c,15.975364949554205,15.975364949554205,1000.0,1,1,1
/CustomerService/CreateCustomera94e5159-e662-4796-9f8e-c80eb45ee877,6.522495299577713,6.522495299577713,1000.0,1,1,1
/CustomerService/CreateCustomerad15d53a-a7c6-47ac-9211-093ae0d2a4b5,7.036345079541206,7.036345079541206,1000.0,1,1,1
/CustomerService/CreateCustomerb05575a5-cd86-42df-800c-c42080e88e70,5.415628664195538,5.415628664195538,1000.0,1,1,1
/CustomerService/CreateCustomerb6db3220-41a5-4af9-a99a-41ad834268f7,9.73355071619153,9.73355071619153,1000.0,1,1,1
/CustomerService/CreateCustomerb896c78f-744e-4fa7-9d3e-473250bffde7,6.026509217917919,6.026509217917919,1000.0,1,1,1
/CustomerService/CreateCustomerba1dfb07-038a-4cee-822d-d17cba804a08,12.778299860656261,12.778299860656261,1000.0,1,1,1
/CustomerService/CreateCustomerba2e6bcd-3fc6-43d7-ba18-894e7c14cf8f,9.046933148056269,9.046933148056269,1000.0,1,1,1
/CustomerService/CreateCustomerba72e689-2feb-4552-bb96-91ec53eda41c,5.893831141293049,5.893831141293049,1000.0,1,1,1
/CustomerService/CreateCustomerc2307e0f-18c0-4ecd-a517-647143af04d0,6.014152895659208,6.014152895659208,1000.0,1,1,1
/CustomerService/CreateCustomerc2785388-f125-4eb1-8a3b-7d05538b99fa,8.092080242931843,8.092080242931843,1000.0,1,1,1
/CustomerService/CreateCustomerc815142d-31f7-429e-9890-c298e685ef01,5.176221951842308,5.176221951842308,1000.0,1,1,1
/CustomerService/CreateCustomercbcb724a-11b4-4bf3-ac6a-85fc47631b25,23.402221966534853,23.402221966534853,1000.0,1,1,1
/CustomerService/CreateCustomercca6ccdc-a895-4e88-a001-94a36f323cb4,15.452418942004442,15.452418942004442,1000.0,1,1,1
/CustomerService/CreateCustomercd9bf876-dee0-4fce-952b-5908488a41a3,10.247753001749516,10.247753001749516,1000.0,1,1,1
/CustomerService/CreateCustomerd45dcd21-39d7-4ccb-bb7e-e5df7d4a68c4,13.260931242257357,13.260931242257357,1000.0,1,1,1
/CustomerService/CreateCustomerd56d89de-fd40-4a19-aa37-7567a8f90b89,7.070458028465509,7.070458028465509,1000.0,1,1,1
/CustomerService/CreateCustomerdabda711-23b3-4015-bb35-e9aab4d972a2,7.31997424736619,7.31997424736619,1000.0,1,1,1
/CustomerService/CreateCustomere0287495-9bc0-4448-957a-3a57dbbabc2e,23.73232040554285,23.73232040554285,1000.0,1,1,1
/CustomerService/CreateCustomere045e84e-ae69-4b6e-84fc-9ae6f5f7e976,16.38426771387458,16.38426771387458,1000.0,1,1,1
/CustomerService/CreateCustomere051efd1-c96f-477c-8281-6b7409ae0621,30.89679218828678,30.89679218828678,1000.0,1,1,1
/CustomerService/CreateCustomerec86bded-65e9-4ca9-a119-55a9f0bda8e4,10.55565569549799,10.55565569549799,1000.0,1,1,1
/CustomerService/CreateCustomerf5cbb13d-6148-4ed2-bc54-aef73eb81304,7.221811916679144,7.221811916679144,1000.0,1,1,1
/CustomerService/CreateCustomerf93ce772-8483-4c55-afe7-4fee1dd36d7a,12.018002104014158,12.018002104014158,1000.0,1,1,1
/CustomerService/CreateCustomerf9c336f0-1771-4ce1-a7a8-d518a135619c,6.948966067284346,6.948966067284346,1000.0,1,1,1
/CustomerService/CreateCustomerff8fe041-bb73-411d-bea4-20517685b734,5.579877179116011,5.579877179116011,1000.0,1,1,1
/CustomerService/UpdateCustomer01975f24-9e65-4f4a-bd0a-0688e72d79f2,8.300953079015017,8.300953079015017,1000.0,1,1,1
/CustomerService/UpdateCustomer077ee331-53a5-4ce8-8d2f-40399dbee353,6.792285945266485,6.792285945266485,1000.0,1,1,1
/CustomerService/UpdateCustomer08173595-2783-46d8-8215-e4568d5448fe,9.53945517539978,9.53945517539978,1000.0,1,1,1
/CustomerService/UpdateCustomer14a6d7ed-3c8a-4faa-be44-d6b340db2591,20.340706687420607,20.340706687420607,1000.0,1,1,1
/CustomerService/UpdateCustomer198869f2-23c1-4f66-8f2f-a7ba78408b68,6.9917310029268265,6.9917310029268265,1000.0,1,1,1
/CustomerService/UpdateCustomer1c5f99f4-14e4-47a0-bf2a-9aec728f3951,9.853172115981579,9.853172115981579,1000.0,1,1,1
/CustomerService/UpdateCustomer2001c74c-8122-4d1c-8d8b-3f16d3aa1488,6.4630769193172455,6.4630769193172455,1000.0,1,1,1
/CustomerService/UpdateCustomer2219f61f-8ccb-451b-9cf0-1cdbc8ef3100,7.101038936525583,7.101038936525583,1000.0,1,1,1
/CustomerService/UpdateCustomer224036c5-9b23-465b-b32d-f199f22b6eb8,7.307345047593117,7.307345047593117,1000.0,1,1,1
/CustomerService/UpdateCustomer2434af51-d547-4138-95c5-2f706109efe3,5.528829991817474,5.528829991817474,1000.0,1,1,1
/CustomerService/UpdateCustomer25c4f671-1522-4c60-af41-b5475be0a558,6.520099937915802,6.520099937915802,1000.0,1,1,1
/CustomerService/UpdateCustomer2c899597-26ea-49b4-82b2-0098c0579ee6,5.437646992504597,5.437646992504597,1000.0,1,1,1
/CustomerService/UpdateCustomer358e455f-d994-4dac-95d3-c8df8544c2bd,6.740073673427105,6.740073673427105,1000.0,1,1,1
/CustomerService/UpdateCustomer39089a60-e81f-4728-bfb7-fbf362c9e377,11.087257880717516,11.087257880717516,1000.0,1,1,1
/CustomerService/UpdateCustomer392b1310-261c-45cd-bc25-7f852d0ebade,6.297206040471792,6.297206040471792,1000.0,1,1,1
/CustomerService/UpdateCustomer3b9c2de3-e76e-4e12-8ca5-5ee5b3adb438,5.799307953566313,5.799307953566313,1000.0,1,1,1
/CustomerService/UpdateCustomer40bfc462-b63f-43c2-81d2-963bf5d64b6f,6.116720382124186,6.116720382124186,1000.0,1,1,1
/CustomerService/UpdateCustomer423a3008-b443-4693-9f02-55b4bcbc1704,12.8700640052557,12.8700640052557,1000.0,1,1,1
/CustomerService/UpdateCustomer4308df61-6b6e-4c81-b83b-093af559230b,18.545701168477535,18.545701168477535,1000.0,1,1,1
/CustomerService/UpdateCustomer47348620-96ee-439e-93d6-7f886582c697,5.504299886524677,5.504299886524677,1000.0,1,1,1
/CustomerService/UpdateCustomer48103110-8c37-4d0b-b1c8-cdbd40e03e17,5.782809108495712,5.782809108495712,1000.0,1,1,1
/CustomerService/UpdateCustomer49eff1ab-2c0b-47b0-a137-693d418b68a4,6.031906232237816,6.031906232237816,1000.0,1,1,1
/CustomerService/UpdateCustomer4e7a12ca-2f41-4055-9037-d74049a3ce98,6.306074094027281,6.306074094027281,1000.0,1,1,1
/CustomerService/UpdateCustomer4ea87b85-6eac-4327-8b24-adb1c91620b8,6.484935991466045,6.484935991466045,1000.0,1,1,1
/CustomerService/UpdateCustomer52db3376-fa4c-4a85-affd-1bc78ad55f97,21.978486329317093,21.978486329317093,1000.0,1,1,1
/CustomerService/UpdateCustomer5409776e-d7ea-403a-88b7-d9b94e490aed,6.0944389551877975,6.0944389551877975,1000.0,1,1,1
/CustomerService/UpdateCustomer563b7bba-09b1-424e-a12e-1e5d54826773,18.604809883981943,18.604809883981943,1000.0,1,1,1
/CustomerService/UpdateCustomer5c9d035d-d998-4b81-9427-af8223c966d3,5.763419903814793,5.763419903814793,1000.0,1,1,1
/CustomerService/UpdateCustomer5d489e2e-ed04-4c5a-9c8d-229a91f4c90c,8.109256159514189,8.109256159514189,1000.0,1,1,1
/CustomerService/UpdateCustomer5ef01a6d-3e7f-466c-9fde-bca78fe7365d,6.7093526013195515,6.7093526013195515,1000.0,1,1,1
/CustomerService/UpdateCustomer61cc599d-a5ef-48df-846e-1ea225049de6,5.27906371280551,5.27906371280551,1000.0,1,1,1
/CustomerService/UpdateCustomer6a004b70-ace3-4a7c-8d69-8836a529c33f,6.164328195154667,6.164328195154667,1000.0,1,1,1
/CustomerService/UpdateCustomer6af35efe-4c94-453e-bebe-5e3a041ec51c,6.101697683334351,6.101697683334351,1000.0,1,1,1
/CustomerService/UpdateCustomer6ba2654a-6c21-4fe2-80f8-383eea184848,11.539456900209188,11.539456900209188,1000.0,1,1,1
/CustomerService/UpdateCustomer6cc0a898-f6f0-4ae9-9528-f27ae1a30834,8.637321181595325,8.637321181595325,1000.0,1,1,1
/CustomerService/UpdateCustomer6e49471d-e8a2-4201-bd13-517efe3f96b7,6.210254039615393,6.210254039615393,1000.0,1,1,1
/CustomerService/UpdateCustomer73977051-1e1e-4827-b937-03a575eb8378,5.929545033723116,5.929545033723116,1000.0,1,1,1
/CustomerService/UpdateCustomer78e2861f-690f-4a89-b556-5c81f2f7c6c1,17.247134819626808,17.247134819626808,1000.0,1,1,1
/CustomerService/UpdateCustomer7f90bcf1-a998-43ba-91c5-2d4c6ea2639a,6.370538845658302,6.370538845658302,1000.0,1,1,1
/CustomerService/UpdateCustomer810d7522-2090-4593-ab6f-e8e1240dcb30,5.49440598115325,5.49440598115325,1000.0,1,1,1
/CustomerService/UpdateCustomer8283911d-2c29-4634-99b6-75b86799b042,5.93445124104619,5.93445124104619,1000.0,1,1,1
/CustomerService/UpdateCustomer82a38452-c649-41f3-965a-8087394511cf,6.335346028208733,6.335346028208733,1000.0,1,1,1
/CustomerService/UpdateCustomer82da1259-c9c0-41a5-83d3-9e3dae85206d,13.839024119079113,13.839024119079113,1000.0,1,1,1
/CustomerService/UpdateCustomer8374f9d0-ff86-4964-873c-fe836135fe8f,4.978449083864689,4.978449083864689,1000.0,1,1,1
/CustomerService/UpdateCustomer84b3992a-baa0-4d0c-92cb-e08f0e300fb3,6.55274698510766,6.55274698510766,1000.0,1,1,1
/CustomerService/UpdateCustomer84cacfa0-a286-4191-b0ca-fe4b28aee3f4,11.627353727817535,11.627353727817535,1000.0,1,1,1
/CustomerService/UpdateCustomer86f633cd-285d-460a-8865-3272223925a0,9.373881854116917,9.373881854116917,1000.0,1,1,1
/CustomerService/UpdateCustomer89922228-5a8f-495a-b4ea-12f098b4dac7,17.33630057424307,17.33630057424307,1000.0,1,1,1
/CustomerService/UpdateCustomer8a49d17c-2ef7-4c2f-ad10-c31d0356dfc0,6.657327059656382,6.657327059656382,1000.0,1,1,1
/CustomerService/UpdateCustomer8ad40dfe-9314-48f1-8239-530e94247328,7.044640369713306,7.044640369713306,1000.0,1,1,1
/CustomerService/UpdateCustomer8dc1e28c-607b-4883-87ee-00e229e348f9,5.476042162626982,5.476042162626982,1000.0,1,1,1
/CustomerService/UpdateCustomer8e603957-2016-4763-a82e-18662e21ec34,6.01137662306428,6.01137662306428,1000.0,1,1,1
/CustomerService/UpdateCustomer90925b49-fb98-42bd-ad1b-0515f33b36e1,12.059710919857025,12.059710919857025,1000.0,1,1,1
/CustomerService/UpdateCustomer93712a48-625d-4cad-bf0f-1888cec5bc61,6.610859651118517,6.610859651118517,1000.0,1,1,1
/CustomerService/UpdateCustomer93c7bb66-3845-4634-a57e-235601d32cf6,5.38096996024251,5.38096996024251,1000.0,1,1,1
/CustomerService/UpdateCustomer95482ca8-2eff-43f0-a35a-83495f56c56a,16.561857890337706,16.561857890337706,1000.0,1,1,1
/CustomerService/UpdateCustomer979d2e17-a9b9-44f1-955b-5cf1f67ea8c7,4.92068100720644,4.92068100720644,1000.0,1,1,1
/CustomerService/UpdateCustomera525e607-c7c2-4f77-b873-34970ef63c9e,5.859223194420338,5.859223194420338,1000.0,1,1,1
/CustomerService/UpdateCustomerb0c52db3-ec41-480f-a8a1-7053f57560b0,7.111131213605404,7.111131213605404,1000.0,1,1,1
/CustomerService/UpdateCustomerb19b2f86-09c6-4222-9d7d-8d505865952b,18.150392919778824,18.150392919778824,1000.0,1,1,1
/CustomerService/UpdateCustomerb2339e2e-8da0-41eb-865a-0f85ad38e2a5,10.445586871355772,10.445586871355772,1000.0,1,1,1
/CustomerService/UpdateCustomerb3260c9c-8b9f-4e46-8eae-824a0f312920,5.990538280457258,5.990538280457258,1000.0,1,1,1
/CustomerService/UpdateCustomerc156da0e-4afa-4091-9c7e-c701b47440c5,7.021469995379448,7.021469995379448,1000.0,1,1,1
/CustomerService/UpdateCustomerc46e4abc-acea-41f0-bc26-5a614f50eeb2,7.47761782258749,7.47761782258749,1000.0,1,1,1
/CustomerService/UpdateCustomerc59c4d7a-c410-4f20-a513-7984ae373483,5.785264074802399,5.785264074802399,1000.0,1,1,1
/CustomerService/UpdateCustomerc9285667-55b8-47db-a3dd-c9ba8b79a948,8.53709364309907,8.53709364309907,1000.0,1,1,1
/CustomerService/UpdateCustomercc49230e-e547-4fc6-a113-1d98ec67abed,5.796805955469608,5.796805955469608,1000.0,1,1,1
/CustomerService/UpdateCustomerce163437-5e91-464a-9e95-67e7e91aec73,9.804552886635065,9.804552886635065,1000.0,1,1,1
/CustomerService/UpdateCustomerd34abb63-e107-4042-92c1-a25566c0ae7e,5.420336965471506,5.420336965471506,1000.0,1,1,1
/CustomerService/UpdateCustomerd57088d6-3ea1-4f6f-acd2-03349e9f182d,6.088699214160442,6.088699214160442,1000.0,1,1,1
/CustomerService/UpdateCustomerd8ceb672-e484-435f-b236-618d4c07b582,6.477084010839462,6.477084010839462,1000.0,1,1,1
/CustomerService/UpdateCustomere27ac4c8-607b-43e6-9113-2e8092c707c8,6.282934918999672,6.282934918999672,1000.0,1,1,1
/CustomerService/UpdateCustomere9c62311-cea1-4963-b7d3-84bf7fde1ddc,9.014507755637169,9.014507755637169,1000.0,1,1,1
/CustomerService/UpdateCustomereb38a2c7-e44e-4f1c-9aa4-555b5c95de01,6.468929350376129,6.468929350376129,1000.0,1,1,1
/CustomerService/UpdateCustomereb877824-3baf-402b-92a8-8b3e31f7bf54,10.92730462551117,10.92730462551117,1000.0,1,1,1
/CustomerService/UpdateCustomerec0ce78b-da51-4ced-88b8-88f37259e5d4,6.634382996708155,6.634382996708155,1000.0,1,1,1
/CustomerService/UpdateCustomeredc73f4f-8ceb-481a-8877-09d1c51c90f2,5.087820813059807,5.087820813059807,1000.0,1,1,1
/CustomerService/UpdateCustomerf2754d02-6d0c-4540-808b-0c310590d9f8,10.200583841651678,10.200583841651678,1000.0,1,1,1
/CustomerService/UpdateCustomerf2a63585-70d4-4930-9b0f-7df23c4664ee,11.740864254534245,11.740864254534245,1000.0,1,1,1
/CustomerService/UpdateCustomerfc1d072b-6dd6-495e-a621-c401e3dc88c0,5.914994981139898,5.914994981139898,1000.0,1,1,1
/CustomerService/getCustomer04168767-3e43-48ab-b183-914f1dfd27e5,5.500394850969315,5.500394850969315,2.0,1,1,1
/CustomerService/getCustomer096e3e46-db30-4009-a013-69c911c6162c,5.940181203186512,5.940181203186512,2.0,1,1,1
/CustomerService/getCustomer1235d4e7-e5eb-48d8-8356-43ac48b8f2ef,2.9662498272955418,2.9662498272955418,2.0,1,1,1
/CustomerService/getCustomer185a016f-e170-49c8-be48-ae5989aafe77,3.201012033969164,3.201012033969164,2.0,1,1,1
/CustomerService/getCustomer1ad0f08f-395b-41be-ade2-347d7b75e50d,2.9783248901367188,2.9783248901367188,2.0,1,1,1
/CustomerService/getCustomer1ad3a721-eb73-43ab-a88c-7c10651c0d81,2.7832449413836002,2.7832449413836002,2.0,1,1,1
/CustomerService/getCustomer213008f3-e450-43e5-a87a-cc37c9aac039,4.249450750648975,4.249450750648975,2.0,1,1,1
/CustomerService/getCustomer23063c18-8b87-48f1-8493-ce6ebe6394eb,7.40234786644578,7.40234786644578,2.0,1,1,1
/CustomerService/getCustomer2523cb55-92ba-495f-9aa2-6c446e1792ed,3.426794894039631,3.426794894039631,2.0,1,1,1
/CustomerService/getCustomer25f9d3b5-d545-4422-83d9-769f66dfd24c,2.817818894982338,2.817818894982338,2.0,1,1,1
/CustomerService/getCustomer2c2d5b19-117b-4a3a-ae7c-b28b57fc14d7,3.8665100000798702,3.8665100000798702,2.0,1,1,1
/CustomerService/getCustomer2c2f6fc8-96e4-4594-86ce-08d5c6f95966,4.471903201192617,4.471903201192617,2.0,1,1,1
/CustomerService/getCustomer2cf6751d-be39-46e8-a36f-e046131fff16,2.523730043321848,2.523730043321848,2.0,1,1,1
/CustomerService/getCustomer2dbb1681-eb87-4c37-8a0c-822b5619bf62,4.510657861828804,4.510657861828804,2.0,1,1,1
/CustomerService/getCustomer2edf5708-599b-4c96-8d25-d53b86461f30,2.975215669721365,2.975215669721365,2.0,1,1,1
/CustomerService/getCustomer308b678a-87cc-4dd8-b21e-6b0f28f31cd8,3.3112140372395515,3.3112140372395515,2.0,1,1,1
/CustomerService/getCustomer35ec7f82-acf9-401b-be34-222838ecc6b1,3.0712750740349293,3.0712750740349293,2.0,1,1,1
/CustomerService/getCustomer3a890e09-acce-4a61-a0b3-41b7cd858da2,5.902848672121763,5.902848672121763,2.0,1,1,1
/CustomerService/getCustomer3dc1f708-4780-4772-9914-6b0998707707,2.5106207467615604,2.5106207467615604,2.0,1,1,1
/CustomerService/getCustomer42d15800-6361-40ca-8a2f-04de25c529ea,3.2339957542717457,3.2339957542717457,2.0,1,1,1
/CustomerService/getCustomer4339c9b8-cc3f-40fd-b2a6-d685d1781718,3.201947081834078,3.201947081834078,2.0,1,1,1
/CustomerService/getCustomer44816210-e8ad-4c70-a047-642b927c2d57,5.439423955976963,5.439423955976963,2.0,1,1,1
/CustomerService/getCustomer449330d7-45a9-4b62-82b4-d4aa509424bc,3.1006718054413795,3.1006718054413795,2.0,1,1,1
/CustomerService/getCustomer46cf917c-cc8b-4427-b2e4-ce1f2fc9f5c0,4.051311872899532,4.051311872899532,2.0,1,1,1
/CustomerService/getCustomer47eae621-1230-4c3f-b353-943cb3245474,3.031172789633274,3.031172789633274,2.0,1,1,1
/CustomerService/getCustomer4b9ae0ae-d424-449d-89e3-be93988ad561,6.575366016477346,6.575366016477346,2.0,1,1,1
/CustomerService/getCustomer4f6fe819-d285-4ea2-9409-ffe93ab364e2,4.226020071655512,4.226020071655512,2.0,1,1,1
/CustomerService/getCustomer50647f2c-2a5b-49f2-bfd1-3bc772827b55,3.3134957775473595,3.3134957775473595,2.0,1,1,1
/CustomerService/getCustomer573680b0-9683-499f-af8d-53c68b367331,7.092204410582781,7.092204410582781,2.0,1,1,1
/CustomerService/getCustomer5d3abc00-bcd0-4734-96fb-c8519bb35823,3.4250342287123203,3.4250342287123203,2.0,1,1,1
/CustomerService/getCustomer6586f273-1153-4e48-9fd2-d4a9915c617b,6.740957964211702,6.740957964211702,2.0,1,1,1
/CustomerService/getCustomer667e44b8-bddf-4167-80ef-7250efd0fc46,4.354518838226795,4.354518838226795,2.0,1,1,1
/CustomerService/getCustomer68edf7b4-671c-4a47-a904-284ef083d91c,6.445490289479494,6.445490289479494,2.0,1,1,1
/CustomerService/getCustomer6a096902-660f-472e-9200-79ea56961f2b,8.136768825352192,8.136768825352192,2.0,1,1,1
/CustomerService/getCustomer6f1b892d-6ebe-407c-a0dd-36fc304dffc5,7.0184641517698765,7.0184641517698765,2.0,1,1,1
/CustomerService/getCustomer712a81a3-7ba1-4b97-a4d3-e3c85bfa1927,4.226733930408955,4.226733930408955,2.0,1,1,1
/CustomerService/getCustomer723ebaf5-7a41-4a65-9367-18f804c3a1a4,3.28610697761178,3.28610697761178,2.0,1,1,1
/CustomerService/getCustomer73cd4914-d54f-4469-ab5c-ce3767556539,2.248475793749094,2.248475793749094,2.0,1,1,1
/CustomerService/getCustomer745feaa6-058e-46a9-a346-4ab6fb5afda6,2.885508816689253,2.885508816689253,2.0,1,1,1
/CustomerService/getCustomer74e4703e-dec1-41a2-8373-b1e40802150a,3.2588019967079163,3.2588019967079163,2.0,1,1,1
/CustomerService/getCustomer80c61dba-e049-4573-8eaa-1893e7c5db42,2.5324728339910507,2.5324728339910507,2.0,1,1,1
/CustomerService/getCustomer853cb5f9-2f4c-433d-ab0f-0b0b6adacb3f,4.228223115205765,4.228223115205765,2.0,1,1,1
/CustomerService/getCustomer878c573a-d351-4f47-921a-37710ae75974,3.1842770986258984,3.1842770986258984,2.0,1,1,1
/CustomerService/getCustomer8b142b84-452b-483e-93fe-c261805acfc3,7.422874681651592,7.422874681651592,2.0,1,1,1
/CustomerService/getCustomer8d7548ad-d792-40bd-bb35-71e6b3e3d48d,5.977519787847996,5.977519787847996,2.0,1,1,1
/CustomerService/getCustomer90e8d6af-a1e0-4f4a-aad8-844d8164033d,4.288907162845135,4.288907162845135,2.0,1,1,1
/CustomerService/getCustomer98975811-1b53-4b7a-89d2-59f1fd8d9de2,2.826354932039976,2.826354932039976,2.0,1,1,1
/CustomerService/getCustomer9cc7392f-180b-4b5a-b138-564fcc7d6b39,2.9528439044952393,2.9528439044952393,2.0,1,1,1
/CustomerService/getCustomera16a5077-03ea-4958-b3f6-b454f1b34f74,5.851624999195337,5.851624999195337,2.0,1,1,1
/CustomerService/getCustomera364a76c-114d-4ebc-a439-9fca174c2fd7,7.227431051433086,7.227431051433086,2.0,1,1,1
/CustomerService/getCustomera7d6b70b-1aac-421f-9559-f8ee19faaf89,3.1493869610130787,3.1493869610130787,2.0,1,1,1
/CustomerService/getCustomeraa328541-6456-49fb-9116-b3b6f4bcef25,5.988671910017729,5.988671910017729,2.0,1,1,1
/CustomerService/getCustomerab988669-7d04-4956-805f-aa1d1c965b50,3.862560261040926,3.862560261040926,2.0,1,1,1
/CustomerService/getCustomerb05ecbde-eb92-4040-b821-b0ea849c676d,6.000733003020287,6.000733003020287,2.0,1,1,1
/CustomerService/getCustomerb3031930-298c-4241-8fe2-0bf85c30f1ef,2.783101052045822,2.783101052045822,2.0,1,1,1
/CustomerService/getCustomerbdbecb11-ffb7-4b89-b3ca-c89ff31c93e3,2.9972498305141926,2.9972498305141926,2.0,1,1,1
/CustomerService/getCustomerc10b06fc-4c0b-4709-b4e7-20025aeb7651,7.230376824736595,7.230376824736595,2.0,1,1,1
/CustomerService/getCustomerc33552b7-5dd7-4154-8329-8c95a69ffa0e,4.58489777520299,4.58489777520299,2.0,1,1,1
/CustomerService/getCustomerc34cac51-5ef9-4695-a4dc-886f60b17ba8,2.7622459456324577,2.7622459456324577,2.0,1,1,1
/CustomerService/getCustomerc77331df-1b83-48a2-bd89-5bc5de193b14,3.6635641008615494,3.6635641008615494,2.0,1,1,1
/CustomerService/getCustomerc830d8b8-279d-40d5-a622-7f33c47c4236,2.5045727379620075,2.5045727379620075,2.0,1,1,1
/CustomerService/getCustomerca1e4a57-6173-4735-bfa3-acc56b6cc038,3.476548008620739,3.476548008620739,2.0,1,1,1
/CustomerService/getCustomerca3c7c0c-e0b9-48d9-9307-a535411dfaa0,7.008627988398075,7.008627988398075,2.0,1,1,1
/CustomerService/getCustomercd50a834-804a-4463-9e0f-3329c327eefb,2.307437825948,2.307437825948,2.0,1,1,1
/CustomerService/getCustomercf14b7db-a1ac-4987-9adf-1a55add241e2,2.6292181573808193,2.6292181573808193,2.0,1,1,1
/CustomerService/getCustomerd3652fea-27ea-4dbf-b05b-c19422a43018,3.378945868462324,3.378945868462324,2.0,1,1,1
/CustomerService/getCustomerd7bb2c6a-2484-42aa-bb8a-94da810b9480,6.883213762193918,6.883213762193918,2.0,1,1,1
/CustomerService/getCustomerd91a0719-3113-4b74-97a7-abb52d2dcfe3,7.237499114125967,7.237499114125967,2.0,1,1,1
/CustomerService/getCustomere1a9309a-e832-4615-b5ac-4aba3512a5d7,3.542731050401926,3.542731050401926,2.0,1,1,1
/CustomerService/getCustomere5a82565-a6e1-4e6b-ac77-200053e2a819,2.968895249068737,2.968895249068737,2.0,1,1,1
/CustomerService/getCustomere8af3b33-b9a7-4aa3-ba54-d9792cd263c1,3.919227048754692,3.919227048754692,2.0,1,1,1
/CustomerService/getCustomereb1555eb-daf2-4007-81fe-876190dbbe3b,2.4624899961054325,2.4624899961054325,2.0,1,1,1
/CustomerService/getCustomereb591615-ad8c-4ab4-a3a2-5da34306ae4e,3.4263557754456997,3.4263557754456997,2.0,1,1,1
/CustomerService/getCustomeref2234fa-3bf3-467c-ad6e-3005fb7d44f1,2.372271381318569,2.372271381318569,2.0,1,1,1
/CustomerService/getCustomerf2fbf7dd-4798-42d2-9001-8edaf7814c12,2.9049511067569256,2.9049511067569256,2.0,1,1,1
/CustomerService/getCustomerf30f83f2-0c96-4bd6-b459-6afc6ac0ba02,2.333155833184719,2.333155833184719,2.0,1,1,1
/CustomerService/getCustomerf36c9b5a-4dd7-4527-b82b-3322bf34ceee,4.513493273407221,4.513493273407221,2.0,1,1,1
/CustomerService/getCustomerf8aaed23-a39f-4aa1-ae43-1abc25341f83,5.9608169831335545,5.9608169831335545,2.0,1,1,1
/CustomerService/getCustomerf8fcabc6-9b8d-4c6f-9f58-9713ae3f9f7e,3.7074233405292034,3.7074233405292034,2.0,1,1,1
/CustomerService/getCustomerfb100a79-c345-4db5-ae4d-f1a754dc78cf,3.0275010503828526,3.0275010503828526,2.0,1,1,1
/OrderService/CreateOrder097c86bb-61ca-455f-ac68-e252abceb0fa,2.9496499337255955,2.9496499337255955,1000.0,1,1,1
/OrderService/CreateOrder0eab9cc9-1925-4530-96e9-8739965ab0c3,3.113008104264736,3.113008104264736,1000.0,1,1,1
/OrderService/CreateOrder11d7c2c3-14f0-49fb-a28e-5d624cf46407,8.3122537471354,8.3122537471354,1000.0,1,1,1
/OrderService/CreateOrder14cd056b-dcfd-4874-89a1-311f4630f25f,11.223998386412859,11.223998386412859,1000.0,1,1,1
/OrderService/CreateOrder164c65d8-33d4-4560-a6eb-c2786627d6cb,3.844480961561203,3.844480961561203,1000.0,1,1,1
/OrderService/CreateOrder16a5c5ca-ffb2-452d-b757-1e81f63bc097,9.87880490720272,9.87880490720272,1000.0,1,1,1
/OrderService/CreateOrder179e147b-620f-41aa-94af-b35bfd1717f1,10.716821998357773,10.716821998357773,1000.0,1,1,1
/OrderService/CreateOrder18e8e72f-02f6-49f4-8d1d-b2f9020e259a,15.068762935698032,15.068762935698032,1000.0,1,1,1
/OrderService/CreateOrder1a55a7e3-d8c7-4d24-8659-66ba7ebd5f0f,6.90941559150815,6.90941559150815,1000.0,1,1,1
/OrderService/CreateOrder1bbef6ea-35df-42d4-8dba-ed22e0d3e5ce,3.072955645620823,3.072955645620823,1000.0,1,1,1
/OrderService/CreateOrder1c90844b-ef53-4f89-b26d-ee4f93a193f9,3.6608166992664337,3.6608166992664337,1000.0,1,1,1
/OrderService/CreateOrder1dd71cee-f5cb-4eea-98f5-c5218cbac8ff,3.1791008077561855,3.1791008077561855,1000.0,1,1,1
/OrderService/CreateOrder1e685660-5cd5-4b19-ba54-9ae060e455a8,3.1838659197092056,3.1838659197092056,1000.0,1,1,1
/OrderService/CreateOrder2188d0ac-eeee-48c0-a43b-f7083f947998,3.06457607075572,3.06457607075572,1000.0,1,1,1
/OrderService/CreateOrder2c1e2a4f-e6b5-4398-8736-f1c0cf85a9b8,3.1945090740919113,3.1945090740919113,1000.0,1,1,1
/OrderService/CreateOrder389a663c-b2de-4bd2-a9a2-cf2d6a52c77d,14.733974821865559,14.733974821865559,1000.0,1,1,1
/OrderService/CreateOrder3eac9166-c9a2-40d6-9357-cc4c2ffef1d8,9.274382144212723,9.274382144212723,1000.0,1,1,1
/OrderService/CreateOrder434b07c5-094f-4334-a261-6d9fd457d364,19.077462144196033,19.077462144196033,1000.0,1,1,1
/OrderService/CreateOrder4619063a-f7ac-4a02-8167-01a8aa066cd5,11.925352271646261,11.925352271646261,1000.0,1,1,1
/OrderService/CreateOrder4a34bbab-5503-45fd-96ff-358148d9e19e,3.3069588243961334,3.3069588243961334,1000.0,1,1,1
/OrderService/CreateOrder4b301ce9-3923-4439-a46b-428a19984a44,17.00467010959983,17.00467010959983,1000.0,1,1,1
/OrderService/CreateOrder4ee72fe0-9817-4718-b5b5-7a78c0b8b598,9.892734698951244,9.892734698951244,1000.0,1,1,1
/OrderService/CreateOrder51631db2-9255-4c5f-a9f8-d445473c9858,9.25520807504654,9.25520807504654,1000.0,1,1,1
/OrderService/CreateOrder585c5089-39e0-4f1d-9ac0-2871c7cfbe4c,3.350371029227972,3.350371029227972,1000.0,1,1,1
/OrderService/CreateOrder59e54b22-8d5b-4c4f-b019-f3852333b1cc,16.090592835098505,16.090592835098505,1000.0,1,1,1
/OrderService/CreateOrder5bc5e133-04f2-4a7e-9c98-4c6969d8bffc,9.44037875160575,9.44037875160575,1000.0,1,1,1
/OrderService/CreateOrder5cd1752f-4835-406f-b18e-0a68683caa4d,9.970822837203741,9.970822837203741,1000.0,1,1,1
/OrderService/CreateOrder61235d3f-bee0-44f2-8c35-331f4c71ec6a,7.848672103136778,7.848672103136778,1000.0,1,1,1
/OrderService/CreateOrder613e4de3-ce63-4a25-93aa-2d4a95ae4e3f,16.60491479560733,16.60491479560733,1000.0,1,1,1
/OrderService/CreateOrder63ab9956-4ed5-4aa1-b5c9-3d3210d134d4,8.782591670751572,8.782591670751572,1000.0,1,1,1
/OrderService/CreateOrder6aa40cdd-15be-4af6-961f-4ecfd065234d,13.050032779574394,13.050032779574394,1000.0,1,1,1
/OrderService/CreateOrder6b2a4fba-d1cb-4337-ae9c-556f5b0a00ac,3.3634258434176445,3.3634258434176445,1000.0,1,1,1
/OrderService/CreateOrder73384d09-f156-4451-9da7-14f6b45feb0b,2.48907133936882,2.48907133936882,1000.0,1,1,1
/OrderService/CreateOrder764aefc0-a91e-47fb-8988-bffde056dc0f,4.403333179652691,4.403333179652691,1000.0,1,1,1
/OrderService/CreateOrder781c5a67-bcfe-4013-8145-44833c477c71,9.302442893385887,9.302442893385887,1000.0,1,1,1
/OrderService/CreateOrder7eaa0f1d-896d-42f6-a5c2-53d456323960,9.755778592079878,9.755778592079878,1000.0,1,1,1
/OrderService/CreateOrder809b7b05-d8ae-466e-adea-671c1a6f8759,6.71136099845171,6.71136099845171,1000.0,1,1,1
/OrderService/CreateOrder826b0650-7c8b-4f66-bcc0-41dcdfcf6bfc,3.611565101891756,3.611565101891756,1000.0,1,1,1
/OrderService/CreateOrder8780e9de-a723-438b-8281-91a9fd683647,15.897333156317472,15.897333156317472,1000.0,1,1,1
/OrderService/CreateOrder8800d40b-2599-4c47-ae08-947f2efb4267,3.329175990074873,3.329175990074873,1000.0,1,1,1
/OrderService/CreateOrder8ba72930-6f3c-4d74-b57e-92e72c124caa,9.044759441167116,9.044759441167116,1000.0,1,1,1
/OrderService/CreateOrder8bb6b9e5-aadb-4f4c-a394-271206d8bf66,2.8368928469717503,2.8368928469717503,1000.0,1,1,1
/OrderService/CreateOrder923ea40a-9248-47a4-a39d-24302bbfde7f,5.5632018484175205,5.5632018484175205,1000.0,1,1,1
/OrderService/CreateOrder92e17108-5aa5-49d2-b8d4-f63e7c2ede35,18.64065183326602,18.64065183326602,1000.0,1,1,1
/OrderService/CreateOrder92f8eab2-7847-4517-bbe8-a38bdd4215a9,11.487799696624279,11.487799696624279,999.0,1,1,1
/OrderService/CreateOrder9e4d96b3-bd8d-4048-9028-4477328b4759,8.850787300616503,8.850787300616503,1000.0,1,1,1
/OrderService/CreateOrdera2c41c70-0515-454f-8527-feff67114725,7.682678289711475,7.682678289711475,1000.0,1,1,1
/OrderService/CreateOrdera5405301-28fc-4027-b775-a3f351b3eea3,2.872767858207226,2.872767858207226,1000.0,1,1,1
/OrderService/CreateOrdera60dc1d5-689d-4d4e-9c17-a37a386edb1a,9.60792088881135,9.60792088881135,1000.0,1,1,1
/OrderService/CreateOrdera8172bce-cab5-4707-9214-5cfe16c18e78,3.0567781068384647,3.0567781068384647,1000.0,1,1,1
/OrderService/CreateOrderaa1f0393-dd6f-458c-b547-a08e16396dee,2.9839398339390755,2.9839398339390755,1000.0,1,1,1
/OrderService/CreateOrderaa47b4a6-a859-4b1e-bc8a-7d09781fd4c0,14.859366230666637,14.859366230666637,1000.0,1,1,1
/OrderService/CreateOrderab3634ae-b87e-4f93-a462-0a3bc3cdf2db,9.814603719860315,9.814603719860315,1000.0,1,1,1
/OrderService/CreateOrderba054850-3dab-4808-822b-d06805ae34c4,4.138824064284563,4.138824064284563,1000.0,1,1,1
/OrderService/CreateOrderbdc72907-2c95-4c2e-a8b9-67b932719c6d,2.611030824482441,2.611030824482441,1000.0,1,1,1
/OrderService/CreateOrderbfcc1e61-ff3a-4302-b7e8-809f6eb2733b,18.121720757335424,18.121720757335424,1000.0,1,1,1
/OrderService/CreateOrderc366f567-c661-402b-9a00-70a3a7a11706,3.3367639407515526,3.3367639407515526,1000.0,1,1,1
/OrderService/CreateOrderccf93279-011a-47c4-80d9-06cd0ada2f95,14.865625649690628,14.865625649690628,1000.0,1,1,1
/OrderService/CreateOrderd000e036-96ec-4413-91d4-cdfb306fe0da,16.686060000211,16.686060000211,1000.0,1,1,1
/OrderService/CreateOrderd489973c-c517-45d8-a5cf-4de2e7b6e9ab,14.960689935833216,14.960689935833216,1000.0,1,1,1
/OrderService/CreateOrderd4ebe26d-4c33-44ef-b938-90a2603a656f,10.060605127364397,10.060605127364397,1000.0,1,1,1
/OrderService/CreateOrderd6f908a4-e28b-4d8d-b4f8-52cdf696303f,11.023552156984806,11.023552156984806,1000.0,1,1,1
/OrderService/CreateOrderd7289f5a-e208-40ed-b8ac-3ad119c6c85e,3.646968863904476,3.646968863904476,1000.0,1,1,1
/OrderService/CreateOrderd7da5c42-0852-4274-b670-29e1be27aeea,5.624046083539724,5.624046083539724,1000.0,1,1,1
/OrderService/CreateOrderd86d3066-610f-49d8-9fbc-7040ca7319af,2.7642357163131237,2.7642357163131237,1000.0,1,1,1
/OrderService/CreateOrderd94ac1da-9d6c-49cb-a78a-dc1137d0f475,3.3632516860961914,3.3632516860961914,1000.0,1,1,1
/OrderService/CreateOrderdfd1a188-c3dc-480b-8937-37beb8f8801a,10.033294092863798,10.033294092863798,1000.0,1,1,1
/OrderService/CreateOrderdfdf4433-6973-450c-be83-a00a7c9fc264,3.2242299057543278,3.2242299057543278,1000.0,1,1,1
/OrderService/CreateOrdere14bb702-38c0-4bd3-a672-b2f3147b0083,4.16733231395483,4.16733231395483,1000.0,1,1,1
/OrderService/CreateOrdere3c0bb49-62bb-4970-b284-e1ee253d34bd,2.839463297277689,2.839463297277689,1000.0,1,1,1
/OrderService/CreateOrdere51f3657-5892-43fc-9037-d40102c31d6a,5.0440700724720955,5.0440700724720955,1000.0,1,1,1
/OrderService/CreateOrdere8bf35a0-826b-4d4a-8dda-47ce23eb015a,9.560049045830965,9.560049045830965,1000.0,1,1,1
/OrderService/CreateOrdere9812e3a-8faa-49e9-8439-5de0adb94747,8.798491209745407,8.798491209745407,1000.0,1,1,1
/OrderService/CreateOrdere9d36c8f-dc43-4e11-b8be-eafd43ed259e,9.637098293751478,9.637098293751478,1000.0,1,1,1
/OrderService/CreateOrdereb19faac-4795-4936-b200-2822c9bbd19d,2.745951060205698,2.745951060205698,1000.0,1,1,1
/OrderService/CreateOrderf4a19eb5-7532-497e-9aff-62c98bbb4edc,13.588347937911749,13.588347937911749,1000.0,1,1,1
/OrderService/CreateOrderf5b503e0-ac3c-4d46-8e5a-a6c906cf9755,10.441089048981667,10.441089048981667,1000.0,1,1,1
/OrderService/CreateOrderf6444f78-7913-47ce-8fbe-17ad9cecce7d,5.867870058864355,5.867870058864355,1000.0,1,1,1
/OrderService/CreateOrderfc4f3ea6-2a5a-4654-9cfe-0da9e9e09ca7,19.351009279489517,19.351009279489517,1000.0,1,1,1
/OrderService/CreateOrderfd834f7a-2c97-4ba4-8a08-8d65a9b126c3,3.2212561927735806,3.2212561927735806,1000.0,1,1,1
/OrderService/GetOrder003db7a1-7b3e-4425-8f6e-6f277d62edb2,2.3139026015996933,2.3139026015996933,3.0,1,1,1
/OrderService/GetOrder0c13cd50-c0ae-41a5-9720-b80e7840fb0f,3.840232267975807,3.840232267975807,3.0,1,1,1
/OrderService/GetOrder0e11b2d7-7dc7-44f4-96af-3b834233f50d,2.289203926920891,2.289203926920891,3.0,1,1,1
/OrderService/GetOrder10a111dd-893a-4278-a711-27221831af84,8.588357828557491,8.588357828557491,3.0,1,1,1
/OrderService/GetOrder11fe1ade-83b8-40e6-8b12-f8076fa60003,3.1966869719326496,3.1966869719326496,3.0,1,1,1
/OrderService/GetOrder126e9027-3544-4c02-a4d2-af7a639cbb1d,3.115120343863964,3.115120343863964,3.0,1,1,1
/OrderService/GetOrder19eb7b5b-28f5-4977-8088-c3ca601f8f92,2.7584508061408997,2.7584508061408997,3.0,1,1,1
/OrderService/GetOrder1fdb4b77-5fbe-4be8-8da8-b95066bc83f1,2.010385040193796,2.010385040193796,3.0,1,1,1
/OrderService/GetOrder2052ee39-3829-472c-841a-4e9251fdac65,2.058836165815592,2.058836165815592,2.0,1,1,1
/OrderService/GetOrder20e11cae-7acd-438c-a827-9d1aaba75368,2.207595854997635,2.207595854997635,3.0,1,1,1
/OrderService/GetOrder27207cce-8f86-45c3-915f-deeb0a7f96de,1.4789020642638206,1.4789020642638206,3.0,1,1,1
/OrderService/GetOrder2bc75b86-0024-4cca-8ab1-9ba4f104c262,2.3450260050594807,2.3450260050594807,3.0,1,1,1
/OrderService/GetOrder2c222780-4200-4c58-a2ca-64788a961964,2.439339179545641,2.439339179545641,3.0,1,1,1
/OrderService/GetOrder2de43473-242b-4286-aabb-10a83aca56a9,2.801082096993923,2.801082096993923,3.0,1,1,1
/OrderService/GetOrder2e093c2f-b340-4dbd-b360-91e33bbb2934,1.8917997367680073,1.8917997367680073,3.0,1,1,1
/OrderService/GetOrder2edf336a-809a-4ddd-a033-f1b968aeb5bf,3.731854259967804,3.731854259967804,3.0,1,1,1
/OrderService/GetOrder2f9aab91-7e7b-4e9a-ada1-d70098dfd600,1.3593793846666813,1.3593793846666813,3.0,1,1,1
/OrderService/GetOrder3593b126-c8fd-4dae-92df-328997567560,3.810571040958166,3.810571040958166,3.0,1,1,1
/OrderService/GetOrder3a0f952e-1f25-427a-b44a-57dca152efc1,2.905716188251972,2.905716188251972,3.0,1,1,1
/OrderService/GetOrder3b42574d-144b-4654-81f2-e0a2f3497985,3.151749260723591,3.151749260723591,3.0,1,1,1
/OrderService/GetOrder3bf9c7d6-875d-4bde-93f8-c577980eb5b1,3.039454109966755,3.039454109966755,3.0,1,1,1
/OrderService/GetOrder3d27db45-c5f1-469d-99b5-da45434db7d1,9.448796045035124,9.448796045035124,3.0,1,1,1
/OrderService/GetOrder405dde7c-ca75-4c01-9178-0868b242004b,2.5144461542367935,2.5144461542367935,3.0,1,1,1
/OrderService/GetOrder453ac760-b842-4b95-a93c-da5944a57da4,2.1549351513385773,2.1549351513385773,3.0,1,1,1
/OrderService/GetOrder496578e8-8831-4a8a-ba3a-7ccd8646ffad,11.737708002328873,11.737708002328873,3.0,1,1,1
/OrderService/GetOrder4991ac32-0884-4bab-837c-550245b45383,6.437838077545166,6.437838077545166,3.0,1,1,1
/OrderService/GetOrder4fe5c97e-90f6-4f70-b5e8-963bc15109fc,1.225368119776249,1.225368119776249,3.0,1,1,1
/OrderService/GetOrder508809fc-0ed7-445b-b255-413b60e2c1ce,2.670982386916876,2.670982386916876,3.0,1,1,1
/OrderService/GetOrder5a5326d9-5e0e-42cd-ab81-0572a517ef86,2.212747000157833,2.212747000157833,3.0,1,1,1
/OrderService/GetOrder5d78d5e1-f83a-4e74-8034-406aac49dfb6,2.731455024331808,2.731455024331808,2.0,1,1,1
/OrderService/GetOrder5df58723-ea15-4153-a049-566cddf4ba8f,2.051197923719883,2.051197923719883,3.0,1,1,1
/OrderService/GetOrder5fefc7ff-a013-461b-8442-977acd8191e1,2.4615051224827766,2.4615051224827766,3.0,1,1,1
/OrderService/GetOrder63cbf2ce-35b1-4716-b687-db106131d048,3.2526571303606033,3.2526571303606033,3.0,1,1,1
/OrderService/GetOrder6491d164-5d3a-4264-bec9-ef6a6a658f52,3.5863840021193027,3.5863840021193027,3.0,1,1,1
/OrderService/GetOrder67cb255b-2a37-468e-8fd9-be013e351332,2.5859409943223,2.5859409943223,3.0,1,1,1
/OrderService/GetOrder697aa5d9-f3ba-4002-af33-0e092bbe0360,3.6538862623274326,3.6538862623274326,2.0,1,1,1
/OrderService/GetOrder7079465e-0f72-4d3d-8b38-122255729ff4,2.119152806699276,2.119152806699276,2.0,1,1,1
/OrderService/GetOrder72266f55-a4fe-487b-a06c-480bc0eee733,2.0666178315877914,2.0666178315877914,3.0,1,1,1
/OrderService/GetOrder77f16df1-0bb0-4884-a555-717468de22b9,2.5457018055021763,2.5457018055021763,2.0,1,1,1
/OrderService/GetOrder7a8bdb03-c85a-4bf8-9d40-21384cfd618f,2.701074816286564,2.701074816286564,3.0,1,1,1
/OrderService/GetOrder7c235888-0687-48e4-8cbe-d2bc92751fdc,3.007357008755207,3.007357008755207,3.0,1,1,1
/OrderService/GetOrder7d611bf0-7425-42ea-af2e-8607783e12f7,2.6396051980555058,2.6396051980555058,3.0,1,1,1
/OrderService/GetOrder864cfaa5-1064-4368-9ac7-96fdca23d124,6.186048965901136,6.186048965901136,3.0,1,1,1
/OrderService/GetOrder878f4f06-fe98-4fda-84f7-eee320877d04,1.8537077121436596,1.8537077121436596,3.0,1,1,1
/OrderService/GetOrder88e08731-80cd-410e-964e-269fb608f320,1.756658311933279,1.756658311933279,3.0,1,1,1
/OrderService/GetOrder8cd7d425-95ae-443b-a741-a12675fa680d,9.741171263158321,9.741171263158321,3.0,1,1,1
/OrderService/GetOrder91c2fe6e-4a0c-4ffb-9cc2-c6c87e7f5108,2.8880368918180466,2.8880368918180466,3.0,1,1,1
/OrderService/GetOrder93f7afc7-fa26-4eb1-9c1e-e843b6b40433,2.26413132622838,2.26413132622838,3.0,1,1,1
/OrderService/GetOrder9716328e-e224-4a65-88f4-b547b592f6b0,4.696637857705355,4.696637857705355,3.0,1,1,1
/OrderService/GetOrder98405de8-ed6e-4911-bd33-de88f7a8214c,3.5248231142759323,3.5248231142759323,3.0,1,1,1
/OrderService/GetOrder99dbb7af-d189-47b7-b262-1699a061b6d4,12.286530807614326,12.286530807614326,3.0,1,1,1
/OrderService/GetOrder9d0d49c1-44ef-4568-9ebc-35c644d405df,2.5862869806587696,2.5862869806587696,3.0,1,1,1
/OrderService/GetOrder9d842807-701c-4070-be6b-8a25d450c644,8.723496925085783,8.723496925085783,2.0,1,1,1
/OrderService/GetOrder9edcd7cb-c25a-4663-a571-544299cae141,2.1526040509343147,2.1526040509343147,3.0,1,1,1
/OrderService/GetOrdera1d2f5e9-2004-461d-950a-423cfc22afe7,1.3934052549302578,1.3934052549302578,3.0,1,1,1
/OrderService/GetOrdera267db62-26dc-4a8a-b5f1-8e583c80cd20,2.220570109784603,2.220570109784603,3.0,1,1,1
/OrderService/GetOrdera71758a1-a415-451f-b8dd-52ee0e14f273,4.879178944975138,4.879178944975138,3.0,1,1,1
/OrderService/GetOrderab908689-05ae-459f-a4e3-f4ae084d0b7d,3.714991733431816,3.714991733431816,3.0,1,1,1
/OrderService/GetOrderb06b01e6-8e3c-489e-a6a8-3a601f878f67,1.9655399955809116,1.9655399955809116,3.0,1,1,1
/OrderService/GetOrderb3355d59-d456-4003-b60e-880154e83396,2.368330955505371,2.368330955505371,3.0,1,1,1
/OrderService/GetOrderb8598c62-652a-466a-974e-2e2a88c547ff,2.250335179269314,2.250335179269314,3.0,1,1,1
/OrderService/GetOrderb96892c3-60a4-43cd-a650-9a4c10b3305f,2.377475146204233,2.377475146204233,3.0,1,1,1
/OrderService/GetOrderbce5e0c5-235c-437d-b402-908466c918a5,1.871395856142044,1.871395856142044,3.0,1,1,1
/OrderService/GetOrderbe8ca5cd-ade9-4a7c-88bf-ebaaefc779ce,2.5864001363515854,2.5864001363515854,3.0,1,1,1
/OrderService/GetOrderc0b65271-fe20-4732-a9f3-dc7a1ef9620e,2.5937510654330254,2.5937510654330254,2.0,1,1,1
/OrderService/GetOrderd0b0bd3b-29fa-46e6-bf53-82e72a019233,2.9751057736575603,2.9751057736575603,2.0,1,1,1
/OrderService/GetOrderd9d3f77f-50ae-46de-b4c0-d0d1f2293846,4.909064155071974,4.909064155071974,3.0,1,1,1
/OrderService/GetOrderdab5e66a-f686-4292-9dac-ec9c86349d6a,2.5777327828109264,2.5777327828109264,3.0,1,1,1
/OrderService/GetOrdere2f6975f-0fb4-4293-aeb4-04e705533707,5.266999825835228,5.266999825835228,3.0,1,1,1
/OrderService/GetOrdere46166d8-1a57-4d70-ab36-9e3ae3628e3c,18.195063807070255,18.195063807070255,3.0,1,1,1
/OrderService/GetOrdere46e37de-94f4-476e-a756-acc7e35d0f2a,1.3207928277552128,1.3207928277552128,3.0,1,1,1
/OrderService/GetOrdere7754bb2-2c23-4f78-9c8d-53f2be3ad72c,2.4036369286477566,2.4036369286477566,3.0,1,1,1
/OrderService/GetOrdere81396e4-c64c-4192-ac83-efc561b9cdc4,2.3860190995037556,2.3860190995037556,3.0,1,1,1
/OrderService/GetOrderea3ee650-cab8-4fda-91f9-efce9e17285d,4.034386947751045,4.034386947751045,3.0,1,1,1
/OrderService/GetOrderea805e0e-34cf-4f08-be72-9921f2359aa5,5.05573395639658,5.05573395639658,3.0,1,1,1
/OrderService/GetOrdereb863299-c439-4f54-9d60-c0f5daed58d9,6.3623241148889065,6.3623241148889065,3.0,1,1,1
/OrderService/GetOrderebf68649-7361-474d-8b2f-51cf2b1db4f1,2.9555540531873703,2.9555540531873703,3.0,1,1,1
/OrderService/GetOrderf5e533c8-f41b-46cf-9409-87d6968b0d65,3.118113148957491,3.118113148957491,3.0,1,1,1
/OrderService/GetOrderfb189ffc-06ea-4ed2-bbae-f2702f83138c,2.0979060791432858,2.0979060791432858,3.0,1,1,1
/OrderService/GetOrderfdc8e6cf-5577-4697-901d-3ee2b70c7aa8,2.4424283765256405,2.4424283765256405,2.0,1,1,1
Aggregated,6.438825621444266,5.0,625.9828125,-1,1,1
