Service,Average Response Time,Medium Response Time,Request Size,Request Type,Frequency,Size
/CatalogService/AddItem017fd49f-1548-4292-9d85-3fb3bf25b640,10.454706847667694,10.454706847667694,50.0,1,1,0
/CatalogService/AddItem06fbfd18-a86f-404f-907f-76c8ff2f80e1,4.23478102311492,4.23478102311492,50.0,1,1,0
/CatalogService/AddItem08c7cfa2-289d-4f67-a305-6632889221b9,3.8402010686695576,3.8402010686695576,50.0,1,1,0
/CatalogService/AddItem096d4050-a52e-4fa1-8b98-a285cf3a5222,4.099118057638407,4.099118057638407,50.0,1,1,0
/CatalogService/AddItem0addbc22-7fcd-4c62-b5c9-8910ea1d85a3,3.4463549964129925,3.4463549964129925,50.0,1,1,0
/CatalogService/AddItem0bd2ab5a-5f25-4e95-8652-d89e1872c21e,6.097195204347372,6.097195204347372,50.0,1,1,0
/CatalogService/AddItem0cbb4bda-7a63-4d01-86fe-f21ec63fb3c4,10.607617907226086,10.607617907226086,50.0,1,1,0
/CatalogService/AddItem0fc0872f-91e5-473a-8fa6-1adf6723af76,6.306489929556847,6.306489929556847,50.0,1,1,0
/CatalogService/AddItem1054c46a-4ab5-47b7-a334-85d8371de8f7,4.136739298701286,4.136739298701286,50.0,1,1,0
/CatalogService/AddItem106c83a3-33aa-4efc-9449-44c7d70e4150,9.324123617261648,9.324123617261648,50.0,1,1,0
/CatalogService/AddItem17d2ba14-8e18-42cf-8062-cd9553933bed,1.9292077049613,1.9292077049613,50.0,1,1,0
/CatalogService/AddItem1bffd37c-7237-42d4-ab81-edf744bdfa7d,10.498796124011278,10.498796124011278,50.0,1,1,0
/CatalogService/AddItem1d913d04-5ee8-4ad4-b51b-1f3b606092d1,4.367635119706392,4.367635119706392,50.0,1,1,0
/CatalogService/AddItem1f5883cf-8d87-45ba-8ca2-e2fa715bc35a,3.830159083008766,3.830159083008766,50.0,1,1,0
/CatalogService/AddItem20399428-0d62-4fb8-87f6-125d1570e257,3.9987540803849697,3.9987540803849697,50.0,1,1,0
/CatalogService/AddItem21a968f4-a50c-4787-8cc4-ef5b0f719d5b,11.456842999905348,11.456842999905348,50.0,1,1,0
/CatalogService/AddItem262fd20b-00c2-4144-b264-ba09361cdd14,4.014578182250261,4.014578182250261,50.0,1,1,0
/CatalogService/AddItem2919092a-db98-44f2-8dde-26e730f4e93f,4.253930877894163,4.253930877894163,50.0,1,1,0
/CatalogService/AddItem2a3b896f-b59d-4fe0-a2e1-84c0bd977897,3.098907880485058,3.098907880485058,50.0,1,1,0
/CatalogService/AddItem2db88dab-911d-4405-a9cc-c89c977402cf,4.617443773895502,4.617443773895502,50.0,1,1,0
/CatalogService/AddItem2fe0d556-32dc-43be-bd05-734901df3d67,8.458603173494339,8.458603173494339,50.0,1,1,0
/CatalogService/AddItem38739857-6b10-41f6-a570-0b18067417b2,5.435472819954157,5.435472819954157,50.0,1,1,0
/CatalogService/AddItem395ea817-9e85-4395-a2f0-52cd9c6914e8,8.53149825707078,8.53149825707078,50.0,1,1,0
/CatalogService/AddItem463c4a33-3be0-4994-ba8f-852c012c18b0,2.9957368969917297,2.9957368969917297,50.0,1,1,0
/CatalogService/AddItem499012c3-8098-476a-ba6f-f94f49413cdb,4.5092748478055,4.5092748478055,50.0,1,1,0
/CatalogService/AddItem4f72a8f1-67b4-424e-84d3-1160ee770622,9.024732746183872,9.024732746183872,50.0,1,1,0
/CatalogService/AddItem5083c873-41c2-47db-bbed-6be521008c75,10.775591246783733,10.775591246783733,50.0,1,1,0
/CatalogService/AddItem50927eea-736e-4249-9b44-fd0ebf773ce2,2.979876007884741,2.979876007884741,50.0,1,1,0
/CatalogService/AddItem5113b29c-78b5-466f-930e-cf7fbe1adcf4,2.6444229297339916,2.6444229297339916,50.0,1,1,0
/CatalogService/AddItem544983ef-8e8e-43da-84eb-778a1e70a39c,3.85906919836998,3.85906919836998,50.0,1,1,0
/CatalogService/AddItem595fc4f8-04d5-443e-b243-91cc218a536c,3.0049579218029976,3.0049579218029976,50.0,1,1,0
/CatalogService/AddItem59d3c819-5dce-4e88-8d28-30749757e313,3.8516977801918983,3.8516977801918983,50.0,1,1,0
/CatalogService/AddItem5d543ab8-b855-4d42-802d-de545939aede,4.767381586134434,4.767381586134434,50.0,1,1,0
/CatalogService/AddItem634d234c-1474-4655-a5b4-e957a7fd54d1,7.136617321521044,7.136617321521044,50.0,1,1,0
/CatalogService/AddItem6577030f-9a3e-4b61-9c98-2e67b774e608,3.3862791024148464,3.3862791024148464,50.0,1,1,0
/CatalogService/AddItem667e07bd-b719-4e4f-9ef5-89616335bfc9,3.4691751934587955,3.4691751934587955,50.0,1,1,0
/CatalogService/AddItem6eb487e5-83bd-4245-ae12-44f02f43c285,15.653037931770086,15.653037931770086,50.0,1,1,0
/CatalogService/AddItem7f282e85-27fa-438e-bb88-d8979d3b2152,5.32631715759635,5.32631715759635,50.0,1,1,0
/CatalogService/AddItem82d3ae0c-88cd-4d71-84cd-88dece72e46b,5.684236995875835,5.684236995875835,50.0,1,1,0
/CatalogService/AddItem84f687ba-41e7-400c-98ab-cc3c45642d6a,5.246005952358246,5.246005952358246,50.0,1,1,0
/CatalogService/AddItem86de2dad-4d70-483f-ba95-e21973886c68,3.806130029261112,3.806130029261112,50.0,1,1,0
/CatalogService/AddItem892a3e55-ed12-4497-a43b-bd0e0c46537e,9.5172137953341,9.5172137953341,50.0,1,1,0
/CatalogService/AddItem9291539f-eff4-482d-83f6-81daa0bcff74,3.7523056380450726,3.7523056380450726,50.0,1,1,0
/CatalogService/AddItem92fba183-f32b-44d6-9064-052f6f472d2a,3.6277459003031254,3.6277459003031254,50.0,1,1,0
/CatalogService/AddItem9889119d-fbb2-49e9-9da8-9440740cff80,5.066402722150087,5.066402722150087,50.0,1,1,0
/CatalogService/AddItem99316529-bb6a-453e-b725-2afe2057c1d2,2.825960051268339,2.825960051268339,50.0,1,1,0
/CatalogService/AddItem9a0d1086-f2e7-4c3f-a4a5-aecc209e3227,3.7559056654572487,3.7559056654572487,50.0,1,1,0
/CatalogService/AddItem9d3992b8-3ee4-4f12-a378-c3ccdedf513e,5.479475948959589,5.479475948959589,50.0,1,1,0
/CatalogService/AddItem9f16a18e-47c2-4c40-80f2-aab343c0cce6,4.121217411011457,4.121217411011457,50.0,1,1,0
/CatalogService/AddItema001e783-2f36-4b73-98a5-879032583c7f,3.479104954749346,3.479104954749346,50.0,1,1,0
/CatalogService/AddItema0beb2c9-08c7-40be-8e1a-19dbd455fb6f,19.31124972179532,19.31124972179532,50.0,1,1,0
/CatalogService/AddItema1a9ce44-b280-4a54-ba5c-9dcf4c58bfd4,4.934072960168123,4.934072960168123,50.0,1,1,0
/CatalogService/AddItema7b1de1f-d840-4fd4-b9f0-38c3a1502b46,8.285017684102058,8.285017684102058,50.0,1,1,0
/CatalogService/AddItemab538ca4-280a-4827-b697-be576747a1a9,4.247567150741816,4.247567150741816,50.0,1,1,0
/CatalogService/AddItemac07fe2d-9eeb-4bc8-9ea9-39a9d2d6e442,7.900404278188944,7.900404278188944,50.0,1,1,0
/CatalogService/AddItemaf702200-a6f8-41a9-9fae-70331cd31371,3.788447007536888,3.788447007536888,50.0,1,1,0
/CatalogService/AddItemb25ac7ca-32a8-4a64-ba45-cd53295a41de,3.1630960293114185,3.1630960293114185,50.0,1,1,0
/CatalogService/AddItemb341ca54-1261-4914-a810-624a536d9fd4,4.035668447613716,4.035668447613716,50.0,1,1,0
/CatalogService/AddItemb3ccb399-da66-4c33-9477-d97a14cbfa31,2.613796852529049,2.613796852529049,50.0,1,1,0
/CatalogService/AddItembce5ca85-b87e-4bff-988f-908a857b8483,3.3507170155644417,3.3507170155644417,50.0,1,1,0
/CatalogService/AddItembce9ff32-1309-4e74-958f-afd9c774e0a7,3.880891017615795,3.880891017615795,50.0,1,1,0
/CatalogService/AddItemc5cc1434-6075-4d51-8206-f93a765a6b17,3.787224180996418,3.787224180996418,50.0,1,1,0
/CatalogService/AddItemc71f9cff-1b54-4abb-a31a-1b673bba6ba9,3.8384138606488705,3.8384138606488705,50.0,1,1,0
/CatalogService/AddItemced8910b-d7f5-4531-8e88-f2e4eba0968f,3.5582869313657284,3.5582869313657284,50.0,1,1,0
/CatalogService/AddItemd0743457-f867-4457-af74-3c375ab6b4bf,6.796660833060741,6.796660833060741,50.0,1,1,0
/CatalogService/AddItemdbeff59b-3ccd-4f05-8114-392b8706ea12,2.736560069024563,2.736560069024563,50.0,1,1,0
/CatalogService/AddItemdc395191-92fd-4cc0-a1bc-113fcbe360d0,13.532429933547974,13.532429933547974,50.0,1,1,0
/CatalogService/AddItemde98ed84-7cc7-4767-b689-a540f9171fa9,5.622706841677427,5.622706841677427,50.0,1,1,0
/CatalogService/AddIteme401a432-fc7d-4bee-a754-cfbb3d50d97e,5.225781816989183,5.225781816989183,50.0,1,1,0
/CatalogService/AddIteme4712dc4-3b70-4e4e-b0b9-8554ab4b4726,14.825090765953064,14.825090765953064,50.0,1,1,0
/CatalogService/AddIteme4c8ca13-3c73-4fe6-93d1-3fe6c62e98ab,3.2580592669546604,3.2580592669546604,50.0,1,1,0
/CatalogService/AddIteme9c5ddf9-dde9-48e5-a50f-deedfbfbcfc0,10.419014375656843,10.419014375656843,50.0,1,1,0
/CatalogService/AddItemead2b1e8-1a37-470a-b7ae-589256bee861,3.50920669734478,3.50920669734478,50.0,1,1,0
/CatalogService/AddItemecf9e7fd-2de4-4dd6-a2e0-d488fe3296da,3.153822850435972,3.153822850435972,50.0,1,1,0
/CatalogService/AddItemed49516f-c06b-48e8-b20a-ed273c749d21,4.087595269083977,4.087595269083977,50.0,1,1,0
/CatalogService/AddItemedfeb842-8f37-48ca-9dcb-244140a6777c,10.746227111667395,10.746227111667395,50.0,1,1,0
/CatalogService/AddItemeecc5468-2dac-4115-947e-308b1221e2fa,3.1393570825457573,3.1393570825457573,50.0,1,1,0
/CatalogService/AddItemf0f9bed6-1e67-4b0a-af5c-f6272630930a,3.5764267668128014,3.5764267668128014,50.0,1,1,0
/CatalogService/AddItemf41ca169-63b0-4c7c-9ae2-e2d9e4bbc336,3.9647561497986317,3.9647561497986317,50.0,1,1,0
/CatalogService/AddItemffe1e115-d29e-4506-bf5b-f5c6797a8e97,9.932712186127901,9.932712186127901,50.0,1,1,0
/CatalogService/GetItem00f4d3f8-7f5b-4b7e-a122-ead1ae8f5529,2.7530547231435776,2.7530547231435776,3.0,1,1,0
/CatalogService/GetItem0604de1f-4a34-4b06-bfb6-5501b513c6e7,13.321510050445795,13.321510050445795,3.0,1,1,0
/CatalogService/GetItem0ed5a84f-3065-4fe4-be58-2bfd03d44258,5.026582162827253,5.026582162827253,3.0,1,1,0
/CatalogService/GetItem10523bd9-2298-447f-9a3b-a017fa9c76b1,11.828700080513954,11.828700080513954,3.0,1,1,0
/CatalogService/GetItem1173d91d-6d85-44a3-a017-5fe1c119822d,4.032634198665619,4.032634198665619,3.0,1,1,0
/CatalogService/GetItem135dd393-615b-4f03-9876-c532a00ecbed,3.130457829684019,3.130457829684019,3.0,1,1,0
/CatalogService/GetItem14d249ae-ac87-450b-9cda-3553a9b3ffa9,2.5365445762872696,2.5365445762872696,3.0,1,1,0
/CatalogService/GetItem165c117e-2c93-4212-a93e-e62c6bf83bc9,4.742399323731661,4.742399323731661,3.0,1,1,0
/CatalogService/GetItem16834ccd-0ebe-4d92-ae40-5ce624d28eef,2.3586098104715347,2.3586098104715347,3.0,1,1,0
/CatalogService/GetItem18823a6f-d8e2-4b5c-be64-bf73a07a5d23,3.7040007300674915,3.7040007300674915,3.0,1,1,0
/CatalogService/GetItem1a7ae987-1952-4498-96f1-e3d95095579a,11.549917981028557,11.549917981028557,3.0,1,1,0
/CatalogService/GetItem2266ccca-96e5-491a-962f-e0cea3b70136,6.314671132713556,6.314671132713556,3.0,1,1,0
/CatalogService/GetItem229194f2-1a3b-42fc-b0d2-af2ec2a010e7,3.193482756614685,3.193482756614685,3.0,1,1,0
/CatalogService/GetItem238e7a1d-7cbb-4fe0-98b7-def824273310,2.969902940094471,2.969902940094471,3.0,1,1,0
/CatalogService/GetItem253fde7e-120d-4ca4-af59-d800c455f0b4,2.2864220663905144,2.2864220663905144,3.0,1,1,0
/CatalogService/GetItem26620734-754e-4a9c-97bf-6559c4cf56a9,2.9188753105700016,2.9188753105700016,2.0,1,1,0
/CatalogService/GetItem2785d6ae-a0e5-4a8a-bc51-b1ec68426aa5,6.647797767072916,6.647797767072916,3.0,1,1,0
/CatalogService/GetItem29514456-22dc-4fbc-8d0b-e64874089d82,8.148787077516317,8.148787077516317,3.0,1,1,0
/CatalogService/GetItem2af92453-863f-4953-9eab-9e84fd79c143,3.424837253987789,3.424837253987789,3.0,1,1,0
/CatalogService/GetItem2bb5e770-1c6e-4b6d-9450-aaf377232e13,5.914497189223766,5.914497189223766,3.0,1,1,0
/CatalogService/GetItem2cc8f076-334c-4cc7-a15d-b32ed2761124,5.678266286849976,5.678266286849976,3.0,1,1,0
/CatalogService/GetItem2e8e5602-9f64-452a-8e34-46ffc90bb16a,29.08955467864871,29.08955467864871,3.0,1,1,0
/CatalogService/GetItem36de6654-1f66-4b50-a552-73d34b2f44f4,11.673095170408487,11.673095170408487,3.0,1,1,0
/CatalogService/GetItem3a3a40e4-c9e4-49f9-b9c9-b78522ac5cf5,2.551176119595766,2.551176119595766,3.0,1,1,0
/CatalogService/GetItem3e05c61a-bd74-4fe5-96bb-3a563f09139d,3.091209102421999,3.091209102421999,3.0,1,1,0
/CatalogService/GetItem416e160d-20b2-430b-9d4d-cbe5e83233bf,5.805694032460451,5.805694032460451,3.0,1,1,0
/CatalogService/GetItem44d1569e-d292-4ffa-ab31-b7f7d19e6fe2,5.409529898315668,5.409529898315668,3.0,1,1,0
/CatalogService/GetItem452612a8-c163-4948-b000-ccce70bad7e1,6.1327810399234295,6.1327810399234295,3.0,1,1,0
/CatalogService/GetItem4f681979-7841-4dee-af42-3bdc311fc622,8.513459004461765,8.513459004461765,2.0,1,1,0
/CatalogService/GetItem5223664e-f25b-4f42-b37e-c39a7a6f1e63,3.400161862373352,3.400161862373352,3.0,1,1,0
/CatalogService/GetItem5c15c6fd-b22a-400a-a3a7-5a45c1f54719,5.741395987570286,5.741395987570286,3.0,1,1,0
/CatalogService/GetItem61486a25-cf1e-4580-9c69-3f418bd62e5e,3.1225858256220818,3.1225858256220818,3.0,1,1,0
/CatalogService/GetItem65e58441-5227-4ab9-b145-bf0c7935322f,6.464947015047073,6.464947015047073,3.0,1,1,0
/CatalogService/GetItem671ac7b3-a24e-4923-a2d0-d4bf7896ec08,2.417895942926407,2.417895942926407,3.0,1,1,0
/CatalogService/GetItem72120a11-8032-438a-af24-2d6ee184f903,8.19083396345377,8.19083396345377,3.0,1,1,0
/CatalogService/GetItem74f2e487-3381-4426-8e34-4efd29887260,29.24662781879306,29.24662781879306,3.0,1,1,0
/CatalogService/GetItem7922ab69-8941-474c-8194-55eea8d6c414,2.8986609540879726,2.8986609540879726,3.0,1,1,0
/CatalogService/GetItem793bba8f-3001-4278-8ee2-8bc702c26f21,5.102228838950396,5.102228838950396,3.0,1,1,0
/CatalogService/GetItem793df1d5-0024-46b3-bebb-9810fa0b4746,7.234188262373209,7.234188262373209,3.0,1,1,0
/CatalogService/GetItem7c10b827-2519-4b3b-85f5-9073430e3b3f,5.104273092001677,5.104273092001677,3.0,1,1,0
/CatalogService/GetItem7fc2d22a-8322-4972-9548-4baf0abeee3d,5.128629971295595,5.128629971295595,3.0,1,1,0
/CatalogService/GetItem8269ef99-dc1f-4a6b-891c-448de65ffc72,3.438839688897133,3.438839688897133,3.0,1,1,0
/CatalogService/GetItem82dd0eef-95ea-4633-a218-73904930f540,2.7811829932034016,2.7811829932034016,3.0,1,1,0
/CatalogService/GetItem84bcb8ec-a95f-4c36-b504-79d0fa1d024b,4.930319730192423,4.930319730192423,3.0,1,1,0
/CatalogService/GetItem85ca2ce6-f46b-4d88-8dfc-20d2bb5b7dff,9.09389927983284,9.09389927983284,3.0,1,1,0
/CatalogService/GetItem884153f6-29b1-4663-b1ae-3ab0f3868cfd,11.664641089737415,11.664641089737415,3.0,1,1,0
/CatalogService/GetItem8a815e81-cd8f-45a5-87d9-524e72db0995,5.021148826926947,5.021148826926947,3.0,1,1,0
/CatalogService/GetItem8d0f3ee6-5e7d-4056-b925-c0b2a2c6f0f7,9.195975959300995,9.195975959300995,3.0,1,1,0
/CatalogService/GetItem8d19f8f5-bc5d-4159-88bf-8cf9f0c46fb5,6.885740906000137,6.885740906000137,3.0,1,1,0
/CatalogService/GetItem8e63b181-ecec-4aa0-b826-f7eac6c05760,2.523635048419237,2.523635048419237,3.0,1,1,0
/CatalogService/GetItem956313c8-fea9-48f0-bea4-9491de63afc9,2.4784719571471214,2.4784719571471214,3.0,1,1,0
/CatalogService/GetItem96ffc143-6a9f-492a-9c73-6f46050cb8a7,8.67932802066207,8.67932802066207,3.0,1,1,0
/CatalogService/GetItem989ca446-e8d1-4455-9a31-dbfb70082fb9,3.33560723811388,3.33560723811388,3.0,1,1,0
/CatalogService/GetItem9a9d2fd1-c9dd-4905-b27e-f5f082c642b5,3.4894398413598537,3.4894398413598537,3.0,1,1,0
/CatalogService/GetItema4e4f06a-6ba9-4f5a-b2f8-1d693919e458,4.999549128115177,4.999549128115177,3.0,1,1,0
/CatalogService/GetItema619a49a-c280-45b3-8f5f-481433d27805,5.290545057505369,5.290545057505369,3.0,1,1,0
/CatalogService/GetItema75e9cd4-489e-41c8-ab5a-ba0ae2e571ae,5.732045043259859,5.732045043259859,3.0,1,1,0
/CatalogService/GetItema7ef412c-2be0-4264-9e34-74fd70db5d6b,3.1003328040242195,3.1003328040242195,3.0,1,1,0
/CatalogService/GetItema9240a68-0baa-414c-9172-8716e7ac0959,3.3342321403324604,3.3342321403324604,3.0,1,1,0
/CatalogService/GetItemac094089-295a-42c1-8019-4f500aeda939,4.343091975897551,4.343091975897551,3.0,1,1,0
/CatalogService/GetItemb317d253-90a5-4161-9eaf-99a9aa2e8450,5.234672222286463,5.234672222286463,3.0,1,1,0
/CatalogService/GetItemb445fdc9-6088-4bb8-8ef7-080a91000663,3.464094828814268,3.464094828814268,3.0,1,1,0
/CatalogService/GetItemb57872f5-2011-459e-a453-ca727bed4f3e,6.220383103936911,6.220383103936911,3.0,1,1,0
/CatalogService/GetItembc5477b7-4c05-450d-b3ae-53f6cbd8cdff,6.430761888623238,6.430761888623238,3.0,1,1,0
/CatalogService/GetItemc4890034-7776-4884-b184-89bdade90e72,5.517391953617334,5.517391953617334,3.0,1,1,0
/CatalogService/GetItemc64909c6-819c-4580-9686-36d5274fa7f9,1.8965019844472408,1.8965019844472408,3.0,1,1,0
/CatalogService/GetItemc82816b9-64af-4a5f-925f-3298ceef70f4,7.515505887567997,7.515505887567997,3.0,1,1,0
/CatalogService/GetItemc9cc12f7-ceea-4b3a-a036-15305ee8e159,3.9228289388120174,3.9228289388120174,3.0,1,1,0
/CatalogService/GetItemca27b8e7-ca60-420a-bf2a-5ffaabcd85af,5.042369943112135,5.042369943112135,3.0,1,1,0
/CatalogService/GetItemcd210330-edb8-45d1-b242-aded153bdecc,2.093725837767124,2.093725837767124,3.0,1,1,0
/CatalogService/GetItemcea58bbd-09b2-4b94-959c-07ab122f1dcb,3.153173252940178,3.153173252940178,3.0,1,1,0
/CatalogService/GetItemced4c637-b013-4411-9735-a621907a2568,5.187987349927425,5.187987349927425,3.0,1,1,0
/CatalogService/GetItemd78fb172-9b21-46ca-9f74-68175dcd7205,3.150364849716425,3.150364849716425,3.0,1,1,0
/CatalogService/GetItemd9ad0f31-435e-47b4-be2a-669fed4cb10f,4.558612126857042,4.558612126857042,3.0,1,1,0
/CatalogService/GetItemd9f2f51f-05fa-46d1-a10c-bea16d6103ed,5.689725279808044,5.689725279808044,3.0,1,1,0
/CatalogService/GetItemde858af0-4907-404c-a91e-860b848a3a9e,10.012786835432053,10.012786835432053,3.0,1,1,0
/CatalogService/GetIteme0f35b7d-f289-4994-9c6e-e012c3bdfd2e,7.1045150980353355,7.1045150980353355,3.0,1,1,0
/CatalogService/GetItemecaefa94-72d4-4df5-b711-5809dc085bcb,6.22989609837532,6.22989609837532,3.0,1,1,0
/CatalogService/GetItemf68d39f8-6888-48ba-b824-7cc0d1dd44e1,6.826487835496664,6.826487835496664,3.0,1,1,0
/CatalogService/GetItemfde2e45c-57ff-422a-a471-64805cd29792,4.311279859393835,4.311279859393835,3.0,1,1,0
/CatalogService/UpdateItem00825316-dd13-4538-a014-929b1c8c06c6,4.020224791020155,4.020224791020155,50.0,1,1,0
/CatalogService/UpdateItem0aa3e8ec-a446-414f-955c-987476eed76b,6.230117753148079,6.230117753148079,50.0,1,1,0
/CatalogService/UpdateItem0b46179c-78fa-490c-9a50-da1fb5bbd302,9.739656932651997,9.739656932651997,50.0,1,1,0
/CatalogService/UpdateItem0d0edda9-f5e4-43af-918c-cf102d250620,14.123588800430298,14.123588800430298,50.0,1,1,0
/CatalogService/UpdateItem0e7faab5-4683-4272-9f12-975aae509417,5.20665617659688,5.20665617659688,50.0,1,1,0
/CatalogService/UpdateItem1bc7556d-196b-444e-b2da-1566ad7e335c,9.184648748487234,9.184648748487234,50.0,1,1,0
/CatalogService/UpdateItem1cebb5c1-7f11-468e-b57a-c622951aa553,4.503005649894476,4.503005649894476,50.0,1,1,0
/CatalogService/UpdateItem219b59a6-7d73-4fbb-af11-3b2b5e8bb462,4.699961747974157,4.699961747974157,50.0,1,1,0
/CatalogService/UpdateItem28aa8901-d415-465f-b736-ed2feae570a8,8.97308299317956,8.97308299317956,50.0,1,1,0
/CatalogService/UpdateItem28eae854-c0c1-4ed3-823d-9c90158b87ee,10.658851824700832,10.658851824700832,50.0,1,1,0
/CatalogService/UpdateItem2c018688-3414-4663-b813-13e26d9f030a,3.9271553978323936,3.9271553978323936,50.0,1,1,0
/CatalogService/UpdateItem2d0ed39b-86b4-4015-96bb-653a1c8658af,8.489831816405058,8.489831816405058,50.0,1,1,0
/CatalogService/UpdateItem2fc22aab-fcd8-437c-a2f8-7c9df9efafe0,4.636480938643217,4.636480938643217,50.0,1,1,0
/CatalogService/UpdateItem36e5fcc9-8394-495e-acfa-8818ff5170e6,6.321813445538282,6.321813445538282,49.0,1,1,0
/CatalogService/UpdateItem38208c78-4fde-47b7-a28d-ee5cf11cdbd8,7.784905843436718,7.784905843436718,50.0,1,1,0
/CatalogService/UpdateItem3aa65982-9d3b-4cb9-b785-a15c0447e17b,9.12655983120203,9.12655983120203,50.0,1,1,0
/CatalogService/UpdateItem3b205e2b-67b3-4f2f-a98b-66c50d4c8563,2.5659091770648956,2.5659091770648956,50.0,1,1,0
/CatalogService/UpdateItem3ec9658b-135f-4801-892b-498f24eee9d0,4.986499901860952,4.986499901860952,50.0,1,1,0
/CatalogService/UpdateItem42b374a6-112c-401a-8df2-024c87ed92b8,13.39518092572689,13.39518092572689,50.0,1,1,0
/CatalogService/UpdateItem48a9477f-2b93-4ba2-b723-881f8c91ec67,4.659941885620356,4.659941885620356,50.0,1,1,0
/CatalogService/UpdateItem506a17b7-ae10-4417-a811-ad20c28c56f3,13.322245329618454,13.322245329618454,50.0,1,1,0
/CatalogService/UpdateItem521c4ca0-fc5b-4ba0-853e-7aa6d2acc270,10.223285295069218,10.223285295069218,50.0,1,1,0
/CatalogService/UpdateItem52c7fbfc-c169-4583-a4cc-4028719deee3,9.797308128327131,9.797308128327131,50.0,1,1,0
/CatalogService/UpdateItem54215f32-f963-424a-b0b6-b935d7af67f5,2.7054548263549805,2.7054548263549805,50.0,1,1,0
/CatalogService/UpdateItem558d0f86-6f39-4b83-b8e2-6c38caff9cfa,4.587625153362751,4.587625153362751,50.0,1,1,0
/CatalogService/UpdateItem55aa70bd-1de1-43dd-8527-1019f26fd9d1,4.884480033069849,4.884480033069849,50.0,1,1,0
/CatalogService/UpdateItem59e80fae-cbb4-42a3-b5b5-cc62b37ebea5,8.860933128744364,8.860933128744364,50.0,1,1,0
/CatalogService/UpdateItem5cad1e12-2423-47e7-994b-279960a8752c,6.638849154114723,6.638849154114723,50.0,1,1,0
/CatalogService/UpdateItem61db14c4-dfbb-463d-be8e-b64ea1c064c4,4.164251033216715,4.164251033216715,50.0,1,1,0
/CatalogService/UpdateItem68a266c1-c23c-4c24-9b98-3d02c327770c,9.586133994162083,9.586133994162083,50.0,1,1,0
/CatalogService/UpdateItem68bd2619-48e8-4c98-a157-d559bb29381e,4.159046802669764,4.159046802669764,50.0,1,1,0
/CatalogService/UpdateItem6fab1ea3-2152-4c8a-b623-6ee2e5c57f5d,9.11630317568779,9.11630317568779,50.0,1,1,0
/CatalogService/UpdateItem70ed6457-5ccb-4310-bb35-b3e0f7194b16,7.942449301481247,7.942449301481247,50.0,1,1,0
/CatalogService/UpdateItem73b54a47-6d24-42e1-b077-41eace140361,4.622411914169788,4.622411914169788,50.0,1,1,0
/CatalogService/UpdateItem7b6dd648-8439-46c3-94a7-0b37c48a1dcd,8.056177757680416,8.056177757680416,50.0,1,1,0
/CatalogService/UpdateItem7ccf19f3-5dec-45ff-b938-70a830e55177,17.74581102654338,17.74581102654338,50.0,1,1,0
/CatalogService/UpdateItem7e8814b8-3b51-49b0-86d7-e08be05b8c0a,10.8155757188797,10.8155757188797,49.0,1,1,0
/CatalogService/UpdateItem8170aaea-f4dd-470b-a178-c7730e07403b,5.681790877133608,5.681790877133608,49.0,1,1,0
/CatalogService/UpdateItem841e85a3-6f44-4a9b-a590-a06056b2f427,8.608200121670961,8.608200121670961,50.0,1,1,0
/CatalogService/UpdateItem8637a3c9-67ae-44c2-99a6-f153c495e13a,12.06678757444024,12.06678757444024,50.0,1,1,0
/CatalogService/UpdateItem8a3d4509-27e0-4d0f-a871-4e0fd6b8b19f,8.42774286866188,8.42774286866188,50.0,1,1,0
/CatalogService/UpdateItem8bac7c89-dfbc-464e-befe-f2be6c544e52,4.124687984585762,4.124687984585762,50.0,1,1,0
/CatalogService/UpdateItem910e4a8d-4690-47c0-afbd-1006479bff56,16.736777033656836,16.736777033656836,49.0,1,1,0
/CatalogService/UpdateItem912ed5d4-ac30-4c4b-8fb1-46db12056a3c,11.135774198919535,11.135774198919535,50.0,1,1,0
/CatalogService/UpdateItem932cd70c-1a79-4012-ad70-defcb115a27f,4.092398099601269,4.092398099601269,50.0,1,1,0
/CatalogService/UpdateItem93d34554-2013-4d39-afdc-1234f92dda00,13.581994455307722,13.581994455307722,50.0,1,1,0
/CatalogService/UpdateItem96d7433f-18d1-4859-8cac-b3092aba329e,14.192224014550447,14.192224014550447,50.0,1,1,0
/CatalogService/UpdateItem9ab5d878-8b72-4a5b-9788-cc941f8c4399,3.5437829792499542,3.5437829792499542,50.0,1,1,0
/CatalogService/UpdateItem9b7484fc-27d7-4256-87c8-f3e554caf159,8.234627079218626,8.234627079218626,50.0,1,1,0
/CatalogService/UpdateItem9ce036f3-a0e4-4cc3-b2ff-139f73cc789b,3.3031790517270565,3.3031790517270565,50.0,1,1,0
/CatalogService/UpdateItema20b475f-5360-439a-a203-95f2ad62c2c3,10.259048081934452,10.259048081934452,50.0,1,1,0
/CatalogService/UpdateItema58a6d4e-2bae-4f78-98f1-75c8f58c1477,9.033084847033024,9.033084847033024,50.0,1,1,0
/CatalogService/UpdateItemae69cdb0-38db-44e0-bdd3-24ed80851589,7.762053981423378,7.762053981423378,49.0,1,1,0
/CatalogService/UpdateItemb7f805af-0752-479e-9291-1d41d0ebdc0a,3.3063762821257114,3.3063762821257114,50.0,1,1,0
/CatalogService/UpdateItemba25a621-3e75-4171-bd80-e26b8e5a3383,3.567709121853113,3.567709121853113,50.0,1,1,0
/CatalogService/UpdateItemba5cf6e8-e79a-4986-90e7-a413234090ff,17.478878144174814,17.478878144174814,50.0,1,1,0
/CatalogService/UpdateItembaaa36ea-c544-4aef-b5f7-178892b90158,3.9194179698824883,3.9194179698824883,50.0,1,1,0
/CatalogService/UpdateItembc62b46a-5425-447d-9593-71c3cc9ceffa,5.199378821998835,5.199378821998835,50.0,1,1,0
/CatalogService/UpdateItembc9b00b0-c90e-4491-b21e-598986743884,7.400111295282841,7.400111295282841,50.0,1,1,0
/CatalogService/UpdateItembf008c0a-2f38-46d6-b900-d8fb1cd64494,16.1194228567183,16.1194228567183,50.0,1,1,0
/CatalogService/UpdateItemc15ae5c3-d8db-4e16-aabe-72c7ad28c0bb,9.67839965596795,9.67839965596795,50.0,1,1,0
/CatalogService/UpdateItemc400ce55-507b-45fa-97f3-60d1d8709ec7,17.317702993750572,17.317702993750572,50.0,1,1,0
/CatalogService/UpdateItemc4c8eadf-55ba-4540-bb19-cccdcfa392b1,4.6527492813766,4.6527492813766,50.0,1,1,0
/CatalogService/UpdateItemc55ec592-e387-4be2-b02d-12889e8a281c,5.695943720638752,5.695943720638752,50.0,1,1,0
/CatalogService/UpdateItemc6902952-b7bd-48f4-9d05-6c1a9a0e3150,7.30897719040513,7.30897719040513,50.0,1,1,0
/CatalogService/UpdateItemc8f64193-5a3e-4b48-b5e4-0abe158605d5,7.01835798099637,7.01835798099637,50.0,1,1,0
/CatalogService/UpdateItemd25da611-bed2-4f6d-80ac-f28143a92bd7,17.547484021633863,17.547484021633863,50.0,1,1,0
/CatalogService/UpdateItemdfd8d1e8-baca-4d65-adf7-22635da56c79,5.89979812502861,5.89979812502861,50.0,1,1,0
/CatalogService/UpdateIteme442c04f-fd6d-43fd-9e14-ee5d87b87fb7,4.21880604699254,4.21880604699254,50.0,1,1,0
/CatalogService/UpdateIteme4d149ba-2ed8-47bf-8b83-f4fe492ad938,2.73129902780056,2.73129902780056,50.0,1,1,0
/CatalogService/UpdateIteme6b306cd-f61b-4487-8de5-aee487265ba1,7.525405380874872,7.525405380874872,50.0,1,1,0
/CatalogService/UpdateIteme7123926-a1b1-40d1-97da-164767a4d857,8.519534021615982,8.519534021615982,50.0,1,1,0
/CatalogService/UpdateIteme9041f61-69a2-4af2-99a0-eb16bf1f4a07,7.891895715147257,7.891895715147257,50.0,1,1,0
/CatalogService/UpdateItemeb649158-252b-4794-b1be-c24cba2d4afe,15.789068769663572,15.789068769663572,50.0,1,1,0
/CatalogService/UpdateItemebc5b125-e3b5-40e3-8702-6b8a8a134c8e,11.371290311217308,11.371290311217308,50.0,1,1,0
/CatalogService/UpdateItemf61503b2-e6d7-49f5-8058-00b8faccb186,4.380880389362574,4.380880389362574,50.0,1,1,0
/CatalogService/UpdateItemf6e404fb-e242-4245-b48a-0b83ebe16852,11.226454749703407,11.226454749703407,50.0,1,1,0
/CatalogService/UpdateItemf9cb21e4-239a-4bf7-86e0-490180845287,5.006095860153437,5.006095860153437,50.0,1,1,0
/CatalogService/UpdateItemfbed0905-758d-4283-b1d4-0a563b64dc36,7.434367202222347,7.434367202222347,50.0,1,1,0
/CatalogService/UpdateItemffa519e3-c2d3-4183-8518-79217ffce068,3.64544615149498,3.64544615149498,50.0,1,1,0
/CustomerService/CreateCustomer011fa5d5-2fe4-4506-8b47-8774fa992028,8.009928744286299,8.009928744286299,50.0,1,1,0
/CustomerService/CreateCustomer025d3f2d-0a09-4499-94e9-ad995be32911,6.198129151016474,6.198129151016474,50.0,1,1,0
/CustomerService/CreateCustomer0780e8ce-2eeb-4393-b83f-d28006fe10b5,4.857719875872135,4.857719875872135,50.0,1,1,0
/CustomerService/CreateCustomer0b962d56-1186-49b6-b178-d6a21f01476e,12.04706309363246,12.04706309363246,50.0,1,1,0
/CustomerService/CreateCustomer0d797fc8-6ab5-484b-9ee3-86f1fdce49cb,6.171134300529957,6.171134300529957,50.0,1,1,0
/CustomerService/CreateCustomer106fbe4d-6180-4d6f-9e49-8c28e170e35e,11.105770710855722,11.105770710855722,50.0,1,1,0
/CustomerService/CreateCustomer1130582c-daa9-420b-a982-f5535a599572,5.6946962140500546,5.6946962140500546,50.0,1,1,0
/CustomerService/CreateCustomer13a659dd-3bd4-4a8a-bfb3-c5754ccaf737,4.183315206319094,4.183315206319094,50.0,1,1,0
/CustomerService/CreateCustomer14aee95e-7c97-412d-a50b-fd84b5f28953,5.761160980910063,5.761160980910063,50.0,1,1,0
/CustomerService/CreateCustomer1c369791-ab47-41e8-839e-14ef02f04697,5.170309450477362,5.170309450477362,50.0,1,1,0
/CustomerService/CreateCustomer1ed405e9-5d5e-4b54-8a09-e9bdbc79b0c3,5.560954101383686,5.560954101383686,50.0,1,1,0
/CustomerService/CreateCustomer212d2f02-898a-4a53-81be-c1f5794f8bc1,4.742998164147139,4.742998164147139,50.0,1,1,0
/CustomerService/CreateCustomer28107495-351a-4aff-8c8c-76a38091454f,5.982302129268646,5.982302129268646,50.0,1,1,0
/CustomerService/CreateCustomer28f84a96-0e2c-4342-9046-816806f490d9,9.24634002149105,9.24634002149105,50.0,1,1,0
/CustomerService/CreateCustomer28fc225d-390b-41fe-94c4-671772c7cde5,6.370338145643473,6.370338145643473,50.0,1,1,0
/CustomerService/CreateCustomer330d5c06-6fd8-4385-8a24-f1c37ec2594b,8.113872725516558,8.113872725516558,50.0,1,1,0
/CustomerService/CreateCustomer373f89cb-1258-4e43-893b-30f60d1d85ef,11.95084536448121,11.95084536448121,50.0,1,1,0
/CustomerService/CreateCustomer3b2b5ae8-e11d-4c8b-a660-5217a927a696,5.752916913479567,5.752916913479567,50.0,1,1,0
/CustomerService/CreateCustomer3d9b4b31-93a8-4edd-a9e2-6911fae41ec5,3.8733617402613163,3.8733617402613163,50.0,1,1,0
/CustomerService/CreateCustomer3e365a5d-5925-4bb7-9d91-f8081a9b1ee1,6.14530174061656,6.14530174061656,50.0,1,1,0
/CustomerService/CreateCustomer3e3ffc60-8ecd-4339-b6b2-ab68aa21b0b3,7.263322826474905,7.263322826474905,50.0,1,1,0
/CustomerService/CreateCustomer401c1b65-10ab-4151-9c01-70a440ab707a,14.568740967661142,14.568740967661142,50.0,1,1,0
/CustomerService/CreateCustomer4377bb2b-7c41-4fa7-b015-c788adbda196,5.354227032512426,5.354227032512426,50.0,1,1,0
/CustomerService/CreateCustomer4433c347-6ae4-4cf8-babb-c807d7d97a0a,6.7318882793188095,6.7318882793188095,50.0,1,1,0
/CustomerService/CreateCustomer4b18116e-75d0-413d-afb2-7a5df25b3a23,21.026459988206625,21.026459988206625,50.0,1,1,0
/CustomerService/CreateCustomer4e6d2a65-fb47-4976-b4cf-bcd848f9d04d,5.9319231659173965,5.9319231659173965,50.0,1,1,0
/CustomerService/CreateCustomer5077c881-3c26-4608-b710-4ad379085048,4.209622740745544,4.209622740745544,50.0,1,1,0
/CustomerService/CreateCustomer55c38a7b-a482-4667-a8c3-1320dfa9684c,4.731425084173679,4.731425084173679,50.0,1,1,0
/CustomerService/CreateCustomer580217c4-d2ea-4222-a8a1-339a0ab3c59d,5.223799962550402,5.223799962550402,50.0,1,1,0
/CustomerService/CreateCustomer5851be61-c7d8-457c-81ae-c7b26bb9c641,4.517330788075924,4.517330788075924,50.0,1,1,0
/CustomerService/CreateCustomer59528db9-5398-4242-a080-b5bc127a1774,3.9045908488333225,3.9045908488333225,50.0,1,1,0
/CustomerService/CreateCustomer62f5ffee-fbb2-4041-90ef-a2ebc6e4a007,7.223987020552158,7.223987020552158,50.0,1,1,0
/CustomerService/CreateCustomer66721334-0efd-4402-bb52-37781a99b9c1,5.568017717450857,5.568017717450857,50.0,1,1,0
/CustomerService/CreateCustomer6715a44a-bcfd-4f32-ad9b-d1ca31df13f1,9.444343857467175,9.444343857467175,50.0,1,1,0
/CustomerService/CreateCustomer706ae617-2e1d-4e74-85f5-33b63a63becd,6.472656968981028,6.472656968981028,50.0,1,1,0
/CustomerService/CreateCustomer77863284-51dd-44c6-9e77-c33c3fe61b0f,5.944683216512203,5.944683216512203,50.0,1,1,0
/CustomerService/CreateCustomer7ac5f8de-546f-4b96-b583-6cad44389e72,5.843946244567633,5.843946244567633,50.0,1,1,0
/CustomerService/CreateCustomer7c8c2a0c-9683-43d8-8804-b69417f1fd8b,3.5780882462859154,3.5780882462859154,50.0,1,1,0
/CustomerService/CreateCustomer869e1ce4-6437-4eb1-ab9c-d56465b0980e,12.093395926058292,12.093395926058292,50.0,1,1,0
/CustomerService/CreateCustomer86a6744e-04be-42d5-abc9-5aebcfa5a97a,14.506722800433636,14.506722800433636,50.0,1,1,0
/CustomerService/CreateCustomer885a32da-ef11-4c6d-a2d3-5674175ee542,15.525017865002155,15.525017865002155,50.0,1,1,0
/CustomerService/CreateCustomer893dde3f-1a18-4b69-b18f-a96049ba7902,7.786195259541273,7.786195259541273,50.0,1,1,0
/CustomerService/CreateCustomer92691f4c-71f3-4bd6-a4c4-865c9fec920e,7.93511001393199,7.93511001393199,50.0,1,1,0
/CustomerService/CreateCustomer946c9747-dec0-4881-9d97-4d7b9b6b8ea7,5.860840901732445,5.860840901732445,50.0,1,1,0
/CustomerService/CreateCustomer998412e4-6af7-4e8d-ba32-ef056f0691fe,12.248493265360594,12.248493265360594,50.0,1,1,0
/CustomerService/CreateCustomer9d8a1cc5-fee8-4167-a22b-2402cc0f73d4,5.160743836313486,5.160743836313486,50.0,1,1,0
/CustomerService/CreateCustomera0b69d11-71be-4f2d-97f6-ba9661d1719b,5.191073752939701,5.191073752939701,50.0,1,1,0
/CustomerService/CreateCustomera13d5e4f-b123-4ccc-ba54-e00ecff3d2be,9.21578984707594,9.21578984707594,50.0,1,1,0
/CustomerService/CreateCustomerab463109-bf8c-49e4-9eaf-a2c5f9065a2b,6.402408238500357,6.402408238500357,50.0,1,1,0
/CustomerService/CreateCustomeracd7b815-3196-4fdb-8ff5-d94ba310c19d,5.657408852130175,5.657408852130175,50.0,1,1,0
/CustomerService/CreateCustomerad329235-3ebb-4995-84c1-559f8ec89bc9,4.807948134839535,4.807948134839535,50.0,1,1,0
/CustomerService/CreateCustomerae06677c-eb5f-41c1-b170-035528b8c74e,4.946629982441664,4.946629982441664,50.0,1,1,0
/CustomerService/CreateCustomerb1fca015-cb4e-4610-ad3a-7aa8b901f9eb,5.856934003531933,5.856934003531933,50.0,1,1,0
/CustomerService/CreateCustomerbf0270bb-23f4-45a6-8646-853a4ff49a29,13.862807303667068,13.862807303667068,50.0,1,1,0
/CustomerService/CreateCustomerc903cc92-3477-49f7-8ccd-f9d3eb097bfe,8.663150016218424,8.663150016218424,50.0,1,1,0
/CustomerService/CreateCustomerca96a543-9d34-4fef-8242-5c1809ef5d87,5.539339035749435,5.539339035749435,50.0,1,1,0
/CustomerService/CreateCustomercbb276ca-5abb-4691-9595-1316bc3f0f31,6.131026893854141,6.131026893854141,50.0,1,1,0
/CustomerService/CreateCustomercbc6bbb5-c4e4-4b00-a86c-635b8b3ad9cc,4.804097581654787,4.804097581654787,50.0,1,1,0
/CustomerService/CreateCustomerccfb8be4-f682-452c-9ddc-09f9700ed1f6,10.338607709854841,10.338607709854841,50.0,1,1,0
/CustomerService/CreateCustomercec4199f-e008-40f7-8f92-544c56c6c33f,5.238191690295935,5.238191690295935,50.0,1,1,0
/CustomerService/CreateCustomerd6b3a259-1b38-4d0e-8830-199488224e6f,3.542119637131691,3.542119637131691,50.0,1,1,0
/CustomerService/CreateCustomerdaa8b720-28b9-477d-aac0-ef20e74725e7,14.580029994249344,14.580029994249344,50.0,1,1,0
/CustomerService/CreateCustomerde790ab8-3ce6-4241-b18d-5698b4630449,5.445708986371756,5.445708986371756,50.0,1,1,0
/CustomerService/CreateCustomerdfba3570-abd1-48f0-bc34-c1a0e5e8ddb9,5.091183818876743,5.091183818876743,50.0,1,1,0
/CustomerService/CreateCustomere11ba1f0-2abb-4460-ad54-9f33cad1f02f,4.831376951187849,4.831376951187849,50.0,1,1,0
/CustomerService/CreateCustomere44f99b8-965d-407e-ab4f-3cc63bf6e3fa,11.886406224220991,11.886406224220991,50.0,1,1,0
/CustomerService/CreateCustomere4e103a6-a90a-48cc-9366-9ca6c9ad4ae6,4.837140906602144,4.837140906602144,50.0,1,1,0
/CustomerService/CreateCustomere6cff3ef-6d92-48ba-9f6f-760bbc48c731,10.93007018789649,10.93007018789649,50.0,1,1,0
/CustomerService/CreateCustomere96ef1d2-f4c0-49f6-9d17-6aa8a031cf73,4.054226912558079,4.054226912558079,50.0,1,1,0
/CustomerService/CreateCustomerec594f23-db21-4537-b7b1-cab6fde273e2,6.082090083509684,6.082090083509684,50.0,1,1,0
/CustomerService/CreateCustomereedc6f03-de3a-470a-8680-cc8004c04d88,5.570105742663145,5.570105742663145,50.0,1,1,0
/CustomerService/CreateCustomerf470e97c-2bca-468f-838b-b6454af23be8,7.009531836956739,7.009531836956739,50.0,1,1,0
/CustomerService/CreateCustomerf52a5565-871b-4dd6-9008-0ba6e1188fc6,4.876337945461273,4.876337945461273,50.0,1,1,0
/CustomerService/CreateCustomerf6d08954-3dd2-4167-9587-58f2d00aafb9,5.779602099210024,5.779602099210024,50.0,1,1,0
/CustomerService/CreateCustomerf86ff9f1-8259-4e75-8386-09815913903c,6.238594651222229,6.238594651222229,50.0,1,1,0
/CustomerService/CreateCustomerfa958976-d3ac-45e9-bd70-9766f6d6f3cc,5.821201950311661,5.821201950311661,50.0,1,1,0
/CustomerService/CreateCustomerfc0132dc-d14b-4b0f-a645-82162d059fb3,6.718557793647051,6.718557793647051,50.0,1,1,0
/CustomerService/CreateCustomerfc9fd486-a60e-402e-ac05-afe878bd54e8,6.344578228890896,6.344578228890896,50.0,1,1,0
/CustomerService/CreateCustomerfd8e15ef-7b70-4793-8e60-dba44a4913ea,5.743882153183222,5.743882153183222,50.0,1,1,0
/CustomerService/CreateCustomerfd979a77-3634-46e2-a123-fe7246237988,5.7852063328027725,5.7852063328027725,50.0,1,1,0
/CustomerService/UpdateCustomer14fa51a7-ab04-43ae-b956-3b0ebe319bd1,9.710048325359821,9.710048325359821,50.0,1,1,0
/CustomerService/UpdateCustomer1608259a-394b-46b3-9ba0-ef6cad5d1d43,7.322209421545267,7.322209421545267,50.0,1,1,0
/CustomerService/UpdateCustomer16983d03-7ed6-471d-9178-03f1f0c1bcbb,10.287659242749214,10.287659242749214,50.0,1,1,0
/CustomerService/UpdateCustomer186fc7d7-6480-4d0c-b5b8-cf8b1abba32a,7.217349950224161,7.217349950224161,50.0,1,1,0
/CustomerService/UpdateCustomer1a9e5e63-3f51-4c39-9b77-683b9d15e1b4,9.929988998919725,9.929988998919725,50.0,1,1,0
/CustomerService/UpdateCustomer1c41c293-0499-4cf8-9949-b9cdb0d50632,4.395576193928719,4.395576193928719,50.0,1,1,0
/CustomerService/UpdateCustomer1f8e7ebb-2210-47c3-98fc-42faadef2d60,7.154719904065132,7.154719904065132,50.0,1,1,0
/CustomerService/UpdateCustomer263a2d0a-16b7-4f22-8476-3686f18d9fd6,7.961714174598455,7.961714174598455,50.0,1,1,0
/CustomerService/UpdateCustomer26bfec31-a481-4a14-9116-4c9ce511a6cd,5.0270347855985165,5.0270347855985165,50.0,1,1,0
/CustomerService/UpdateCustomer27e91222-bb53-4e67-a1eb-2e273a0e5d3c,5.443757399916649,5.443757399916649,50.0,1,1,0
/CustomerService/UpdateCustomer2c07a821-d356-4c17-a446-156f42913386,7.014311384409666,7.014311384409666,50.0,1,1,0
/CustomerService/UpdateCustomer30cd9c7a-700b-4571-850a-06698834aee7,16.2732838653028,16.2732838653028,50.0,1,1,0
/CustomerService/UpdateCustomer3250f81b-8f96-4ad3-8b7c-c071c1436a5f,21.911618299782276,21.911618299782276,50.0,1,1,0
/CustomerService/UpdateCustomer34449ca5-d3e2-41cc-94e8-f032995f688b,6.013853009790182,6.013853009790182,50.0,1,1,0
/CustomerService/UpdateCustomer382a0dd4-cd08-43f8-9d2f-d915d7e1fe6a,9.364628233015537,9.364628233015537,50.0,1,1,0
/CustomerService/UpdateCustomer39f7799e-50d5-4d29-8ae8-58759e0ab09a,4.181590396910906,4.181590396910906,50.0,1,1,0
/CustomerService/UpdateCustomer3f157d88-336c-48a5-a27d-9fa915022baa,11.192974168807268,11.192974168807268,50.0,1,1,0
/CustomerService/UpdateCustomer3fec240a-90f3-4865-a6ab-9f1f31ed95ce,4.182624630630016,4.182624630630016,50.0,1,1,0
/CustomerService/UpdateCustomer464fe322-b965-46c8-81fa-f3696ac4c686,4.178802948445082,4.178802948445082,50.0,1,1,0
/CustomerService/UpdateCustomer512fbb67-f559-4d10-ab8f-4cca12b9fce0,6.794279906898737,6.794279906898737,50.0,1,1,0
/CustomerService/UpdateCustomer52f96bc7-33c2-4867-b1de-b628ef10e348,9.578906930983067,9.578906930983067,50.0,1,1,0
/CustomerService/UpdateCustomer54e154a1-0e76-4591-b887-af8937512004,8.265523239970207,8.265523239970207,50.0,1,1,0
/CustomerService/UpdateCustomer555066a3-917b-4d2b-b97a-9ff2440733c8,14.21197410672903,14.21197410672903,50.0,1,1,0
/CustomerService/UpdateCustomer56445a9d-b10b-4a94-80fd-90d3c556cf8e,9.32486867532134,9.32486867532134,50.0,1,1,0
/CustomerService/UpdateCustomer56dc6516-358b-4fec-b945-b6ccd3c54ceb,9.721735026687384,9.721735026687384,50.0,1,1,0
/CustomerService/UpdateCustomer578bd167-699e-48f3-ad9c-52da41d287ec,9.983218275010586,9.983218275010586,50.0,1,1,0
/CustomerService/UpdateCustomer57da3d26-3b7e-442a-9bb5-9342debd0385,9.647247847169638,9.647247847169638,50.0,1,1,0
/CustomerService/UpdateCustomer5ec55be0-42bf-47cb-95d9-6960bc25b297,9.357817936688662,9.357817936688662,50.0,1,1,0
/CustomerService/UpdateCustomer5f74f23e-abe4-42b9-8a91-715f75457781,26.264118030667305,26.264118030667305,50.0,1,1,0
/CustomerService/UpdateCustomer6082681e-74d5-4de9-8a92-c1c772e50c8d,4.881266970187426,4.881266970187426,50.0,1,1,0
/CustomerService/UpdateCustomer692df9f8-68e3-4e41-bc05-915a588ffb2b,7.256621029227972,7.256621029227972,50.0,1,1,0
/CustomerService/UpdateCustomer6b3146dc-0808-4fbd-a11c-bd20c0d941c7,9.152292739599943,9.152292739599943,50.0,1,1,0
/CustomerService/UpdateCustomer6d3e0f03-10b3-4b52-b3fd-ae1907f399b7,11.180436238646507,11.180436238646507,50.0,1,1,0
/CustomerService/UpdateCustomer6fca48e1-1373-48fa-ac29-5f457c7d238d,12.800727039575577,12.800727039575577,50.0,1,1,0
/CustomerService/UpdateCustomer7df78051-267d-42e8-8e74-5f43d6e84f48,8.413311094045639,8.413311094045639,50.0,1,1,0
/CustomerService/UpdateCustomer811d3706-f8f4-4323-a84e-9f31ecc2d072,5.456820130348206,5.456820130348206,50.0,1,1,0
/CustomerService/UpdateCustomer81ba6e5b-dd80-488e-a9b1-bee2908eb386,10.878798086196184,10.878798086196184,50.0,1,1,0
/CustomerService/UpdateCustomer81cd50bf-888d-40cd-9c8c-269c0a853385,11.151503305882215,11.151503305882215,50.0,1,1,0
/CustomerService/UpdateCustomer836309ff-c75c-4443-8caf-b3e0e472506f,7.665732875466347,7.665732875466347,50.0,1,1,0
/CustomerService/UpdateCustomer89c76435-8c65-4a82-bc4e-ddfdc42de626,5.974008701741695,5.974008701741695,50.0,1,1,0
/CustomerService/UpdateCustomer8dc43591-83c2-483f-b915-449aa6a8e09b,7.814615033566952,7.814615033566952,50.0,1,1,0
/CustomerService/UpdateCustomer8fc96977-61e2-476f-b088-f695e5fb9f9e,4.58911107853055,4.58911107853055,50.0,1,1,0
/CustomerService/UpdateCustomer9585cd12-3596-49da-b1a3-eee5ba6217d4,8.830558974295855,8.830558974295855,50.0,1,1,0
/CustomerService/UpdateCustomer9d9923b6-f0b6-467c-bac1-420d4542ce36,13.101711869239807,13.101711869239807,50.0,1,1,0
/CustomerService/UpdateCustomer9d9aea00-4fa8-47f2-a951-22cd7358650c,17.32505578547716,17.32505578547716,50.0,1,1,0
/CustomerService/UpdateCustomer9df8a521-13d4-4606-ae9c-32ca63ec955f,9.074527770280838,9.074527770280838,50.0,1,1,0
/CustomerService/UpdateCustomer9ea63eae-7452-474d-9034-6f584ad9e9f6,8.51287692785263,8.51287692785263,50.0,1,1,0
/CustomerService/UpdateCustomer9f667b39-be37-4b99-9cc6-9525ed05a83d,10.596607811748981,10.596607811748981,50.0,1,1,0
/CustomerService/UpdateCustomer9ff58f78-671d-4baa-89ff-90993d471804,22.26073434576392,22.26073434576392,50.0,1,1,0
/CustomerService/UpdateCustomera06418f5-7e59-4941-a7aa-620045e43a17,5.0132558681070805,5.0132558681070805,50.0,1,1,0
/CustomerService/UpdateCustomera1e18985-6cb0-420f-84e2-d55effb5af89,5.364047829061747,5.364047829061747,50.0,1,1,0
/CustomerService/UpdateCustomera79bc7e5-c6e5-4d38-9812-9c3ef60b0519,7.838019635528326,7.838019635528326,50.0,1,1,0
/CustomerService/UpdateCustomera807e63d-f059-4ba7-bf40-ce69da7e7fab,8.687641937285662,8.687641937285662,50.0,1,1,0
/CustomerService/UpdateCustomerac923db2-2638-49a8-92b3-49cf9416ca74,19.291596952825785,19.291596952825785,50.0,1,1,0
/CustomerService/UpdateCustomeraeaee152-f9f0-47c9-84b3-b11da3220bbf,4.808555822819471,4.808555822819471,50.0,1,1,0
/CustomerService/UpdateCustomerb2176313-4099-4dc4-91b5-9ccb22a83c81,6.283871829509735,6.283871829509735,50.0,1,1,0
/CustomerService/UpdateCustomerb284da24-c70a-4b7b-8d04-e487993df099,5.612331908196211,5.612331908196211,50.0,1,1,0
/CustomerService/UpdateCustomerb2cd31a3-aa10-4799-875d-40daee4c614d,11.985037941485643,11.985037941485643,50.0,1,1,0
/CustomerService/UpdateCustomerb66c029e-5ac8-4d75-aa88-e95d10b6a0b5,9.604705031961203,9.604705031961203,50.0,1,1,0
/CustomerService/UpdateCustomerb83487c0-3445-4a59-9d09-4a05f18a669d,8.01521586254239,8.01521586254239,50.0,1,1,0
/CustomerService/UpdateCustomerbb3b9d67-ce45-47ef-b17c-ada38da012e2,10.088495910167694,10.088495910167694,50.0,1,1,0
/CustomerService/UpdateCustomerc5854a55-74c9-4205-9f87-824f09110a41,4.809768870472908,4.809768870472908,50.0,1,1,0
/CustomerService/UpdateCustomerc7d2b92d-84b9-4e8b-b0b0-a81ad26822ba,3.915121778845787,3.915121778845787,50.0,1,1,0
/CustomerService/UpdateCustomerc8942cb8-798a-453d-a1e0-787140e6b08a,3.0690347775816917,3.0690347775816917,50.0,1,1,0
/CustomerService/UpdateCustomerd06a5938-f74e-4518-b2a1-8dd19b6633dd,4.924017935991287,4.924017935991287,50.0,1,1,0
/CustomerService/UpdateCustomerd3d0487b-5548-4a57-9bb7-85d32913d229,4.809339065104723,4.809339065104723,50.0,1,1,0
/CustomerService/UpdateCustomerd429c2ef-a4cc-4e92-993a-ef0a7b8a5535,4.958714824169874,4.958714824169874,50.0,1,1,0
/CustomerService/UpdateCustomerd90597fb-3416-47ec-a685-4cea9d6e0be2,7.053419016301632,7.053419016301632,50.0,1,1,0
/CustomerService/UpdateCustomerdd3ffa27-9197-4e6e-a0f1-c98a84d4580e,5.008338019251823,5.008338019251823,50.0,1,1,0
/CustomerService/UpdateCustomerdf0a1e2d-6c5c-4681-9d2f-c5cc20893add,26.19733428582549,26.19733428582549,50.0,1,1,0
/CustomerService/UpdateCustomere7c1d2d2-2d76-48e0-9c23-5c2c2a830228,7.590747904032469,7.590747904032469,50.0,1,1,0
/CustomerService/UpdateCustomere94a3fef-d505-4516-a327-8db2d2d1eb9b,4.653268959373236,4.653268959373236,50.0,1,1,0
/CustomerService/UpdateCustomered46530c-d31c-4591-92b7-ed3b7a8d3ab2,19.274938851594925,19.274938851594925,50.0,1,1,0
/CustomerService/UpdateCustomerefc5703c-388a-443c-b057-b852a01e0d46,8.7608159519732,8.7608159519732,50.0,1,1,0
/CustomerService/UpdateCustomerf0b71220-9211-4c22-bd98-e55b92d4831c,6.84867100790143,6.84867100790143,50.0,1,1,0
/CustomerService/UpdateCustomerf1228708-77fe-46f4-b790-432b2161b61b,19.424351397901773,19.424351397901773,50.0,1,1,0
/CustomerService/UpdateCustomerf2217cf1-b062-40e8-a8df-7460f55f9e43,8.096757344901562,8.096757344901562,50.0,1,1,0
/CustomerService/UpdateCustomerf340582a-f480-4df5-8c2f-befa7e04c4a7,10.667725000530481,10.667725000530481,50.0,1,1,0
/CustomerService/UpdateCustomerfa6959da-8f83-47d9-bc33-dcdb8f7a5d99,11.296226177364588,11.296226177364588,50.0,1,1,0
/CustomerService/UpdateCustomerfce1ec3f-426c-435f-80b1-93fe7c9d3e17,5.952668841928244,5.952668841928244,50.0,1,1,0
/CustomerService/getCustomer00d9e0dc-84ce-4d73-bd80-74c877a3732c,2.990744076669216,2.990744076669216,2.0,1,1,0
/CustomerService/getCustomer0164c977-f1fd-4cd9-b2ef-2841c55c6f09,2.5830604135990143,2.5830604135990143,2.0,1,1,0
/CustomerService/getCustomer05ae73b9-a973-4867-aef5-f50a4f4cf757,54.93122898042202,54.93122898042202,2.0,1,1,0
/CustomerService/getCustomer086268bb-059c-4405-a94b-1eb2d3168452,22.72634720429778,22.72634720429778,2.0,1,1,0
/CustomerService/getCustomer0cd3dabe-8f02-4f41-8531-20aac721934c,4.659571684896946,4.659571684896946,2.0,1,1,0
/CustomerService/getCustomer0d295e4d-48d4-493d-8f1a-526bfae496c1,4.753111861646175,4.753111861646175,2.0,1,1,0
/CustomerService/getCustomer0fd3d64a-572f-40ae-8755-686aae146844,4.096806049346924,4.096806049346924,2.0,1,1,0
/CustomerService/getCustomer1549ae13-f913-429c-a67e-1d6d4439b409,8.886002004146576,8.886002004146576,2.0,1,1,0
/CustomerService/getCustomer19b116fd-ba0b-438b-b286-f02470c77d63,3.18412808701396,3.18412808701396,2.0,1,1,0
/CustomerService/getCustomer1d5c1507-f13a-402f-a656-3d1fdb671731,5.603743717074394,5.603743717074394,2.0,1,1,0
/CustomerService/getCustomer2452591a-0884-4787-ab38-3f62a54d738e,5.722622387111187,5.722622387111187,2.0,1,1,0
/CustomerService/getCustomer2a222101-2daf-4ac2-bc68-840ebd4371ad,7.268872112035751,7.268872112035751,2.0,1,1,0
/CustomerService/getCustomer2c085e72-3288-4227-ba1c-30729013bf70,4.240972921252251,4.240972921252251,2.0,1,1,0
/CustomerService/getCustomer2c92304e-5a7a-43ff-843a-18e45cf9d438,12.692445889115334,12.692445889115334,2.0,1,1,0
/CustomerService/getCustomer2d7b4bba-691c-4419-90de-3443ea21dd61,2.9331082478165627,2.9331082478165627,2.0,1,1,0
/CustomerService/getCustomer30804764-aac4-467a-8922-199e5b5dd511,4.114009905606508,4.114009905606508,2.0,1,1,0
/CustomerService/getCustomer34ee425f-c456-417a-b8d4-6232582162e4,3.1451364047825336,3.1451364047825336,2.0,1,1,0
/CustomerService/getCustomer38bc8bb7-4147-4fce-adf8-fd8d17d55eaf,12.181746773421764,12.181746773421764,2.0,1,1,0
/CustomerService/getCustomer38cb397d-0194-4d6c-90be-baa0a04aa254,6.11396599560976,6.11396599560976,2.0,1,1,0
/CustomerService/getCustomer3aac7b3a-50af-4f16-a0ca-4e57be5576a0,2.418308984488249,2.418308984488249,2.0,1,1,0
/CustomerService/getCustomer401ee6dc-02b8-4380-9c78-c8c246813168,2.523522824048996,2.523522824048996,2.0,1,1,0
/CustomerService/getCustomer41d30c30-571e-4181-be75-97b420329e60,5.712979007512331,5.712979007512331,2.0,1,1,0
/CustomerService/getCustomer43741c59-6341-4ea7-87e8-3813500c468e,3.0540130101144314,3.0540130101144314,2.0,1,1,0
/CustomerService/getCustomer44cc6609-f03a-4897-8c9b-e96c585fc2d3,4.241380840539932,4.241380840539932,2.0,1,1,0
/CustomerService/getCustomer469e340f-c0f8-4dac-8d8d-d34a6375ffdf,2.7237641625106335,2.7237641625106335,2.0,1,1,0
/CustomerService/getCustomer4c7e3afa-f0f5-4cb3-bff1-d84bdfba70f3,6.748155690729618,6.748155690729618,2.0,1,1,0
/CustomerService/getCustomer4d97a0b6-d053-465e-b587-00ea2ab124d8,6.993879098445177,6.993879098445177,2.0,1,1,0
/CustomerService/getCustomer4da9079a-1f68-4cf8-951c-1ede398a5471,4.532929044216871,4.532929044216871,2.0,1,1,0
/CustomerService/getCustomer55b35232-4a32-4333-9277-caa82324f584,9.440131019800901,9.440131019800901,2.0,1,1,0
/CustomerService/getCustomer571feae3-940c-47ce-b4fa-76d2f72e3cd6,4.69463923946023,4.69463923946023,2.0,1,1,0
/CustomerService/getCustomer6259b660-2b92-4ffa-b629-9a7be93992aa,2.9030521400272846,2.9030521400272846,2.0,1,1,0
/CustomerService/getCustomer64d564ae-5dd9-4696-8ffa-c396da1539d5,5.106631200760603,5.106631200760603,2.0,1,1,0
/CustomerService/getCustomer68bc3d90-72f8-4f04-9d15-c1b72457989c,2.4191876873373985,2.4191876873373985,2.0,1,1,0
/CustomerService/getCustomer6a770fd9-2ad7-49ca-90c4-577df181d4c0,5.059896036982536,5.059896036982536,2.0,1,1,0
/CustomerService/getCustomer7880444e-76f3-46e2-b699-2b3620d8123c,2.476359251886606,2.476359251886606,2.0,1,1,0
/CustomerService/getCustomer7ccd0376-b952-4727-8565-81b97ef11dee,3.0081169679760933,3.0081169679760933,2.0,1,1,0
/CustomerService/getCustomer81fab1dc-7319-4830-bf5c-0fd3d5af4ebd,7.851944770663977,7.851944770663977,2.0,1,1,0
/CustomerService/getCustomer847b1470-5488-439d-9d92-dc9ee76efd12,6.391617935150862,6.391617935150862,2.0,1,1,0
/CustomerService/getCustomer87636f01-6c09-4459-8073-a9567c12c75d,5.849624052643776,5.849624052643776,2.0,1,1,0
/CustomerService/getCustomer885e2ccb-9913-46fa-9df6-b4e22c841482,4.490179009735584,4.490179009735584,2.0,1,1,0
/CustomerService/getCustomer8ef71782-ca30-45ee-9e52-49bbf6f8ea75,5.233391188085079,5.233391188085079,2.0,1,1,0
/CustomerService/getCustomer914fb489-8373-4974-bad0-bd953bb51b2e,4.825500305742025,4.825500305742025,2.0,1,1,0
/CustomerService/getCustomer91825087-9288-4402-bc3c-28ee72cdeb0d,2.7759247459471226,2.7759247459471226,2.0,1,1,0
/CustomerService/getCustomer93650ead-5b0b-4731-bc39-7c062b93c217,2.3836130276322365,2.3836130276322365,2.0,1,1,0
/CustomerService/getCustomer949fba55-c771-4d75-a6eb-cdbecdf8ad86,5.127415060997009,5.127415060997009,2.0,1,1,0
/CustomerService/getCustomer965bd134-b2f0-4d2f-8f94-815c5428d197,5.120790097862482,5.120790097862482,2.0,1,1,0
/CustomerService/getCustomer99260078-1bbb-4a8d-b382-d31a667fbdc9,6.530435290187597,6.530435290187597,2.0,1,1,0
/CustomerService/getCustomer9a66079d-0e60-4c82-b6fe-93cef4fab14b,5.611096043139696,5.611096043139696,2.0,1,1,0
/CustomerService/getCustomer9b1784de-a37a-4bb3-9ff8-2e6e80d5378d,2.2624097764492035,2.2624097764492035,2.0,1,1,0
/CustomerService/getCustomer9ce1ae32-4408-4447-b47b-c6240cb02519,3.555532079190016,3.555532079190016,2.0,1,1,0
/CustomerService/getCustomer9dee5cef-c9af-49f9-8dec-fd3e6aa4a0f4,6.716373842209578,6.716373842209578,2.0,1,1,0
/CustomerService/getCustomera674013f-a286-4d06-8a7f-e64cb0b82d15,2.86917295306921,2.86917295306921,2.0,1,1,0
/CustomerService/getCustomera99dbde1-95b4-4cce-954f-88e02087ffa6,6.868455093353987,6.868455093353987,2.0,1,1,0
/CustomerService/getCustomerac5ee1cb-d4e1-4c5d-91bb-eb326536a7bb,2.9570008628070354,2.9570008628070354,2.0,1,1,0
/CustomerService/getCustomerad62be34-f94d-4866-a57b-7a0fd35e91a4,2.53228098154068,2.53228098154068,2.0,1,1,0
/CustomerService/getCustomerb0011e22-ac6f-4dda-8d3b-fe3617833dbe,2.5666849687695503,2.5666849687695503,2.0,1,1,0
/CustomerService/getCustomerb5652344-a4c9-4768-ad2a-c3d70106a007,8.489140309393406,8.489140309393406,2.0,1,1,0
/CustomerService/getCustomerbb9bf6c7-748c-43e1-b82b-3c72989f53dc,4.140971228480339,4.140971228480339,2.0,1,1,0
/CustomerService/getCustomerbc644be9-597e-499b-a069-950c16cd4a6f,4.553467966616154,4.553467966616154,2.0,1,1,0
/CustomerService/getCustomerbf3acb58-a766-44ee-9968-593407f2484e,2.3841639049351215,2.3841639049351215,2.0,1,1,0
/CustomerService/getCustomerbfbeeea0-6db7-4757-8ebd-d560c0a25582,2.4168197996914387,2.4168197996914387,2.0,1,1,0
/CustomerService/getCustomerbfc4014e-5543-4653-b9a2-b15b9787fa0b,5.350499879568815,5.350499879568815,2.0,1,1,0
/CustomerService/getCustomerc1966b50-9314-4cca-aff6-43a997530337,10.299083776772022,10.299083776772022,2.0,1,1,0
/CustomerService/getCustomerc3e0bbdc-0917-4c5f-aa60-09e3745f4f87,8.914889302104712,8.914889302104712,2.0,1,1,0
/CustomerService/getCustomerc52d0b62-7335-48d2-91a3-aee4e2f0a275,2.8528613038361073,2.8528613038361073,2.0,1,1,0
/CustomerService/getCustomercaf4f669-89d0-4ee2-9e77-8d8ce4fabc05,3.3145230263471603,3.3145230263471603,2.0,1,1,0
/CustomerService/getCustomercb18233b-4403-49f2-a75f-639251e99d24,4.531484562903643,4.531484562903643,2.0,1,1,0
/CustomerService/getCustomercbd7c37b-d503-4d05-9c2e-144df4e277af,5.0726160407066345,5.0726160407066345,2.0,1,1,0
/CustomerService/getCustomerce8b07b6-8703-4e44-a1e8-e7212f99b47a,2.3192819207906723,2.3192819207906723,2.0,1,1,0
/CustomerService/getCustomerceb83ff3-b378-4b45-9b3a-4e8e2969c7f7,6.601726170629263,6.601726170629263,2.0,1,1,0
/CustomerService/getCustomercec02bb7-32d2-4e1a-bc50-663465b00dc5,8.491049986332655,8.491049986332655,2.0,1,1,0
/CustomerService/getCustomerda2ce603-1533-45b5-9c7f-6fc0149b681f,2.3465058766305447,2.3465058766305447,2.0,1,1,0
/CustomerService/getCustomerdc9361a9-f723-425a-9258-cc99c07956cd,19.574068021029234,19.574068021029234,2.0,1,1,0
/CustomerService/getCustomerdef2fc8e-d340-425a-ac57-ec3a6886392a,2.9656440019607544,2.9656440019607544,2.0,1,1,0
/CustomerService/getCustomere8a0be46-7f0d-474a-a789-58468fe12bbd,3.2747341319918633,3.2747341319918633,2.0,1,1,0
/CustomerService/getCustomerecbec035-ea29-435f-85d6-48e1e826a4e0,2.2891932167112827,2.2891932167112827,2.0,1,1,0
/CustomerService/getCustomeref51e0ec-98e1-4a9d-9666-2a89f502053d,5.826638080179691,5.826638080179691,2.0,1,1,0
/CustomerService/getCustomerf6705de3-d9fd-4243-8cef-eeacf7af83dc,4.596048966050148,4.596048966050148,2.0,1,1,0
/CustomerService/getCustomerf6a56f89-f411-49de-8e88-6f615c8d2c69,5.892444867640734,5.892444867640734,2.0,1,1,0
/CustomerService/getCustomerf9acdf62-94eb-4567-abfb-02bc3e2a9532,54.78262295946479,54.78262295946479,2.0,1,1,0
/OrderService/CreateOrder012c04c6-9e95-49da-88b6-f59cc15c73a1,4.034867975860834,4.034867975860834,50.0,1,1,0
/OrderService/CreateOrder01c72fe1-9ef5-426b-87f7-e9cb8a830198,3.227577079087496,3.227577079087496,50.0,1,1,0
/OrderService/CreateOrder02bc54a9-086b-4583-9185-a989bc92281d,3.4334156662225723,3.4334156662225723,50.0,1,1,0
/OrderService/CreateOrder0d511793-8f40-4050-be9c-a5aa0a713534,9.238584898412228,9.238584898412228,50.0,1,1,0
/OrderService/CreateOrder0ea3f319-cd0a-4551-ba18-2c339445b890,5.069233942776918,5.069233942776918,50.0,1,1,0
/OrderService/CreateOrder1badbffd-7fe3-4ab1-b7c9-8c938474368b,5.435048136860132,5.435048136860132,50.0,1,1,0
/OrderService/CreateOrder1bd199f8-c9ac-4df1-98c8-85b468fc6ef5,3.244951367378235,3.244951367378235,50.0,1,1,0
/OrderService/CreateOrder1c196885-8836-47b8-aed3-959165840b11,2.857249230146408,2.857249230146408,50.0,1,1,0
/OrderService/CreateOrder1d1a29eb-626e-4bf5-8534-f2c85316604c,19.931291695684195,19.931291695684195,50.0,1,1,0
/OrderService/CreateOrder1d933e06-7154-429c-af85-160b27a1549a,4.635481163859367,4.635481163859367,50.0,1,1,0
/OrderService/CreateOrder1e6c24f7-ce14-4643-b803-3b91d93d3ae5,3.0933646485209465,3.0933646485209465,50.0,1,1,0
/OrderService/CreateOrder20005352-8a2a-4dbc-8361-54b95a58bb3e,3.772171214222908,3.772171214222908,50.0,1,1,0
/OrderService/CreateOrder29263ff9-d164-40b8-ba27-ebbc60c9365a,3.642504569143057,3.642504569143057,50.0,1,1,0
/OrderService/CreateOrder2da9b877-73cb-4a3d-babe-6f44b2b0b10e,3.2919212244451046,3.2919212244451046,50.0,1,1,0
/OrderService/CreateOrder2ea5322b-2692-4009-a10b-862ad5cc2638,4.464177880436182,4.464177880436182,50.0,1,1,0
/OrderService/CreateOrder303f7440-7492-4322-80e8-347ccc3d2ec4,21.38599893078208,21.38599893078208,50.0,1,1,0
/OrderService/CreateOrder32caf6c5-35c9-4f37-b276-ad06fa203244,4.149843938648701,4.149843938648701,50.0,1,1,0
/OrderService/CreateOrder3af7291c-7311-4032-81bf-c8fa167382a5,3.132872749119997,3.132872749119997,49.0,1,1,0
/OrderService/CreateOrder4894ea19-323f-4634-9742-f8fd100c6ffa,3.695380873978138,3.695380873978138,50.0,1,1,0
/OrderService/CreateOrder490b7269-90cb-419f-a63d-72f9c608f0ac,2.3409142158925533,2.3409142158925533,50.0,1,1,0
/OrderService/CreateOrder5057b973-d6a8-4bf5-bd76-8d5855b08cdf,3.5568717867136,3.5568717867136,50.0,1,1,0
/OrderService/CreateOrder50eaf8a6-f336-4a21-82c2-55b972d19889,3.1874901615083218,3.1874901615083218,50.0,1,1,0
/OrderService/CreateOrder55c0894d-f0e2-4660-9a90-8cdaa1ce430f,9.381217882037163,9.381217882037163,50.0,1,1,0
/OrderService/CreateOrder57888a07-4e23-4a4b-b95e-0ca5890f2f74,18.631482031196356,18.631482031196356,50.0,1,1,0
/OrderService/CreateOrder5a6745c6-1778-4340-b64d-1d52de4c9e72,9.104868862777948,9.104868862777948,50.0,1,1,0
/OrderService/CreateOrder5b62cdfd-44ef-4426-be50-fa2633a9b1d4,5.340234842151403,5.340234842151403,50.0,1,1,0
/OrderService/CreateOrder63cd5ba3-1b6a-4923-aa39-f2746dd6f36c,3.6593261174857616,3.6593261174857616,50.0,1,1,0
/OrderService/CreateOrder65990f2b-e845-48d0-a4f9-dc264437aa0b,4.329926799982786,4.329926799982786,50.0,1,1,0
/OrderService/CreateOrder6ea06dfd-0d81-4f77-bce9-38c51682ca0e,10.6201758608222,10.6201758608222,50.0,1,1,0
/OrderService/CreateOrder7327779f-609e-45d5-869c-12486e5d941d,6.659325677901506,6.659325677901506,50.0,1,1,0
/OrderService/CreateOrder741a5043-e21b-4bca-8ad8-b6d82a83e108,2.7962392196059227,2.7962392196059227,50.0,1,1,0
/OrderService/CreateOrder7445fedb-4c43-4fd8-a432-de7f48aa0fcf,4.749152809381485,4.749152809381485,50.0,1,1,0
/OrderService/CreateOrder77da0681-1997-4ad2-a8ec-8cd1be618876,4.312731791287661,4.312731791287661,50.0,1,1,0
/OrderService/CreateOrder79f18b8b-2265-4ba3-a664-4fe9645e6ae3,5.746089853346348,5.746089853346348,50.0,1,1,0
/OrderService/CreateOrder7c165d58-02ac-48ff-8234-33f0f8fd6cc9,3.915170207619667,3.915170207619667,50.0,1,1,0
/OrderService/CreateOrder7ea27043-2007-4db1-9060-cd938c3cafa1,3.483319189399481,3.483319189399481,50.0,1,1,0
/OrderService/CreateOrder7f6bd3b4-bab1-4d5a-94ee-03fd11e2afe8,3.6735483445227146,3.6735483445227146,50.0,1,1,0
/OrderService/CreateOrder814ea007-784a-4d19-b8ec-1d48f483f4c1,4.148283042013645,4.148283042013645,50.0,1,1,0
/OrderService/CreateOrder877f0adc-8720-438d-835c-c5cde32e1271,3.4569427371025085,3.4569427371025085,50.0,1,1,0
/OrderService/CreateOrder8930b0eb-6324-4c22-b93f-81f396faf85a,3.7517682649195194,3.7517682649195194,50.0,1,1,0
/OrderService/CreateOrder89fa6a4c-a095-45cd-a481-f42839ceffc7,3.296014852821827,3.296014852821827,50.0,1,1,0
/OrderService/CreateOrder95d836c8-e5c9-48f2-9f12-f4d9e404eaff,3.8783098571002483,3.8783098571002483,50.0,1,1,0
/OrderService/CreateOrder9609acca-b14d-4e5f-965a-b1f7d590372c,3.989053890109062,3.989053890109062,50.0,1,1,0
/OrderService/CreateOrder9c13fe22-f7ae-4786-a72c-764b738b423c,3.065005876123905,3.065005876123905,50.0,1,1,0
/OrderService/CreateOrder9f2668ed-496a-4b51-8e23-b6fec6abcb71,4.530165810137987,4.530165810137987,50.0,1,1,0
/OrderService/CreateOrdera1011493-777d-40f1-aac5-9c497c17d80f,2.5763330049812794,2.5763330049812794,50.0,1,1,0
/OrderService/CreateOrdera4269327-d65f-4122-bc55-2395b6d16bd0,3.870811779052019,3.870811779052019,50.0,1,1,0
/OrderService/CreateOrdera4f6626c-f54c-4d70-a866-e4af52f92d58,3.3303541131317616,3.3303541131317616,50.0,1,1,0
/OrderService/CreateOrdera8135860-0c60-420a-8d5d-1733adfe2d60,3.1337388791143894,3.1337388791143894,50.0,1,1,0
/OrderService/CreateOrdera97fac81-4f08-471a-b195-e8c747dea33d,3.1873537227511406,3.1873537227511406,50.0,1,1,0
/OrderService/CreateOrderaf30af22-15fc-448e-904f-69fe68726c85,13.161934912204742,13.161934912204742,50.0,1,1,0
/OrderService/CreateOrderb2538b01-3533-4962-8c00-e1f44c3d9e58,3.7521282210946083,3.7521282210946083,50.0,1,1,0
/OrderService/CreateOrderb26d34bd-ffc6-428b-b878-9e30b534aa8f,3.2077287323772907,3.2077287323772907,50.0,1,1,0
/OrderService/CreateOrderb4d21144-949e-4ad8-84d4-c350d0d1ae22,3.8151107728481293,3.8151107728481293,50.0,1,1,0
/OrderService/CreateOrderb51963c8-d26c-4f48-928c-ea698bca1ba9,3.685878124088049,3.685878124088049,50.0,1,1,0
/OrderService/CreateOrderb533b812-28d0-4fc3-b407-ca4a68b42d43,3.238447941839695,3.238447941839695,50.0,1,1,0
/OrderService/CreateOrderb8615715-479a-4f1f-81df-b6a1e4cf7a7d,4.623524844646454,4.623524844646454,50.0,1,1,0
/OrderService/CreateOrderbcdf55f0-ad00-4e7d-9e06-0a8397f383fb,3.2931878231465816,3.2931878231465816,50.0,1,1,0
/OrderService/CreateOrderbda79f68-c6da-474b-bceb-8e036c718c24,6.38533616438508,6.38533616438508,50.0,1,1,0
/OrderService/CreateOrderc1cedc86-91de-4caf-9529-d607e4c385fa,3.929868806153536,3.929868806153536,50.0,1,1,0
/OrderService/CreateOrderc2cb0476-b25c-4a3b-a52c-98e5588eb1c0,8.070511277765036,8.070511277765036,50.0,1,1,0
/OrderService/CreateOrderc3aacc8d-a800-4077-8679-39521dd70f74,3.2712011598050594,3.2712011598050594,50.0,1,1,0
/OrderService/CreateOrderc695b81c-ce02-464e-9e9e-bb5ad1a1d271,3.5756900906562805,3.5756900906562805,50.0,1,1,0
/OrderService/CreateOrderc7282495-4703-435b-85e5-280a80e420b9,4.226710181683302,4.226710181683302,50.0,1,1,0
/OrderService/CreateOrderc8b65adf-eefc-4feb-8c24-f98396ee1f5f,3.6993888206779957,3.6993888206779957,50.0,1,1,0
/OrderService/CreateOrdercfbb2824-c7f9-4059-9ee4-c0718519ea28,3.545906860381365,3.545906860381365,50.0,1,1,0
/OrderService/CreateOrderd17e3ea6-ea29-4318-aa5f-3dda0b5ee95a,10.114097036421299,10.114097036421299,50.0,1,1,0
/OrderService/CreateOrderd316d544-bd6a-4ceb-8585-aef1ebfb09ac,3.7249899469316006,3.7249899469316006,50.0,1,1,0
/OrderService/CreateOrderd3f70baa-23c7-4752-8aa0-f77d85d79339,7.491872180253267,7.491872180253267,50.0,1,1,0
/OrderService/CreateOrderd4437a14-d073-431c-b383-1cf95753f3b2,3.358354791998863,3.358354791998863,50.0,1,1,0
/OrderService/CreateOrderd55f27a0-8439-46e1-a2c1-28d2bf1763c3,3.2358039170503616,3.2358039170503616,50.0,1,1,0
/OrderService/CreateOrderd7150a22-38c7-414b-856d-ad8766f01f40,5.215706769376993,5.215706769376993,50.0,1,1,0
/OrderService/CreateOrderde133535-39a6-4a27-9b4e-0dfece648bb4,4.437081981450319,4.437081981450319,50.0,1,1,0
/OrderService/CreateOrdere8d34695-3392-47b7-b860-b084d5057415,3.8298116996884346,3.8298116996884346,50.0,1,1,0
/OrderService/CreateOrdere95e7b68-2927-46f1-8b8c-d85f149e7edc,3.794673830270767,3.794673830270767,50.0,1,1,0
/OrderService/CreateOrdered2a51fe-cf2b-4986-8ab8-2c7998e3e494,3.9677531458437443,3.9677531458437443,50.0,1,1,0
/OrderService/CreateOrderef01fdfa-7333-40a4-bc15-539cc8411a2c,63.69202909991145,63.69202909991145,50.0,1,1,0
/OrderService/CreateOrderef286d07-88fb-4bf0-ba92-4cee2ff018c4,4.792491905391216,4.792491905391216,50.0,1,1,0
/OrderService/CreateOrderf08daed0-56c7-41ba-acea-3e34dff67dee,3.233043011277914,3.233043011277914,50.0,1,1,0
/OrderService/CreateOrderf4c5aaf9-a0b6-44cc-823a-c38920b00682,7.150190882384777,7.150190882384777,50.0,1,1,0
/OrderService/GetOrder02a12202-bdd2-43ac-a915-5a153cf6a681,3.9254468865692616,3.9254468865692616,3.0,1,1,0
/OrderService/GetOrder0530ed68-d325-4a83-a942-78187d46ba87,2.6167919859290123,2.6167919859290123,3.0,1,1,0
/OrderService/GetOrder068b9585-0aab-4895-99a9-44030c844572,2.5432747788727283,2.5432747788727283,3.0,1,1,0
/OrderService/GetOrder12c774b2-483f-45b5-acec-786ece85e751,2.331612166017294,2.331612166017294,3.0,1,1,0
/OrderService/GetOrder15ec632a-1cee-4194-9e6a-203c39072d53,2.12586997076869,2.12586997076869,3.0,1,1,0
/OrderService/GetOrder193f2707-f5c0-4ee7-9a42-ef4669cb402f,2.499713096767664,2.499713096767664,3.0,1,1,0
/OrderService/GetOrder1de8a898-d6b4-4d67-812f-85ace1fc581b,2.786113880574703,2.786113880574703,3.0,1,1,0
/OrderService/GetOrder213d5287-d79b-42ba-a1ce-2e92a28a7fc0,2.4253837764263153,2.4253837764263153,2.0,1,1,0
/OrderService/GetOrder22a3303e-1ccc-4eb0-820f-8bbc5ee365b4,2.560715191066265,2.560715191066265,3.0,1,1,0
/OrderService/GetOrder23330386-ffc4-48e2-a5f5-330801866242,8.843760006129742,8.843760006129742,3.0,1,1,0
/OrderService/GetOrder2800a4dc-69b7-400a-9ef3-ff0103d47cce,3.001842647790909,3.001842647790909,3.0,1,1,0
/OrderService/GetOrder2d29cca3-fb24-4b36-8bab-9c48a6711242,2.660888247191906,2.660888247191906,2.0,1,1,0
/OrderService/GetOrder30faecf7-d08e-4f6d-a0c1-6664a81bbc21,4.355431068688631,4.355431068688631,3.0,1,1,0
/OrderService/GetOrder31eba9b3-9bcd-481a-ad84-feb8844b94ff,6.234763190150261,6.234763190150261,3.0,1,1,0
/OrderService/GetOrder352bca22-6150-46da-881d-779a3f3db3a0,42.79451118782163,42.79451118782163,2.0,1,1,0
/OrderService/GetOrder3c0a9f42-a4c8-42b7-a4d3-5185b30e890c,40.88378977030516,40.88378977030516,3.0,1,1,0
/OrderService/GetOrder3f59981d-1134-4f07-8aaf-f2d81b479ba0,2.2036591544747353,2.2036591544747353,3.0,1,1,0
/OrderService/GetOrder4eadad3e-f5b8-40ff-9b76-d61155ec2090,2.0323051139712334,2.0323051139712334,3.0,1,1,0
/OrderService/GetOrder4ed7f384-686c-4efb-ac57-01f54d424af7,2.4966150522232056,2.4966150522232056,3.0,1,1,0
/OrderService/GetOrder4f8cbfcb-9924-4a38-8873-07ee800a1139,2.0413161255419254,2.0413161255419254,3.0,1,1,0
/OrderService/GetOrder52486af7-7279-4331-bf77-8f3f1956d7f1,10.197556111961603,10.197556111961603,3.0,1,1,0
/OrderService/GetOrder5457982d-2808-4e08-a401-6e6bd3e9d4be,2.8208098374307156,2.8208098374307156,3.0,1,1,0
/OrderService/GetOrder5747e85a-4333-48c1-a8cd-b8e4a77f19e7,1.9067027606070042,1.9067027606070042,3.0,1,1,0
/OrderService/GetOrder608e20df-6824-4306-a382-ef09c4455b19,3.581988625228405,3.581988625228405,3.0,1,1,0
/OrderService/GetOrder61320e6f-6afd-46e9-b32b-0136aef2d0fa,1.9606328569352627,1.9606328569352627,3.0,1,1,0
/OrderService/GetOrder61a4d349-15f3-4226-8b6d-31acb49ad4e2,1.3784971088171005,1.3784971088171005,3.0,1,1,0
/OrderService/GetOrder62c6c45a-b08c-4705-af4a-b355eeebe163,1.923594158142805,1.923594158142805,3.0,1,1,0
/OrderService/GetOrder6d8d042f-0db9-4751-bd1d-5f5683881f87,4.437045194208622,4.437045194208622,2.0,1,1,0
/OrderService/GetOrder73fa1166-8678-4a0b-8944-d44d15321587,2.508698031306267,2.508698031306267,3.0,1,1,0
/OrderService/GetOrder76ef0233-3d2a-43da-a515-df21089687da,1.9090757705271244,1.9090757705271244,3.0,1,1,0
/OrderService/GetOrder77d97d68-39e9-4168-bee1-59bb8b0ecea7,2.845743205398321,2.845743205398321,2.0,1,1,0
/OrderService/GetOrder79943dde-47ca-40f0-9814-49ebf51f287d,3.2848832197487354,3.2848832197487354,3.0,1,1,0
/OrderService/GetOrder7e5fa859-2859-4530-b6a9-d7950608d5a4,2.396475989371538,2.396475989371538,3.0,1,1,0
/OrderService/GetOrder81743964-5a23-4ff6-87b3-b99e184fe828,2.3482111282646656,2.3482111282646656,3.0,1,1,0
/OrderService/GetOrder81e07f20-4ae8-40d7-b557-6f47983ebc1a,2.232286147773266,2.232286147773266,2.0,1,1,0
/OrderService/GetOrder83fe18a6-e76d-4093-a95f-2ef3d5ed5410,2.2271182388067245,2.2271182388067245,3.0,1,1,0
/OrderService/GetOrder84b270db-4870-4643-88db-64e07f529923,39.48944574221969,39.48944574221969,3.0,1,1,0
/OrderService/GetOrder84dbac46-aaec-4ccb-877b-8d96f6b9898c,2.227773889899254,2.227773889899254,2.0,1,1,0
/OrderService/GetOrder85174d3a-562f-4429-96fd-d67ffd6a7ca5,2.9011699371039867,2.9011699371039867,3.0,1,1,0
/OrderService/GetOrder88a583d3-b5f8-4693-b865-d24db7788fb3,1.9165389239788055,1.9165389239788055,3.0,1,1,0
/OrderService/GetOrder8cd32d07-5a50-479a-9235-87e9d88ad403,2.375011332333088,2.375011332333088,3.0,1,1,0
/OrderService/GetOrder8eda3150-6bec-4a78-992f-803efc5a8c94,3.5250959917902946,3.5250959917902946,3.0,1,1,0
/OrderService/GetOrder91817bb6-0744-42f9-8462-7a6b615adfc6,5.140446126461029,5.140446126461029,2.0,1,1,0
/OrderService/GetOrder91ba5b85-8907-439e-9944-b61eaa8cf12e,2.3433128371834755,2.3433128371834755,3.0,1,1,0
/OrderService/GetOrder927f188f-8ddd-4c7b-8d92-4bdcc563bea9,2.7923262678086758,2.7923262678086758,3.0,1,1,0
/OrderService/GetOrder9740ea91-b74a-4ff7-b89f-76e7120f5132,1.94565299898386,1.94565299898386,3.0,1,1,0
/OrderService/GetOrder98236402-b0e9-4170-bbe2-b85e1d121075,2.3687072098255157,2.3687072098255157,3.0,1,1,0
/OrderService/GetOrder99f9bf9e-1e37-433f-badf-b0368a4f8dea,2.250992227345705,2.250992227345705,3.0,1,1,0
/OrderService/GetOrder9db3b7e6-225e-46aa-be82-b0867d490f11,2.3424597457051277,2.3424597457051277,3.0,1,1,0
/OrderService/GetOrdera02faccf-8f03-4276-939e-37f1b0c5167d,3.8473731838166714,3.8473731838166714,2.0,1,1,0
/OrderService/GetOrdera109529b-3d8b-406b-9511-d570ee2ffbb2,2.404384780675173,2.404384780675173,3.0,1,1,0
/OrderService/GetOrdera13850a3-4f26-44cf-b264-322f05623a73,2.7758870273828506,2.7758870273828506,3.0,1,1,0
/OrderService/GetOrdera3eb91d1-f197-4296-bbcf-9e7dfbef93e2,2.206573262810707,2.206573262810707,3.0,1,1,0
/OrderService/GetOrdera8a95ce1-e6fb-44c3-a589-444a7fd71bdb,1.8759239464998245,1.8759239464998245,3.0,1,1,0
/OrderService/GetOrderac1f6118-d010-4d8b-a0c1-cefa0b058c73,5.936818663030863,5.936818663030863,3.0,1,1,0
/OrderService/GetOrderacc8f8a7-abd6-48f1-bd05-3358625e5dc0,2.709955908358097,2.709955908358097,3.0,1,1,0
/OrderService/GetOrderadcd70ae-dd12-4dd7-ac0b-82a865a438fe,2.4602441117167473,2.4602441117167473,3.0,1,1,0
/OrderService/GetOrderb49bfbba-a44b-4a55-a37b-d17fbd75c567,2.4204589426517487,2.4204589426517487,3.0,1,1,0
/OrderService/GetOrderb6b46f1b-b339-43e8-b098-01be90433ede,2.9956120997667313,2.9956120997667313,3.0,1,1,0
/OrderService/GetOrderbce07410-b259-4254-950e-ad8b04f438db,11.359259951859713,11.359259951859713,3.0,1,1,0
/OrderService/GetOrderbf1be444-7658-4fb6-9605-5c484219ac47,0.9409589692950249,0.9409589692950249,3.0,1,1,0
/OrderService/GetOrderc0212aec-5732-4cf1-8b6b-d9cd0d7b534e,2.7306117117404938,2.7306117117404938,2.0,1,1,0
/OrderService/GetOrderc7ce058d-a545-48fb-a179-e00c9728325d,2.21429904922843,2.21429904922843,3.0,1,1,0
/OrderService/GetOrderc8b1568b-12ba-4051-9b63-11ac2ed82757,2.9753069393336773,2.9753069393336773,3.0,1,1,0
/OrderService/GetOrdercb9b7552-5f50-4c41-be87-f8ec0be9d9d1,48.374732956290245,48.374732956290245,3.0,1,1,0
/OrderService/GetOrderd13850b6-ccf4-4834-a8ee-3039ac58bd47,2.118248026818037,2.118248026818037,3.0,1,1,0
/OrderService/GetOrderd2a94a2a-fa3b-4e95-a294-d0cb2a7c7ede,1.813703216612339,1.813703216612339,3.0,1,1,0
/OrderService/GetOrderd4e8ec2a-3d2e-4daa-9c75-1bac45e12f7d,2.6793070137500763,2.6793070137500763,3.0,1,1,0
/OrderService/GetOrderd70a1b5f-c795-43cb-b407-e584fc70658d,2.659994177520275,2.659994177520275,3.0,1,1,0
/OrderService/GetOrderd8b7fbb5-5f40-43c7-875e-3315cd1afd5d,2.606063149869442,2.606063149869442,3.0,1,1,0
/OrderService/GetOrdere6e68d43-f131-418d-aec7-974115d8a2f2,2.379142679274082,2.379142679274082,3.0,1,1,0
/OrderService/GetOrderec305d73-7535-429d-b2ce-032a030baafe,2.17960262671113,2.17960262671113,3.0,1,1,0
/OrderService/GetOrderefec5bfc-c82b-4277-912d-e382cd9fd7ee,2.9799421317875385,2.9799421317875385,3.0,1,1,0
/OrderService/GetOrderf2b1b6e1-ac3e-4f0f-896d-c6a40aa1862d,2.0169001072645187,2.0169001072645187,2.0,1,1,0
/OrderService/GetOrderf59a0041-f352-491f-9adb-2efaad7c4dc9,2.063326071947813,2.063326071947813,3.0,1,1,0
/OrderService/GetOrderf7d40e72-420c-4437-8718-4cb9336611c2,1.6587739810347557,1.6587739810347557,3.0,1,1,0
/OrderService/GetOrderfbcd71d0-acd0-40df-a950-59cb941495c9,2.4819248355925083,2.4819248355925083,3.0,1,1,0
/OrderService/GetOrderfd583d9a-3d06-433a-b60d-90eafaf475f7,1.5825279988348484,1.5825279988348484,3.0,1,1,0
/OrderService/GetOrderfde6a338-81f9-4fe2-a0c8-f8003d5118c1,2.2187060676515102,2.2187060676515102,2.0,1,1,0
/OrderService/GetOrderfe8093c2-eea7-460d-a0f3-4f47c86355a3,4.367813002318144,4.367813002318144,2.0,1,1,0
Aggregated,6.669621579203522,5.0,32.2171875,-1,1,0
