Service,Average Response Time,Medium Response Time,Request Size,Request Type,Frequency,Size
/CatalogService/AddItem025b15c1-b4b7-4921-b508-cd2ca789cf22,3.3945729956030846,3.3945729956030846,1000.0,1,1,1
/CatalogService/AddItem0677d67c-8afd-41cb-98c5-49d7623bd599,3.1678639352321625,3.1678639352321625,1000.0,1,1,1
/CatalogService/AddItem0836cfc5-c159-425c-a958-3d25524e1834,16.95676799863577,16.95676799863577,1000.0,1,1,1
/CatalogService/AddItem08be7c56-3eb2-4cdc-9631-ae9aa42af4cc,10.658751241862774,10.658751241862774,1000.0,1,1,1
/CatalogService/AddItem09e20847-cca0-44f7-8e69-3fffd877f183,7.376902271062136,7.376902271062136,1000.0,1,1,1
/CatalogService/AddItem0b9b48c9-2ebf-462b-9eeb-f8fdabfbd168,11.044884566217661,11.044884566217661,1000.0,1,1,1
/CatalogService/AddItem0d2724d0-180e-4790-a8c0-cfa885f5a9d0,8.05257586762309,8.05257586762309,1000.0,1,1,1
/CatalogService/AddItem0f52f692-c6e2-4167-9eca-a7ce50663920,9.935891255736351,9.935891255736351,1000.0,1,1,1
/CatalogService/AddItem1057c15c-c779-4624-8847-29b95a000044,11.009588837623596,11.009588837623596,1000.0,1,1,1
/CatalogService/AddItem1fb4c7a1-288b-4279-afd1-a5b3881d96fb,4.742056131362915,4.742056131362915,1000.0,1,1,1
/CatalogService/AddItem2177a7e4-d175-47e7-8e9d-51e5cb6e8b0a,11.109096929430962,11.109096929430962,1000.0,1,1,1
/CatalogService/AddItem25a2a6bb-0182-4f55-abcf-de5077a61138,10.924659203737974,10.924659203737974,1000.0,1,1,1
/CatalogService/AddItem28e3ae31-66b5-405f-9be0-a7cb68e1bcaf,2.7571176178753376,2.7571176178753376,1000.0,1,1,1
/CatalogService/AddItem29a7637a-6981-4429-b66b-12f609027d99,10.095009114593267,10.095009114593267,1000.0,1,1,1
/CatalogService/AddItem29dd02d5-2104-4b4a-937d-d0935b39873e,4.8643141053617,4.8643141053617,1000.0,1,1,1
/CatalogService/AddItem2ff616ad-5c92-49c6-9342-b9a8e010c84d,2.8664707206189632,2.8664707206189632,1000.0,1,1,1
/CatalogService/AddItem30034b45-001d-4250-8a21-26b13bc6216c,9.967963211238384,9.967963211238384,1000.0,1,1,1
/CatalogService/AddItem30fab1ea-fe13-4718-b9aa-3b03273d56dc,2.862369641661644,2.862369641661644,1000.0,1,1,1
/CatalogService/AddItem37eb89ed-5048-496b-aa68-55c84be48754,9.327332023531199,9.327332023531199,1000.0,1,1,1
/CatalogService/AddItem38681ac8-ec44-4e11-b5f5-384bf498d6ef,3.9216699078679085,3.9216699078679085,1000.0,1,1,1
/CatalogService/AddItem3a3425fb-f3ea-4ffb-855e-eaddc1e17f26,14.256638940423727,14.256638940423727,1000.0,1,1,1
/CatalogService/AddItem3e71c942-df4c-4f04-b140-467ea618813a,7.915383204817772,7.915383204817772,1000.0,1,1,1
/CatalogService/AddItem3e7bb4aa-1bf5-4e09-bed3-bfec20285229,4.679347854107618,4.679347854107618,1000.0,1,1,1
/CatalogService/AddItem42d2bee2-82eb-47ba-a6a7-6fcb7d7d24aa,5.146218929439783,5.146218929439783,1000.0,1,1,1
/CatalogService/AddItem42d4a8d8-6270-421c-8f65-b17ec4c0a044,11.25769829377532,11.25769829377532,1000.0,1,1,1
/CatalogService/AddItem44096abb-9cd8-4121-b71c-624a4ad996cb,10.46628225594759,10.46628225594759,1000.0,1,1,1
/CatalogService/AddItem4a99ac34-f997-486a-8dbf-3659148f2bcf,9.512700606137514,9.512700606137514,1000.0,1,1,1
/CatalogService/AddItem4e7c2846-6969-4497-b229-4318c856dcbd,16.601044684648514,16.601044684648514,1000.0,1,1,1
/CatalogService/AddItem51b4af13-7841-44eb-b02a-41b545b5269e,7.721215020865202,7.721215020865202,1000.0,1,1,1
/CatalogService/AddItem5326c38c-2876-4055-97e3-777d9ae0ffde,4.416142124682665,4.416142124682665,1000.0,1,1,1
/CatalogService/AddItem539310cb-6665-4e14-905a-b42ab23a86ce,3.1249490566551685,3.1249490566551685,1000.0,1,1,1
/CatalogService/AddItem54ea948f-0034-40a1-ba5d-a55df7b35594,8.731207810342312,8.731207810342312,1000.0,1,1,1
/CatalogService/AddItem5aef982c-9bd0-4a30-9b2f-038c19a7a4d1,15.655468683689833,15.655468683689833,1000.0,1,1,1
/CatalogService/AddItem5b76ec5f-31de-4fd4-8375-07dfa8978a0b,2.190669998526573,2.190669998526573,1000.0,1,1,1
/CatalogService/AddItem5c32e1d4-c3a1-41e2-afe4-b4b98653ba76,10.75824722647667,10.75824722647667,1000.0,1,1,1
/CatalogService/AddItem5d08609f-5778-440a-ba1e-5a8affe75f03,12.212411034852266,12.212411034852266,1000.0,1,1,1
/CatalogService/AddItem6fe6e581-a4f5-4539-8f21-6a94c4ae71a7,10.12039976194501,10.12039976194501,1000.0,1,1,1
/CatalogService/AddItem727e7cda-4a67-4d2c-9573-5e26e9c1b13f,7.377693895250559,7.377693895250559,1000.0,1,1,1
/CatalogService/AddItem732ba6de-b195-49b4-8ee8-72929b643332,8.84106196463108,8.84106196463108,1000.0,1,1,1
/CatalogService/AddItem755e33e9-e6e3-4ecd-a4ff-c1b422b0cad3,4.273305647075176,4.273305647075176,1000.0,1,1,1
/CatalogService/AddItem76cbfe68-83c9-4429-95c6-c1d67e98a80c,9.79655608534813,9.79655608534813,1000.0,1,1,1
/CatalogService/AddItem76ff9af8-fad5-4ae2-acf8-45a4176150d0,19.886550959199667,19.886550959199667,1000.0,1,1,1
/CatalogService/AddItem78d3b6db-9f55-4cc3-b4de-c0cb1fc0fbba,8.95568123087287,8.95568123087287,1000.0,1,1,1
/CatalogService/AddItem7a14b358-bd35-45b0-ac6b-7ba27a87ef48,11.044067330658436,11.044067330658436,1000.0,1,1,1
/CatalogService/AddItem842c9deb-3772-400a-8212-9a76e6c0c274,4.584169015288353,4.584169015288353,1000.0,1,1,1
/CatalogService/AddItem845b3085-5c89-47dd-80b8-ebca286adaee,9.94926318526268,9.94926318526268,1000.0,1,1,1
/CatalogService/AddItem86f0564d-7e58-44d4-861d-50ba4bfc97fc,17.308414913713932,17.308414913713932,1000.0,1,1,1
/CatalogService/AddItem8ee6ddba-71e5-46bb-a398-d45141eaec55,8.954694028943777,8.954694028943777,1000.0,1,1,1
/CatalogService/AddItem90789846-9ce7-4d06-9f9e-9bb23452f9cf,7.793908007442951,7.793908007442951,1000.0,1,1,1
/CatalogService/AddItem913843de-fac4-43f9-8af0-699375d33faf,2.899392042309046,2.899392042309046,1000.0,1,1,1
/CatalogService/AddItem959c1a8c-7653-4aeb-8788-5c863bc14e44,3.102513961493969,3.102513961493969,1000.0,1,1,1
/CatalogService/AddItem989ef5f7-dba1-477e-9479-fb96602b65aa,17.119369003921747,17.119369003921747,1000.0,1,1,1
/CatalogService/AddItem9aa64199-7ffe-4367-b5e0-3ea08aee20ba,2.6884102262556553,2.6884102262556553,1000.0,1,1,1
/CatalogService/AddItem9d349458-1009-4d18-b4d6-cf0a6aca29fa,7.683963980525732,7.683963980525732,1000.0,1,1,1
/CatalogService/AddItem9dd6248b-42d1-466e-a612-a066494b3be1,5.420370027422905,5.420370027422905,1000.0,1,1,1
/CatalogService/AddItema28b2578-2087-446f-9bc0-baa4f375f5b8,9.613190311938524,9.613190311938524,1000.0,1,1,1
/CatalogService/AddItema3c6f043-b3b3-447b-b7d1-3c45dc6af990,13.17282672971487,13.17282672971487,1000.0,1,1,1
/CatalogService/AddItema567ce1a-4a87-4bae-9c9e-19f6360888da,9.906552266329527,9.906552266329527,1000.0,1,1,1
/CatalogService/AddItemaef3f41d-8106-4d1a-872f-194b1298dcc5,2.6097032241523266,2.6097032241523266,1000.0,1,1,1
/CatalogService/AddItemb50132cc-5782-499c-a1ba-9b743fe7d919,19.98812286183238,19.98812286183238,1000.0,1,1,1
/CatalogService/AddItembb1bce47-50a5-457a-82a4-02afae37b8f4,4.643749911338091,4.643749911338091,1000.0,1,1,1
/CatalogService/AddItembfe3d661-b7ff-49e9-94b0-3e5e6e107805,3.397461026906967,3.397461026906967,1000.0,1,1,1
/CatalogService/AddItemc2b1dfa4-29bd-4261-a856-030e505dc181,8.073392789810896,8.073392789810896,1000.0,1,1,1
/CatalogService/AddItemcbf0642c-ac02-4927-8009-ae0281fcb667,2.4089370854198933,2.4089370854198933,1000.0,1,1,1
/CatalogService/AddItemce8c32a6-da66-4988-b210-8bd330122d16,9.65127907693386,9.65127907693386,1000.0,1,1,1
/CatalogService/AddItemd0d45912-a9f8-4ccc-a36f-4f607a0b1a97,14.63497243821621,14.63497243821621,1000.0,1,1,1
/CatalogService/AddItemd44844b2-7636-4f0f-801c-4436bf5096e3,3.5874019376933575,3.5874019376933575,1000.0,1,1,1
/CatalogService/AddItemd8dc4045-1216-44b7-b4ff-446fe8656efd,11.281902901828289,11.281902901828289,1000.0,1,1,1
/CatalogService/AddItemd9b19894-ba21-40d0-bc56-4e4a4631813b,6.508043967187405,6.508043967187405,1000.0,1,1,1
/CatalogService/AddItemda32ee59-b493-4b17-a46b-3e54d179feb9,11.699751019477844,11.699751019477844,1000.0,1,1,1
/CatalogService/AddItemdbbe0931-1cea-45c6-8939-fa72da5c0cd6,20.846076775342226,20.846076775342226,1000.0,1,1,1
/CatalogService/AddIteme1061915-d5f8-42d7-be34-bd20a6b546b8,2.29299021884799,2.29299021884799,1000.0,1,1,1
/CatalogService/AddItemedb0da15-45d4-4d33-ad03-717c3a44844e,11.385698802769184,11.385698802769184,1000.0,1,1,1
/CatalogService/AddItemf1c60f9c-1a39-4321-b0a4-0fae2bfed683,15.402164775878191,15.402164775878191,1000.0,1,1,1
/CatalogService/AddItemf523c268-39ac-4cd6-95d9-e4af56bc687a,20.205419044941664,20.205419044941664,1000.0,1,1,1
/CatalogService/AddItemf5ff5d55-d378-439c-87bb-c53a2585499f,16.016415785998106,16.016415785998106,1000.0,1,1,1
/CatalogService/AddItemf7e8a827-98fe-417d-bb18-7384e5155fc2,5.718778818845749,5.718778818845749,1000.0,1,1,1
/CatalogService/AddItemf8a81bbf-44d3-4e56-b6ef-0da5c899f402,9.829184040427208,9.829184040427208,1000.0,1,1,1
/CatalogService/AddItemfc321dac-5288-49ff-b9d2-08dd4a492967,2.9367501847445965,2.9367501847445965,1000.0,1,1,1
/CatalogService/AddItemfe1cfaec-58f1-4917-9729-5205572e5b62,8.081262931227684,8.081262931227684,1000.0,1,1,1
/CatalogService/GetItem0231f3d8-ad9e-4d60-8d85-383fa7831eca,3.023020923137665,3.023020923137665,3.0,1,1,1
/CatalogService/GetItem043830d2-4b3d-4aba-b7ca-f44b098e1197,6.219230126589537,6.219230126589537,3.0,1,1,1
/CatalogService/GetItem07e54d11-4902-49eb-aff5-53c348d324dc,5.86739694699645,5.86739694699645,3.0,1,1,1
/CatalogService/GetItem09397ad5-d56a-4e69-846c-d9c473155596,7.44743412360549,7.44743412360549,3.0,1,1,1
/CatalogService/GetItem0e597a8e-0f39-4d93-aa1d-7ac33cf578ca,2.411393914371729,2.411393914371729,3.0,1,1,1
/CatalogService/GetItem1133cb04-4a69-4b16-86b6-80bba4efbf43,9.386109188199043,9.386109188199043,3.0,1,1,1
/CatalogService/GetItem15662c13-f80c-4cbd-a7b1-22ac94e88ab1,1.9308100454509258,1.9308100454509258,3.0,1,1,1
/CatalogService/GetItem1757f5b3-b1a8-4ec0-b085-8c676d2ce6d8,6.200292147696018,6.200292147696018,3.0,1,1,1
/CatalogService/GetItem1e3dd1bd-5911-46b6-8c72-53f402a5f1f0,3.8298764266073704,3.8298764266073704,3.0,1,1,1
/CatalogService/GetItem26d875a1-ab7b-4aab-8e88-747baa31db01,5.116759333759546,5.116759333759546,3.0,1,1,1
/CatalogService/GetItem2765ee05-0f02-46b6-aa40-08414da20e01,1.5633166767656803,1.5633166767656803,3.0,1,1,1
/CatalogService/GetItem2d24a70c-ac28-46b3-90e3-164d7400ae34,10.685989167541265,10.685989167541265,3.0,1,1,1
/CatalogService/GetItem31f1d496-8489-4c96-a7bc-92eb0a4aac1f,7.194219157099724,7.194219157099724,3.0,1,1,1
/CatalogService/GetItem325c7cbb-e946-45cf-b815-ece687ca7c86,3.0038952827453613,3.0038952827453613,3.0,1,1,1
/CatalogService/GetItem411ed8fb-8982-44f7-8188-6a4ad2918d6e,4.846422933042049,4.846422933042049,3.0,1,1,1
/CatalogService/GetItem4766c512-8e51-464a-b899-b3539df9315e,9.118541143834591,9.118541143834591,3.0,1,1,1
/CatalogService/GetItem49c5f01f-5991-4db9-8e98-5775205ea267,2.5711776688694954,2.5711776688694954,3.0,1,1,1
/CatalogService/GetItem4b0161e2-c41f-47eb-aa68-8903f09f4f9f,1.847319770604372,1.847319770604372,3.0,1,1,1
/CatalogService/GetItem4b84cf29-111a-4439-aa63-3e56d297fb10,7.961316034197807,7.961316034197807,3.0,1,1,1
/CatalogService/GetItem4d884add-4356-42e1-99ed-78f799fe76a7,2.455775626003742,2.455775626003742,3.0,1,1,1
/CatalogService/GetItem4e9b3324-0074-46de-8b49-6d58a6d46abe,4.852146841585636,4.852146841585636,3.0,1,1,1
/CatalogService/GetItem541f85db-bc1b-45d5-a4c4-c47c78ef7272,6.247582845389843,6.247582845389843,3.0,1,1,1
/CatalogService/GetItem586aadc4-3b1d-44e2-b993-872e98b62253,7.709963712841272,7.709963712841272,3.0,1,1,1
/CatalogService/GetItem59d05690-242d-46f4-a840-284150e97323,2.411874942481518,2.411874942481518,3.0,1,1,1
/CatalogService/GetItem5ceaf5db-ee49-4d1c-86e9-9d0bb0f6a28f,3.063294105231762,3.063294105231762,3.0,1,1,1
/CatalogService/GetItem6136a181-a7c0-4a1d-8e02-26ed79183d69,2.137813251465559,2.137813251465559,3.0,1,1,1
/CatalogService/GetItem68d405c6-f354-4fea-841a-fbbdc02acab4,2.8922446072101593,2.8922446072101593,3.0,1,1,1
/CatalogService/GetItem6a175b25-1f72-4cf1-b047-2df22f948dc4,2.7633989229798317,2.7633989229798317,3.0,1,1,1
/CatalogService/GetItem6ce2ba96-ef4a-4a35-ba97-7edebb750474,2.7015567757189274,2.7015567757189274,3.0,1,1,1
/CatalogService/GetItem6ddca36d-0adc-434f-bcd7-9e8a6ce0fd4c,2.3622573353350163,2.3622573353350163,3.0,1,1,1
/CatalogService/GetItem6f309956-d0ff-40ca-979c-dea3136ed0c1,4.798803012818098,4.798803012818098,3.0,1,1,1
/CatalogService/GetItem71104cb8-c044-4883-93fa-d2014377d6e6,4.861217457801104,4.861217457801104,3.0,1,1,1
/CatalogService/GetItem73a3276b-9f9f-4f1e-9283-3bd247ddf7d0,2.384582068771124,2.384582068771124,3.0,1,1,1
/CatalogService/GetItem78c54ae4-536d-4e55-b050-17a7fbd6ef66,2.3678489960730076,2.3678489960730076,3.0,1,1,1
/CatalogService/GetItem7b79c8ce-a203-422f-b57b-bb0979ae5e5c,2.423509955406189,2.423509955406189,3.0,1,1,1
/CatalogService/GetItem80fe034a-5503-401e-94cc-d2a3c8f33cf0,2.3488570004701614,2.3488570004701614,3.0,1,1,1
/CatalogService/GetItem821c7d5b-d2be-410b-9881-a5ae24cabd4c,1.6695093363523483,1.6695093363523483,3.0,1,1,1
/CatalogService/GetItem836e5136-36d0-4b80-8228-7494cbd40260,4.169366788119078,4.169366788119078,3.0,1,1,1
/CatalogService/GetItem880b5dac-b0f9-408b-87b5-fab173d33a9d,2.2946111857891083,2.2946111857891083,3.0,1,1,1
/CatalogService/GetItem8afeef73-34b1-4243-8c67-08387871fcc4,2.896280027925968,2.896280027925968,3.0,1,1,1
/CatalogService/GetItem8fc8d67c-31f9-4ef1-a777-8f06cd1d43b4,8.185370825231075,8.185370825231075,3.0,1,1,1
/CatalogService/GetItem95e96b57-d553-472d-b91f-9afcb579e984,7.190141826868057,7.190141826868057,3.0,1,1,1
/CatalogService/GetItem9935f9b9-44d3-4cd8-888a-3fb1fad627d2,5.716064013540745,5.716064013540745,3.0,1,1,1
/CatalogService/GetItem9b59494c-23bb-4278-b344-e98e6bf9f635,6.55900314450264,6.55900314450264,3.0,1,1,1
/CatalogService/GetItem9bb26d97-518d-4b73-9d6e-4db12f07acc2,6.319396197795868,6.319396197795868,3.0,1,1,1
/CatalogService/GetItem9c69a5a4-33d9-41ed-9722-322411474e1b,3.7324069999158382,3.7324069999158382,3.0,1,1,1
/CatalogService/GetItem9e9ae5dd-8201-4648-bad6-682a43c8f088,2.0048622973263264,2.0048622973263264,3.0,1,1,1
/CatalogService/GetItem9feceaf4-b543-4109-803d-7e3413bca072,5.287399981170893,5.287399981170893,3.0,1,1,1
/CatalogService/GetItema0dd4db3-6e4b-4842-a9ed-e33f855a1ee0,4.676816985011101,4.676816985011101,3.0,1,1,1
/CatalogService/GetItema1d8c09f-b1cf-490d-802c-6e52f542c966,2.6966938748955727,2.6966938748955727,3.0,1,1,1
/CatalogService/GetItema25ad635-da5a-4524-bab7-f4cdb6a8df2d,2.596639096736908,2.596639096736908,3.0,1,1,1
/CatalogService/GetItema29fa28d-9ced-47d6-8f15-75441bc6da86,2.381937112659216,2.381937112659216,3.0,1,1,1
/CatalogService/GetItema68a49a8-edc2-4dbd-9830-e45f7af6aa13,2.384986262768507,2.384986262768507,3.0,1,1,1
/CatalogService/GetItemad9434c9-ed50-4135-95ee-38c989c489d0,2.1566301584243774,2.1566301584243774,3.0,1,1,1
/CatalogService/GetItemad978bee-bec8-4738-89dc-7263716dfc1e,5.705794785171747,5.705794785171747,3.0,1,1,1
/CatalogService/GetItemafddb22c-0c64-4263-be5e-ec6474140523,6.364692933857441,6.364692933857441,3.0,1,1,1
/CatalogService/GetItemc1b0ec2a-d83c-4075-b64f-62e80bcfbca2,1.6572787426412106,1.6572787426412106,3.0,1,1,1
/CatalogService/GetItemc3fb4a54-bff4-4328-bc0b-7065a0be3b8b,3.0042603611946106,3.0042603611946106,3.0,1,1,1
/CatalogService/GetItemcdd091d2-0439-4d2b-a956-00c6cfe329b1,8.265881799161434,8.265881799161434,3.0,1,1,1
/CatalogService/GetItemcf31720f-65f9-4070-a17e-bf84e3f0e943,6.182367913424969,6.182367913424969,3.0,1,1,1
/CatalogService/GetItemd06fde16-e08f-4712-8e43-40dc04e1bb0f,2.4233199656009674,2.4233199656009674,3.0,1,1,1
/CatalogService/GetItemd08bd8d6-429b-4a39-a42e-74ea61fdee86,5.426077172160149,5.426077172160149,3.0,1,1,1
/CatalogService/GetItemd2acc9ba-de89-448a-b840-06ac3289aca0,3.0468530021607876,3.0468530021607876,3.0,1,1,1
/CatalogService/GetItemd3be5a29-044c-4f36-9b4c-68e0704b4bbc,8.760485798120499,8.760485798120499,3.0,1,1,1
/CatalogService/GetItemd6050f43-b22a-469b-b541-b9d2946aec68,13.065025210380554,13.065025210380554,3.0,1,1,1
/CatalogService/GetItemd8b68e5e-b4dd-4478-a52c-0dd6be70212b,3.265565726906061,3.265565726906061,3.0,1,1,1
/CatalogService/GetItemdbc1d418-a32c-4b4c-8e93-3788923bf6e4,10.71438379585743,10.71438379585743,3.0,1,1,1
/CatalogService/GetItemdc968a8f-dbd1-4201-af27-c87c53d1a1e4,3.6896043457090855,3.6896043457090855,3.0,1,1,1
/CatalogService/GetIteme20a94b0-3607-4188-8884-0b61b09849bc,5.472258199006319,5.472258199006319,3.0,1,1,1
/CatalogService/GetIteme43303b0-3399-4b6a-98f5-8a30b40e2ec8,8.576726075261831,8.576726075261831,3.0,1,1,1
/CatalogService/GetIteme83aff3f-8f7e-4a17-b9be-0139cc2ceb2b,2.9813810251653194,2.9813810251653194,3.0,1,1,1
/CatalogService/GetItemec13c608-4d6c-4d80-b52a-e4341d0875cb,4.895198158919811,4.895198158919811,3.0,1,1,1
/CatalogService/GetItemedc32dd1-f2be-4ba5-ad03-26d9aebb14e8,2.0584939047694206,2.0584939047694206,3.0,1,1,1
/CatalogService/GetItemeddff81f-bc4a-4c1c-b9ff-56ba4166910e,2.7432809583842754,2.7432809583842754,3.0,1,1,1
/CatalogService/GetItemf63d399f-ff86-4c1b-9018-71f20edad457,3.234825562685728,3.234825562685728,3.0,1,1,1
/CatalogService/GetItemf6aa9d7c-0584-45ac-8a15-3ce2411c70fa,6.052088923752308,6.052088923752308,3.0,1,1,1
/CatalogService/GetItemfa2bc765-7839-4af9-934d-7f12b390a6c5,6.570810917764902,6.570810917764902,3.0,1,1,1
/CatalogService/GetItemfa43a1ea-f940-481c-bb37-7ff4f4c15ce2,8.815063629299402,8.815063629299402,3.0,1,1,1
/CatalogService/GetItemfb4f5aee-c381-4883-9b2e-3240cd4628fe,2.4788272567093372,2.4788272567093372,3.0,1,1,1
/CatalogService/GetItemfd709c15-21a0-4c66-a16f-17ea7965b328,3.2677887938916683,3.2677887938916683,3.0,1,1,1
/CatalogService/UpdateItem00044cca-0231-4f97-9262-6e0e7248c7aa,5.764612928032875,5.764612928032875,1000.0,1,1,1
/CatalogService/UpdateItem001e984f-483f-4c6b-9dc3-9b50d4e080be,3.9427299052476883,3.9427299052476883,1000.0,1,1,1
/CatalogService/UpdateItem00a978d7-1810-4f5d-97e3-3dc8df17aad8,9.080049116164446,9.080049116164446,1000.0,1,1,1
/CatalogService/UpdateItem01525e88-1afd-429a-bf44-009ed67ad460,4.388067871332169,4.388067871332169,1000.0,1,1,1
/CatalogService/UpdateItem02c87f1c-f133-4438-8ebc-bfa619c5675b,2.982286736369133,2.982286736369133,1000.0,1,1,1
/CatalogService/UpdateItem08e55813-4992-4fd7-b064-69f61cbaad6d,7.339632138609886,7.339632138609886,1000.0,1,1,1
/CatalogService/UpdateItem0fdbbe63-6b50-45fd-8117-9ee43443b2f2,2.8798240236938,2.8798240236938,1000.0,1,1,1
/CatalogService/UpdateItem14a4acaf-6dc7-40ad-b248-947349945d39,2.6489561423659325,2.6489561423659325,1000.0,1,1,1
/CatalogService/UpdateItem14cd99f2-3771-4672-bb86-ace731410bb6,2.4376679211854935,2.4376679211854935,1000.0,1,1,1
/CatalogService/UpdateItem17d00f82-4654-427d-9bc4-c0160f019cd7,3.4199757501482964,3.4199757501482964,1000.0,1,1,1
/CatalogService/UpdateItem1c851892-45bd-4329-b144-ae12ac5b455d,4.075295757502317,4.075295757502317,1000.0,1,1,1
/CatalogService/UpdateItem1dd6e696-daf5-412d-a47e-7a5f5dd8c9c1,5.893396213650703,5.893396213650703,1000.0,1,1,1
/CatalogService/UpdateItem1ea015ac-108b-4861-8f5e-6d1e1c5dcb6e,12.816458940505981,12.816458940505981,1000.0,1,1,1
/CatalogService/UpdateItem21935e2a-3684-41ad-abc9-811898cd3a0f,5.135315004736185,5.135315004736185,1000.0,1,1,1
/CatalogService/UpdateItem25cf73a4-3f5b-47a2-93ba-214578166d85,2.6446636766195297,2.6446636766195297,1000.0,1,1,1
/CatalogService/UpdateItem2a2b9bc7-482f-4b8b-8c16-3c2dbb6a75ba,4.2679221369326115,4.2679221369326115,999.0,1,1,1
/CatalogService/UpdateItem2ca04dd6-31f3-48b3-98db-e4a9d65ac869,4.076247103512287,4.076247103512287,1000.0,1,1,1
/CatalogService/UpdateItem2fc9045c-20b6-4aef-92f7-7738ff54704d,15.325944870710373,15.325944870710373,1000.0,1,1,1
/CatalogService/UpdateItem350c49d7-807c-4709-b8a7-edaf0a66ccb9,8.279887959361076,8.279887959361076,1000.0,1,1,1
/CatalogService/UpdateItem3874eb4f-e0ab-46d3-a76c-b8d464506030,8.084757253527641,8.084757253527641,1000.0,1,1,1
/CatalogService/UpdateItem39f6a2a9-de0c-49e3-a2dd-688ea67db24c,4.410535097122192,4.410535097122192,1000.0,1,1,1
/CatalogService/UpdateItem3d875789-abfe-482c-b103-2dfe3e437fb8,3.8112271577119827,3.8112271577119827,1000.0,1,1,1
/CatalogService/UpdateItem3f470abe-5d15-40ec-b7d5-513de17e1594,7.311749272048473,7.311749272048473,1000.0,1,1,1
/CatalogService/UpdateItem3ff8ff84-a436-490c-af68-9127c45fbb59,4.905071575194597,4.905071575194597,1000.0,1,1,1
/CatalogService/UpdateItem407dd803-9586-4607-bbf1-4033b36335d7,8.404870051890612,8.404870051890612,1000.0,1,1,1
/CatalogService/UpdateItem41017a8f-3da4-4dac-9ef7-7301d60f6f31,4.810506012290716,4.810506012290716,1000.0,1,1,1
/CatalogService/UpdateItem46292938-fae3-49f3-a6bc-4faea2fae392,4.823565948754549,4.823565948754549,1000.0,1,1,1
/CatalogService/UpdateItem4728ee50-817f-40fc-aba4-9a6caa55ff39,8.080875966697931,8.080875966697931,1000.0,1,1,1
/CatalogService/UpdateItem48a19137-11f6-4996-947a-aab05e075132,7.012172602117062,7.012172602117062,1000.0,1,1,1
/CatalogService/UpdateItem4aedc53d-50bc-4614-9de3-abeb218d8e73,4.106726031750441,4.106726031750441,1000.0,1,1,1
/CatalogService/UpdateItem4be28de1-f451-4792-aaa2-497b8742d32b,7.439527194947004,7.439527194947004,1000.0,1,1,1
/CatalogService/UpdateItem4e24401c-54c7-45a6-81c6-e057a0eacb0b,4.600533749908209,4.600533749908209,1000.0,1,1,1
/CatalogService/UpdateItem4e5f99b5-fc97-4256-b31d-54a6513c229f,7.407451048493385,7.407451048493385,1000.0,1,1,1
/CatalogService/UpdateItem5323f9fc-35f1-4754-b126-40aa65647942,3.8804328069090843,3.8804328069090843,1000.0,1,1,1
/CatalogService/UpdateItem5759594e-2189-4b4b-9d93-f24894a85ace,8.903441950678825,8.903441950678825,1000.0,1,1,1
/CatalogService/UpdateItem59080893-e4a1-4395-bf74-b33ce1d2e548,10.720352176576853,10.720352176576853,1000.0,1,1,1
/CatalogService/UpdateItem59a2a474-c3ed-4030-ac85-1d785c4b6e2b,3.535935189574957,3.535935189574957,1000.0,1,1,1
/CatalogService/UpdateItem59a93e2e-0836-42c4-be04-8b9d15938790,6.746020168066025,6.746020168066025,1000.0,1,1,1
/CatalogService/UpdateItem5d1ed1b7-3e70-46e0-9dd3-713b5370d738,1.8408913165330887,1.8408913165330887,1000.0,1,1,1
/CatalogService/UpdateItem5e2d43af-fd94-4687-920a-1c67c5d04a53,13.63418996334076,13.63418996334076,1000.0,1,1,1
/CatalogService/UpdateItem657c6af2-3558-4da4-bd73-160c75882d58,3.4842509776353836,3.4842509776353836,1000.0,1,1,1
/CatalogService/UpdateItem689551e3-fe85-4d04-bc33-ab3084992829,3.235328011214733,3.235328011214733,1000.0,1,1,1
/CatalogService/UpdateItem6ed92c31-2a1a-4367-ba78-d58907a61a5b,2.695445902645588,2.695445902645588,1000.0,1,1,1
/CatalogService/UpdateItem7168aa85-7d92-4f2c-a957-9fda9c5b2271,6.202371325343847,6.202371325343847,1000.0,1,1,1
/CatalogService/UpdateItem729512c8-e177-4ddf-b975-6319d119b4f9,3.049406222999096,3.049406222999096,1000.0,1,1,1
/CatalogService/UpdateItem7b28a01a-0fc3-4bdb-b1d9-7f0af808d5ce,5.533758085221052,5.533758085221052,1000.0,1,1,1
/CatalogService/UpdateItem7b7311e6-3f32-4b8d-ac57-90b3a38bfeec,3.680592868477106,3.680592868477106,1000.0,1,1,1
/CatalogService/UpdateItem7dff3ea8-f157-4e41-bf66-b1292c930ce6,15.423456206917763,15.423456206917763,1000.0,1,1,1
/CatalogService/UpdateItem7f4267c1-9966-4bda-b2f5-12cf101d0da7,10.700862854719162,10.700862854719162,1000.0,1,1,1
/CatalogService/UpdateItem7f905693-285d-4448-a265-60b301be2ddb,3.5488600842654705,3.5488600842654705,1000.0,1,1,1
/CatalogService/UpdateItem806ddc30-d633-4f61-9201-0b016937cb11,7.816738914698362,7.816738914698362,1000.0,1,1,1
/CatalogService/UpdateItem81518d17-73fe-4ce5-8dd1-812e27ad92ce,3.1150979921221733,3.1150979921221733,1000.0,1,1,1
/CatalogService/UpdateItem84da1aa1-7656-4085-ace8-38d12b95ba60,3.6843931302428246,3.6843931302428246,1000.0,1,1,1
/CatalogService/UpdateItem866ecd58-c003-40d0-89bd-679420ed289d,5.194938741624355,5.194938741624355,1000.0,1,1,1
/CatalogService/UpdateItem9b763bf3-badf-494f-a21e-ff2cd6ad091c,8.025816176086664,8.025816176086664,1000.0,1,1,1
/CatalogService/UpdateItema1721bf4-5a6b-4d79-8660-71b095c5e630,4.870578646659851,4.870578646659851,1000.0,1,1,1
/CatalogService/UpdateItema50ffd36-0bc2-4e26-9222-b8484bd4a0a2,10.85976930335164,10.85976930335164,1000.0,1,1,1
/CatalogService/UpdateItema8d12680-4136-471a-9c0e-6dd4bfbfed90,3.1157522462308407,3.1157522462308407,1000.0,1,1,1
/CatalogService/UpdateItema93ea6fa-89a0-4bb9-b761-27c7bb35db61,4.098721779882908,4.098721779882908,1000.0,1,1,1
/CatalogService/UpdateItemadfe36fd-8891-42f9-ac81-6e89b24cbf0e,9.663993027061224,9.663993027061224,1000.0,1,1,1
/CatalogService/UpdateItemb3cc68a2-666b-451c-89cb-ce28568cd685,3.6808359436690807,3.6808359436690807,1000.0,1,1,1
/CatalogService/UpdateItemb5d24091-c05e-473d-a161-1525816ffb44,6.720647215843201,6.720647215843201,1000.0,1,1,1
/CatalogService/UpdateItembdccf3b3-b845-4f12-831e-47cf637c24ff,6.1228289268910885,6.1228289268910885,1000.0,1,1,1
/CatalogService/UpdateItemc293206d-30bf-46f6-9a93-8ff64a14ccfd,10.851358063519001,10.851358063519001,1000.0,1,1,1
/CatalogService/UpdateItemc3e3dc4b-138d-4fc0-aade-74331335652f,4.473595879971981,4.473595879971981,1000.0,1,1,1
/CatalogService/UpdateItemcb688a2e-6335-4fcd-a75d-ab615b39f527,10.233126115053892,10.233126115053892,1000.0,1,1,1
/CatalogService/UpdateItemcbf9f14a-f236-4f9c-9031-b1c235780df8,8.037424180656672,8.037424180656672,1000.0,1,1,1
/CatalogService/UpdateItemdca52fad-5686-4754-b7ad-a2d0dd5f45cb,3.8889297284185886,3.8889297284185886,1000.0,1,1,1
/CatalogService/UpdateItemde2790f3-b73e-4e46-b21c-6bda224a19bc,19.307787995785475,19.307787995785475,1000.0,1,1,1
/CatalogService/UpdateIteme0448829-b30c-418d-8758-4fa62d9ab9f5,5.817706231027842,5.817706231027842,1000.0,1,1,1
/CatalogService/UpdateIteme352cc70-3288-4bb2-89ea-f9028454ce0d,6.09260518103838,6.09260518103838,1000.0,1,1,1
/CatalogService/UpdateIteme4921c96-fb92-4441-9a28-5b0b1647fe64,3.746449016034603,3.746449016034603,1000.0,1,1,1
/CatalogService/UpdateIteme85a2766-9865-42b8-a03f-37e8aa9e887c,4.329031333327293,4.329031333327293,1000.0,1,1,1
/CatalogService/UpdateItemeaceeb1f-f147-49c4-b845-78c06ee3399f,3.8581229746341705,3.8581229746341705,1000.0,1,1,1
/CatalogService/UpdateItemeb5f173a-b661-4928-9b02-f503da4f43fa,5.628000013530254,5.628000013530254,1000.0,1,1,1
/CatalogService/UpdateItemef594d2d-f5a2-4bc8-88f5-cd0fac25f87e,8.819403126835823,8.819403126835823,1000.0,1,1,1
/CatalogService/UpdateItemf0c55202-8083-4cf6-aa9c-cd93f2c9caee,14.901683200150728,14.901683200150728,1000.0,1,1,1
/CatalogService/UpdateItemf0dfc397-4326-44d9-9c21-b11ce72a6ac4,4.343732260167599,4.343732260167599,1000.0,1,1,1
/CatalogService/UpdateItemfa1e827f-e4b3-409a-a724-9957638bf720,3.258204087615013,3.258204087615013,1000.0,1,1,1
/CatalogService/UpdateItemfc058650-eaf8-4c89-b3bd-fae9fc969f2a,3.9757508784532547,3.9757508784532547,1000.0,1,1,1
/CustomerService/CreateCustomer0a4e4b41-e67a-4fbe-8aab-49c6e72ecefb,4.525987897068262,4.525987897068262,1000.0,1,1,1
/CustomerService/CreateCustomer0ced4d7d-30bd-425a-bf80-8e7600803604,16.99883071705699,16.99883071705699,1000.0,1,1,1
/CustomerService/CreateCustomer0dcfa9db-e562-4e2d-add1-ea70f299ba4b,18.733555916696787,18.733555916696787,1000.0,1,1,1
/CustomerService/CreateCustomer0e04ff1a-7e84-401a-b945-1b206a8710f4,18.289535772055387,18.289535772055387,1000.0,1,1,1
/CustomerService/CreateCustomer110fae60-f15f-43c0-b333-7c6219488efc,16.4903630502522,16.4903630502522,1000.0,1,1,1
/CustomerService/CreateCustomer11a57ca1-77a6-472b-97c1-45ab9cfa6e87,25.914109777659178,25.914109777659178,1000.0,1,1,1
/CustomerService/CreateCustomer11d037ad-b681-4f8c-be4e-88270bcba43e,17.02499622479081,17.02499622479081,1000.0,1,1,1
/CustomerService/CreateCustomer1242a10b-d84c-477b-a534-b220d58635a5,9.845235850661993,9.845235850661993,1000.0,1,1,1
/CustomerService/CreateCustomer1731ef44-94aa-4cec-a30b-cd79969e39a0,5.588608328253031,5.588608328253031,1000.0,1,1,1
/CustomerService/CreateCustomer1c333f70-ae41-4dc2-9311-807d96eb373f,4.731869790703058,4.731869790703058,1000.0,1,1,1
/CustomerService/CreateCustomer1edca3ee-094d-448d-9acb-4d478f06f959,5.356478039175272,5.356478039175272,1000.0,1,1,1
/CustomerService/CreateCustomer212dbcae-cf0d-4169-baa8-ffc010654a59,14.660723973065615,14.660723973065615,1000.0,1,1,1
/CustomerService/CreateCustomer25977342-e39c-4083-844c-985c3b45d131,15.660842414945364,15.660842414945364,1000.0,1,1,1
/CustomerService/CreateCustomer28d6adb6-378a-4c57-b226-c4a11aed7732,13.346510007977486,13.346510007977486,1000.0,1,1,1
/CustomerService/CreateCustomer2b5f8439-f90a-4ad0-957f-0e4305d34bbd,15.837480314075947,15.837480314075947,1000.0,1,1,1
/CustomerService/CreateCustomer2e15022c-70d1-4e34-8be7-36bf349a31ca,18.23351439088583,18.23351439088583,1000.0,1,1,1
/CustomerService/CreateCustomer31d6b731-a84c-4826-bb02-839e16f6ac87,15.823950059711933,15.823950059711933,1000.0,1,1,1
/CustomerService/CreateCustomer351b2d6c-631f-4fa3-b7d7-78bb4d755b21,13.837373815476894,13.837373815476894,1000.0,1,1,1
/CustomerService/CreateCustomer392449de-8e7c-483f-81ff-85fd7a9f28b1,9.64744621887803,9.64744621887803,1000.0,1,1,1
/CustomerService/CreateCustomer3f0f6132-dc89-4411-8dde-2a8c689b0182,5.178903229534626,5.178903229534626,1000.0,1,1,1
/CustomerService/CreateCustomer4542f90f-cbe2-4501-9d1f-26435ea55215,15.510542783886194,15.510542783886194,1000.0,1,1,1
/CustomerService/CreateCustomer489991f4-06b0-46d0-97f9-ed1992b46825,10.645918548107147,10.645918548107147,1000.0,1,1,1
/CustomerService/CreateCustomer4b638c6f-c0e2-49b3-b39b-eb0bb78611cd,19.514943938702345,19.514943938702345,1000.0,1,1,1
/CustomerService/CreateCustomer5137f835-6e14-4cf0-9064-2dbd39a58505,6.275308318436146,6.275308318436146,1000.0,1,1,1
/CustomerService/CreateCustomer514efe20-0766-47c2-8420-b3ef73398f17,15.606230590492487,15.606230590492487,1000.0,1,1,1
/CustomerService/CreateCustomer51912457-868d-4c1a-b7d4-0060c62574e5,15.039635822176933,15.039635822176933,1000.0,1,1,1
/CustomerService/CreateCustomer524f1d13-60a3-4db1-b4a9-9d8befce9125,13.618681114166975,13.618681114166975,1000.0,1,1,1
/CustomerService/CreateCustomer552110a7-c565-44dc-9b48-453a4f038282,16.488885041326284,16.488885041326284,1000.0,1,1,1
/CustomerService/CreateCustomer5881e286-4e20-42f8-8a93-add5440ad7d3,14.587704092264175,14.587704092264175,1000.0,1,1,1
/CustomerService/CreateCustomer58cbc44d-14c1-4051-88d5-a30f2310ee8f,17.498003784567118,17.498003784567118,1000.0,1,1,1
/CustomerService/CreateCustomer593a6599-ea28-4511-8fc2-3542e42a1a7f,14.332376886159182,14.332376886159182,1000.0,1,1,1
/CustomerService/CreateCustomer5a09b05f-713e-4d47-92ba-9afef5849483,6.13395357504487,6.13395357504487,1000.0,1,1,1
/CustomerService/CreateCustomer5c878707-bd7f-4e11-ae96-c8cbc7bccf24,16.167331021279097,16.167331021279097,1000.0,1,1,1
/CustomerService/CreateCustomer670e890a-5741-49ea-b4c7-a4fe96d0a507,15.217124950140715,15.217124950140715,1000.0,1,1,1
/CustomerService/CreateCustomer68c21a72-6629-47e1-8ce6-3b7474240a6e,6.5735941752791405,6.5735941752791405,1000.0,1,1,1
/CustomerService/CreateCustomer6aa871c8-eeb4-4696-89c4-e5c1786ff73a,23.646864108741283,23.646864108741283,1000.0,1,1,1
/CustomerService/CreateCustomer6c920875-017c-43ba-bf2b-3aa84eb4a50d,23.729476146399975,23.729476146399975,1000.0,1,1,1
/CustomerService/CreateCustomer6c9394ec-e61f-4f72-abd7-fa4d7c786649,14.79013403877616,14.79013403877616,1000.0,1,1,1
/CustomerService/CreateCustomer6df30d0c-9eea-4f14-9171-8b01157c63c5,4.962514154613018,4.962514154613018,1000.0,1,1,1
/CustomerService/CreateCustomer6f8da24a-69d1-4f0d-b68a-fe6329b4c8e6,7.080537732690573,7.080537732690573,1000.0,1,1,1
/CustomerService/CreateCustomer702f2582-90f9-4c5c-8d5a-f523fc502e1c,11.572846211493015,11.572846211493015,1000.0,1,1,1
/CustomerService/CreateCustomer7271aba6-10e9-4db5-830d-7040b70dd960,20.19711397588253,20.19711397588253,1000.0,1,1,1
/CustomerService/CreateCustomer75bc988f-7646-4072-9963-823bc52ac7a1,13.383693993091583,13.383693993091583,1000.0,1,1,1
/CustomerService/CreateCustomer77407c26-5077-4820-9138-15fcf61fb379,6.156445015221834,6.156445015221834,1000.0,1,1,1
/CustomerService/CreateCustomer799cd74e-ad0a-48b2-b165-2aee667386fc,12.906390707939863,12.906390707939863,1000.0,1,1,1
/CustomerService/CreateCustomer7c4fdc2e-bccf-4e74-bd52-aa37f46e2bdd,16.410909593105316,16.410909593105316,1000.0,1,1,1
/CustomerService/CreateCustomer7fa2737c-1df5-4103-afd1-6c932a5ec639,12.782485224306583,12.782485224306583,1000.0,1,1,1
/CustomerService/CreateCustomer8128912e-d582-41f9-bec3-df3111bc6d27,8.159290999174118,8.159290999174118,1000.0,1,1,1
/CustomerService/CreateCustomer88411861-3b19-4653-984c-bae606b3e1d2,7.793072145432234,7.793072145432234,1000.0,1,1,1
/CustomerService/CreateCustomer8d23134a-05ae-4379-938c-fa11b836a578,9.097082074731588,9.097082074731588,1000.0,1,1,1
/CustomerService/CreateCustomer8d5bb04b-ed1f-40bc-918b-cd2a46af8c3c,17.676267307251692,17.676267307251692,1000.0,1,1,1
/CustomerService/CreateCustomer8f13df98-2659-4e94-9c17-a9d150058830,27.12955279275775,27.12955279275775,1000.0,1,1,1
/CustomerService/CreateCustomer91071846-231f-4fcb-a86e-8f8f76664456,26.136483065783978,26.136483065783978,1000.0,1,1,1
/CustomerService/CreateCustomer91815258-5c3a-4269-ad9f-4941b7f35527,15.221338253468275,15.221338253468275,1000.0,1,1,1
/CustomerService/CreateCustomer955bc380-80d3-4420-a4ae-2f482fe52a50,3.543467726558447,3.543467726558447,1000.0,1,1,1
/CustomerService/CreateCustomer9d74d37f-d9ab-4aa8-9a2d-822c0c4eb616,23.014717735350132,23.014717735350132,1000.0,1,1,1
/CustomerService/CreateCustomera83cb8d0-14cd-4101-bac7-2fcddf3a1caa,5.83570497110486,5.83570497110486,1000.0,1,1,1
/CustomerService/CreateCustomerafcd820b-ad7c-4e79-a40b-046da2d670b0,4.751286003738642,4.751286003738642,1000.0,1,1,1
/CustomerService/CreateCustomerb0a371c5-b907-4235-b2f5-4108b34c54e6,18.34689173847437,18.34689173847437,1000.0,1,1,1
/CustomerService/CreateCustomerb340585e-f79a-4611-9c3d-c7a449f0c914,19.27427528426051,19.27427528426051,1000.0,1,1,1
/CustomerService/CreateCustomerb6d56f90-ed50-4dda-b51a-f5ce1f2c471f,6.309556309133768,6.309556309133768,1000.0,1,1,1
/CustomerService/CreateCustomerb7165a7b-3bc2-4299-9ccb-7bea8f39a8eb,11.193511541932821,11.193511541932821,1000.0,1,1,1
/CustomerService/CreateCustomerb77b04fc-cdf8-41e8-b171-a8299401cf86,8.95815808326006,8.95815808326006,1000.0,1,1,1
/CustomerService/CreateCustomerb7a5c424-7429-415b-a2f7-2bb8b4a2613e,16.58847415819764,16.58847415819764,1000.0,1,1,1
/CustomerService/CreateCustomerbd37e41a-540b-4288-8ab7-d259ceb14394,5.746232811361551,5.746232811361551,1000.0,1,1,1
/CustomerService/CreateCustomerc1bb88a1-f77d-4775-8aab-1c5d623a825d,19.015121273696423,19.015121273696423,1000.0,1,1,1
/CustomerService/CreateCustomerc6234440-47da-4ae1-86a0-d6aa059f6ef3,21.779202856123447,21.779202856123447,1000.0,1,1,1
/CustomerService/CreateCustomerc636a63c-a09d-45de-990f-33d783367485,17.157678958028555,17.157678958028555,1000.0,1,1,1
/CustomerService/CreateCustomerc7d688d6-2099-4b96-bdf5-0e3a97eb60b3,16.354321036487818,16.354321036487818,1000.0,1,1,1
/CustomerService/CreateCustomercd0d1585-b140-43b7-ba89-fb9fcad07006,8.0727469176054,8.0727469176054,1000.0,1,1,1
/CustomerService/CreateCustomerd5fd4efd-3a90-4580-9975-5c7ea342ba61,15.375709626823664,15.375709626823664,1000.0,1,1,1
/CustomerService/CreateCustomerd6138c32-2f7f-4cb2-a413-c2ffbcbf165a,16.93926192820072,16.93926192820072,1000.0,1,1,1
/CustomerService/CreateCustomerd70fda00-aa72-4e01-b1a4-b8d87c47c42f,17.18946686014533,17.18946686014533,1000.0,1,1,1
/CustomerService/CreateCustomerd80f1fe8-ccd0-4de0-a4ac-693b63bcf447,27.119998820126057,27.119998820126057,1000.0,1,1,1
/CustomerService/CreateCustomere4a2c2a3-883e-41b2-80bb-36005bef2453,5.380528047680855,5.380528047680855,1000.0,1,1,1
/CustomerService/CreateCustomere7faa324-7568-4be4-b8e6-dd14d0616362,3.7614316679537296,3.7614316679537296,1000.0,1,1,1
/CustomerService/CreateCustomere8c2a4ea-7e8b-48db-a1f6-2e36778b644a,6.181220058351755,6.181220058351755,1000.0,1,1,1
/CustomerService/CreateCustomeread297d6-4099-4ad0-9b6d-71b3d519496c,18.41972814872861,18.41972814872861,1000.0,1,1,1
/CustomerService/CreateCustomerf0294b78-08ac-4964-8143-b1592004ac9f,15.578211285173893,15.578211285173893,1000.0,1,1,1
/CustomerService/CreateCustomerf2d4ea93-ca9c-40b6-b239-d8e972244156,10.360372718423605,10.360372718423605,1000.0,1,1,1
/CustomerService/UpdateCustomer033eb133-2bfd-4aa8-a8e1-e40179d7e88e,6.252332124859095,6.252332124859095,1000.0,1,1,1
/CustomerService/UpdateCustomer03a384d5-30cb-4541-8471-64d4321395eb,9.162072092294693,9.162072092294693,1000.0,1,1,1
/CustomerService/UpdateCustomer045d1756-2b18-4f34-b03d-02eb4eef342f,6.287031807005405,6.287031807005405,1000.0,1,1,1
/CustomerService/UpdateCustomer0f541a49-cfda-496b-9068-4fd7380eac31,6.518163252621889,6.518163252621889,1000.0,1,1,1
/CustomerService/UpdateCustomer1115a2dd-cbee-4442-9534-2a88e1e5cff4,9.105850011110306,9.105850011110306,1000.0,1,1,1
/CustomerService/UpdateCustomer14ffcc60-7e9f-4866-ae6b-9b76ad483a80,6.005137227475643,6.005137227475643,1000.0,1,1,1
/CustomerService/UpdateCustomer1f9f6a48-ddcf-466f-a943-3cc3303123c6,5.389910191297531,5.389910191297531,1000.0,1,1,1
/CustomerService/UpdateCustomer2020273e-0182-4203-a66d-53df0c419d94,7.100529968738556,7.100529968738556,1000.0,1,1,1
/CustomerService/UpdateCustomer24038d0a-a26f-4249-94c5-89d3d0e78d65,7.062037009745836,7.062037009745836,1000.0,1,1,1
/CustomerService/UpdateCustomer26213089-5089-4068-a1cc-5adc5a9b4dd9,9.042649064213037,9.042649064213037,1000.0,1,1,1
/CustomerService/UpdateCustomer2f12623a-2a87-4102-bbfe-911910ef8758,8.32672929391265,8.32672929391265,1000.0,1,1,1
/CustomerService/UpdateCustomer2f86212d-5e27-43a6-afc7-f0298a49f8bc,5.785625893622637,5.785625893622637,1000.0,1,1,1
/CustomerService/UpdateCustomer2fcdf7c8-3740-4807-8597-2614927ae879,20.07868094369769,20.07868094369769,1000.0,1,1,1
/CustomerService/UpdateCustomer2fd8f94d-ef18-4e30-946c-4a7c30a456b7,6.469830870628357,6.469830870628357,1000.0,1,1,1
/CustomerService/UpdateCustomer37747503-4104-4361-bd0a-b1614e7dffd9,5.9683253057301044,5.9683253057301044,1000.0,1,1,1
/CustomerService/UpdateCustomer38b113b1-c2f7-4a2a-9822-b37773eb57ba,5.632677115499973,5.632677115499973,1000.0,1,1,1
/CustomerService/UpdateCustomer397b86c2-ad73-42dc-9b7b-0ae6256ff665,5.798486992716789,5.798486992716789,1000.0,1,1,1
/CustomerService/UpdateCustomer3a29a40b-9a90-4fc9-8f07-a9648ac4711b,6.743601057678461,6.743601057678461,1000.0,1,1,1
/CustomerService/UpdateCustomer3cbf8815-1d34-49e0-b91f-85cbc8f58512,5.149225238710642,5.149225238710642,1000.0,1,1,1
/CustomerService/UpdateCustomer3de6d840-182c-42cc-8241-5e03689c732e,21.755280904471874,21.755280904471874,1000.0,1,1,1
/CustomerService/UpdateCustomer3f345623-e1e5-440b-bbed-211e27c839d0,12.733739335089922,12.733739335089922,1000.0,1,1,1
/CustomerService/UpdateCustomer415d7d86-1ad5-4ed6-b5c9-a493ad810eae,6.37862691655755,6.37862691655755,1000.0,1,1,1
/CustomerService/UpdateCustomer49c481c4-ea2e-4fc5-b4d2-7784c34e6ece,6.958011072129011,6.958011072129011,1000.0,1,1,1
/CustomerService/UpdateCustomer4bae7987-64d9-418d-bd5c-08191c98b28c,7.256692741066217,7.256692741066217,1000.0,1,1,1
/CustomerService/UpdateCustomer5332577f-178a-4c71-8d63-5125557ab859,6.85582822188735,6.85582822188735,1000.0,1,1,1
/CustomerService/UpdateCustomer56d5e74a-eea9-4eff-bb03-70a6a4b3c1cb,6.512844935059547,6.512844935059547,1000.0,1,1,1
/CustomerService/UpdateCustomer56e1a5a2-1a1f-4324-a911-f602f86f2a67,5.460106302052736,5.460106302052736,1000.0,1,1,1
/CustomerService/UpdateCustomer57c34862-0c3e-4c23-a331-83dcaa63b623,6.095798686146736,6.095798686146736,1000.0,1,1,1
/CustomerService/UpdateCustomer5a523c5a-be2b-4da4-a1df-ceba9e7e91ef,5.308340769261122,5.308340769261122,1000.0,1,1,1
/CustomerService/UpdateCustomer5a7146ca-8909-443f-9c25-26c65c524ce5,4.870364908128977,4.870364908128977,1000.0,1,1,1
/CustomerService/UpdateCustomer5ada832f-923a-4dc0-801d-8e2efa05287b,6.420411169528961,6.420411169528961,1000.0,1,1,1
/CustomerService/UpdateCustomer5d94474e-40ad-48ce-bb20-7f6b843d0953,5.403559189289808,5.403559189289808,1000.0,1,1,1
/CustomerService/UpdateCustomer5f2ed522-2366-4d32-92c9-fc96f0449bac,9.59918973967433,9.59918973967433,1000.0,1,1,1
/CustomerService/UpdateCustomer60f26595-6d88-40d2-9123-7cd88617c18f,10.450514033436775,10.450514033436775,1000.0,1,1,1
/CustomerService/UpdateCustomer650a2f5c-fdfe-46e1-86ed-26b498b3186c,5.681843031197786,5.681843031197786,1000.0,1,1,1
/CustomerService/UpdateCustomer68e931aa-1146-4180-9f58-827d978b2588,8.889375254511833,8.889375254511833,1000.0,1,1,1
/CustomerService/UpdateCustomer7e9abf86-741c-4988-bb8e-8a9a78ae064f,5.776731297373772,5.776731297373772,1000.0,1,1,1
/CustomerService/UpdateCustomer7eb6b8bc-e316-43b6-9e98-0cd252a5e547,5.385749042034149,5.385749042034149,1000.0,1,1,1
/CustomerService/UpdateCustomer8012f77e-b31b-43c5-8201-b841b87b9037,6.112239323556423,6.112239323556423,1000.0,1,1,1
/CustomerService/UpdateCustomer87efe168-951c-4d4c-a149-9e9e08fa5915,5.8019389398396015,5.8019389398396015,1000.0,1,1,1
/CustomerService/UpdateCustomer8c13fdaa-81a3-4933-b9a7-34614b7611d4,6.880331784486771,6.880331784486771,1000.0,1,1,1
/CustomerService/UpdateCustomer8e0003ea-4caf-4524-b9b3-69d8986b4798,6.674849893897772,6.674849893897772,1000.0,1,1,1
/CustomerService/UpdateCustomer9111ad5f-c1f2-47a6-bc25-c3f4d1ad9b3b,5.990299861878157,5.990299861878157,1000.0,1,1,1
/CustomerService/UpdateCustomer9160ff65-6c84-4c62-a5d4-10425dda2df4,7.904318161308765,7.904318161308765,1000.0,1,1,1
/CustomerService/UpdateCustomer9167174b-764d-4404-9346-8e94ae434cf7,7.640924770385027,7.640924770385027,1000.0,1,1,1
/CustomerService/UpdateCustomer934bf404-8226-4923-ac0e-f11dbb8b07f3,12.309589888900518,12.309589888900518,1000.0,1,1,1
/CustomerService/UpdateCustomer957ab9f3-3780-4187-94ce-40aae6c578b1,6.12654397264123,6.12654397264123,1000.0,1,1,1
/CustomerService/UpdateCustomer97d1b038-c788-4253-b9b6-fd2101207918,7.316114846616983,7.316114846616983,1000.0,1,1,1
/CustomerService/UpdateCustomer9ed2097b-7854-4870-bd88-65de2eb5b28d,8.405247237533331,8.405247237533331,1000.0,1,1,1
/CustomerService/UpdateCustomera5b2ea0c-eb81-4035-ae1c-266c10bd50f6,8.718252182006836,8.718252182006836,1000.0,1,1,1
/CustomerService/UpdateCustomera7b12759-e6a8-437a-9c83-44d1d0177a3c,8.22588661685586,8.22588661685586,1000.0,1,1,1
/CustomerService/UpdateCustomera8d14a93-516c-47a2-85b0-6e6d7d42dd7e,6.599266082048416,6.599266082048416,1000.0,1,1,1
/CustomerService/UpdateCustomerac02c54c-49ca-48cb-91f7-f2ec81957594,8.098962716758251,8.098962716758251,1000.0,1,1,1
/CustomerService/UpdateCustomeradee9137-8972-4aa9-bc4a-1a2f32c8aa0c,6.246719043701887,6.246719043701887,1000.0,1,1,1
/CustomerService/UpdateCustomerb064bedb-d071-4e90-a270-265cf2804821,5.664217751473188,5.664217751473188,1000.0,1,1,1
/CustomerService/UpdateCustomerb1d1120f-3946-41cb-9cf7-6605d9cb79ff,5.64406905323267,5.64406905323267,1000.0,1,1,1
/CustomerService/UpdateCustomerb651e147-c5eb-4aa9-82db-e90f321f1068,4.621224012225866,4.621224012225866,1000.0,1,1,1
/CustomerService/UpdateCustomerb6c26583-0288-42d9-bb4f-8c62a2942753,9.012248832732439,9.012248832732439,1000.0,1,1,1
/CustomerService/UpdateCustomerb8f53bb6-cdfc-4392-9fa7-271b486cee7b,7.151019759476185,7.151019759476185,1000.0,1,1,1
/CustomerService/UpdateCustomerc3cf2d8f-4cc8-42d8-ae05-644b27cf257d,7.739878259599209,7.739878259599209,1000.0,1,1,1
/CustomerService/UpdateCustomerc44bdc71-5924-496c-8c3a-9571d05c21bc,7.256526034325361,7.256526034325361,1000.0,1,1,1
/CustomerService/UpdateCustomerc57a8ab5-f270-4906-89dd-0b621f8f9375,4.667494911700487,4.667494911700487,1000.0,1,1,1
/CustomerService/UpdateCustomerc8141043-c36d-4365-ad17-0894b4a89764,4.967269953340292,4.967269953340292,1000.0,1,1,1
/CustomerService/UpdateCustomercfe575a3-8d19-4aa2-bd24-c7bedfd831d7,4.518468864262104,4.518468864262104,1000.0,1,1,1
/CustomerService/UpdateCustomerd6ee006e-f8fd-4ac3-b6b5-48584dbaea5f,11.137803085148335,11.137803085148335,1000.0,1,1,1
/CustomerService/UpdateCustomerd8644f7d-8c7a-4740-944d-29ae8bc79537,10.977738071233034,10.977738071233034,1000.0,1,1,1
/CustomerService/UpdateCustomerdb26b0d5-2db4-41eb-b711-f8559f8251ea,14.061769004911184,14.061769004911184,1000.0,1,1,1
/CustomerService/UpdateCustomere02010c7-c7b8-4aa5-aa0a-6d5f6e743c7f,5.703535862267017,5.703535862267017,1000.0,1,1,1
/CustomerService/UpdateCustomere1ba74aa-4e6c-49e5-8e93-efea9098fac5,8.050082251429558,8.050082251429558,1000.0,1,1,1
/CustomerService/UpdateCustomere2e0c6b2-20cf-4806-aadf-86f286b574e7,7.067518308758736,7.067518308758736,1000.0,1,1,1
/CustomerService/UpdateCustomere43f756d-0dad-4c55-a1c2-25001d2ff6de,6.774334236979485,6.774334236979485,1000.0,1,1,1
/CustomerService/UpdateCustomere9ece05a-7611-43b2-afde-7731d9bffeaa,5.607429426163435,5.607429426163435,1000.0,1,1,1
/CustomerService/UpdateCustomerea5e1329-1c17-45c3-910e-65e773a1506e,9.214440360665321,9.214440360665321,1000.0,1,1,1
/CustomerService/UpdateCustomerf36e422a-9747-4517-9b06-c126ecdb42d6,5.15340780839324,5.15340780839324,1000.0,1,1,1
/CustomerService/UpdateCustomerf4f06b1b-4302-4978-b659-d1d6ab07ca3a,7.5944229029119015,7.5944229029119015,1000.0,1,1,1
/CustomerService/UpdateCustomerf58ca623-a35c-41fd-aedf-cf36b6d6e27c,16.10732963308692,16.10732963308692,1000.0,1,1,1
/CustomerService/UpdateCustomerf59633f6-cca2-4780-92f2-f33e97e1e9c5,5.892176181077957,5.892176181077957,1000.0,1,1,1
/CustomerService/UpdateCustomerfbd4a015-8d13-417a-816d-813c65550bc2,7.8125628642737865,7.8125628642737865,1000.0,1,1,1
/CustomerService/UpdateCustomerfc856094-db33-4c2c-aae1-2108f40c3ab1,4.569138400256634,4.569138400256634,1000.0,1,1,1
/CustomerService/UpdateCustomerfeb7d177-8e0f-4b71-a7aa-2959a20cb432,8.57860129326582,8.57860129326582,1000.0,1,1,1
/CustomerService/getCustomer0060b351-c045-45e0-8c8b-6738ea083c3c,2.4977456778287888,2.4977456778287888,2.0,1,1,1
/CustomerService/getCustomer0395c05e-5c94-4541-b185-e6d4a9f66db8,3.204451873898506,3.204451873898506,2.0,1,1,1
/CustomerService/getCustomer0745e282-501f-4fa9-a34b-370c2b5fab5a,2.775452099740505,2.775452099740505,2.0,1,1,1
/CustomerService/getCustomer08f3967a-6f92-40de-9675-972cad93da6a,1.7192340455949306,1.7192340455949306,2.0,1,1,1
/CustomerService/getCustomer09b73767-0861-4b79-a6f7-b1217d94ed43,2.8914762660861015,2.8914762660861015,2.0,1,1,1
/CustomerService/getCustomer0a787b28-a451-4dc5-81a5-893520053a2b,1.9442448392510414,1.9442448392510414,2.0,1,1,1
/CustomerService/getCustomer0bb46808-e88e-4df0-8065-94fab1650f96,2.7535748668015003,2.7535748668015003,2.0,1,1,1
/CustomerService/getCustomer1a0140c3-2703-4490-908c-4830efb5d110,2.527706790715456,2.527706790715456,2.0,1,1,1
/CustomerService/getCustomer1cc55f0a-5644-4fe8-b937-d9fc864bc9d3,3.8946550339460373,3.8946550339460373,2.0,1,1,1
/CustomerService/getCustomer1fe2ea55-ac15-4e99-b14d-f256b16ea484,6.3584959134459496,6.3584959134459496,2.0,1,1,1
/CustomerService/getCustomer222cbd06-bec0-423e-a5d9-90d0fc56fc6e,2.555779181420803,2.555779181420803,2.0,1,1,1
/CustomerService/getCustomer22618c18-df8e-46e0-9341-94c581a7e914,3.9521800354123116,3.9521800354123116,2.0,1,1,1
/CustomerService/getCustomer22687d4a-087f-4fc5-890b-38689abdb527,2.2488138638436794,2.2488138638436794,2.0,1,1,1
/CustomerService/getCustomer23f2cbee-8955-4c23-9087-399bdb6831f3,3.1941342167556286,3.1941342167556286,2.0,1,1,1
/CustomerService/getCustomer266686ec-94a3-4034-a8aa-596bb7fdda44,2.4135950952768326,2.4135950952768326,2.0,1,1,1
/CustomerService/getCustomer369eb206-c8c0-4e4a-91f7-e0dcdb87b0c3,2.758139278739691,2.758139278739691,2.0,1,1,1
/CustomerService/getCustomer387afd70-876e-4faf-bf1e-7d7ffd86c9a8,3.104928880929947,3.104928880929947,2.0,1,1,1
/CustomerService/getCustomer3b6de58f-bf38-4191-a52d-88da06780a0d,3.146938979625702,3.146938979625702,2.0,1,1,1
/CustomerService/getCustomer3c18e3d4-245f-4cb0-bf0d-c60329f27a56,3.2160840928554535,3.2160840928554535,2.0,1,1,1
/CustomerService/getCustomer3c2bc011-d72c-434e-ba68-92f812be9aa4,1.5145358629524708,1.5145358629524708,2.0,1,1,1
/CustomerService/getCustomer3d4906a6-f9a5-4e79-ab5f-227db9d4d496,3.5037528723478317,3.5037528723478317,2.0,1,1,1
/CustomerService/getCustomer3e790eb2-0888-4c6f-ab44-54ee0cf7567c,3.1904177740216255,3.1904177740216255,2.0,1,1,1
/CustomerService/getCustomer433066fe-71ec-4e7d-9282-7801eba157ec,2.1354658529162407,2.1354658529162407,2.0,1,1,1
/CustomerService/getCustomer4c4a8670-e61c-4d61-8ddf-ffcd294d363c,3.3763181418180466,3.3763181418180466,2.0,1,1,1
/CustomerService/getCustomer5349a28e-e349-4542-9efa-9d1a303de65b,4.6097468584775925,4.6097468584775925,2.0,1,1,1
/CustomerService/getCustomer566b5e7a-e70c-418b-b561-d6e9a1e19793,2.4080919101834297,2.4080919101834297,2.0,1,1,1
/CustomerService/getCustomer58d01aa1-02a3-45b0-a43c-a284ce8c5fdb,2.5554290041327477,2.5554290041327477,2.0,1,1,1
/CustomerService/getCustomer59f203fd-5b08-4986-96a6-d7bc315b0751,4.289384000003338,4.289384000003338,2.0,1,1,1
/CustomerService/getCustomer5d6798f8-4741-4c8c-819e-4f9d4724d4ad,7.542179431766272,7.542179431766272,2.0,1,1,1
/CustomerService/getCustomer5d93855f-136a-416e-9fac-8f438dd3b08b,2.5963340885937214,2.5963340885937214,2.0,1,1,1
/CustomerService/getCustomer5f661d39-402e-40da-bc07-98f3a609eb47,9.857188910245895,9.857188910245895,2.0,1,1,1
/CustomerService/getCustomer6716bf63-24cc-4a92-a385-f3259023cd3c,6.058814935386181,6.058814935386181,2.0,1,1,1
/CustomerService/getCustomer6bbd295e-6d40-4c79-bd4d-7c77663f9d77,3.3092680387198925,3.3092680387198925,2.0,1,1,1
/CustomerService/getCustomer72924175-dee0-47c0-94c8-1a2a9b706a20,5.756086204200983,5.756086204200983,2.0,1,1,1
/CustomerService/getCustomer7742b867-3671-4eac-a32c-dbe90de782c0,2.7662389911711216,2.7662389911711216,2.0,1,1,1
/CustomerService/getCustomer7a989d27-dafc-48f9-a53f-cbf2c35ab451,2.4000173434615135,2.4000173434615135,2.0,1,1,1
/CustomerService/getCustomer7d7ecb67-92d3-48a2-a285-7174e3fe08fa,3.652724903076887,3.652724903076887,2.0,1,1,1
/CustomerService/getCustomer844bce59-d015-40d0-ab1a-710bd3a0ec20,5.83899999037385,5.83899999037385,2.0,1,1,1
/CustomerService/getCustomer865a0d6b-9792-4fa2-87d8-123f651be9c3,2.7851597405970097,2.7851597405970097,2.0,1,1,1
/CustomerService/getCustomer87e6fd1f-6b43-4966-bf89-9803df0245ee,2.565287984907627,2.565287984907627,2.0,1,1,1
/CustomerService/getCustomer8c844ed1-c79b-4a87-90c2-dea07f88f854,1.9066212698817253,1.9066212698817253,2.0,1,1,1
/CustomerService/getCustomer8d4dfb7d-a7e9-44bc-a0f1-0446dbeb420b,3.1482111662626266,3.1482111662626266,2.0,1,1,1
/CustomerService/getCustomer90289680-eb0d-4598-ac5d-9f79a545da1f,3.0370717868208885,3.0370717868208885,2.0,1,1,1
/CustomerService/getCustomer90dbafff-ae39-4a96-9dbb-b14b273dd1a9,5.8797369711101055,5.8797369711101055,2.0,1,1,1
/CustomerService/getCustomer92c43a76-a627-411a-8d9c-d8a6ad928508,2.69154692068696,2.69154692068696,2.0,1,1,1
/CustomerService/getCustomer93adc001-626c-459d-a538-216c4f2c218a,2.4067009799182415,2.4067009799182415,2.0,1,1,1
/CustomerService/getCustomer93e37a3f-a47a-46cd-9545-8d7e69c2334c,3.1613921746611595,3.1613921746611595,2.0,1,1,1
/CustomerService/getCustomer984ec9cb-6a1a-4aa5-a718-7e836c5317b4,1.3737226836383343,1.3737226836383343,2.0,1,1,1
/CustomerService/getCustomer9de5e074-684e-4478-846a-ed9bdaf46658,3.2699499279260635,3.2699499279260635,2.0,1,1,1
/CustomerService/getCustomer9f1a5263-c83e-4274-9450-bc04149d8105,1.6580750234425068,1.6580750234425068,2.0,1,1,1
/CustomerService/getCustomera01cc56f-77eb-4b3c-b841-86c73b15548d,2.8987349942326546,2.8987349942326546,2.0,1,1,1
/CustomerService/getCustomera0e31fa0-85c7-4ca9-9f65-115ed8098ba9,3.1205019913613796,3.1205019913613796,2.0,1,1,1
/CustomerService/getCustomera278a732-8804-472b-9a7a-9b89db23fdd4,3.0177622102200985,3.0177622102200985,2.0,1,1,1
/CustomerService/getCustomera5b9b2ed-8965-46f5-9c13-f519c0b5bd7d,1.6189301386475563,1.6189301386475563,2.0,1,1,1
/CustomerService/getCustomera69818f0-1b7f-4f33-b55f-df955ee3a345,3.0791289173066616,3.0791289173066616,2.0,1,1,1
/CustomerService/getCustomera83e73e0-9ee0-442e-8c16-4396f88777bb,2.1708887070417404,2.1708887070417404,2.0,1,1,1
/CustomerService/getCustomera84ff079-9370-4c74-b255-0644029aad67,2.330256160348654,2.330256160348654,2.0,1,1,1
/CustomerService/getCustomeracf5f33a-806f-4759-8702-77cbf2d73dcc,2.7616070583462715,2.7616070583462715,2.0,1,1,1
/CustomerService/getCustomeradda902e-fcc6-4a12-860b-0e876884d41c,6.720263976603746,6.720263976603746,2.0,1,1,1
/CustomerService/getCustomerae0e335a-d1c4-4b7c-9a0d-7e701d593d7e,6.17240509018302,6.17240509018302,2.0,1,1,1
/CustomerService/getCustomeraf3843e1-7aa7-4e26-8644-a64ef2191815,2.301767934113741,2.301767934113741,2.0,1,1,1
/CustomerService/getCustomerb05ab107-ca49-49d9-9759-d7e791b313e9,5.019806791096926,5.019806791096926,2.0,1,1,1
/CustomerService/getCustomerb118e897-2562-4bc1-8156-aa7c9b463b88,2.1877652034163475,2.1877652034163475,2.0,1,1,1
/CustomerService/getCustomerb135faa3-6d33-45a8-a9a2-c091c69b831f,2.244624774903059,2.244624774903059,2.0,1,1,1
/CustomerService/getCustomerb5d73f8c-0d29-4de3-890a-4c25c745b0c0,2.0865281112492085,2.0865281112492085,2.0,1,1,1
/CustomerService/getCustomerbc04fd46-529d-4c06-8066-5bf29c8d2186,2.7356604114174843,2.7356604114174843,2.0,1,1,1
/CustomerService/getCustomerbeaa397d-8a57-4c68-86c0-5394d7ab68a0,3.0126869678497314,3.0126869678497314,2.0,1,1,1
/CustomerService/getCustomerc6b8bc78-f1ae-491b-8551-065b864bc398,3.2495716586709023,3.2495716586709023,2.0,1,1,1
/CustomerService/getCustomerc830efe6-af34-42f8-9164-b75f8963f116,3.123283851891756,3.123283851891756,2.0,1,1,1
/CustomerService/getCustomercc9e42b4-49c3-4114-9ee7-5c239356a3f2,1.7806962132453918,1.7806962132453918,2.0,1,1,1
/CustomerService/getCustomercd210f7e-91ce-4bf1-a4a8-d6779fba9a90,3.917928319424391,3.917928319424391,2.0,1,1,1
/CustomerService/getCustomerd5df94d2-7544-4be2-9ccf-eb8ea5a6a780,2.993623726069927,2.993623726069927,2.0,1,1,1
/CustomerService/getCustomere02bb820-4644-4323-846b-81a0e44b8c01,2.448549959808588,2.448549959808588,2.0,1,1,1
/CustomerService/getCustomere594c949-ad45-4c91-8386-1a70c3369183,7.385357283055782,7.385357283055782,2.0,1,1,1
/CustomerService/getCustomere992ab84-fe3c-4118-b4b1-75689408160c,2.669841982424259,2.669841982424259,2.0,1,1,1
/CustomerService/getCustomerede9f77c-e1ff-4d07-9bb7-4374956a78ad,3.862963058054447,3.862963058054447,2.0,1,1,1
/CustomerService/getCustomerf20b9352-07c2-4002-ae30-c9d10d4d8d47,2.200873102992773,2.200873102992773,2.0,1,1,1
/CustomerService/getCustomerf8e51fdd-c53d-4f8f-8490-8bc35b37f318,2.3178639821708202,2.3178639821708202,2.0,1,1,1
/CustomerService/getCustomerfa013c09-b1ca-437d-ba40-1d5f502fc82b,3.558363765478134,3.558363765478134,2.0,1,1,1
/CustomerService/getCustomerfafce8a9-92a1-4440-a04b-04d0b42f0d32,2.539409324526787,2.539409324526787,2.0,1,1,1
/OrderService/CreateOrder0063461a-3491-4991-afdd-de44413a552e,8.192317094653845,8.192317094653845,1000.0,1,1,1
/OrderService/CreateOrder06c08390-b0f0-4b02-8fc9-36d0d1a7d33e,8.445202838629484,8.445202838629484,1000.0,1,1,1
/OrderService/CreateOrder07ac12b7-47de-432c-a0a2-741167cc7c34,5.387077108025551,5.387077108025551,1000.0,1,1,1
/OrderService/CreateOrder09318cfe-baac-4e73-a053-bfcbf14d32c2,2.2899010218679905,2.2899010218679905,1000.0,1,1,1
/OrderService/CreateOrder0a7a2146-a9ee-4ad8-871b-705d7c18ba92,21.103397011756897,21.103397011756897,1000.0,1,1,1
/OrderService/CreateOrder0cbc07e9-6757-4666-bb45-7d4ede4b2374,2.5686929002404213,2.5686929002404213,1000.0,1,1,1
/OrderService/CreateOrder0daa3bf3-4a7f-41b2-a951-54695fae2d05,6.057989317923784,6.057989317923784,1000.0,1,1,1
/OrderService/CreateOrder1145e5ed-52b2-4c61-bd1a-9e5db69b44a5,2.9047122225165367,2.9047122225165367,1000.0,1,1,1
/OrderService/CreateOrder11505639-d418-442b-be15-1a71728ddf8b,2.9179593548178673,2.9179593548178673,1000.0,1,1,1
/OrderService/CreateOrder11870a7d-96d9-4926-8dbe-446a8a3d588c,3.9605568163096905,3.9605568163096905,1000.0,1,1,1
/OrderService/CreateOrder13c20d48-96ea-452a-8bfb-fc8bf4f2dc11,5.494101904332638,5.494101904332638,1000.0,1,1,1
/OrderService/CreateOrder15c6ed82-1d16-4d1d-9675-93dc34745611,2.491951920092106,2.491951920092106,1000.0,1,1,1
/OrderService/CreateOrder18f25944-71ac-458e-85b3-b2d943d28659,3.172890283167362,3.172890283167362,1000.0,1,1,1
/OrderService/CreateOrder1cb9b1c8-9d05-4d33-9d54-fc8144f05f9c,2.707730047404766,2.707730047404766,1000.0,1,1,1
/OrderService/CreateOrder1cf07426-5195-4711-8912-490a0eedf8a1,2.645771950483322,2.645771950483322,1000.0,1,1,1
/OrderService/CreateOrder21185ee1-c709-43cd-8a69-0f925ee28ae2,5.9568872675299644,5.9568872675299644,1000.0,1,1,1
/OrderService/CreateOrder2250722a-342e-477d-98e8-f4ef9fd9621f,12.93158670887351,12.93158670887351,1000.0,1,1,1
/OrderService/CreateOrder2302d0bb-ddde-4127-a865-ff79986b75e2,1.88802694901824,1.88802694901824,1000.0,1,1,1
/OrderService/CreateOrder2b0925c2-f073-4d6d-b0ef-dd6017bd992d,5.431381054222584,5.431381054222584,1000.0,1,1,1
/OrderService/CreateOrder2b170fea-edf6-4e24-89fd-871aa7f09cc0,2.196394372731447,2.196394372731447,1000.0,1,1,1
/OrderService/CreateOrder3395c48b-2a1f-42e9-b27d-84f079ac0c70,23.098531644791365,23.098531644791365,1000.0,1,1,1
/OrderService/CreateOrder3bdb9c4a-3002-45e9-93d6-b3ac6c0c4444,2.650870941579342,2.650870941579342,1000.0,1,1,1
/OrderService/CreateOrder3d8a6e4b-dc1b-4d32-aaaf-9baf4969f5f3,2.3770290426909924,2.3770290426909924,1000.0,1,1,1
/OrderService/CreateOrder3f1fea23-940f-4853-bc50-64775ce98d79,2.7753212489187717,2.7753212489187717,1000.0,1,1,1
/OrderService/CreateOrder3fefe30e-cb0a-44fc-8108-c2ab723531e5,1.9837790168821812,1.9837790168821812,1000.0,1,1,1
/OrderService/CreateOrder419101b9-dc00-4daf-af19-b3952b9dec26,2.5544757954776287,2.5544757954776287,1000.0,1,1,1
/OrderService/CreateOrder463085f6-0fa2-4bf2-9d62-b7204632e47f,3.0350880697369576,3.0350880697369576,1000.0,1,1,1
/OrderService/CreateOrder4a39c03a-45d9-4c81-9f7b-a28d26f75c70,6.71681622043252,6.71681622043252,1000.0,1,1,1
/OrderService/CreateOrder4f164297-f4b3-4ff9-9c5a-cd53854ea1c5,5.1872809417545795,5.1872809417545795,1000.0,1,1,1
/OrderService/CreateOrder5571e090-4f27-4de5-abd3-b9e5ebea541a,7.346226833760738,7.346226833760738,1000.0,1,1,1
/OrderService/CreateOrder55b257d7-d092-4a53-854f-5fa16e941da4,16.864311881363392,16.864311881363392,1000.0,1,1,1
/OrderService/CreateOrder596d8ff7-6d2e-49a1-b8ba-0a9fbf0b0f5b,2.502103801816702,2.502103801816702,1000.0,1,1,1
/OrderService/CreateOrder5b248bba-6d76-4891-9399-4d9fd54fc343,13.851846102625132,13.851846102625132,1000.0,1,1,1
/OrderService/CreateOrder5d43c8e9-7ab9-4202-b594-8f7e298f4ee2,21.150413900613785,21.150413900613785,1000.0,1,1,1
/OrderService/CreateOrder5ddc071a-f235-4aac-a9be-11134fb3c7a7,3.037841059267521,3.037841059267521,1000.0,1,1,1
/OrderService/CreateOrder64cb9432-4934-4f08-8716-c51574df6b4e,2.6906332932412624,2.6906332932412624,1000.0,1,1,1
/OrderService/CreateOrder665774c5-0fe0-4f9d-8290-139df99902cd,2.7859583497047424,2.7859583497047424,1000.0,1,1,1
/OrderService/CreateOrder6829e63e-123d-4a1a-af82-45976319fd1e,2.650624141097069,2.650624141097069,1000.0,1,1,1
/OrderService/CreateOrder682c0081-0d12-4379-a11c-7686548ac587,2.243759110569954,2.243759110569954,1000.0,1,1,1
/OrderService/CreateOrder6849d82f-5a1a-439e-94f1-1bf78aa0451c,2.9847808182239532,2.9847808182239532,1000.0,1,1,1
/OrderService/CreateOrder69273e34-f22c-45e1-9d45-a20670108a59,4.665891174226999,4.665891174226999,1000.0,1,1,1
/OrderService/CreateOrder695907c3-1ff4-4774-803a-651e9023ad0a,2.9627447947859764,2.9627447947859764,1000.0,1,1,1
/OrderService/CreateOrder70808018-c838-44b3-bec5-dda037a58e7e,1.98324304074049,1.98324304074049,1000.0,1,1,1
/OrderService/CreateOrder783ce616-1413-41b7-81ab-40a714ef0c23,4.073641262948513,4.073641262948513,999.0,1,1,1
/OrderService/CreateOrder7bc76842-6e36-4e2c-b8c9-0e45c9cf826e,3.3706151880323887,3.3706151880323887,1000.0,1,1,1
/OrderService/CreateOrder7d59e669-6142-4c33-aba9-4decf9dae62d,2.4597709998488426,2.4597709998488426,1000.0,1,1,1
/OrderService/CreateOrder82a99f45-b3a8-482b-ae7e-c358f1f81b4d,2.9406999237835407,2.9406999237835407,1000.0,1,1,1
/OrderService/CreateOrder86bfc703-675a-49af-8e5e-cea05e44ef87,2.4350150488317013,2.4350150488317013,1000.0,1,1,1
/OrderService/CreateOrder8722f40c-8995-46e2-9cc6-814d802eab72,18.817783799022436,18.817783799022436,1000.0,1,1,1
/OrderService/CreateOrder87652a1b-5432-417a-923a-85583f7cda8c,2.957085147500038,2.957085147500038,1000.0,1,1,1
/OrderService/CreateOrder89f49eb9-f90d-402a-afa5-0b58555bb537,5.768178030848503,5.768178030848503,1000.0,1,1,1
/OrderService/CreateOrder8b14f0cf-0023-453a-a8cd-689b4de796d3,8.244593162089586,8.244593162089586,1000.0,1,1,1
/OrderService/CreateOrder8d149fcb-6266-4107-b6a7-7c4ef4632c83,24.13329714909196,24.13329714909196,1000.0,1,1,1
/OrderService/CreateOrder8e30226c-9e9c-4cab-8518-dfced954fa43,2.5188038125634193,2.5188038125634193,1000.0,1,1,1
/OrderService/CreateOrder905ad518-c396-46ba-8e4e-4f772b7f2f12,2.1488619968295097,2.1488619968295097,1000.0,1,1,1
/OrderService/CreateOrder948493e9-d1bf-40dc-bb61-39946d53d05a,7.056246045976877,7.056246045976877,1000.0,1,1,1
/OrderService/CreateOrder9c6298db-5e47-419b-836c-e2334838f55b,2.735367976129055,2.735367976129055,1000.0,1,1,1
/OrderService/CreateOrdera78b860f-8be2-4fa1-93a7-5c091451804d,5.755776073783636,5.755776073783636,1000.0,1,1,1
/OrderService/CreateOrdera8afb79d-5df9-4d8b-9ed2-7da2e7c84986,3.124549053609371,3.124549053609371,1000.0,1,1,1
/OrderService/CreateOrdera8e42325-589f-41d5-aabd-89d79ea36f73,3.1957277096807957,3.1957277096807957,1000.0,1,1,1
/OrderService/CreateOrderacfd8c18-c872-4ed4-944b-69ee8168059c,8.432973176240921,8.432973176240921,1000.0,1,1,1
/OrderService/CreateOrderb3fa374c-1225-4edf-bd24-76d0d6c77da8,2.915318123996258,2.915318123996258,1000.0,1,1,1
/OrderService/CreateOrderb49b37ba-1308-4c9c-ac8a-0e327ec33c2f,2.348843030631542,2.348843030631542,1000.0,1,1,1
/OrderService/CreateOrderc1248f92-19b7-44b4-950b-d0b8e58301b2,2.622039057314396,2.622039057314396,1000.0,1,1,1
/OrderService/CreateOrderc23f1deb-4ce6-4d84-ab7b-ff3a79879b7d,1.8775290809571743,1.8775290809571743,1000.0,1,1,1
/OrderService/CreateOrderc428e7e5-425f-45d6-9f84-8d3fed1350d8,7.468452211469412,7.468452211469412,1000.0,1,1,1
/OrderService/CreateOrderc7d9c31a-e74a-4550-8531-561e9bc1ba11,4.065899178385735,4.065899178385735,999.0,1,1,1
/OrderService/CreateOrderc8cad57c-3a95-4a01-a824-5e562073cdfe,2.0558121614158154,2.0558121614158154,1000.0,1,1,1
/OrderService/CreateOrderd19fd9cb-f6c7-49b7-be29-77ae37958d01,2.2290321066975594,2.2290321066975594,1000.0,1,1,1
/OrderService/CreateOrderd36fd1b3-2222-45a2-999e-549a82527830,7.848246023058891,7.848246023058891,1000.0,1,1,1
/OrderService/CreateOrderd4074c50-0eea-40ef-bdc1-d7db8497d932,1.558538991957903,1.558538991957903,1000.0,1,1,1
/OrderService/CreateOrderdf722573-db85-4ab6-933f-151063c6f37e,2.885360736399889,2.885360736399889,1000.0,1,1,1
/OrderService/CreateOrdere3eb90c7-c0cc-4846-af7e-6a7d48833f91,2.584385685622692,2.584385685622692,1000.0,1,1,1
/OrderService/CreateOrdere65a29c5-3be9-4ca4-b43c-3779b0c6fa01,2.8834189288318157,2.8834189288318157,1000.0,1,1,1
/OrderService/CreateOrdere8868337-fd73-4723-8086-fe7ac5ce0ae0,2.9142387211322784,2.9142387211322784,1000.0,1,1,1
/OrderService/CreateOrderea65969a-cd51-4e91-ba9d-a6a4fbfa4ea0,9.818654041737318,9.818654041737318,1000.0,1,1,1
/OrderService/CreateOrderedf52a90-c167-45db-8e15-959a0bfbf9ef,2.8394069522619247,2.8394069522619247,1000.0,1,1,1
/OrderService/CreateOrderf1161cdb-3be9-477e-a9b5-c3f97e8656ca,5.492066964507103,5.492066964507103,1000.0,1,1,1
/OrderService/CreateOrderf3b03b9a-b711-481b-b79e-ed87efc35881,1.8224171362817287,1.8224171362817287,1000.0,1,1,1
/OrderService/CreateOrderffcb7455-70b8-4c40-83d1-b0b0d2e377f3,4.571601282805204,4.571601282805204,1000.0,1,1,1
/OrderService/GetOrder0170d4b6-2fca-4bbc-9aac-f2e70751cb92,2.0087752491235733,2.0087752491235733,3.0,1,1,1
/OrderService/GetOrder063a94fa-e642-4b8f-9ee3-e6e68fa5d23e,1.9828430376946926,1.9828430376946926,3.0,1,1,1
/OrderService/GetOrder07aab74c-5e33-4548-8c55-23ad0461b439,1.8909024074673653,1.8909024074673653,2.0,1,1,1
/OrderService/GetOrder1342c785-bb40-4d85-84fd-0214046c9f44,1.725772861391306,1.725772861391306,3.0,1,1,1
/OrderService/GetOrder17f1fed2-d470-4a4f-9aba-46d90741182e,2.2309920750558376,2.2309920750558376,3.0,1,1,1
/OrderService/GetOrder19304e92-8010-4111-b870-1e7a3641df21,1.763650681823492,1.763650681823492,3.0,1,1,1
/OrderService/GetOrder1a6df627-12e5-4258-831f-592099ae6d48,5.081848241388798,5.081848241388798,3.0,1,1,1
/OrderService/GetOrder1ad3853d-25da-4ab9-b7c4-f6ee90ed941c,1.5764450654387474,1.5764450654387474,3.0,1,1,1
/OrderService/GetOrder2192069b-b51f-4d37-8bfc-60bd1dd3d681,2.1105888299643993,2.1105888299643993,3.0,1,1,1
/OrderService/GetOrder28f545da-9de5-42c3-9894-d7afc784505f,1.1873748153448105,1.1873748153448105,3.0,1,1,1
/OrderService/GetOrder2aa2c474-d0b1-4226-be09-b4d281ccc948,1.5837149694561958,1.5837149694561958,3.0,1,1,1
/OrderService/GetOrder2c296e84-5196-455e-8e96-56a507249700,1.9998247735202312,1.9998247735202312,3.0,1,1,1
/OrderService/GetOrder33a8c13a-3281-474a-8619-e65479eef9d9,6.748097948729992,6.748097948729992,3.0,1,1,1
/OrderService/GetOrder3808a331-39df-4606-9395-02d7e7a3f09c,2.1256590262055397,2.1256590262055397,3.0,1,1,1
/OrderService/GetOrder3a3057b4-7eaf-4d69-a668-6005ddecfef7,1.4375057071447372,1.4375057071447372,3.0,1,1,1
/OrderService/GetOrder3c4e561f-f401-4b90-99f8-6d2b817214d0,1.6205632127821445,1.6205632127821445,3.0,1,1,1
/OrderService/GetOrder44de4846-e073-47b2-ba56-a79e2e983078,1.905284821987152,1.905284821987152,3.0,1,1,1
/OrderService/GetOrder466ecf55-f78c-4951-93ab-1fd92a189d53,1.765187829732895,1.765187829732895,3.0,1,1,1
/OrderService/GetOrder4c00608b-c409-49c6-9cd9-562cb65aaedf,1.5510963276028633,1.5510963276028633,3.0,1,1,1
/OrderService/GetOrder51e7b3b2-46a3-46ac-bcf2-c45228562be3,3.3876667730510235,3.3876667730510235,3.0,1,1,1
/OrderService/GetOrder5670e515-5624-4ce4-b19d-635556bb717f,1.6335858963429928,1.6335858963429928,3.0,1,1,1
/OrderService/GetOrder5c198b1c-43fe-414b-b13a-569094c65e76,4.031613934785128,4.031613934785128,3.0,1,1,1
/OrderService/GetOrder5ebb0df6-b17c-4ab1-aab3-0adaf308fa3a,1.9389870576560497,1.9389870576560497,3.0,1,1,1
/OrderService/GetOrder607c7330-e334-4330-9c2b-fdacdde249df,1.831467729061842,1.831467729061842,3.0,1,1,1
/OrderService/GetOrder624673e3-9864-4c50-b95c-c3f54e498910,2.5596320629119873,2.5596320629119873,3.0,1,1,1
/OrderService/GetOrder638a6f72-0fc7-485e-89e0-6b83c42ad129,2.085970714688301,2.085970714688301,3.0,1,1,1
/OrderService/GetOrder660ddc93-4afa-44e1-85b9-62627e4683df,3.297982271760702,3.297982271760702,3.0,1,1,1
/OrderService/GetOrder66fcc967-bd2f-475a-a6a8-f157492cc297,2.5403257459402084,2.5403257459402084,2.0,1,1,1
/OrderService/GetOrder698a8512-3724-4a26-93f5-442433340928,1.918313093483448,1.918313093483448,2.0,1,1,1
/OrderService/GetOrder6c50c021-2894-4910-8a4d-81b4f3cbed19,1.7269612289965153,1.7269612289965153,3.0,1,1,1
/OrderService/GetOrder6d4515f6-2c5b-4003-a936-22d19186e5bb,5.162307992577553,5.162307992577553,2.0,1,1,1
/OrderService/GetOrder74af197e-2699-4a6c-a96b-0abd0de0f974,6.511651910841465,6.511651910841465,3.0,1,1,1
/OrderService/GetOrder7c3d81a7-78ca-498c-99b3-c8dfc8041208,2.491460647433996,2.491460647433996,3.0,1,1,1
/OrderService/GetOrder7ee34cbe-e48e-4660-bc3e-1273c53cf251,2.0573497749865055,2.0573497749865055,2.0,1,1,1
/OrderService/GetOrder7f8b99c5-47df-4974-84f8-0c648c17a280,16.225874889642,16.225874889642,3.0,1,1,1
/OrderService/GetOrder80a8c0f7-0a02-405f-af19-f33f4a792922,2.0853830501437187,2.0853830501437187,3.0,1,1,1
/OrderService/GetOrder8188dab5-5fcb-4f2e-9219-100b68e89c4d,1.3167508877813816,1.3167508877813816,2.0,1,1,1
/OrderService/GetOrder87192db3-a212-4099-bd6a-4e2379022d1f,1.6742059960961342,1.6742059960961342,3.0,1,1,1
/OrderService/GetOrder891486af-2d7f-48b3-9b62-b244babc53c8,14.219890348613262,14.219890348613262,3.0,1,1,1
/OrderService/GetOrder8ef54401-71c0-48e6-962d-a5908000dd01,1.6490141861140728,1.6490141861140728,3.0,1,1,1
/OrderService/GetOrder928e9622-e2ca-48f0-97e0-4b75be1228be,1.2349956668913364,1.2349956668913364,3.0,1,1,1
/OrderService/GetOrdera2b24dce-54d4-4738-8690-77923c63b846,1.8338048830628395,1.8338048830628395,3.0,1,1,1
/OrderService/GetOrdera349f940-9e60-4afd-9d69-7352e5ea1a74,1.6382778994739056,1.6382778994739056,3.0,1,1,1
/OrderService/GetOrdera833792e-fedf-4d9f-91d5-cc08d68903aa,2.0620771683752537,2.0620771683752537,3.0,1,1,1
/OrderService/GetOrderaec88079-7271-4c10-9e01-d979f47e77bd,4.538015928119421,4.538015928119421,3.0,1,1,1
/OrderService/GetOrderb56f7830-5ded-49ab-9025-d50bffa4f5be,1.6033537685871124,1.6033537685871124,3.0,1,1,1
/OrderService/GetOrderb6293f65-f446-4102-8ef5-d85dc5f9cea9,2.0103990100324154,2.0103990100324154,2.0,1,1,1
/OrderService/GetOrderb697ea68-bb8a-454f-91fc-059a17a0e08f,5.548086017370224,5.548086017370224,3.0,1,1,1
/OrderService/GetOrderb74ace36-e6e8-4d56-9956-c77272a45744,2.1746917627751827,2.1746917627751827,2.0,1,1,1
/OrderService/GetOrderb74c352f-3c38-4026-9b55-686838b0ccd0,2.30031693354249,2.30031693354249,3.0,1,1,1
/OrderService/GetOrderbb88bc73-71bc-4cf8-99bd-5f473c2820ce,1.9854530692100525,1.9854530692100525,3.0,1,1,1
/OrderService/GetOrderbc7e7114-cf92-46db-99da-ac324562eb72,3.246030770242214,3.246030770242214,3.0,1,1,1
/OrderService/GetOrderbe6c8acc-3c48-40e6-9e28-dd023eb9920c,1.2197420001029968,1.2197420001029968,3.0,1,1,1
/OrderService/GetOrderbf96c62d-eace-4ead-a808-6290d8a965cb,21.644442807883024,21.644442807883024,3.0,1,1,1
/OrderService/GetOrderc9779caa-85e7-48bb-81ca-05f3b27c08b2,3.1450679525732994,3.1450679525732994,3.0,1,1,1
/OrderService/GetOrderc9899524-52d2-41e0-9f71-480bee2aa576,1.7830701544880867,1.7830701544880867,3.0,1,1,1
/OrderService/GetOrderd2afe204-e786-4e0e-90c4-7de2c60ffb30,2.198372967541218,2.198372967541218,3.0,1,1,1
/OrderService/GetOrderd518c105-f26f-4ed1-814e-62b3b6b42e84,8.693757001310587,8.693757001310587,3.0,1,1,1
/OrderService/GetOrderd71809b1-c9b0-4689-96da-ae87454b3abf,7.75195611640811,7.75195611640811,3.0,1,1,1
/OrderService/GetOrderd83d58fe-6a1b-4975-9eb9-2d846130aed7,1.7928560264408588,1.7928560264408588,3.0,1,1,1
/OrderService/GetOrderd9d3a02d-63e1-4850-9d5b-60e2b4a421ae,1.5718257054686546,1.5718257054686546,3.0,1,1,1
/OrderService/GetOrderdc7fc4af-b889-42a0-bff0-8cf1fc30fbe4,23.327460046857595,23.327460046857595,3.0,1,1,1
/OrderService/GetOrderdd0b144e-7e10-4870-826d-7997f2d5dcd4,2.393426839262247,2.393426839262247,3.0,1,1,1
/OrderService/GetOrderdd0da6cd-c2a6-41e6-8e85-6af9529f4279,2.262003254145384,2.262003254145384,3.0,1,1,1
/OrderService/GetOrderddf4a29c-2918-4c39-937b-f14cb512c8b1,14.985883142799139,14.985883142799139,3.0,1,1,1
/OrderService/GetOrderded8b941-22cd-4e1c-b99b-6f9b1f04d72e,21.774626802653074,21.774626802653074,3.0,1,1,1
/OrderService/GetOrdere11c9621-2e9f-463c-b974-26276818bb39,4.241654183715582,4.241654183715582,3.0,1,1,1
/OrderService/GetOrdere6732a5e-fce5-4b4e-b572-dc656b5f2188,1.8226029351353645,1.8226029351353645,2.0,1,1,1
/OrderService/GetOrdere673dde9-8453-432c-ab94-e6ba70cf016a,4.5903208665549755,4.5903208665549755,3.0,1,1,1
/OrderService/GetOrdere71506a8-d0ea-4224-8ae4-ea75347b9f8f,4.1966219432652,4.1966219432652,3.0,1,1,1
/OrderService/GetOrdereae50842-cba1-478c-8527-86c95206b122,1.8043187446892262,1.8043187446892262,2.0,1,1,1
/OrderService/GetOrdereb81e8f5-0c7c-412c-ac07-46ce0efe7171,6.927482783794403,6.927482783794403,3.0,1,1,1
/OrderService/GetOrdereba4547e-d749-4d85-bedd-dd23c9252f74,1.087971031665802,1.087971031665802,3.0,1,1,1
/OrderService/GetOrderecd306a5-ca75-4a0c-8d3c-4fa1479700ea,1.4744778163731098,1.4744778163731098,3.0,1,1,1
/OrderService/GetOrderee60554f-14cd-443f-91b3-47cedb8f9764,2.5978069752454758,2.5978069752454758,3.0,1,1,1
/OrderService/GetOrderf129fc6d-75f1-4673-b6b5-e15188d29f50,1.6896012239158154,1.6896012239158154,2.0,1,1,1
/OrderService/GetOrderf6bc61d9-4f26-4e35-9f29-cea3542eb8cd,2.140949945896864,2.140949945896864,2.0,1,1,1
/OrderService/GetOrderf7f21e80-e1ce-43f2-8bbe-3e3af73a77e0,1.9968608394265175,1.9968608394265175,3.0,1,1,1
/OrderService/GetOrderfc8ec535-f0a9-4072-9e6c-a56aeab5eead,2.641076222062111,2.641076222062111,3.0,1,1,1
/OrderService/GetOrderfff51f14-a840-4f6f-a125-57cee27afa3b,1.3014702126383781,1.3014702126383781,3.0,1,1,1
Aggregated,6.674809946707683,5.0,625.9765625,-1,1,1
