Service,Average Response Time,Medium Response Time,Request Size,Request Type,Frequency,Size
/CatalogService/AddItem0dc2129d-8ba1-4bd8-8fbd-3acc3fcf32b6,7.23253283649683,7.23253283649683,100000.0,1,0,2
/CatalogService/AddItem57b9bf0c-c199-432f-b247-e27c8b304b70,9.445844683796167,9.445844683796167,100000.0,1,0,2
/CatalogService/AddItem6203ff2b-3633-4022-acd4-1cb60e62e4ba,6.977469194680452,6.977469194680452,100000.0,1,0,2
/CatalogService/AddItem80a42400-f595-4d9e-8eac-731424957a8b,7.475191727280617,7.475191727280617,100000.0,1,0,2
/CatalogService/AddItem8a18bada-34ab-404d-b0f8-acb5734ff510,5.8507053181529045,5.8507053181529045,100000.0,1,0,2
/CatalogService/AddItema67ac7c1-aff9-4a0a-99f8-4b2c3e633f15,3.605079837143421,3.605079837143421,100000.0,1,0,2
/CatalogService/AddItemad3d9784-e366-422c-b0d6-dd09a02485e7,8.110486902296543,8.110486902296543,100000.0,1,0,2
/CatalogService/AddItemb658ab95-a96e-4f12-a161-42b04e8c5aba,9.220540057867765,9.220540057867765,100000.0,1,0,2
/CatalogService/GetItem0bf532ce-01c9-4368-aeae-fb1c12d895f4,4.001079127192497,4.001079127192497,3.0,1,0,2
/CatalogService/GetItem4bd07bc5-d6f8-40fb-929e-11451909ab4b,4.796670749783516,4.796670749783516,3.0,1,0,2
/CatalogService/GetItem57224ec9-6084-4030-9797-710139a89b5a,3.5031866282224655,3.5031866282224655,3.0,1,0,2
/CatalogService/GetItema013c904-249e-4803-a866-17ed89464cde,1.7192568629980087,1.7192568629980087,3.0,1,0,2
/CatalogService/GetItema274208f-c25e-4330-8819-f737b711028b,7.818654179573059,7.818654179573059,3.0,1,0,2
/CatalogService/GetItemc261be0d-b31e-46fd-b8d1-d101fd6f75ce,1.910849940031767,1.910849940031767,3.0,1,0,2
/CatalogService/GetItemc7229f71-438f-41c4-b06f-b705c6d4b88c,5.246891174465418,5.246891174465418,3.0,1,0,2
/CatalogService/GetItemfb5fd4a1-4c34-4d85-bb0c-343ebed5b1d6,4.531785845756531,4.531785845756531,3.0,1,0,2
/CatalogService/UpdateItem08c3a509-b9b4-4f4e-93b2-82b2c815c829,4.6684169210493565,4.6684169210493565,100000.0,1,0,2
/CatalogService/UpdateItem1eaff142-5757-46e0-aa1d-4be0fda316fb,6.891766097396612,6.891766097396612,100000.0,1,0,2
/CatalogService/UpdateItem451dbe5a-f850-48d2-8f9d-043734382ce5,8.359621744602919,8.359621744602919,100000.0,1,0,2
/CatalogService/UpdateItem5ebc34ba-ced3-4b51-96ce-311e9aa273b2,8.898532949388027,8.898532949388027,100000.0,1,0,2
/CatalogService/UpdateItem669d45ce-146d-4f79-aa01-4913d4524aad,6.299158092588186,6.299158092588186,100000.0,1,0,2
/CatalogService/UpdateItembd63c728-864c-4402-a12f-2a42588a287c,6.531903054565191,6.531903054565191,100000.0,1,0,2
/CatalogService/UpdateItemd19bb47e-7284-458b-ac1b-3372b3c0c86c,5.968180950731039,5.968180950731039,100000.0,1,0,2
/CatalogService/UpdateItemef681f38-84d1-43d7-a08a-4b0fc014497f,12.227909173816442,12.227909173816442,100000.0,1,0,2
/CustomerService/CreateCustomer21ccb7ac-0563-48fe-861a-8a33cb909557,15.972638968378305,15.972638968378305,100000.0,1,0,2
/CustomerService/CreateCustomer39e6faf1-5a48-4b67-8a53-bf4e675b8f29,10.250291787087917,10.250291787087917,100000.0,1,0,2
/CustomerService/CreateCustomer5696ccf6-9e9c-40cd-9643-94e2ef696c59,20.20367793738842,20.20367793738842,100000.0,1,0,2
/CustomerService/CreateCustomer8622b1c7-8b44-4fcc-9d08-ed0f70798076,17.22532417625189,17.22532417625189,100000.0,1,0,2
/CustomerService/CreateCustomera396d045-5a03-4788-99e1-719bdee5fad0,18.734456971287727,18.734456971287727,100000.0,1,0,2
/CustomerService/CreateCustomere82fb95d-0c61-4a94-8b11-5ce80cf86776,12.944150250405073,12.944150250405073,100000.0,1,0,2
/CustomerService/CreateCustomerf9adc2ce-afd1-416a-962b-c3778282bffb,16.345412004739046,16.345412004739046,100000.0,1,0,2
/CustomerService/CreateCustomerfc697c66-cf13-4282-9354-6e16d60fb1fb,16.67375396937132,16.67375396937132,100000.0,1,0,2
/CustomerService/UpdateCustomer216e4422-de5a-4588-bf53-c4cdfb504d16,12.371405027806759,12.371405027806759,100000.0,1,0,2
/CustomerService/UpdateCustomer5adc49ae-fa02-46a8-99dd-dbdd8ae77fd8,10.087622329592705,10.087622329592705,100000.0,1,0,2
/CustomerService/UpdateCustomer69567ccb-3e7c-443d-bbd0-dc3a64202cea,11.023606173694134,11.023606173694134,100000.0,1,0,2
/CustomerService/UpdateCustomer7b2f1e06-ac66-4d9f-869a-576a76238011,10.488636326044798,10.488636326044798,100000.0,1,0,2
/CustomerService/UpdateCustomer96570f60-f15f-4c86-8e59-85ae948c6893,14.723090920597315,14.723090920597315,100000.0,1,0,2
/CustomerService/UpdateCustomera2a527f3-64b8-48aa-a24a-b2fd30e3ac37,16.306883189827204,16.306883189827204,100000.0,1,0,2
/CustomerService/UpdateCustomerca7ccfad-2c82-4d23-bc20-3e206be64921,11.235455982387066,11.235455982387066,100000.0,1,0,2
/CustomerService/UpdateCustomerf1e5e7d3-1c4f-4835-bfda-b9aa33901ec3,11.47310296073556,11.47310296073556,100000.0,1,0,2
/CustomerService/getCustomer08f68715-4dd7-4c6e-9a65-09dd0b28c3b3,4.379145801067352,4.379145801067352,2.0,1,0,2
/CustomerService/getCustomer1f44ad0e-f2d4-4518-8f6e-d183afb3edef,1.7638527788221836,1.7638527788221836,2.0,1,0,2
/CustomerService/getCustomer4ecad40a-883e-4ed5-8a2a-545dcec9267e,4.715947434306145,4.715947434306145,2.0,1,0,2
/CustomerService/getCustomer6d841e65-9d47-4252-bc6d-d47e89e88f45,2.5931335985660553,2.5931335985660553,2.0,1,0,2
/CustomerService/getCustomer96afd645-8c5c-4877-a4c7-b623e2b5e3ac,1.6150097362697124,1.6150097362697124,2.0,1,0,2
/CustomerService/getCustomera4455c9d-6f0a-41e8-b444-4a8375f2fc73,5.080026108771563,5.080026108771563,2.0,1,0,2
/CustomerService/getCustomerb4ba223e-b4c8-4ea8-824a-3a0aa067679a,3.219504840672016,3.219504840672016,2.0,1,0,2
/CustomerService/getCustomerd4e54930-a5aa-4208-b1e5-69bb3df2c404,5.883119069039822,5.883119069039822,2.0,1,0,2
/OrderService/CreateOrder34afae80-7c01-4fcb-a9e2-4aa02154b6d5,13.142149895429611,13.142149895429611,100000.0,1,0,2
/OrderService/CreateOrder3b437ac7-74b5-46f0-a8ea-f73330fb8394,14.73804097622633,14.73804097622633,100000.0,1,0,2
/OrderService/CreateOrder3f0a9648-764c-4188-9070-b78cebd67677,7.83028919249773,7.83028919249773,100000.0,1,0,2
/OrderService/CreateOrder45046616-1d3d-4911-9bb1-8f570b802a5b,13.64963361993432,13.64963361993432,100000.0,1,0,2
/OrderService/CreateOrder6b83ee68-c1f2-47d6-955e-e37f3c8e8c81,6.9780247285962105,6.9780247285962105,100000.0,1,0,2
/OrderService/CreateOrder777a8e6f-4290-4a46-b95b-e7d54bd1eebe,6.057878024876118,6.057878024876118,100000.0,1,0,2
/OrderService/CreateOrder9514acea-3bf7-4bd7-aec2-c38cde5c407a,5.9046391397714615,5.9046391397714615,100000.0,1,0,2
/OrderService/CreateOrderaea98b6c-1603-462c-85e5-089d059c0968,10.813964996486902,10.813964996486902,100000.0,1,0,2
/OrderService/GetOrder08726a22-ab5e-4934-8d58-332e2d3b1c32,2.7004340663552284,2.7004340663552284,3.0,1,0,2
/OrderService/GetOrder4b27e070-316b-4260-9825-e037de3eae3e,3.8359719328582287,3.8359719328582287,3.0,1,0,2
/OrderService/GetOrder50974765-ec13-4089-8a0c-6030c69139c3,4.4559212401509285,4.4559212401509285,3.0,1,0,2
/OrderService/GetOrder633d898d-c26c-48ce-8afa-489cd05ca18d,5.347667261958122,5.347667261958122,3.0,1,0,2
/OrderService/GetOrder84a85e7b-4d08-41b5-9d16-cb34c4b17909,1.8703821115195751,1.8703821115195751,3.0,1,0,2
/OrderService/GetOrder99f4b4b6-a7d1-404d-8d30-f86b00ed68dc,1.5202979557216167,1.5202979557216167,3.0,1,0,2
/OrderService/GetOrderb1f03a41-0a86-45d0-bc69-b824085b4617,1.6161180101335049,1.6161180101335049,3.0,1,0,2
/OrderService/GetOrderc737e363-6251-4f8e-8801-7ca877455641,2.034118864685297,2.034118864685297,3.0,1,0,2
Aggregated,7.954632725159172,7.0,62501.0,-1,0,2
