Service,Average Response Time,Medium Response Time,Request Size,Request Type,Frequency,Size
/CatalogService/AddItem1ac3e951-4385-479a-9f82-cd5ef6643be8,10.508936829864979,10.508936829864979,50.0,1,0,0
/CatalogService/AddItem2866285e-9fe3-44a0-98bf-d6a7544ac6de,5.255362950265408,5.255362950265408,50.0,1,0,0
/CatalogService/AddItem52ad1a6c-b662-4dbd-a501-762818fd6957,8.051735814660788,8.051735814660788,50.0,1,0,0
/CatalogService/AddItem58bb20b8-5564-42c6-a9f7-f228e53d1fb9,8.846846874803305,8.846846874803305,50.0,1,0,0
/CatalogService/AddItem61d87c00-1434-47da-acfe-e95500f673dd,7.0637669414281845,7.0637669414281845,50.0,1,0,0
/CatalogService/AddItem73394843-3ea5-47a5-88a3-56cf32fdc397,6.175507325679064,6.175507325679064,50.0,1,0,0
/CatalogService/AddItemab5732c1-53f0-474a-ab8d-dfb0098d411c,8.292392361909151,8.292392361909151,50.0,1,0,0
/CatalogService/AddItemcb19df0f-1b8e-44a7-a001-251dc23a9845,12.391916941851377,12.391916941851377,50.0,1,0,0
/CatalogService/GetItem01457207-ec11-42a8-93b5-caddbbe49dbc,5.4849740117788315,5.4849740117788315,3.0,1,0,0
/CatalogService/GetItem17c8c594-9801-423b-8f90-27f89c42759f,8.103274274617434,8.103274274617434,3.0,1,0,0
/CatalogService/GetItem4469951a-50be-480e-a958-c28d032ed80a,6.611514836549759,6.611514836549759,3.0,1,0,0
/CatalogService/GetItem500588e9-1453-43ef-a18d-2395e7bfb948,5.800902843475342,5.800902843475342,3.0,1,0,0
/CatalogService/GetItem5e854119-8f71-4482-964c-ae7591fbf713,11.738967150449753,11.738967150449753,3.0,1,0,0
/CatalogService/GetItem82e2d906-0ca4-4182-910e-d50b0380114a,2.1507181227207184,2.1507181227207184,3.0,1,0,0
/CatalogService/GetItembf6a9751-416a-40d6-b174-0e02e9963b65,2.400198020040989,2.400198020040989,3.0,1,0,0
/CatalogService/GetItemd321e98d-d1c3-4172-a772-b76f5a138a70,6.023462861776352,6.023462861776352,3.0,1,0,0
/CatalogService/UpdateItem09e89b68-0392-4561-a590-7d9347ff6831,11.727002914994955,11.727002914994955,50.0,1,0,0
/CatalogService/UpdateItem149a9773-c03e-4f9c-8f6e-42bad806d37a,6.286794785410166,6.286794785410166,50.0,1,0,0
/CatalogService/UpdateItem1a64053d-a580-4bb5-9f81-a5925c52c42f,10.214155074208975,10.214155074208975,50.0,1,0,0
/CatalogService/UpdateItem567c29dc-d9f8-42e0-b4a2-94b6b5462f7e,6.165105849504471,6.165105849504471,50.0,1,0,0
/CatalogService/UpdateItem71d08b56-4671-49fe-ad25-91f146e27a5c,4.7881449572741985,4.7881449572741985,50.0,1,0,0
/CatalogService/UpdateItema6ec7c8b-5db7-48e7-948e-3ab85a37c591,7.368863094598055,7.368863094598055,50.0,1,0,0
/CatalogService/UpdateItemc7a1685e-1b7b-4252-8b1b-0a146e494801,10.848067235201597,10.848067235201597,50.0,1,0,0
/CatalogService/UpdateItemce70ad76-c690-426b-84e4-c073250390f3,6.18225522339344,6.18225522339344,50.0,1,0,0
/CustomerService/CreateCustomer278662c6-8107-4c0c-9537-075053b90b45,16.219266690313816,16.219266690313816,50.0,1,0,0
/CustomerService/CreateCustomer2e7b1883-4e6b-49a6-9957-c15341ebbbe1,12.459431309252977,12.459431309252977,50.0,1,0,0
/CustomerService/CreateCustomer4fc5ec50-f282-4f01-b572-37352871ff28,12.11503567174077,12.11503567174077,50.0,1,0,0
/CustomerService/CreateCustomer53e296ec-c946-40ba-82c1-26a35c4e845f,13.701320625841618,13.701320625841618,50.0,1,0,0
/CustomerService/CreateCustomer746f73cd-a610-4bc9-8c78-4a3b95e75207,12.329848017543554,12.329848017543554,50.0,1,0,0
/CustomerService/CreateCustomer75db6aed-dbb3-41a8-9e5b-3aa5c9c6b054,17.792637925595045,17.792637925595045,50.0,1,0,0
/CustomerService/CreateCustomer919fd527-c494-4798-b157-dfb456068918,12.812329921871424,12.812329921871424,50.0,1,0,0
/CustomerService/CreateCustomerbe5b7edf-a0d2-422d-b53a-16fa983feecb,12.728163972496986,12.728163972496986,50.0,1,0,0
/CustomerService/UpdateCustomer04a9692e-3ee3-4b5a-8c4d-1f2d663255c4,9.177983738481998,9.177983738481998,50.0,1,0,0
/CustomerService/UpdateCustomer152d5e96-2517-48e0-8bae-b3a6ad4f84f4,10.524394921958447,10.524394921958447,50.0,1,0,0
/CustomerService/UpdateCustomer64908fd8-12b9-43ec-acfc-9c7f53325085,10.183434002101421,10.183434002101421,50.0,1,0,0
/CustomerService/UpdateCustomer70876b5f-72d7-41ad-bf50-bb27b5d9f2ae,9.096099063754082,9.096099063754082,50.0,1,0,0
/CustomerService/UpdateCustomer78195d13-ab50-4f3d-b8d6-90e258e8439f,10.089014191180468,10.089014191180468,50.0,1,0,0
/CustomerService/UpdateCustomer9f100ec9-e9ad-45b7-b67d-da34900ba750,7.638880982995033,7.638880982995033,50.0,1,0,0
/CustomerService/UpdateCustomerb63780c9-d4a8-4b5c-b5d9-59c0cea924fe,15.812410973012447,15.812410973012447,50.0,1,0,0
/CustomerService/UpdateCustomerf7a769f2-f61b-43f7-9a79-21f54797e745,16.208335757255554,16.208335757255554,50.0,1,0,0
/CustomerService/getCustomer457e5882-a3bf-469c-8761-f27267dbf613,7.401293609291315,7.401293609291315,2.0,1,0,0
/CustomerService/getCustomer72cd3592-9163-48e9-906f-a9a088eaea7f,11.068681254982948,11.068681254982948,2.0,1,0,0
/CustomerService/getCustomer80fa70c5-025e-4ef4-8753-e3385878d272,6.533992011100054,6.533992011100054,2.0,1,0,0
/CustomerService/getCustomer98243426-b4a3-49b2-801d-9b09912da0f3,7.751261815428734,7.751261815428734,2.0,1,0,0
/CustomerService/getCustomer9a31eed3-162f-420b-9ecf-24dcdba9880c,6.735790986567736,6.735790986567736,2.0,1,0,0
/CustomerService/getCustomerb4b82342-a6dd-491b-b983-4ff24bbe5081,9.017274715006351,9.017274715006351,2.0,1,0,0
/CustomerService/getCustomerb7815efb-a6e3-4285-a3be-2d09cdd5cba8,10.151141323149204,10.151141323149204,2.0,1,0,0
/CustomerService/getCustomerfbf66e4f-98b1-4b2c-92af-b3353fdc7032,6.790969055145979,6.790969055145979,2.0,1,0,0
/OrderService/CreateOrder0cedf6e6-095a-4301-86a1-0a193a64b33f,7.752127945423126,7.752127945423126,50.0,1,0,0
/OrderService/CreateOrder173a33ab-cfeb-45ea-b2f9-60ce4f3604a1,21.72900689765811,21.72900689765811,50.0,1,0,0
/OrderService/CreateOrder69e5cef3-b623-421e-872c-785101391c10,13.055288698524237,13.055288698524237,50.0,1,0,0
/OrderService/CreateOrdera969563e-0a94-40ba-85ed-4faea52dc75d,20.063800271600485,20.063800271600485,50.0,1,0,0
/OrderService/CreateOrderb86d3b07-a1e7-4fc0-b295-d9ee7229256b,12.390932999551296,12.390932999551296,50.0,1,0,0
/OrderService/CreateOrderd66bccc0-43e6-4706-afee-6f73d791b6b5,12.912304140627384,12.912304140627384,50.0,1,0,0
/OrderService/CreateOrdere156d733-0b63-49c9-b516-9a6dd65e0837,25.9554130025208,25.9554130025208,50.0,1,0,0
/OrderService/CreateOrdere82eb009-eca7-4ff1-acb4-260ce398a44c,23.254645988345146,23.254645988345146,50.0,1,0,0
/OrderService/GetOrder74528709-cb27-4566-b786-553351a459a4,4.0711527690291405,4.0711527690291405,3.0,1,0,0
/OrderService/GetOrder7822ef08-b501-4e86-9044-240fc1622d18,11.192281264811754,11.192281264811754,3.0,1,0,0
/OrderService/GetOrder7b522a4a-39c2-4eb0-b8bf-4600b910aa49,2.2079111076891422,2.2079111076891422,3.0,1,0,0
/OrderService/GetOrder9aac90d8-86d9-4771-b1e7-93901f973d3c,5.657599773257971,5.657599773257971,3.0,1,0,0
/OrderService/GetOrdera39ab175-afd2-4f61-943b-4f128d26a740,5.482879001647234,5.482879001647234,3.0,1,0,0
/OrderService/GetOrderd8015c8a-018a-4d78-9086-21b12fcdd6fc,3.3978340215981007,3.3978340215981007,3.0,1,0,0
/OrderService/GetOrderdde3e8b2-2466-4f41-87ef-2ec40a0dc9e6,9.397164918482304,9.397164918482304,3.0,1,0,0
/OrderService/GetOrderfcbf9848-3de0-4cc2-97c9-5f22cae4067b,2.178541850298643,2.178541850298643,3.0,1,0,0
Aggregated,9.742480382556096,9.0,32.25,-1,0,0
