Service,Average Response Time,Medium Response Time,Request Size,Request Type,Frequency,Size
/CatalogService/AddItem42c8d8e8-c271-4282-b246-bcbb8b17b5a3,13.558268081396818,13.558268081396818,1000.0,1,0,1
/CatalogService/AddItem92f04ba4-c722-4798-b03a-26767708a15c,8.409044705331326,8.409044705331326,1000.0,1,0,1
/CatalogService/AddItem95e07d03-cc63-4c06-aaa1-2adb1378c9fb,9.60581935942173,9.60581935942173,1000.0,1,0,1
/CatalogService/AddItem96c2aa04-2d6b-4831-acbe-ed06ed3342b7,9.471219964325428,9.471219964325428,1000.0,1,0,1
/CatalogService/AddItemb1c41575-7d4d-4a6c-b3d9-974e1bcd7382,8.756574708968401,8.756574708968401,1000.0,1,0,1
/CatalogService/AddItemd100ef56-904f-4188-9c0f-b836ca6423a4,8.339202962815762,8.339202962815762,1000.0,1,0,1
/CatalogService/AddIteme2a926b7-7180-4fcc-858b-247d1a39338e,10.051348712295294,10.051348712295294,1000.0,1,0,1
/CatalogService/AddItemfd69cc86-7e91-4f88-af53-8372559653a1,8.393919095396996,8.393919095396996,1000.0,1,0,1
/CatalogService/GetItem0daa4e3f-b59a-4c22-b999-b0672623d1aa,5.093812011182308,5.093812011182308,3.0,1,0,1
/CatalogService/GetItem0e12660e-dd21-43b6-9832-c9969d7159cd,2.954143099486828,2.954143099486828,3.0,1,0,1
/CatalogService/GetItem33d0a116-dd9c-4435-a051-151735a7b13e,3.6245579831302166,3.6245579831302166,3.0,1,0,1
/CatalogService/GetItem599bf4f4-f044-437c-b748-f9124ec10d9d,3.478660713881254,3.478660713881254,3.0,1,0,1
/CatalogService/GetItem7ab94e88-7f58-43bf-a1f7-e93057d4e1c8,1.4496240764856339,1.4496240764856339,3.0,1,0,1
/CatalogService/GetItema2a4e6ba-1c22-47cf-9f48-0f0703ae2f01,3.3444049768149853,3.3444049768149853,3.0,1,0,1
/CatalogService/GetItemd23aa902-32d2-46a0-91b6-23aab709ab7f,6.794231943786144,6.794231943786144,3.0,1,0,1
/CatalogService/GetIteme2d546e0-3ee6-4db6-9885-b9658a8a4c76,6.3827987760305405,6.3827987760305405,3.0,1,0,1
/CatalogService/UpdateItem001abd7c-e588-4ed1-82b1-261ea44b7c92,3.6305170506238937,3.6305170506238937,1000.0,1,0,1
/CatalogService/UpdateItem3ce67ae8-4441-42c2-b974-f69203c99d88,3.2181660644710064,3.2181660644710064,1000.0,1,0,1
/CatalogService/UpdateItem8f822762-5c45-4e38-9d91-766987c9cc4f,6.556018255650997,6.556018255650997,1000.0,1,0,1
/CatalogService/UpdateItem9ecaf87b-9906-4eda-a8a7-fe0f8fff22af,6.428451742976904,6.428451742976904,1000.0,1,0,1
/CatalogService/UpdateItemed003d39-a884-4f7a-8705-68929f137328,4.502394236624241,4.502394236624241,1000.0,1,0,1
/CatalogService/UpdateItemedbb379f-79fa-41cc-92de-852331d4a89a,6.996180396527052,6.996180396527052,1000.0,1,0,1
/CatalogService/UpdateItemf583163e-2b08-4f7c-992f-106e468fac2e,9.272381197661161,9.272381197661161,1000.0,1,0,1
/CatalogService/UpdateItemfd83375f-2795-4335-be0c-6e44566424ff,2.645587082952261,2.645587082952261,1000.0,1,0,1
/CustomerService/CreateCustomer2feb9347-8555-4567-b635-1910ec2c8d00,18.93761707469821,18.93761707469821,1000.0,1,0,1
/CustomerService/CreateCustomer6bfa98e5-6dd1-4b93-b2f5-997c772fb4a3,18.759956117719412,18.759956117719412,1000.0,1,0,1
/CustomerService/CreateCustomer7a7d8904-20b9-4753-a9ab-c874405f2fa8,21.182441152632236,21.182441152632236,1000.0,1,0,1
/CustomerService/CreateCustomer94a7ff09-968c-41b3-9d0d-0d6172e4ed2e,19.073592964559793,19.073592964559793,1000.0,1,0,1
/CustomerService/CreateCustomer957da1f2-cf7c-4ba9-a8d0-bb41420ed650,15.930254943668842,15.930254943668842,1000.0,1,0,1
/CustomerService/CreateCustomeraa74f3cb-53f3-43e5-a256-5465b1c677b2,22.419597022235394,22.419597022235394,1000.0,1,0,1
/CustomerService/CreateCustomerdaf5dc5e-0cd7-44f7-bc01-fc0a916a1838,19.604121800512075,19.604121800512075,1000.0,1,0,1
/CustomerService/CreateCustomerfff8da28-d7b3-4706-b273-db26aca3a857,19.780265633016825,19.780265633016825,1000.0,1,0,1
/CustomerService/UpdateCustomer09386875-6e06-4801-a184-bd91f1b04b83,7.8011080622673035,7.8011080622673035,1000.0,1,0,1
/CustomerService/UpdateCustomer1a38e8ff-3e68-4eaf-b9d1-5ac9f4fc17fa,13.431305065751076,13.431305065751076,1000.0,1,0,1
/CustomerService/UpdateCustomer2489646a-86f7-48b4-a473-b7bb023a08ef,9.352234192192554,9.352234192192554,1000.0,1,0,1
/CustomerService/UpdateCustomer348f952e-4386-4d5a-a7d3-67bfa76d25c6,6.929253693670034,6.929253693670034,1000.0,1,0,1
/CustomerService/UpdateCustomer6d71b529-7923-4012-b1cd-2bef56fee3b3,12.74610310792923,12.74610310792923,1000.0,1,0,1
/CustomerService/UpdateCustomer7227e9f9-6c21-49e8-a7be-9826759c3bc4,18.023976124823093,18.023976124823093,1000.0,1,0,1
/CustomerService/UpdateCustomer97a197f5-4822-4253-b5af-dc4adecb4346,12.69649900496006,12.69649900496006,1000.0,1,0,1
/CustomerService/UpdateCustomera64ecaf3-0cc7-4e56-a5d8-9e4e2f9a23b7,9.255038108676672,9.255038108676672,1000.0,1,0,1
/CustomerService/getCustomer0fa4dd4a-eb61-4038-9590-df26e3344f10,6.951068062335253,6.951068062335253,2.0,1,0,1
/CustomerService/getCustomer1afeacdf-1e70-4809-aaff-8ea600e3b4f9,3.917825873941183,3.917825873941183,2.0,1,0,1
/CustomerService/getCustomer3be090ca-81ae-4715-b2e2-f0a64d4cc1d4,6.74221059307456,6.74221059307456,2.0,1,0,1
/CustomerService/getCustomer598daf25-bed6-4084-89e7-729942f0bd58,6.787104997783899,6.787104997783899,2.0,1,0,1
/CustomerService/getCustomer77ed941a-8ddc-4cdb-acdc-3c12aef3cce1,3.9702290669083595,3.9702290669083595,2.0,1,0,1
/CustomerService/getCustomer8a8336d8-d612-490f-88a3-a50b52e2ffe6,2.3918659426271915,2.3918659426271915,2.0,1,0,1
/CustomerService/getCustomera2cea718-0d19-41cc-b4d2-2092c1ad0b5f,3.623523749411106,3.623523749411106,2.0,1,0,1
/CustomerService/getCustomere49b96c1-5e3f-4f4e-a1cd-93b6986f79e3,5.796894896775484,5.796894896775484,2.0,1,0,1
/OrderService/CreateOrder28f21f11-b87a-496f-870a-235fa54618ba,7.448617834597826,7.448617834597826,1000.0,1,0,1
/OrderService/CreateOrder76946217-0eae-4fc3-a51e-ab53bacc20b6,5.14470599591732,5.14470599591732,1000.0,1,0,1
/OrderService/CreateOrder7cff3d8f-2aac-4c02-a4db-e65adb614679,5.612726788967848,5.612726788967848,1000.0,1,0,1
/OrderService/CreateOrder8ae9b9e2-4fbe-421b-ae89-fa0a05ee490f,5.315818823873997,5.315818823873997,1000.0,1,0,1
/OrderService/CreateOrder8be9e3d8-9359-4db2-b7d2-07760a7c0110,4.819892346858978,4.819892346858978,1000.0,1,0,1
/OrderService/CreateOrderabda71b4-d8a9-475d-9deb-597412f769b3,4.864329006522894,4.864329006522894,1000.0,1,0,1
/OrderService/CreateOrdereae817b9-b7ab-45a9-b0ae-8593e8eca2b0,5.344502627849579,5.344502627849579,999.0,1,0,1
/OrderService/CreateOrdereb3a3c0c-7819-469a-b4e5-a6e9a8cadc2d,5.690904799848795,5.690904799848795,1000.0,1,0,1
/OrderService/GetOrder4b18f268-4363-429f-8b2d-421b92bc3a65,3.367509227246046,3.367509227246046,2.0,1,0,1
/OrderService/GetOrder6316f7eb-e4ac-4739-a40f-63d983175d19,4.4260891154408455,4.4260891154408455,3.0,1,0,1
/OrderService/GetOrder843e75a0-4abe-43ea-9aee-65d38d7cf0a9,2.4123601615428925,2.4123601615428925,3.0,1,0,1
/OrderService/GetOrder897290d5-e836-40b7-a433-fb849b7c4688,1.2293257750570774,1.2293257750570774,2.0,1,0,1
/OrderService/GetOrder90ff28ad-41a8-4ef2-bb2c-9e0bd4d97699,2.581570763140917,2.581570763140917,2.0,1,0,1
/OrderService/GetOrder969fe661-b071-42a4-82d4-2495ff021b1a,1.840108074247837,1.840108074247837,3.0,1,0,1
/OrderService/GetOrderec84a60c-7a2f-4ae2-90dc-a2acc042d1aa,4.287832882255316,4.287832882255316,3.0,1,0,1
/OrderService/GetOrderee4cb480-6e40-46b6-b264-3fc9d6eb4979,3.3147516660392284,3.3147516660392284,3.0,1,0,1
Aggregated,7.9181634428096,6.0,625.9375,-1,0,1
