Service,Average Response Time,Medium Response Time,Request Size,Request Type,Frequency,Size
/CatalogService/AddItem04a8f884-b817-4705-98d1-01c486416a8c,7.896061986684799,7.896061986684799,50.0,1,1,0
/CatalogService/AddItem09dc4f86-fb3a-49cb-bcc9-e4cc795f7d89,9.349416941404343,9.349416941404343,50.0,1,1,0
/CatalogService/AddItem0a51d759-d51e-4ee6-8ddf-44f92e54a210,7.851907983422279,7.851907983422279,50.0,1,1,0
/CatalogService/AddItem15cec16a-4314-430e-b80b-20882dfdaced,11.970635037869215,11.970635037869215,50.0,1,1,0
/CatalogService/AddItem16b97cae-88ef-433d-8f61-c9f2624fcc5e,7.92336231097579,7.92336231097579,50.0,1,1,0
/CatalogService/AddItem18ef34e6-c901-4e96-bcf4-223120b0e72f,6.673241965472698,6.673241965472698,50.0,1,1,0
/CatalogService/AddItem1a01d971-8f54-43f3-9d2d-f8ee3d19528a,6.764727178961039,6.764727178961039,50.0,1,1,0
/CatalogService/AddItem1b903892-783a-4048-9c73-d586d2916799,9.66177973896265,9.66177973896265,50.0,1,1,0
/CatalogService/AddItem20517d80-3665-4e86-9243-e464e0775f7d,8.176946081221104,8.176946081221104,50.0,1,1,0
/CatalogService/AddItem21c42701-9021-4abb-83fc-e2eafdaf3c48,7.889216300100088,7.889216300100088,50.0,1,1,0
/CatalogService/AddItem245c9629-b10c-4222-a933-a47ffb975124,9.326108731329441,9.326108731329441,50.0,1,1,0
/CatalogService/AddItem27bbb680-6a4c-42a7-9b8a-b8b4c623474a,30.67865688353777,30.67865688353777,50.0,1,1,0
/CatalogService/AddItem2d661027-ced7-4663-9f20-94447c9e60e6,26.60850342363119,26.60850342363119,50.0,1,1,0
/CatalogService/AddItem2e89c469-d99f-4f0b-969e-c6055fd19895,8.545051794499159,8.545051794499159,50.0,1,1,0
/CatalogService/AddItem3050ff91-3870-4d74-a420-1a32bc1e9177,8.711572270840406,8.711572270840406,50.0,1,1,0
/CatalogService/AddItem365d446a-f414-403f-9e5e-27a4ff4bfd12,14.076096005737782,14.076096005737782,50.0,1,1,0
/CatalogService/AddItem39a4c582-8579-4c4f-9131-bd4df7fbc05a,12.158147990703583,12.158147990703583,50.0,1,1,0
/CatalogService/AddItem3bead7c5-d3ab-4a72-ab8f-29eff3ad908d,9.878674987703562,9.878674987703562,50.0,1,1,0
/CatalogService/AddItem456793b3-ceb3-4b9b-a42f-c08f82ca3efa,8.957643993198872,8.957643993198872,50.0,1,1,0
/CatalogService/AddItem460e9f09-b665-43aa-b204-50d8b48be447,7.181171327829361,7.181171327829361,50.0,1,1,0
/CatalogService/AddItem4ac47a05-9336-4228-b817-bfde26113f4f,13.748133089393377,13.748133089393377,50.0,1,1,0
/CatalogService/AddItem4aca4022-578b-4a53-bb96-67012218a396,15.879491809755564,15.879491809755564,50.0,1,1,0
/CatalogService/AddItem4d3c41fd-d8bc-4d82-9a8c-8ce7714d312a,6.816959008574486,6.816959008574486,50.0,1,1,0
/CatalogService/AddItem50d26bc7-a26e-4c4d-80d3-35a20b16e31b,8.955514058470726,8.955514058470726,50.0,1,1,0
/CatalogService/AddItem591a0fd3-ab72-432a-9941-810ea4b30e8b,19.92771914228797,19.92771914228797,50.0,1,1,0
/CatalogService/AddItem67ee2cd3-c876-400a-995c-5aaddd205973,45.32061470672488,45.32061470672488,50.0,1,1,0
/CatalogService/AddItem699026ff-7938-4cca-b0df-f55e1f48e678,9.483386762440205,9.483386762440205,50.0,1,1,0
/CatalogService/AddItem69a3be3d-13ad-491b-9e29-fc02c8b3654f,8.133280090987682,8.133280090987682,50.0,1,1,0
/CatalogService/AddItem6efb59f0-2123-4d49-b30c-e364e61fd386,11.523799039423466,11.523799039423466,50.0,1,1,0
/CatalogService/AddItem709e806b-20b1-4b39-8398-240d52182a2a,10.37326268851757,10.37326268851757,50.0,1,1,0
/CatalogService/AddItem713d40a6-4953-47d6-8b6f-d4e275f9a827,6.741644348949194,6.741644348949194,50.0,1,1,0
/CatalogService/AddItem71d3649f-0ae8-47c3-aec7-41a7fdfb3ef1,7.695239037275314,7.695239037275314,50.0,1,1,0
/CatalogService/AddItem7353347b-f431-45eb-88ab-5e05fa96b351,10.707787238061428,10.707787238061428,50.0,1,1,0
/CatalogService/AddItem74c7869a-285e-4981-806a-721bacc20bab,8.14438285306096,8.14438285306096,50.0,1,1,0
/CatalogService/AddItem85d08b9e-f585-4b6b-a709-d0452ca03f4f,7.402973715215921,7.402973715215921,50.0,1,1,0
/CatalogService/AddItem85f4e786-f00e-4157-bd33-43c169a07b1a,17.451508902013302,17.451508902013302,50.0,1,1,0
/CatalogService/AddItem861cc5b9-d3a7-438d-a068-44cf0d63251f,10.361939668655396,10.361939668655396,50.0,1,1,0
/CatalogService/AddItem890327f0-d944-4f43-b60a-e0911bd180e7,7.241427898406982,7.241427898406982,50.0,1,1,0
/CatalogService/AddItem89832e88-0c9f-459a-adf8-ce8b6de8c88a,9.921335149556398,9.921335149556398,50.0,1,1,0
/CatalogService/AddItem8f446e1f-85f2-4f78-bbfd-70ac9ca3a365,9.543386287987232,9.543386287987232,50.0,1,1,0
/CatalogService/AddItem8f57a374-7aa4-4cb0-93a0-a3c41baa2836,15.850748866796494,15.850748866796494,50.0,1,1,0
/CatalogService/AddItem92118f8a-201e-4a53-a7bf-3044d8b386bf,15.250336844474077,15.250336844474077,50.0,1,1,0
/CatalogService/AddItema1e2a02a-44b0-4d59-85c6-231ffce1f939,6.416205782443285,6.416205782443285,50.0,1,1,0
/CatalogService/AddItema71ff0b0-8d90-4b59-8676-abf147397c16,10.90198801830411,10.90198801830411,50.0,1,1,0
/CatalogService/AddItema86e88b8-6e02-4684-9c17-2d7759523d59,7.728592026978731,7.728592026978731,50.0,1,1,0
/CatalogService/AddItemaa1d892f-130f-4ad6-b1f7-bdb1c13a4940,11.424138210713863,11.424138210713863,50.0,1,1,0
/CatalogService/AddItemab5b5cf4-dd15-4259-b15c-a25665ade455,14.222157187759876,14.222157187759876,50.0,1,1,0
/CatalogService/AddItemad9717c2-021a-4223-a7e8-1f33fab6fa94,7.512845098972321,7.512845098972321,50.0,1,1,0
/CatalogService/AddItemb029aa89-b393-4c92-8205-9a30a4faeb6c,8.161851204931736,8.161851204931736,50.0,1,1,0
/CatalogService/AddItemb260397c-54fd-483b-99d8-98f4ba031017,11.601042933762074,11.601042933762074,50.0,1,1,0
/CatalogService/AddItemb5dae5b4-ed68-4b61-a675-55361ba06633,98.80058793351054,98.80058793351054,50.0,1,1,0
/CatalogService/AddItemb7679529-76a1-4399-8cb3-7f546a1dbdf0,6.142732221633196,6.142732221633196,50.0,1,1,0
/CatalogService/AddItemb76fae73-b347-4221-b84c-41b884568bda,14.552383217960596,14.552383217960596,50.0,1,1,0
/CatalogService/AddItemc0525a40-1b2b-4007-aef5-013e94cb9994,9.738196153193712,9.738196153193712,50.0,1,1,0
/CatalogService/AddItemc14be3f8-00a8-4289-9c69-bc44d530ad19,11.49597717449069,11.49597717449069,50.0,1,1,0
/CatalogService/AddItemc56b5d9e-5078-4a87-a74e-5e66aaa70ba2,6.485211197286844,6.485211197286844,50.0,1,1,0
/CatalogService/AddItemc616a9dd-11a2-4bcc-a06c-9d1f4b4995c4,14.653068967163563,14.653068967163563,50.0,1,1,0
/CatalogService/AddItemc706789c-3c18-4ccd-a96b-ffdc61d38476,8.4437420591712,8.4437420591712,50.0,1,1,0
/CatalogService/AddItemc79ca394-317d-466e-9cd2-609b8325935d,14.46235179901123,14.46235179901123,50.0,1,1,0
/CatalogService/AddItemc9b4ab1e-3c37-497a-86fc-d64d095294a1,7.882735226303339,7.882735226303339,50.0,1,1,0
/CatalogService/AddItemcef6568c-0d96-42da-8d40-65502f9e2002,10.862444061785936,10.862444061785936,50.0,1,1,0
/CatalogService/AddItemcfbef396-6f78-444c-a1a7-a8dc5c538047,7.982200942933559,7.982200942933559,50.0,1,1,0
/CatalogService/AddItemd142b5d6-78f9-4c41-8aae-cf634a5f7f56,8.28594109043479,8.28594109043479,50.0,1,1,0
/CatalogService/AddItemd2ad0f60-b113-4a35-8684-ba5a1aaecb08,8.340729866176844,8.340729866176844,50.0,1,1,0
/CatalogService/AddIteme0e1e9d8-4560-47f6-a028-c77a188d1af3,12.653635814785957,12.653635814785957,50.0,1,1,0
/CatalogService/AddIteme2205d5c-0457-40f0-8f7f-c5bf6021d6fd,10.584512259811163,10.584512259811163,50.0,1,1,0
/CatalogService/AddIteme479d2c5-ebd8-4c19-9cf1-33baae5e948f,6.205054000020027,6.205054000020027,50.0,1,1,0
/CatalogService/AddIteme5c278a8-0582-4b2c-9979-b710ecacd0fe,12.517234310507774,12.517234310507774,50.0,1,1,0
/CatalogService/AddIteme672b1b2-010d-4f20-83fc-ae592a9d6494,9.147925302386284,9.147925302386284,50.0,1,1,0
/CatalogService/AddIteme786fcfb-362e-49f1-b1d5-964c9cee2b8e,11.844248045235872,11.844248045235872,50.0,1,1,0
/CatalogService/AddIteme83a9805-17b5-4528-8805-881077a6b1e2,15.499087050557137,15.499087050557137,50.0,1,1,0
/CatalogService/AddIteme87262df-c503-42cb-b34c-2d7ee23b461e,23.339982144534588,23.339982144534588,50.0,1,1,0
/CatalogService/AddItemee437224-da58-457a-a17d-e520100f83bb,6.207181140780449,6.207181140780449,50.0,1,1,0
/CatalogService/AddItemf035c1fe-3c41-4c3d-bc66-d4498a30f125,13.312302064150572,13.312302064150572,50.0,1,1,0
/CatalogService/AddItemf52034dd-fcc4-431b-890b-4ea161389ebe,9.369255043566227,9.369255043566227,50.0,1,1,0
/CatalogService/AddItemf80eed66-9ed8-44d5-a467-3fc78b1662c4,15.389662235975266,15.389662235975266,50.0,1,1,0
/CatalogService/AddItemf8a7e84b-d348-42e6-ac6f-a44b58fc5997,10.283458046615124,10.283458046615124,50.0,1,1,0
/CatalogService/AddItemfb7fd63b-cdbb-43fc-ae50-3a859af9681c,23.206464014947414,23.206464014947414,50.0,1,1,0
/CatalogService/AddItemfdeafc23-ad1f-4bb9-a620-bd08f8e8bb3b,8.380447048693895,8.380447048693895,50.0,1,1,0
/CatalogService/AddItemff6687dc-80fc-4e8f-8441-da16fef1fe22,8.806454949080944,8.806454949080944,50.0,1,1,0
/CatalogService/GetItem034dfc7d-fd44-4a38-9e6a-a8c65eeb2f81,6.795124150812626,6.795124150812626,3.0,1,1,0
/CatalogService/GetItem051c0b78-63c4-48b7-9738-396eb33f7206,9.857666678726673,9.857666678726673,3.0,1,1,0
/CatalogService/GetItem06a30d48-b791-4620-b416-5f1ecda05eb8,6.886692717671394,6.886692717671394,3.0,1,1,0
/CatalogService/GetItem0cbe2680-717d-41a3-813d-d4ace7d24fd4,6.185899022966623,6.185899022966623,3.0,1,1,0
/CatalogService/GetItem0e2bd57c-676b-4bc7-90ac-0f1a7688a58a,8.513173088431358,8.513173088431358,3.0,1,1,0
/CatalogService/GetItem14f62b06-f218-4b2a-9633-77f3cd644697,14.89009102806449,14.89009102806449,3.0,1,1,0
/CatalogService/GetItem1543aac6-4614-4ff0-adf3-6864fe3c884e,7.605539169162512,7.605539169162512,3.0,1,1,0
/CatalogService/GetItem15777ecf-f153-4b79-a01c-4ffaa93b6a89,12.37793592736125,12.37793592736125,3.0,1,1,0
/CatalogService/GetItem1872bbc2-9d65-4de8-a5c1-a68e7708c031,9.369490202516317,9.369490202516317,3.0,1,1,0
/CatalogService/GetItem1e5d0f10-53f2-48c8-a963-0397f29091b6,6.160417106002569,6.160417106002569,3.0,1,1,0
/CatalogService/GetItem1f9faed5-10c5-4219-901a-39e4ba7ae596,7.317238952964544,7.317238952964544,3.0,1,1,0
/CatalogService/GetItem203d9a9f-aa3c-4fdc-8eef-b8d2a7b5b23b,7.896008901298046,7.896008901298046,3.0,1,1,0
/CatalogService/GetItem221fb371-55fe-4320-be6e-be4b508620ca,5.4795462638139725,5.4795462638139725,3.0,1,1,0
/CatalogService/GetItem2b14883a-00dc-4ff9-ae92-aad8c07fbab7,7.01659033074975,7.01659033074975,3.0,1,1,0
/CatalogService/GetItem2df44d47-2bb9-4a79-a5f6-043e0d10dfb3,6.265428848564625,6.265428848564625,3.0,1,1,0
/CatalogService/GetItem2f2d205f-a051-4199-b5eb-893c51956257,6.126902997493744,6.126902997493744,3.0,1,1,0
/CatalogService/GetItem329fc94b-2e8f-4221-a80a-c30e5d02938b,9.09964507445693,9.09964507445693,3.0,1,1,0
/CatalogService/GetItem342f3146-3f71-4d75-abd0-ced842d643b3,7.075692061334848,7.075692061334848,3.0,1,1,0
/CatalogService/GetItem387a755e-2a40-4935-804d-49db6a68448e,5.048515275120735,5.048515275120735,3.0,1,1,0
/CatalogService/GetItem39346170-d053-4552-855d-dae88b6957c6,6.691735237836838,6.691735237836838,3.0,1,1,0
/CatalogService/GetItem3a7f2b46-b230-4c6c-aaee-ef8079346fe9,4.482390824705362,4.482390824705362,3.0,1,1,0
/CatalogService/GetItem3cfa3e0e-6083-43b7-80ad-73394bd30911,10.530577972531319,10.530577972531319,3.0,1,1,0
/CatalogService/GetItem3ea9d7f5-6d3f-4813-bd73-47cab47a0a01,9.814056102186441,9.814056102186441,3.0,1,1,0
/CatalogService/GetItem486303d0-ba5c-4b8a-a2f3-4da8c7f0d31f,6.378788035362959,6.378788035362959,3.0,1,1,0
/CatalogService/GetItem492ec005-b9d4-478a-baf9-3935ee42a666,9.399295784533024,9.399295784533024,3.0,1,1,0
/CatalogService/GetItem4b41b9d6-4161-4c51-b0ef-8d79a091a1c9,7.635746151208878,7.635746151208878,3.0,1,1,0
/CatalogService/GetItem4bd3f27b-1d3f-4e92-9645-c1eca9c98d9a,16.82229805737734,16.82229805737734,3.0,1,1,0
/CatalogService/GetItem50029a97-2c08-4501-b627-c8e2ff614367,6.831871811300516,6.831871811300516,3.0,1,1,0
/CatalogService/GetItem50058209-c5b2-46ba-8fa9-e3f4b53dc795,13.514510355889797,13.514510355889797,3.0,1,1,0
/CatalogService/GetItem53204cba-1017-44b8-92c6-5f10235da1e6,7.472559344023466,7.472559344023466,3.0,1,1,0
/CatalogService/GetItem57a7f458-6d06-437c-adce-0c29b3769385,4.113238304853439,4.113238304853439,3.0,1,1,0
/CatalogService/GetItem5c6b5a11-5e65-4bfe-ad7e-fb0bdcba3a28,8.381185121834278,8.381185121834278,3.0,1,1,0
/CatalogService/GetItem5ea542f1-6312-4209-b5cd-046acce0acd9,10.679797735065222,10.679797735065222,3.0,1,1,0
/CatalogService/GetItem666eb960-0e80-4b37-807e-d55e1db39126,6.9337273016572,6.9337273016572,3.0,1,1,0
/CatalogService/GetItem6bcd63c0-d2ed-425d-8c5d-6afe1c71e76f,5.194589029997587,5.194589029997587,3.0,1,1,0
/CatalogService/GetItem6eab3b5a-b464-4e07-93f6-7697f9911bbc,3.730278927832842,3.730278927832842,3.0,1,1,0
/CatalogService/GetItem6ffdd49d-f5a0-4bd4-afc9-3c686a8605d5,4.385397303849459,4.385397303849459,2.0,1,1,0
/CatalogService/GetItem701c7f29-908e-4219-9063-d5053a63d9be,6.715110968798399,6.715110968798399,3.0,1,1,0
/CatalogService/GetItem7117e682-755a-4ee4-b187-732e55ad09d4,14.142635278403759,14.142635278403759,3.0,1,1,0
/CatalogService/GetItem79be1b90-7af8-4758-934e-c9e5b77128db,6.545315030962229,6.545315030962229,3.0,1,1,0
/CatalogService/GetItem8c218645-ecdf-47af-bd03-c1150c06e79e,8.051099721342325,8.051099721342325,3.0,1,1,0
/CatalogService/GetItem9068db33-642f-4453-a45d-8fe8d7b6822f,8.297627326101065,8.297627326101065,3.0,1,1,0
/CatalogService/GetItem916608fe-e872-4e67-a071-cad68b996aeb,8.400592021644115,8.400592021644115,3.0,1,1,0
/CatalogService/GetItem921aa6e6-13fb-4e97-84ed-ed9063916b08,7.626386824995279,7.626386824995279,3.0,1,1,0
/CatalogService/GetItem96139180-7465-4bd7-a7bf-dac37b62605b,9.616635739803314,9.616635739803314,3.0,1,1,0
/CatalogService/GetItem9bc54685-cfcf-4c99-923a-4d941736e1c0,4.7484831884503365,4.7484831884503365,3.0,1,1,0
/CatalogService/GetItem9d5e7fae-e24e-4191-8892-4839b97c4505,8.867445401847363,8.867445401847363,3.0,1,1,0
/CatalogService/GetItema170d937-9b19-4551-be3b-01f3913e4e13,9.761405177414417,9.761405177414417,3.0,1,1,0
/CatalogService/GetItema22b16ad-cb05-449a-8936-c0057dc9b89f,7.260061800479889,7.260061800479889,3.0,1,1,0
/CatalogService/GetItema6d91100-8004-4184-ae3d-8ebf7bf84772,6.747384089976549,6.747384089976549,3.0,1,1,0
/CatalogService/GetItemac01757e-fd91-4553-8e19-8b7e89be8fc7,10.266537312418222,10.266537312418222,3.0,1,1,0
/CatalogService/GetItemacc86be8-5411-4302-a4e7-86771d1a9356,9.05706500634551,9.05706500634551,3.0,1,1,0
/CatalogService/GetItemb0daf7cf-9f6e-42ad-81c6-7f61e6f5b03b,8.886948227882385,8.886948227882385,3.0,1,1,0
/CatalogService/GetItemb5194cac-a318-4812-b038-4ec55072ac97,6.702465005218983,6.702465005218983,3.0,1,1,0
/CatalogService/GetItembac0ac7e-2026-4415-8411-ef92a0f342fa,6.9633410312235355,6.9633410312235355,3.0,1,1,0
/CatalogService/GetItembda567aa-9381-4036-80b4-e8708da23e00,8.99329874664545,8.99329874664545,3.0,1,1,0
/CatalogService/GetItemc3a1aa43-0f08-4afd-bca6-b98652ff985b,24.572930298745632,24.572930298745632,3.0,1,1,0
/CatalogService/GetItemc5398ecc-db07-4c90-b920-3b3817960bdf,9.161974303424358,9.161974303424358,3.0,1,1,0
/CatalogService/GetItemc8822407-4936-40af-a90b-e8378ca80d70,7.949648890644312,7.949648890644312,3.0,1,1,0
/CatalogService/GetItemcd059a44-89d4-4b63-8477-a9156fba652d,12.436894699931145,12.436894699931145,3.0,1,1,0
/CatalogService/GetItemcf67b950-f844-41fb-ae52-6806abe8557e,6.343407090753317,6.343407090753317,3.0,1,1,0
/CatalogService/GetItemd0094c02-248e-45c7-9a3c-474739e563a1,4.627485293895006,4.627485293895006,3.0,1,1,0
/CatalogService/GetItemd194c742-0f7d-4d97-a799-6f20048a7b29,11.594363022595644,11.594363022595644,3.0,1,1,0
/CatalogService/GetItemd5ab7260-aafe-470d-9463-95ced1e37c3a,6.555628962814808,6.555628962814808,3.0,1,1,0
/CatalogService/GetItemd6017b40-efa5-4bff-b340-9f7194382d18,11.052865069359541,11.052865069359541,3.0,1,1,0
/CatalogService/GetItemd602570b-32e8-497a-8ba4-fee1b1ca2e8a,9.73880523815751,9.73880523815751,3.0,1,1,0
/CatalogService/GetItemd8784e66-1e5d-4731-84b0-27434ef78ecc,7.7161337248981,7.7161337248981,3.0,1,1,0
/CatalogService/GetItemda34452f-15ae-4877-b0b5-db2eda437d17,9.885026142001152,9.885026142001152,3.0,1,1,0
/CatalogService/GetItemdaff94f1-3506-4958-bc13-0eec93762c26,7.2026122361421585,7.2026122361421585,3.0,1,1,0
/CatalogService/GetItemdc382b84-ef51-4e8b-9b16-d201e42bbe82,8.448487147688866,8.448487147688866,3.0,1,1,0
/CatalogService/GetItemdec2f3ab-e026-48dc-87ec-d62ddaff9494,6.423142738640308,6.423142738640308,3.0,1,1,0
/CatalogService/GetItemdece5b61-fca2-44e7-9694-5ac9cbe41c9e,6.742274388670921,6.742274388670921,3.0,1,1,0
/CatalogService/GetIteme15f186d-ecd1-4141-a30b-aacd1326b5ec,13.562344014644623,13.562344014644623,3.0,1,1,0
/CatalogService/GetIteme7d1c5f3-7475-4fdf-b31f-aa877c331981,14.73780395463109,14.73780395463109,3.0,1,1,0
/CatalogService/GetIteme95da28b-3d2d-4f92-b858-dbcb75da0d90,14.378802850842476,14.378802850842476,3.0,1,1,0
/CatalogService/GetItemf2028595-38e9-42d5-aace-a4f61824fcf7,10.30303118750453,10.30303118750453,3.0,1,1,0
/CatalogService/GetItemf609309d-f6e6-4c75-a171-0bcfb91aa6b3,7.273606956005096,7.273606956005096,3.0,1,1,0
/CatalogService/GetItemf681cb2e-33d1-4696-a4f0-b9484e97e6fe,5.945728160440922,5.945728160440922,3.0,1,1,0
/CatalogService/GetItemfc891895-2eb8-4de1-888e-58e5d61bdac0,8.442969992756844,8.442969992756844,3.0,1,1,0
/CatalogService/GetItemff7a780f-c873-4d2e-af75-a85cbfd572c6,10.96561923623085,10.96561923623085,3.0,1,1,0
/CatalogService/UpdateItem00eddb80-a606-4080-a6bb-8cfe405ca3e6,9.308014996349812,9.308014996349812,50.0,1,1,0
/CatalogService/UpdateItem052f613c-0614-4621-9ee9-81730f83d680,13.45451781526208,13.45451781526208,50.0,1,1,0
/CatalogService/UpdateItem0f6963db-8950-48e8-bd03-7bd774db5983,10.422475170344114,10.422475170344114,50.0,1,1,0
/CatalogService/UpdateItem1085b23a-e30d-45d7-bbb2-9f232f36428b,11.902935337275267,11.902935337275267,50.0,1,1,0
/CatalogService/UpdateItem17fbbabd-7859-4c17-a690-89ad5e6d1377,23.579522036015987,23.579522036015987,50.0,1,1,0
/CatalogService/UpdateItem180cea5f-2b7b-45bf-b739-1439101b8c6b,15.807612333446741,15.807612333446741,50.0,1,1,0
/CatalogService/UpdateItem1931a9a0-0d83-4d51-b984-f0ed17501b70,9.82204033061862,9.82204033061862,50.0,1,1,0
/CatalogService/UpdateItem19bf6702-93c2-4328-a2fa-16fec5100ad2,16.328140161931515,16.328140161931515,50.0,1,1,0
/CatalogService/UpdateItem201cf04e-b1ff-4cca-91c4-574102b8ecc5,10.627181734889746,10.627181734889746,50.0,1,1,0
/CatalogService/UpdateItem2314561f-6dc5-4851-ae5a-7b8a25f057a4,14.09147260710597,14.09147260710597,50.0,1,1,0
/CatalogService/UpdateItem232f792b-16a1-4684-83df-f70097a2bd63,26.813426055014133,26.813426055014133,50.0,1,1,0
/CatalogService/UpdateItem2969128f-c0a3-4a14-a59f-0f58fdad1965,15.515577979385853,15.515577979385853,50.0,1,1,0
/CatalogService/UpdateItem2a840685-c290-405b-afbc-6bf226a06213,11.610540095716715,11.610540095716715,50.0,1,1,0
/CatalogService/UpdateItem2c65d41d-a325-443f-82cf-69229dc202d8,12.919729109853506,12.919729109853506,49.0,1,1,0
/CatalogService/UpdateItem2ce982ef-b336-4373-b01f-a26a683bbbe7,15.490329824388027,15.490329824388027,50.0,1,1,0
/CatalogService/UpdateItem36023b9e-f5fa-4dfe-8ea6-5960516d531f,9.73140774294734,9.73140774294734,50.0,1,1,0
/CatalogService/UpdateItem3740817f-194c-4f38-9b4e-c92f13cca9a3,12.73350091651082,12.73350091651082,50.0,1,1,0
/CatalogService/UpdateItem3ab4637f-de1f-498a-8ac6-fd5b19012a38,13.334451243281364,13.334451243281364,50.0,1,1,0
/CatalogService/UpdateItem3dfeb3dc-e694-407d-906e-47c2210c4554,17.380069009959698,17.380069009959698,50.0,1,1,0
/CatalogService/UpdateItem475566c2-9074-4acc-83d1-39bb6610b908,27.1307029761374,27.1307029761374,50.0,1,1,0
/CatalogService/UpdateItem4d293da6-006b-464a-a943-d1dff57c65de,10.415538679808378,10.415538679808378,50.0,1,1,0
/CatalogService/UpdateItem4eb76704-e4e4-4495-b030-f53b662fcbc4,18.226599786430597,18.226599786430597,50.0,1,1,0
/CatalogService/UpdateItem528d5304-cee6-4b67-a1b5-60005c4854eb,10.057431180030107,10.057431180030107,50.0,1,1,0
/CatalogService/UpdateItem58383b84-1654-4f7a-9a89-775df997babc,15.381599310785532,15.381599310785532,50.0,1,1,0
/CatalogService/UpdateItem59d03db4-8010-47e8-abb1-7aa8591a92ed,20.08628100156784,20.08628100156784,50.0,1,1,0
/CatalogService/UpdateItem5a928110-1122-4da6-9f1e-028898318b18,8.612279780209064,8.612279780209064,50.0,1,1,0
/CatalogService/UpdateItem5a99e161-39ae-4170-b0d9-738cf29a8c8d,26.604444719851017,26.604444719851017,50.0,1,1,0
/CatalogService/UpdateItem629e6ded-0355-48f8-ab1e-240cd5bfee4f,18.32729671150446,18.32729671150446,50.0,1,1,0
/CatalogService/UpdateItem6900b5c9-cacb-4537-b725-2c602b4b6374,10.744098108261824,10.744098108261824,50.0,1,1,0
/CatalogService/UpdateItem69216207-057d-4f6f-997e-363bac91d545,12.220595963299274,12.220595963299274,50.0,1,1,0
/CatalogService/UpdateItem77ff1158-9574-4e0a-85ca-5b812ff24131,18.718178384006023,18.718178384006023,50.0,1,1,0
/CatalogService/UpdateItem793864d6-9d22-41ab-a456-34ce140a7d42,10.007970035076141,10.007970035076141,50.0,1,1,0
/CatalogService/UpdateItem7c6cfa03-a496-4d65-9f70-61de6b30e14e,18.738307058811188,18.738307058811188,50.0,1,1,0
/CatalogService/UpdateItem7e10e2fd-520a-4f99-b736-90fe93625643,10.008628014475107,10.008628014475107,50.0,1,1,0
/CatalogService/UpdateItem818bf894-ec2a-41e7-8271-f9f9eedb8c22,14.253135770559311,14.253135770559311,50.0,1,1,0
/CatalogService/UpdateItem818f0aca-9390-477d-ba5e-710f9ddb27a4,20.776762161403894,20.776762161403894,50.0,1,1,0
/CatalogService/UpdateItem8422e353-8d60-4b83-803b-2241a58cdb34,15.943945851176977,15.943945851176977,50.0,1,1,0
/CatalogService/UpdateItem8673a85e-057b-4fa4-82f0-003ad1840c1a,13.476271647959948,13.476271647959948,50.0,1,1,0
/CatalogService/UpdateItem8be4d2f3-70da-4193-a967-1b0d358853a3,10.05743769928813,10.05743769928813,50.0,1,1,0
/CatalogService/UpdateItem8c01ff82-bd74-43e2-8ef6-ff11179b1c7d,16.74959110096097,16.74959110096097,50.0,1,1,0
/CatalogService/UpdateItem8c4e94f3-d88d-4a6d-85fb-33acbe1a3243,12.87456788122654,12.87456788122654,50.0,1,1,0
/CatalogService/UpdateItem915815cb-a2d2-4de2-ba9b-1500fac01879,13.145805802196264,13.145805802196264,50.0,1,1,0
/CatalogService/UpdateItem93ae8864-110e-42fd-9416-106810e99b3f,14.024205040186644,14.024205040186644,50.0,1,1,0
/CatalogService/UpdateItem9568793d-361d-4177-aa0d-35f52a843ea3,14.717698097229004,14.717698097229004,50.0,1,1,0
/CatalogService/UpdateItem97ae1b6c-0223-4632-b016-7f5a3ac65f9c,13.516603969037533,13.516603969037533,50.0,1,1,0
/CatalogService/UpdateItem984e2cbc-f437-422b-af21-4872b638f8fd,11.430059093981981,11.430059093981981,50.0,1,1,0
/CatalogService/UpdateItem99569c15-f025-452e-843e-2e091681f71a,11.269769165664911,11.269769165664911,50.0,1,1,0
/CatalogService/UpdateItem9cca77e0-a293-4dcb-b133-61f79aae31bb,11.603189166635275,11.603189166635275,50.0,1,1,0
/CatalogService/UpdateItem9cf852a1-e4e3-4161-b27e-af20aa278fbc,16.998792998492718,16.998792998492718,50.0,1,1,0
/CatalogService/UpdateItem9ffda980-8d9e-4102-82d0-4f48b4857ab6,14.837127644568682,14.837127644568682,50.0,1,1,0
/CatalogService/UpdateItema0b4fe28-cf97-4dbd-b080-73fa5c133ad3,13.569839298725128,13.569839298725128,50.0,1,1,0
/CatalogService/UpdateItema48b3c90-4cbf-4530-a2d7-0a70d49e5064,13.176791835576296,13.176791835576296,50.0,1,1,0
/CatalogService/UpdateItema616026e-9858-4d6d-8849-30a0402eb01b,11.79223321378231,11.79223321378231,50.0,1,1,0
/CatalogService/UpdateItema7cb0b02-6fd0-483f-bbb4-f2f37b05498b,10.64402237534523,10.64402237534523,50.0,1,1,0
/CatalogService/UpdateItemacbcf9a1-1f5b-46dd-8eb2-6434a00a43ee,18.28823098912835,18.28823098912835,50.0,1,1,0
/CatalogService/UpdateItemb2e58408-6329-4983-aca9-104cf1d68e15,24.979022797197104,24.979022797197104,50.0,1,1,0
/CatalogService/UpdateItemb2ee8d71-283c-420c-ad25-7a91237e2159,17.308677081018686,17.308677081018686,50.0,1,1,0
/CatalogService/UpdateItemb45d58c4-32b2-4416-8733-b02723882a14,13.274253811687231,13.274253811687231,50.0,1,1,0
/CatalogService/UpdateItemb4bf95cb-db25-449d-9aeb-fa2ee45eac23,12.564904987812042,12.564904987812042,50.0,1,1,0
/CatalogService/UpdateItembe5457fb-ca1d-4489-bf4c-2e84ecd2f16a,11.527252849191427,11.527252849191427,50.0,1,1,0
/CatalogService/UpdateItemc5021ec0-199b-46fa-a44d-59221a95ca7c,21.570937242358923,21.570937242358923,50.0,1,1,0
/CatalogService/UpdateItemcf86e938-86c5-438d-88ce-139e8936fc85,10.914822109043598,10.914822109043598,50.0,1,1,0
/CatalogService/UpdateItemd723b2ba-85a1-4c89-8493-410c4b5c2f5f,22.716886829584837,22.716886829584837,50.0,1,1,0
/CatalogService/UpdateItemd99809a8-eb32-4cd3-835d-e0ee02a1b02f,19.802311901003122,19.802311901003122,50.0,1,1,0
/CatalogService/UpdateItemd9be6768-807d-4694-8fa5-5612a48b9ba6,18.781223334372044,18.781223334372044,50.0,1,1,0
/CatalogService/UpdateItemdaa9dc1a-d5b6-4aac-aec0-0b5878526fde,12.291376013308764,12.291376013308764,50.0,1,1,0
/CatalogService/UpdateIteme03202f2-dc5f-41f0-93c4-0813a100660f,19.465527962893248,19.465527962893248,50.0,1,1,0
/CatalogService/UpdateIteme55c77af-6005-4f71-8f38-f4c2b999d2d1,10.30820095911622,10.30820095911622,50.0,1,1,0
/CatalogService/UpdateIteme6ee4fde-0d1d-4aed-9743-c09184932218,14.960549771785736,14.960549771785736,50.0,1,1,0
/CatalogService/UpdateIteme87d4545-43a8-4bdd-b18f-b165d4d95d48,13.848088681697845,13.848088681697845,50.0,1,1,0
/CatalogService/UpdateItemecb72290-ac7d-4101-91c2-ef78ca1ecab1,12.76362407952547,12.76362407952547,50.0,1,1,0
/CatalogService/UpdateItemf07ac9a6-fe98-40c4-b502-139b8f065fa3,22.39966206252575,22.39966206252575,50.0,1,1,0
/CatalogService/UpdateItemf590b5ba-4a0b-4eda-b4f5-aa875a592917,11.926421895623207,11.926421895623207,50.0,1,1,0
/CatalogService/UpdateItemf927025b-122d-454c-819e-9b49c0c462b4,11.514405719935894,11.514405719935894,50.0,1,1,0
/CatalogService/UpdateItemf95f23c2-b324-4ed2-9813-5fa9565c8cd3,14.791029039770365,14.791029039770365,50.0,1,1,0
/CatalogService/UpdateItemf9625510-ea3a-493e-b821-c6fd82e9d174,10.013442020863295,10.013442020863295,50.0,1,1,0
/CatalogService/UpdateItemfa7cbceb-d94e-42b3-8dee-320edbf651b7,11.528869159519672,11.528869159519672,50.0,1,1,0
/CatalogService/UpdateItemfaccca64-9714-45a5-9359-14b3f81a8886,11.918828822672367,11.918828822672367,50.0,1,1,0
/CatalogService/UpdateItemfd6dd3e1-92f8-4b20-91cd-00e555863b1f,14.053979888558388,14.053979888558388,50.0,1,1,0
/CatalogService/UpdateItemff6a3978-17bc-455c-afce-0d719e0a0ae2,9.574344381690025,9.574344381690025,50.0,1,1,0
/CustomerService/CreateCustomer008ff7f1-280f-4b6a-ab45-90c1281cd0cc,31.152477022260427,31.152477022260427,50.0,1,1,0
/CustomerService/CreateCustomer01136ca7-268a-4c6e-8b6f-aa4dd21c75cf,22.371217142790556,22.371217142790556,50.0,1,1,0
/CustomerService/CreateCustomer033dea8c-c0f2-4a1d-8b87-986ac914af01,19.173976965248585,19.173976965248585,50.0,1,1,0
/CustomerService/CreateCustomer04b3f547-4d4d-47fe-8c20-2dbfce62135a,13.295122887939215,13.295122887939215,50.0,1,1,0
/CustomerService/CreateCustomer0dbe1630-5e75-4aec-8291-667aea0fbecd,34.45293428376317,34.45293428376317,50.0,1,1,0
/CustomerService/CreateCustomer131a95f9-a194-42b5-8a8b-33bc095a04d0,14.128259383141994,14.128259383141994,50.0,1,1,0
/CustomerService/CreateCustomer14452329-92bf-4ef9-b455-aae5934baf59,14.127601869404316,14.127601869404316,50.0,1,1,0
/CustomerService/CreateCustomer1eb31bc0-7fdf-49b1-b8ee-6db068e5013b,12.51219306141138,12.51219306141138,50.0,1,1,0
/CustomerService/CreateCustomer1fabf238-4505-482b-88c4-b7f77cf3bb39,13.713072054088116,13.713072054088116,50.0,1,1,0
/CustomerService/CreateCustomer20caeb29-e663-4aa4-9f08-a0f5895950a0,16.959760803729296,16.959760803729296,50.0,1,1,0
/CustomerService/CreateCustomer2130e852-8dde-423e-b1f5-58347efa499f,22.64041407033801,22.64041407033801,50.0,1,1,0
/CustomerService/CreateCustomer21603801-44ad-4756-a613-3454eb35feea,60.857710894197226,60.857710894197226,50.0,1,1,0
/CustomerService/CreateCustomer2318c01d-a96e-44c9-af58-a9b4fed341fe,67.90070002898574,67.90070002898574,50.0,1,1,0
/CustomerService/CreateCustomer294eee43-c8aa-45fc-974c-eea363ddef70,22.22737157717347,22.22737157717347,50.0,1,1,0
/CustomerService/CreateCustomer2a74997f-07e8-40b1-b15b-d449968c804b,64.90902230143547,64.90902230143547,50.0,1,1,0
/CustomerService/CreateCustomer2d28645d-983e-4d6f-8042-e6dee5c76c12,11.136404238641262,11.136404238641262,50.0,1,1,0
/CustomerService/CreateCustomer2d8223e5-3213-4da5-a3b6-7c50cddfdec0,19.65071214362979,19.65071214362979,50.0,1,1,0
/CustomerService/CreateCustomer3366489c-2233-4350-9dcc-b128b3751d3d,14.654137659817934,14.654137659817934,50.0,1,1,0
/CustomerService/CreateCustomer33712bc2-3918-4da1-8a3d-50ccc9679c63,13.494343031197786,13.494343031197786,50.0,1,1,0
/CustomerService/CreateCustomer365efd7e-d235-4994-a1a7-66dab5ed5c21,6.917936261743307,6.917936261743307,50.0,1,1,0
/CustomerService/CreateCustomer37a5f40e-d6dd-4944-9e1f-5f2a48e3c8df,23.49850395694375,23.49850395694375,50.0,1,1,0
/CustomerService/CreateCustomer3830dbeb-1bab-4396-828c-90d11f4b29df,7.581505924463272,7.581505924463272,50.0,1,1,0
/CustomerService/CreateCustomer3adce58f-b105-4374-a9d2-544fce2c0107,14.628921169787645,14.628921169787645,50.0,1,1,0
/CustomerService/CreateCustomer3b8920e6-770a-44a7-93c6-19bd6f32c443,13.89941107481718,13.89941107481718,50.0,1,1,0
/CustomerService/CreateCustomer3d5a49ef-99e6-4539-8bbf-523520c85289,19.483822863548994,19.483822863548994,50.0,1,1,0
/CustomerService/CreateCustomer3f8b9d85-80d7-4f43-8f41-a5baf721c219,9.47694294154644,9.47694294154644,50.0,1,1,0
/CustomerService/CreateCustomer422fa38f-3a27-4021-86ef-db925e92e8f6,15.948235057294369,15.948235057294369,50.0,1,1,0
/CustomerService/CreateCustomer432f9445-0803-4f1c-aabc-aec83f4317c0,26.60962287336588,26.60962287336588,50.0,1,1,0
/CustomerService/CreateCustomer4e0c0dca-acdd-4898-a6d1-339eb1379a55,13.980953954160213,13.980953954160213,50.0,1,1,0
/CustomerService/CreateCustomer515fd62a-a2d7-487d-a2d2-264decd5375d,19.806717988103628,19.806717988103628,50.0,1,1,0
/CustomerService/CreateCustomer53e4158a-4449-41ea-b304-69382194b073,6.686561740934849,6.686561740934849,50.0,1,1,0
/CustomerService/CreateCustomer583a34e0-29ee-47ee-b8d8-9b5ef316aa03,19.14438884705305,19.14438884705305,50.0,1,1,0
/CustomerService/CreateCustomer58de5cea-d2ba-42ba-9a28-e81a5e62a030,26.808265130966902,26.808265130966902,50.0,1,1,0
/CustomerService/CreateCustomer59b74435-90db-41f7-8559-e03f91ee9bfb,13.298696372658014,13.298696372658014,50.0,1,1,0
/CustomerService/CreateCustomer5d3ac882-546b-4efc-b114-9e140a8c70b1,12.225543148815632,12.225543148815632,50.0,1,1,0
/CustomerService/CreateCustomer5d5834c6-b1c7-4539-8d58-bcf4954a64fc,64.32285811752081,64.32285811752081,50.0,1,1,0
/CustomerService/CreateCustomer642c1b0a-e78b-4491-88d9-051e368218cc,6.5227048471570015,6.5227048471570015,50.0,1,1,0
/CustomerService/CreateCustomer69a137c6-34e8-46cf-a6de-dd5bdc346269,18.843308091163635,18.843308091163635,50.0,1,1,0
/CustomerService/CreateCustomer6df8a6b2-981f-4d14-869b-b71f4525ce0e,16.900938004255295,16.900938004255295,50.0,1,1,0
/CustomerService/CreateCustomer710faf4e-ae9d-411b-8483-85d515631a25,20.965665113180876,20.965665113180876,50.0,1,1,0
/CustomerService/CreateCustomer7513e459-2c72-4788-9af2-6cb28f72a82e,9.75559325888753,9.75559325888753,50.0,1,1,0
/CustomerService/CreateCustomer7c58ce33-9e06-4bcb-b143-b72e1770fa38,24.102147202938795,24.102147202938795,50.0,1,1,0
/CustomerService/CreateCustomer7e43ae87-681d-44b5-bba0-0b5f7df837b2,27.31984993442893,27.31984993442893,50.0,1,1,0
/CustomerService/CreateCustomer84271f95-af4c-402a-b701-fd2a9d660a83,7.830637972801924,7.830637972801924,50.0,1,1,0
/CustomerService/CreateCustomer87b5231b-78a9-45a7-a49b-1427bd42698c,11.217968072742224,11.217968072742224,50.0,1,1,0
/CustomerService/CreateCustomer89d13fd2-94a4-4b53-9090-e71ed80ca55d,8.904067799448967,8.904067799448967,50.0,1,1,0
/CustomerService/CreateCustomer93713c54-f9fe-45d8-bb3b-76c33654c40f,27.588339988142252,27.588339988142252,50.0,1,1,0
/CustomerService/CreateCustomer93a9db33-b771-4924-906b-e5fdb7b0cc10,8.51832190528512,8.51832190528512,50.0,1,1,0
/CustomerService/CreateCustomer965b63a9-b4ce-4e4d-9a55-714f07306d94,16.157920937985182,16.157920937985182,50.0,1,1,0
/CustomerService/CreateCustomer9d4ae930-9aa8-4f82-8e92-b05c5907f638,17.021344043314457,17.021344043314457,50.0,1,1,0
/CustomerService/CreateCustomer9e71504d-2a32-42ba-aa9e-5b8ebea60ec9,20.893522072583437,20.893522072583437,50.0,1,1,0
/CustomerService/CreateCustomera0c1311f-3b76-4e5a-9795-1bab207335a0,19.122710917145014,19.122710917145014,50.0,1,1,0
/CustomerService/CreateCustomera3cb89d8-f7e5-42ba-b3f2-4901e6be9043,9.391766041517258,9.391766041517258,50.0,1,1,0
/CustomerService/CreateCustomera9f4295f-5e8a-4905-ac36-98ec3f416671,32.461888156831264,32.461888156831264,50.0,1,1,0
/CustomerService/CreateCustomerabfb1117-79c8-47b3-b36e-a263c1d3b56a,12.862842064350843,12.862842064350843,50.0,1,1,0
/CustomerService/CreateCustomeraed930fb-62fe-4628-b887-164fd2e891bd,9.948388207703829,9.948388207703829,50.0,1,1,0
/CustomerService/CreateCustomerb8e11a1a-940b-482a-8aea-dec06adc26d6,26.433922816067934,26.433922816067934,50.0,1,1,0
/CustomerService/CreateCustomerbaf9ca79-d31b-482b-802a-fb9933d6afe3,8.250509388744831,8.250509388744831,50.0,1,1,0
/CustomerService/CreateCustomerbcd7ca06-6c71-4f6b-ad2c-c2a450abb09c,10.041833389550447,10.041833389550447,50.0,1,1,0
/CustomerService/CreateCustomerc534cc8e-43e4-450d-9244-f89928d080d1,25.82699805498123,25.82699805498123,50.0,1,1,0
/CustomerService/CreateCustomercc0e4cc5-76e1-4f08-aef7-0711f67050f0,18.725375644862652,18.725375644862652,50.0,1,1,0
/CustomerService/CreateCustomercccb546e-6ed5-4781-b957-00f6ee046ad1,5.877391900867224,5.877391900867224,50.0,1,1,0
/CustomerService/CreateCustomerce843ffb-475a-40da-94cf-4ecbd860cfad,5.822450388222933,5.822450388222933,50.0,1,1,0
/CustomerService/CreateCustomerce8edb00-95b2-4ce9-b38b-0b163041be9c,12.698560953140259,12.698560953140259,50.0,1,1,0
/CustomerService/CreateCustomerd1a78cec-2c07-4330-a059-65aa99c969eb,16.760797705501318,16.760797705501318,50.0,1,1,0
/CustomerService/CreateCustomerd6a7f3a9-fe94-4408-87c6-63dcbe07bdcb,17.95314997434616,17.95314997434616,50.0,1,1,0
/CustomerService/CreateCustomerdaf7e7c5-7574-490e-a2eb-e10314f2bea6,20.944130141288042,20.944130141288042,50.0,1,1,0
/CustomerService/CreateCustomere2a1fe02-534d-4e56-bfb1-6f85ef764748,25.833433959633112,25.833433959633112,50.0,1,1,0
/CustomerService/CreateCustomere93f86d1-0270-4688-9519-238c4650bdd7,25.74190404266119,25.74190404266119,50.0,1,1,0
/CustomerService/CreateCustomerebca719d-4a40-41f3-88e0-49ca04a659bb,27.45758881792426,27.45758881792426,50.0,1,1,0
/CustomerService/CreateCustomerec9013a5-0f87-4958-8097-254db4c209b8,15.26468200609088,15.26468200609088,50.0,1,1,0
/CustomerService/CreateCustomeref7ed9f3-bd34-49a3-9140-0442a938e89a,13.969562016427517,13.969562016427517,50.0,1,1,0
/CustomerService/CreateCustomerefe09706-ce41-4179-9472-b8b6178f0988,12.398752849549055,12.398752849549055,50.0,1,1,0
/CustomerService/CreateCustomerf0cde311-ff41-4096-b3a5-bf15d109a508,44.41908514127135,44.41908514127135,50.0,1,1,0
/CustomerService/CreateCustomerf268c683-05ee-434b-928b-0ea3fde20fba,8.637454826384783,8.637454826384783,50.0,1,1,0
/CustomerService/CreateCustomerf8156489-188f-4c07-9236-3be430039453,11.205653194338083,11.205653194338083,50.0,1,1,0
/CustomerService/CreateCustomerf9093bf8-5649-46a6-bb94-ebeae7d8b98d,23.10974709689617,23.10974709689617,50.0,1,1,0
/CustomerService/CreateCustomerfc17b697-8957-4f50-b520-0f06378af420,12.036420870572329,12.036420870572329,50.0,1,1,0
/CustomerService/CreateCustomerfc49476c-ced8-4442-9485-a2db911b8596,9.10851825028658,9.10851825028658,50.0,1,1,0
/CustomerService/CreateCustomerff076c43-f8f0-44db-a52f-8244e8975244,19.011839758604765,19.011839758604765,50.0,1,1,0
/CustomerService/UpdateCustomer0053921c-5cd3-4c2f-9c53-a1e4d7ee9299,13.411031104624271,13.411031104624271,50.0,1,1,0
/CustomerService/UpdateCustomer044e3943-624b-4d68-ae59-71dad4e246ab,12.199574615806341,12.199574615806341,50.0,1,1,0
/CustomerService/UpdateCustomer096f117a-7795-40df-ae2e-ffd4e653ddd9,27.137203607708216,27.137203607708216,50.0,1,1,0
/CustomerService/UpdateCustomer0a03a8dd-f6be-4940-a22d-f23b205df1a6,16.344568692147732,16.344568692147732,50.0,1,1,0
/CustomerService/UpdateCustomer0bc7bdf5-9be4-4f9b-88b1-b2de45c18bd9,19.457916263490915,19.457916263490915,50.0,1,1,0
/CustomerService/UpdateCustomer0e928487-142d-4eb9-8c14-e7a1991452b1,19.84725007787347,19.84725007787347,50.0,1,1,0
/CustomerService/UpdateCustomer110907b2-14ce-4029-b78d-ceff57da9243,27.02866680920124,27.02866680920124,50.0,1,1,0
/CustomerService/UpdateCustomer12194a1d-c089-4547-a6f8-238c2f064fe2,12.63841986656189,12.63841986656189,50.0,1,1,0
/CustomerService/UpdateCustomer13618502-3a87-4c66-9875-2cb65589bcf9,29.30776309221983,29.30776309221983,50.0,1,1,0
/CustomerService/UpdateCustomer16e386f9-e5f7-4295-b369-8018e5e1a705,21.069435868412256,21.069435868412256,50.0,1,1,0
/CustomerService/UpdateCustomer19362b97-60c0-4b03-acc7-98bb318c8fae,20.131454803049564,20.131454803049564,50.0,1,1,0
/CustomerService/UpdateCustomer1c90e915-b120-4f0e-a351-e08e57108c21,13.602785766124725,13.602785766124725,50.0,1,1,0
/CustomerService/UpdateCustomer2455ace9-367b-4382-abda-1e6a1abf181c,20.502291154116392,20.502291154116392,50.0,1,1,0
/CustomerService/UpdateCustomer2ad4a645-89f8-45cd-94f5-23a02b4ec9b8,52.89317620918155,52.89317620918155,50.0,1,1,0
/CustomerService/UpdateCustomer3439325a-f105-4b29-8327-767b875a39ef,15.266790054738522,15.266790054738522,50.0,1,1,0
/CustomerService/UpdateCustomer3a86f759-f55a-4bbf-a749-0fa01998ed8f,17.063226085156202,17.063226085156202,50.0,1,1,0
/CustomerService/UpdateCustomer3e075af9-556c-4533-8769-d88c89d73875,19.780214875936508,19.780214875936508,50.0,1,1,0
/CustomerService/UpdateCustomer40b02c5c-8f05-405b-ba70-107ef5a5b7e9,36.294660065323114,36.294660065323114,50.0,1,1,0
/CustomerService/UpdateCustomer46dbf05f-b72e-414e-8ce8-a194986bf618,16.45840099081397,16.45840099081397,50.0,1,1,0
/CustomerService/UpdateCustomer4707b2b2-d4e7-4ae0-b7e3-e45e1beed899,27.205244172364473,27.205244172364473,50.0,1,1,0
/CustomerService/UpdateCustomer4842084a-14b9-4c18-b5fa-0adabaa0792b,19.481529016047716,19.481529016047716,50.0,1,1,0
/CustomerService/UpdateCustomer48e543e8-47e6-4050-98e6-fe3998d0a46a,23.452926892787218,23.452926892787218,50.0,1,1,0
/CustomerService/UpdateCustomer49cb9b5b-b83e-458b-998f-1aff63d4b507,25.494322646409273,25.494322646409273,50.0,1,1,0
/CustomerService/UpdateCustomer4a6318c1-c5ee-467b-bb61-192f7cc8a1ad,13.831213116645813,13.831213116645813,50.0,1,1,0
/CustomerService/UpdateCustomer55afbee3-c8da-4f74-862f-5eacdba2549f,15.511013101786375,15.511013101786375,50.0,1,1,0
/CustomerService/UpdateCustomer59a0fe9c-9e0c-4145-859f-99c373803960,11.664511170238256,11.664511170238256,50.0,1,1,0
/CustomerService/UpdateCustomer5e9502bb-9d27-4925-bc61-7baa43612678,6.878820713609457,6.878820713609457,50.0,1,1,0
/CustomerService/UpdateCustomer60399000-4224-48cd-bf82-2ab757e96f0f,8.450307883322239,8.450307883322239,50.0,1,1,0
/CustomerService/UpdateCustomer60ca79a2-3ad8-4040-aef4-65d4179e18b9,12.950967065989971,12.950967065989971,50.0,1,1,0
/CustomerService/UpdateCustomer60eca970-1bc7-42fa-8d74-2dd1509aac3e,17.106372863054276,17.106372863054276,50.0,1,1,0
/CustomerService/UpdateCustomer68140b62-dda3-48a2-a940-416428f4398f,13.242782093584538,13.242782093584538,50.0,1,1,0
/CustomerService/UpdateCustomer6b32dd89-2a53-4157-be4c-1931c860abfb,10.905592702329159,10.905592702329159,50.0,1,1,0
/CustomerService/UpdateCustomer7541e46e-4a9b-4a67-8df9-296c3e37dad0,26.485614012926817,26.485614012926817,50.0,1,1,0
/CustomerService/UpdateCustomer75c8ca4c-9273-41e4-b68b-db4518e60cbc,15.897197183221579,15.897197183221579,50.0,1,1,0
/CustomerService/UpdateCustomer787929d6-0b32-4df5-a00f-b40a6a5170de,17.768980003893375,17.768980003893375,50.0,1,1,0
/CustomerService/UpdateCustomer798d56a1-d140-4f62-b947-7fad881d0b20,10.627832263708115,10.627832263708115,50.0,1,1,0
/CustomerService/UpdateCustomer7a963ff1-77e3-4d82-8021-08b8c8ee566a,23.834647610783577,23.834647610783577,50.0,1,1,0
/CustomerService/UpdateCustomer7e562bf9-840f-4c0a-b610-a51d17199951,11.902092024683952,11.902092024683952,50.0,1,1,0
/CustomerService/UpdateCustomer7fb0b0fc-5fe0-4931-94ba-3fb9fb354402,16.768514178693295,16.768514178693295,50.0,1,1,0
/CustomerService/UpdateCustomer85a93d0d-3384-47a2-8a4d-068117152444,26.916118804365396,26.916118804365396,50.0,1,1,0
/CustomerService/UpdateCustomer860d7c9e-f40e-47fc-8c97-c3d6760fc248,9.908628650009632,9.908628650009632,50.0,1,1,0
/CustomerService/UpdateCustomer887b7270-ffb0-42be-9c30-15193069d360,22.263128776103258,22.263128776103258,50.0,1,1,0
/CustomerService/UpdateCustomer8b67cccb-0271-480a-9eac-947e4cb4808e,19.307301379740238,19.307301379740238,50.0,1,1,0
/CustomerService/UpdateCustomer92ec6999-6002-494a-b633-6604ebb0af8b,13.608204666525126,13.608204666525126,50.0,1,1,0
/CustomerService/UpdateCustomer94619abc-7d93-4c0d-8f01-e57f0453e42b,53.60995326191187,53.60995326191187,50.0,1,1,0
/CustomerService/UpdateCustomer97b3d608-e2e9-4268-a8d4-6f3ebd2b8f72,24.767267052084208,24.767267052084208,50.0,1,1,0
/CustomerService/UpdateCustomer97cb5cc6-72c2-4418-b9f8-650e2d833bcf,11.012753937393427,11.012753937393427,50.0,1,1,0
/CustomerService/UpdateCustomera0ac3696-a9db-4574-ae41-13fe81baec33,9.835315868258476,9.835315868258476,50.0,1,1,0
/CustomerService/UpdateCustomera5d50d81-21c3-4c5c-9607-78ed08161eb9,12.89880508556962,12.89880508556962,50.0,1,1,0
/CustomerService/UpdateCustomerab346cb0-da0b-4bea-a8bd-c2132ec99b4a,13.099747709929943,13.099747709929943,50.0,1,1,0
/CustomerService/UpdateCustomerb133a455-6d05-440c-a291-4bb4996dfcd3,16.225815750658512,16.225815750658512,50.0,1,1,0
/CustomerService/UpdateCustomerb21e250d-514c-4075-8240-a8b45c9b3169,16.246385872364044,16.246385872364044,50.0,1,1,0
/CustomerService/UpdateCustomerb4eadcab-2c0e-4534-b24a-18c675c905d6,15.685543417930603,15.685543417930603,50.0,1,1,0
/CustomerService/UpdateCustomerb6c0afef-f84f-4661-ba17-4467c8a6783e,16.885504126548767,16.885504126548767,50.0,1,1,0
/CustomerService/UpdateCustomerc1dd96ea-a7c3-43fc-a03f-9e0f3cd5587c,13.778666034340858,13.778666034340858,50.0,1,1,0
/CustomerService/UpdateCustomerc358fa99-a58f-45ce-9ff5-c74a778096f3,59.49720414355397,59.49720414355397,50.0,1,1,0
/CustomerService/UpdateCustomerca8e7c0b-f06a-4c78-9686-9dac72584d65,15.450191218405962,15.450191218405962,50.0,1,1,0
/CustomerService/UpdateCustomerccd16932-f633-4460-add7-29715d4cd24f,10.301994159817696,10.301994159817696,50.0,1,1,0
/CustomerService/UpdateCustomercdd3104b-52b9-4e59-8d54-e21bdf4f4601,11.242581065744162,11.242581065744162,50.0,1,1,0
/CustomerService/UpdateCustomercf18dce1-e583-409a-9130-d91145350589,19.541220739483833,19.541220739483833,50.0,1,1,0
/CustomerService/UpdateCustomerd0866c77-94bb-4127-b247-a723984526ea,14.89375066012144,14.89375066012144,50.0,1,1,0
/CustomerService/UpdateCustomerd33da355-9744-44d6-9f92-e45932abb92e,11.94438198581338,11.94438198581338,50.0,1,1,0
/CustomerService/UpdateCustomerd36f89f1-dabf-4fb2-8beb-d2e8a46000a0,20.893505308777094,20.893505308777094,50.0,1,1,0
/CustomerService/UpdateCustomerd65bfeb9-74e4-4cd2-a087-a9fd025625f8,12.526355683803558,12.526355683803558,50.0,1,1,0
/CustomerService/UpdateCustomerda0d3c88-459b-41bf-9503-043f245a56c4,8.743079844862223,8.743079844862223,50.0,1,1,0
/CustomerService/UpdateCustomere01b9ea8-c2ae-4015-97a2-4b3880fd265b,16.530768014490604,16.530768014490604,50.0,1,1,0
/CustomerService/UpdateCustomere0f206f7-4584-4c56-8180-ea5a7a79c3f2,15.482318121939898,15.482318121939898,50.0,1,1,0
/CustomerService/UpdateCustomere236cf60-a6da-4a60-a63c-242b3d66e830,16.910618636757135,16.910618636757135,50.0,1,1,0
/CustomerService/UpdateCustomere3caddaf-f697-4ca3-a156-1551a7d12e4b,18.60305480659008,18.60305480659008,50.0,1,1,0
/CustomerService/UpdateCustomere7eac5aa-0b39-47ea-be9a-976cdc061514,20.936658140271902,20.936658140271902,50.0,1,1,0
/CustomerService/UpdateCustomere7fce054-d6d0-43d9-8f1f-ea7cca98c492,15.243564266711473,15.243564266711473,50.0,1,1,0
/CustomerService/UpdateCustomeref206931-a0d3-4660-ad26-572e31474d99,14.037250075489283,14.037250075489283,50.0,1,1,0
/CustomerService/UpdateCustomerf16cf277-0c12-4391-9900-c3715bf21992,21.876162849366665,21.876162849366665,50.0,1,1,0
/CustomerService/UpdateCustomerf1c61d06-e276-4a48-bab9-cc50cf3a1261,22.080599796026945,22.080599796026945,50.0,1,1,0
/CustomerService/UpdateCustomerf27674da-a4ad-41a6-9986-1025d20c2a16,10.748741682618856,10.748741682618856,50.0,1,1,0
/CustomerService/UpdateCustomerf4539251-e241-41b4-86c8-16b58e4d67ec,12.228172272443771,12.228172272443771,50.0,1,1,0
/CustomerService/UpdateCustomerf4e2bcf1-a37a-40a2-abd6-7814161b79e2,12.819624040275812,12.819624040275812,50.0,1,1,0
/CustomerService/UpdateCustomerf9020c3e-bb54-4d0c-a29b-077b37a982e3,21.00143302232027,21.00143302232027,50.0,1,1,0
/CustomerService/UpdateCustomerfc0a4f14-9a3d-4b2f-8cf1-e17d31e639d8,24.58411129191518,24.58411129191518,50.0,1,1,0
/CustomerService/UpdateCustomerfdf73e79-b13e-4237-ab09-d1d660cf43cb,11.900608893483877,11.900608893483877,50.0,1,1,0
/CustomerService/getCustomer01bdd8bd-f029-4354-b744-bba8d667225b,5.559976678341627,5.559976678341627,2.0,1,1,0
/CustomerService/getCustomer03c6000d-bec3-462c-b8c1-90c0135080ab,9.122574236243963,9.122574236243963,2.0,1,1,0
/CustomerService/getCustomer058580d1-e140-470b-bee4-1bc269dacc3b,6.38750521466136,6.38750521466136,2.0,1,1,0
/CustomerService/getCustomer089dea40-9d58-4c90-9941-5d1a462496c3,8.04197322577238,8.04197322577238,2.0,1,1,0
/CustomerService/getCustomer0ad665fa-fbe9-4cd1-8f0d-e2318d78b698,14.023776166141033,14.023776166141033,2.0,1,1,0
/CustomerService/getCustomer0c1b0823-9e46-4e49-b530-704051bb601c,6.8841916508972645,6.8841916508972645,2.0,1,1,0
/CustomerService/getCustomer116478e7-2b99-4002-8e20-6bfe71b9cd79,4.91392333060503,4.91392333060503,2.0,1,1,0
/CustomerService/getCustomer128b398a-2696-45cf-bf1b-c11e00202df8,6.848286837339401,6.848286837339401,2.0,1,1,0
/CustomerService/getCustomer15c2c683-c101-425a-a204-1a4fe99a96b9,5.086934193968773,5.086934193968773,2.0,1,1,0
/CustomerService/getCustomer189df0df-a557-4b45-8da2-0c9d8f22f036,7.1702999994158745,7.1702999994158745,2.0,1,1,0
/CustomerService/getCustomer18f93430-700f-4a17-a46b-2d2469c0a496,9.974176995456219,9.974176995456219,2.0,1,1,0
/CustomerService/getCustomer1afdf67f-f0a6-492e-86e6-bd3fa80bd553,8.407625835388899,8.407625835388899,2.0,1,1,0
/CustomerService/getCustomer1e849a03-7d08-4f95-8926-48e63b9a3b85,7.099941838532686,7.099941838532686,2.0,1,1,0
/CustomerService/getCustomer1f21acc8-1697-483c-8199-0e4ad3b0c52c,9.487451985478401,9.487451985478401,2.0,1,1,0
/CustomerService/getCustomer219a0e11-8f9a-4749-a0b2-619dd7587f8f,11.548867914825678,11.548867914825678,2.0,1,1,0
/CustomerService/getCustomer23b13e07-36e0-45be-82dd-54fcf786de96,7.250778842717409,7.250778842717409,2.0,1,1,0
/CustomerService/getCustomer2963411e-0be3-4c47-a9c2-cb9c9588c0e6,5.320020951330662,5.320020951330662,2.0,1,1,0
/CustomerService/getCustomer344c0589-5051-442a-ab3f-ec819752ee13,4.483831115067005,4.483831115067005,2.0,1,1,0
/CustomerService/getCustomer34928501-7791-4f1c-936d-d005e0d65e66,7.3900241404771805,7.3900241404771805,2.0,1,1,0
/CustomerService/getCustomer4506e7e1-219d-4b2d-a875-91afeb076f0e,12.422347441315651,12.422347441315651,2.0,1,1,0
/CustomerService/getCustomer49edd0ef-f08b-457b-94ac-c0aaff8f5ead,8.36245296522975,8.36245296522975,2.0,1,1,0
/CustomerService/getCustomer4f684643-7a64-4227-9d4f-62b803141554,8.382903877645731,8.382903877645731,2.0,1,1,0
/CustomerService/getCustomer51408ecb-6609-43cd-9648-e1ee5d4989f4,8.137865923345089,8.137865923345089,2.0,1,1,0
/CustomerService/getCustomer52cc19f0-6716-4bd2-8552-144bca248500,7.430213037878275,7.430213037878275,2.0,1,1,0
/CustomerService/getCustomer565c43c4-d630-43b9-8d1a-3eebee8b6acf,6.844634655863047,6.844634655863047,2.0,1,1,0
/CustomerService/getCustomer5ad31f8e-d166-4b92-bb31-c2bcc6e563d0,8.426673244684935,8.426673244684935,2.0,1,1,0
/CustomerService/getCustomer5c6377f1-e16a-4c72-9075-b16b1fca0cbf,11.843595188111067,11.843595188111067,2.0,1,1,0
/CustomerService/getCustomer614e943f-60fb-43d6-9bc5-abfbdd1aab7e,7.455296814441681,7.455296814441681,2.0,1,1,0
/CustomerService/getCustomer62d599c4-2ae3-4d0f-a4ea-83a8f9264a4c,7.357332855463028,7.357332855463028,2.0,1,1,0
/CustomerService/getCustomer630862aa-81d5-4752-9f40-af4c09f55e2e,6.425613071769476,6.425613071769476,2.0,1,1,0
/CustomerService/getCustomer6b7861e4-d909-4448-bbbf-2f9107844088,13.927999883890152,13.927999883890152,2.0,1,1,0
/CustomerService/getCustomer6c66f679-991d-470e-a04a-c2bfd7838752,8.557621855288744,8.557621855288744,2.0,1,1,0
/CustomerService/getCustomer73b197ac-4209-4ac9-9874-bd85962ac980,6.3871662132442,6.3871662132442,2.0,1,1,0
/CustomerService/getCustomer74a5ad3f-d96b-493b-a5ae-6e58cecc359e,6.336580961942673,6.336580961942673,2.0,1,1,0
/CustomerService/getCustomer753c512e-5d2d-4e3c-888a-ed2f9d85c3d7,8.823508862406015,8.823508862406015,2.0,1,1,0
/CustomerService/getCustomer78dc09b5-7f4e-480d-b6a1-e01dd6717282,5.173956044018269,5.173956044018269,2.0,1,1,0
/CustomerService/getCustomer80977deb-8f9c-4f49-92e9-2a4cebe1681f,7.037833798676729,7.037833798676729,2.0,1,1,0
/CustomerService/getCustomer8195003c-1750-4b89-a898-b6ed6f4d01b4,4.399565048515797,4.399565048515797,2.0,1,1,0
/CustomerService/getCustomer82e93d40-5fb4-45c9-ab8d-dcb5b0c92877,11.059967800974846,11.059967800974846,2.0,1,1,0
/CustomerService/getCustomer885067db-09e7-4a8d-bad3-fd7beddb5e7b,4.669204354286194,4.669204354286194,2.0,1,1,0
/CustomerService/getCustomer8d6f295a-f0ed-4387-b701-20acad95f626,11.049615684896708,11.049615684896708,2.0,1,1,0
/CustomerService/getCustomer9270b47b-c24d-49fa-8217-a43ed48386e9,12.859656941145658,12.859656941145658,2.0,1,1,0
/CustomerService/getCustomer93a87435-c291-43c3-bf1b-d38ac387d581,8.83409520611167,8.83409520611167,2.0,1,1,0
/CustomerService/getCustomer9d13b396-aca2-4246-b06d-c76b6f2ddc34,10.404897853732109,10.404897853732109,2.0,1,1,0
/CustomerService/getCustomer9fbc3990-e5e0-4081-a3f9-9a8f694f20ed,13.272668700665236,13.272668700665236,2.0,1,1,0
/CustomerService/getCustomer9fec8dd4-524e-4c37-b769-54190d6430be,7.676240988075733,7.676240988075733,2.0,1,1,0
/CustomerService/getCustomera161b24b-a520-44a2-88e5-b127108b5e2e,7.180371787399054,7.180371787399054,2.0,1,1,0
/CustomerService/getCustomera1ea6e7d-c6dc-4801-a640-80c9956de21a,8.092022966593504,8.092022966593504,2.0,1,1,0
/CustomerService/getCustomera4091851-3802-4a86-9503-4baa3bf09a9d,9.651385713368654,9.651385713368654,2.0,1,1,0
/CustomerService/getCustomera7481fa5-bb72-4b3f-a6b7-30117eee0889,8.08550976216793,8.08550976216793,2.0,1,1,0
/CustomerService/getCustomera78485a3-3bd7-4986-a683-b756f36c3bad,12.779450044035912,12.779450044035912,2.0,1,1,0
/CustomerService/getCustomera8af3087-b24f-4781-baff-8547c5b2eb97,7.417406886816025,7.417406886816025,2.0,1,1,0
/CustomerService/getCustomera99d9ed0-9b91-47cb-9b51-b5d57ec12519,7.8695048578083515,7.8695048578083515,2.0,1,1,0
/CustomerService/getCustomerad909816-4f06-4068-8a5d-e47b2bf715d4,7.966811768710613,7.966811768710613,2.0,1,1,0
/CustomerService/getCustomerb35f447a-8ee8-4d3c-aae4-859659d96f15,9.388293139636517,9.388293139636517,2.0,1,1,0
/CustomerService/getCustomerb4bb1652-718c-44fd-b0c8-73fbd87ba02e,9.554191026836634,9.554191026836634,2.0,1,1,0
/CustomerService/getCustomerb87778f9-8a39-423c-b3b8-936f84508a5d,7.834054064005613,7.834054064005613,2.0,1,1,0
/CustomerService/getCustomerb8fe91c5-ec20-45d6-81d1-d9eca9be1251,11.296035256236792,11.296035256236792,2.0,1,1,0
/CustomerService/getCustomerba8cc7b7-aaaa-4881-8920-74dc5cca0d57,8.0347191542387,8.0347191542387,2.0,1,1,0
/CustomerService/getCustomerbcdba2d5-fea7-410f-a738-a497da90d69f,9.086621925234795,9.086621925234795,2.0,1,1,0
/CustomerService/getCustomerbdda8f13-b06b-414c-b8fd-da18ad1e8cd1,6.587273441255093,6.587273441255093,2.0,1,1,0
/CustomerService/getCustomerbeb60ad1-b3af-45d3-a9df-8e3050d5745b,9.986634831875563,9.986634831875563,2.0,1,1,0
/CustomerService/getCustomerc000fc17-de20-49cb-8f0e-e037f35590b5,15.205696690827608,15.205696690827608,2.0,1,1,0
/CustomerService/getCustomerc3e508e0-4cca-4200-ba15-6b7726724919,9.910354856401682,9.910354856401682,2.0,1,1,0
/CustomerService/getCustomerc4bce561-2202-4dd3-ad60-dd3a4fd8521a,6.526291836053133,6.526291836053133,2.0,1,1,0
/CustomerService/getCustomerd19bb1e1-6d54-49d2-8eb5-0979808b8bc5,4.591695033013821,4.591695033013821,2.0,1,1,0
/CustomerService/getCustomerd7349306-bcdd-4c47-ba2e-8dbbff90a819,8.197482209652662,8.197482209652662,2.0,1,1,0
/CustomerService/getCustomerda97c268-b375-4e9d-9172-1667335a8cdc,4.785014782100916,4.785014782100916,2.0,1,1,0
/CustomerService/getCustomerdceaa08d-e970-43af-961b-e10863cf0420,6.878672167658806,6.878672167658806,2.0,1,1,0
/CustomerService/getCustomerddf6c00e-c27a-409d-9db6-07b55bd1f2a2,13.008022215217352,13.008022215217352,2.0,1,1,0
/CustomerService/getCustomerdf07f383-4412-4429-83fb-b63d210b13d6,4.866115748882294,4.866115748882294,2.0,1,1,0
/CustomerService/getCustomere0091566-7a40-46c0-8fcd-8e218ed1f93c,6.837858818471432,6.837858818471432,2.0,1,1,0
/CustomerService/getCustomere34c582a-f07e-41d7-a820-ba030a46d687,8.930522948503494,8.930522948503494,2.0,1,1,0
/CustomerService/getCustomere708b3c2-cec5-4e5b-b7df-49f0904944be,10.448507964611053,10.448507964611053,2.0,1,1,0
/CustomerService/getCustomered161ff3-2598-4350-9e8f-0295242152a0,6.336907856166363,6.336907856166363,2.0,1,1,0
/CustomerService/getCustomerf1403b23-83ce-49cd-bb20-a7cdf2b40058,3.831491805613041,3.831491805613041,2.0,1,1,0
/CustomerService/getCustomerf314a93b-d541-4cee-bc20-64674035a0e5,5.100478883832693,5.100478883832693,2.0,1,1,0
/CustomerService/getCustomerf5ded268-a80f-480f-924c-f6f74fdb049f,5.449536256492138,5.449536256492138,2.0,1,1,0
/CustomerService/getCustomerfb6b011b-ae6f-4e5f-9d14-346c1e9aaa03,14.572822023183107,14.572822023183107,2.0,1,1,0
/CustomerService/getCustomerfea4e5ad-ada7-4c98-9481-054cc6b9df94,9.473447687923908,9.473447687923908,2.0,1,1,0
/OrderService/CreateOrder00dc64fd-0cc8-4c91-a7b0-0179bd9f2ec9,7.188834715634584,7.188834715634584,50.0,1,1,0
/OrderService/CreateOrder053f29f9-afee-4568-ba33-594733ff0a1f,10.519808623939753,10.519808623939753,50.0,1,1,0
/OrderService/CreateOrder060da087-5c77-432e-b234-2c8271b050ad,6.449336186051369,6.449336186051369,50.0,1,1,0
/OrderService/CreateOrder0a801e4a-1802-41ba-968a-331b902d69fb,7.272148970514536,7.272148970514536,50.0,1,1,0
/OrderService/CreateOrder0da19ef8-3e36-4813-b8c7-bb4e094402df,12.940921355038881,12.940921355038881,50.0,1,1,0
/OrderService/CreateOrder19fc1e31-bd6a-4f2f-8b3d-54fc5f0b5540,8.557114284485579,8.557114284485579,50.0,1,1,0
/OrderService/CreateOrder1d3fe35a-44b2-458d-92fa-9b77bb176ea1,15.348322223871946,15.348322223871946,50.0,1,1,0
/OrderService/CreateOrder2748c4b1-3d1a-4894-b549-705359b78392,7.234525866806507,7.234525866806507,50.0,1,1,0
/OrderService/CreateOrder27fba9c3-e2c5-4ef3-95e9-ddcb82570ca8,10.957636870443821,10.957636870443821,50.0,1,1,0
/OrderService/CreateOrder2f25568e-073b-4872-b5c6-83c09a7d5bdd,6.949910894036293,6.949910894036293,50.0,1,1,0
/OrderService/CreateOrder3010b762-83ea-4993-ad95-c7ae427dad35,5.624048877507448,5.624048877507448,50.0,1,1,0
/OrderService/CreateOrder3036eb1d-8a30-4c11-810b-234fb524b5ba,14.672670979052782,14.672670979052782,49.0,1,1,0
/OrderService/CreateOrder308281af-9d3d-4ea1-b5a2-1481d3308c58,8.810914121568203,8.810914121568203,50.0,1,1,0
/OrderService/CreateOrder3d5b2468-9597-401a-b28d-1c51ac9385b1,8.667348884046078,8.667348884046078,50.0,1,1,0
/OrderService/CreateOrder3e91a79c-60c4-4b7e-b465-934c4d1c83dc,7.782309781759977,7.782309781759977,50.0,1,1,0
/OrderService/CreateOrder44df4b04-d15f-4cce-bb4d-0617d5311a07,7.018809672445059,7.018809672445059,50.0,1,1,0
/OrderService/CreateOrder4ca8b354-5594-4a05-afe1-35030ce74e95,39.41498789936304,39.41498789936304,50.0,1,1,0
/OrderService/CreateOrder4e99b172-06b1-45bf-8b29-102fd23cd83c,28.069213032722473,28.069213032722473,50.0,1,1,0
/OrderService/CreateOrder4f42e439-627b-494d-87c3-352b61483a83,8.16409895196557,8.16409895196557,50.0,1,1,0
/OrderService/CreateOrder4ffe6b37-d070-4cb8-be69-255e56fb674a,8.429992944002151,8.429992944002151,50.0,1,1,0
/OrderService/CreateOrder524bbd49-7387-4c13-81b8-ee3277790fb3,8.809677790850401,8.809677790850401,50.0,1,1,0
/OrderService/CreateOrder533524a9-803b-4826-a1f3-dbf5ec80df5b,6.730095017701387,6.730095017701387,50.0,1,1,0
/OrderService/CreateOrder5bc257dc-8ebf-4e74-b375-4e855eb04b65,6.775920279324055,6.775920279324055,50.0,1,1,0
/OrderService/CreateOrder5cad6acc-bccb-40da-98b4-8fdb0f86f2f3,48.04725106805563,48.04725106805563,50.0,1,1,0
/OrderService/CreateOrder6a0a3bd6-683d-4b58-a18b-ae3a3df6a522,8.574508596211672,8.574508596211672,50.0,1,1,0
/OrderService/CreateOrder6ab2bc3a-2cd8-4304-89f9-34c477e98331,9.122497867792845,9.122497867792845,50.0,1,1,0
/OrderService/CreateOrder6dab6c40-2f7e-458e-b09f-f6cef7768905,7.976289838552475,7.976289838552475,50.0,1,1,0
/OrderService/CreateOrder7053389f-61e8-402a-9785-cbecedf1f5dc,6.368875037878752,6.368875037878752,50.0,1,1,0
/OrderService/CreateOrder7469db4f-1a1c-4b16-9e11-8bbcbaf7f2d2,8.682297077029943,8.682297077029943,49.0,1,1,0
/OrderService/CreateOrder7903e9b5-76b0-4621-93a4-8e47a09f8e23,33.19801203906536,33.19801203906536,50.0,1,1,0
/OrderService/CreateOrder7acef26f-6766-4966-9bbb-a22f33da45d0,9.616545401513577,9.616545401513577,50.0,1,1,0
/OrderService/CreateOrder84d39b58-0134-488b-b67d-04a1f1840da6,6.215051282197237,6.215051282197237,50.0,1,1,0
/OrderService/CreateOrder86ee186b-8d4f-4738-85f6-aa5de077a0ba,4.146661143749952,4.146661143749952,50.0,1,1,0
/OrderService/CreateOrder8e9a6a9b-fed8-4a45-a7f1-7c6ea9ae9186,7.076852023601532,7.076852023601532,50.0,1,1,0
/OrderService/CreateOrder8f9f839e-865b-4a14-a2f4-240fd35b9d4e,9.005206171423197,9.005206171423197,50.0,1,1,0
/OrderService/CreateOrder93f36881-29dd-4e6f-9be6-0fc4a770f8af,8.005000185221434,8.005000185221434,50.0,1,1,0
/OrderService/CreateOrder945cefdc-5d4d-47a4-b950-3b7fb43d6715,10.15787711367011,10.15787711367011,50.0,1,1,0
/OrderService/CreateOrder96ed5d31-bdd0-409f-b4db-7a291c2f262d,10.268517304211855,10.268517304211855,50.0,1,1,0
/OrderService/CreateOrder9732807a-27a2-4618-91ae-3b6ea21874af,6.777301896363497,6.777301896363497,50.0,1,1,0
/OrderService/CreateOrder9849d822-231c-48c0-bfcd-80621802b2fb,8.34210216999054,8.34210216999054,50.0,1,1,0
/OrderService/CreateOrder9936a727-1cc3-42a1-b9d9-10e1cb293dba,6.387802306562662,6.387802306562662,50.0,1,1,0
/OrderService/CreateOrder99439509-4e95-4dc8-9522-1c68940d04a5,7.043754681944847,7.043754681944847,50.0,1,1,0
/OrderService/CreateOrder9b1f322a-5477-4a7c-954d-9098fdc577b3,17.575255129486322,17.575255129486322,50.0,1,1,0
/OrderService/CreateOrder9fb2cc65-bb92-4a57-a07e-0a6fa371846c,8.614860009402037,8.614860009402037,50.0,1,1,0
/OrderService/CreateOrdera20112da-5fdc-4077-b91e-df7fccc5c602,10.072031058371067,10.072031058371067,50.0,1,1,0
/OrderService/CreateOrdera237013f-47ce-43dd-be90-909de8afa0f9,12.660081032663584,12.660081032663584,50.0,1,1,0
/OrderService/CreateOrdera4243779-664d-4051-81a4-48b4f554a0ac,7.763680070638657,7.763680070638657,50.0,1,1,0
/OrderService/CreateOrdera79e85e5-829b-441b-90ed-7a1360a26c96,6.3306959345936775,6.3306959345936775,50.0,1,1,0
/OrderService/CreateOrdera89745cc-ba58-4612-918a-c20236b4318d,5.5886548943817616,5.5886548943817616,50.0,1,1,0
/OrderService/CreateOrderab4df9a4-2191-4b6e-a174-d815b9639d01,11.571553070098162,11.571553070098162,50.0,1,1,0
/OrderService/CreateOrderac32d6e9-a403-4280-9237-0e65edc406b7,14.235674403607845,14.235674403607845,50.0,1,1,0
/OrderService/CreateOrderaef6c222-c4de-4e51-a4bb-c29620ea3d36,13.866855762898922,13.866855762898922,50.0,1,1,0
/OrderService/CreateOrderb29efc2a-ba1c-4d9c-886b-d9910e819447,6.772826891392469,6.772826891392469,50.0,1,1,0
/OrderService/CreateOrderb5dce30a-8e48-4bfb-b17a-890dd1d04bc3,28.17952912300825,28.17952912300825,50.0,1,1,0
/OrderService/CreateOrderb744097c-e514-42a2-b147-72000a4f0c4d,6.154870148748159,6.154870148748159,49.0,1,1,0
/OrderService/CreateOrderb8f1d5fe-6012-4ea6-ab55-a90bd33c4af0,7.917970884591341,7.917970884591341,50.0,1,1,0
/OrderService/CreateOrderbc8fe530-8cf1-4b93-84d4-e5401f3a7914,13.890746049582958,13.890746049582958,50.0,1,1,0
/OrderService/CreateOrderc01a3420-f230-4fd8-bd8a-5c18f137b2ba,10.07729908451438,10.07729908451438,50.0,1,1,0
/OrderService/CreateOrderc213c38b-6936-4cf2-9576-dc7525113f55,5.286312196403742,5.286312196403742,50.0,1,1,0
/OrderService/CreateOrdercbecd331-d094-4467-8f38-5d93a1b16903,6.898908410221338,6.898908410221338,49.0,1,1,0
/OrderService/CreateOrdercc4c8502-2915-4fa0-8c21-6d08385140bf,8.604356087744236,8.604356087744236,50.0,1,1,0
/OrderService/CreateOrdercf9155be-d5b1-4342-a489-830955b84190,8.062404114753008,8.062404114753008,50.0,1,1,0
/OrderService/CreateOrderd5d7fc96-3d2d-4b55-a9d9-e5382f986503,7.970711216330528,7.970711216330528,50.0,1,1,0
/OrderService/CreateOrderd5e16ff2-4742-40ed-9070-5b7d957dadac,6.4764260314404964,6.4764260314404964,50.0,1,1,0
/OrderService/CreateOrderd710cc9a-f96b-4e7c-888e-6aa83a57d997,9.11898398771882,9.11898398771882,50.0,1,1,0
/OrderService/CreateOrderd77ce5ee-85a4-4718-87e5-2aab729f2560,8.309159893542528,8.309159893542528,50.0,1,1,0
/OrderService/CreateOrderd78ae148-2b8e-4c70-8b45-82969b4c9f45,5.039522890001535,5.039522890001535,50.0,1,1,0
/OrderService/CreateOrderd91132ab-158c-42cc-ba00-ffd67531d646,8.705541957169771,8.705541957169771,50.0,1,1,0
/OrderService/CreateOrdere36d8fdd-7767-4c8f-b50e-75d9828e4963,5.25246188044548,5.25246188044548,50.0,1,1,0
/OrderService/CreateOrdere6dd1881-6d97-4405-bf06-edf5e36c13a4,6.560734007507563,6.560734007507563,50.0,1,1,0
/OrderService/CreateOrdere7bd2ca7-b19f-49ac-ac04-b472d06fb7b2,8.080446161329746,8.080446161329746,50.0,1,1,0
/OrderService/CreateOrdereacc1013-3e45-4170-a76d-1d67c16c2a56,8.123931009322405,8.123931009322405,50.0,1,1,0
/OrderService/CreateOrderec481f7e-8b01-4c92-82f3-5d8294d99b3e,8.6242719553411,8.6242719553411,50.0,1,1,0
/OrderService/CreateOrderedb0105d-15ca-4832-81d1-ee9ccb2e36b5,32.5613534078002,32.5613534078002,50.0,1,1,0
/OrderService/CreateOrderef3e546a-0816-448e-a791-5cfc77747afe,7.201125379651785,7.201125379651785,50.0,1,1,0
/OrderService/CreateOrderf3247149-3d2e-4273-85cf-544650c1f35b,5.482432898133993,5.482432898133993,49.0,1,1,0
/OrderService/CreateOrderf6d3301b-8059-4218-95b5-f6e2af456ddd,9.435698855668306,9.435698855668306,50.0,1,1,0
/OrderService/CreateOrderf6f56a36-9bef-4f6d-899b-1c1f6cf0d22d,5.473951809108257,5.473951809108257,50.0,1,1,0
/OrderService/CreateOrderf7d1c37e-9f5e-4636-836c-2aedbb35e63e,6.116559263318777,6.116559263318777,50.0,1,1,0
/OrderService/CreateOrderfed70671-147c-40f4-957e-a294a154a660,7.517633959650993,7.517633959650993,50.0,1,1,0
/OrderService/GetOrder01c63c31-439c-41b3-ae7b-76a3b8a9e189,4.496356938034296,4.496356938034296,2.0,1,1,0
/OrderService/GetOrder0254f547-ab12-4228-8bb1-dff24ed769e2,7.954970002174377,7.954970002174377,3.0,1,1,0
/OrderService/GetOrder03142c2a-18cb-4c42-b688-813b1ffa9c54,8.192934095859528,8.192934095859528,3.0,1,1,0
/OrderService/GetOrder04c3c6b4-7df4-4ff1-8833-7b67297648b0,5.211090203374624,5.211090203374624,3.0,1,1,0
/OrderService/GetOrder051c23c0-f97e-4a05-bd8a-921e600ac0e1,3.6893803626298904,3.6893803626298904,3.0,1,1,0
/OrderService/GetOrder06105eb9-8928-46ed-86d2-a82db68c571f,16.996285878121853,16.996285878121853,3.0,1,1,0
/OrderService/GetOrder0c135f86-be1c-4790-9df1-fd507d30ea35,4.319385625422001,4.319385625422001,3.0,1,1,0
/OrderService/GetOrder0ffd4173-f303-4814-88bb-eb890b10613f,3.619647119194269,3.619647119194269,3.0,1,1,0
/OrderService/GetOrder1065d846-50b5-4d77-b8f0-4afe90601f48,4.454572685062885,4.454572685062885,3.0,1,1,0
/OrderService/GetOrder1e0028e4-cf46-4ad2-b731-941cac70618d,15.607038978487253,15.607038978487253,3.0,1,1,0
/OrderService/GetOrder1eb320a3-7e65-4009-940b-2ffa3030b7ac,6.263472139835358,6.263472139835358,3.0,1,1,0
/OrderService/GetOrder1fbafd48-2b23-4e91-90fd-b4edbca8df44,6.009232252836227,6.009232252836227,3.0,1,1,0
/OrderService/GetOrder1ffee94e-f873-4935-870b-6449704ac65b,4.700198769569397,4.700198769569397,3.0,1,1,0
/OrderService/GetOrder20837da4-3744-47ca-ba52-d8f49476e0b4,4.31692972779274,4.31692972779274,3.0,1,1,0
/OrderService/GetOrder24cd113b-956a-4ac5-9005-6f6f9a4993d6,5.006528925150633,5.006528925150633,3.0,1,1,0
/OrderService/GetOrder25165cbf-3520-40ed-97a8-bce36a6fcab8,6.990385241806507,6.990385241806507,3.0,1,1,0
/OrderService/GetOrder25ed2e4f-e75d-4978-be4d-bed6ad4d4a22,5.530339665710926,5.530339665710926,3.0,1,1,0
/OrderService/GetOrder2753f5dd-cbac-44fb-9353-bece5f0d43c4,4.814071115106344,4.814071115106344,3.0,1,1,0
/OrderService/GetOrder2c6ac7ed-3ba7-459f-8b12-9a6ddcaac79c,6.062434054911137,6.062434054911137,3.0,1,1,0
/OrderService/GetOrder2ccedabd-d06e-4663-9b98-eb36f97cc2bb,6.369246169924736,6.369246169924736,3.0,1,1,0
/OrderService/GetOrder2deec92c-3aa3-4dca-9172-fa98e85a104d,5.348867736756802,5.348867736756802,2.0,1,1,0
/OrderService/GetOrder2f4f6d8f-8d91-4dd3-9423-f5d861782d8e,12.145687825977802,12.145687825977802,3.0,1,1,0
/OrderService/GetOrder2f86f1ef-6981-4a12-b7e1-cea5ab67b8ed,4.786010831594467,4.786010831594467,3.0,1,1,0
/OrderService/GetOrder34e53c9b-cd11-4de5-8bf7-b919cb6bf536,5.159852094948292,5.159852094948292,3.0,1,1,0
/OrderService/GetOrder363dfca9-cfdc-47eb-9e08-f3c4c7ada1a1,3.885118756443262,3.885118756443262,3.0,1,1,0
/OrderService/GetOrder3847c0ad-0516-4667-bbb8-1c1a77f0b4e0,4.070584662258625,4.070584662258625,3.0,1,1,0
/OrderService/GetOrder3cffab72-1cab-46f5-981b-cd67e35fa5c1,4.8722620122134686,4.8722620122134686,3.0,1,1,0
/OrderService/GetOrder45903a1e-259b-418a-95a4-7704f5e42587,5.533888004720211,5.533888004720211,3.0,1,1,0
/OrderService/GetOrder4ce754fe-4610-42cf-8059-260d0831e64f,4.16173180565238,4.16173180565238,3.0,1,1,0
/OrderService/GetOrder4e8af623-0407-4c31-982e-096ea90ac6c0,4.844894632697105,4.844894632697105,3.0,1,1,0
/OrderService/GetOrder4f432b73-323d-4440-a5fc-2fe559682741,6.505231838673353,6.505231838673353,3.0,1,1,0
/OrderService/GetOrder577372ab-2fd7-4736-89e9-9f481f376be6,5.586829036474228,5.586829036474228,2.0,1,1,0
/OrderService/GetOrder57a7728c-e81e-4b32-8c78-96bc009abca9,6.028919015079737,6.028919015079737,3.0,1,1,0
/OrderService/GetOrder5b8c4772-9a9d-47f3-8770-b322e2b9594a,5.535142030566931,5.535142030566931,2.0,1,1,0
/OrderService/GetOrder5bb15e03-81be-4657-8633-5f5edd44c09e,12.042474001646042,12.042474001646042,3.0,1,1,0
/OrderService/GetOrder5be63191-05ff-450e-8f0e-10eade60966c,5.087978672236204,5.087978672236204,3.0,1,1,0
/OrderService/GetOrder5de7b96d-aeb9-4ed3-a348-b1da5da9721d,5.872820038348436,5.872820038348436,3.0,1,1,0
/OrderService/GetOrder6149c041-c02f-4f08-bd52-d8b72da81cfc,5.7663097977638245,5.7663097977638245,3.0,1,1,0
/OrderService/GetOrder67a2a7e2-bebf-4dfe-84ab-08f9a4fd3d88,10.4654710739851,10.4654710739851,3.0,1,1,0
/OrderService/GetOrder682e5fc5-9e5d-4745-8496-41d911d22698,5.13951713219285,5.13951713219285,3.0,1,1,0
/OrderService/GetOrder72d70574-eaad-4c2e-b2e6-eadbc856b2bd,6.537069100886583,6.537069100886583,3.0,1,1,0
/OrderService/GetOrder75f719f2-243e-4f02-9b6c-0883934e4e27,15.005460008978844,15.005460008978844,3.0,1,1,0
/OrderService/GetOrder77c16d8d-2e3f-44df-8ec7-96c7dbd74437,10.33690432086587,10.33690432086587,2.0,1,1,0
/OrderService/GetOrder7aa22132-42e9-4867-bfaa-d4187df31e5b,12.970658019185066,12.970658019185066,2.0,1,1,0
/OrderService/GetOrder7f4b255f-337f-4612-bd03-75a4f810a085,6.063214037567377,6.063214037567377,3.0,1,1,0
/OrderService/GetOrder82d08a61-a75c-4f4e-9296-f616225752ec,4.946209955960512,4.946209955960512,3.0,1,1,0
/OrderService/GetOrder8583c68d-7fe6-4a11-86cf-7ca189165ada,4.4118789955973625,4.4118789955973625,2.0,1,1,0
/OrderService/GetOrder86592eaa-0083-48b2-b560-4dd1dacbdd8c,10.980142746120691,10.980142746120691,3.0,1,1,0
/OrderService/GetOrder87631422-b695-4af8-acab-13600784d5a2,3.992539830505848,3.992539830505848,3.0,1,1,0
/OrderService/GetOrder8d887660-6917-46b2-8020-c6f40cd5bd35,5.18014095723629,5.18014095723629,3.0,1,1,0
/OrderService/GetOrder8df2b9fc-95c6-47b6-ab34-642eb1ae808f,14.53068433329463,14.53068433329463,3.0,1,1,0
/OrderService/GetOrder8eafe925-7c18-4e87-bc31-4dea8238d671,3.133757971227169,3.133757971227169,2.0,1,1,0
/OrderService/GetOrder933dc5f6-8f01-4f94-aea6-20a1f7ad5293,4.964582622051239,4.964582622051239,3.0,1,1,0
/OrderService/GetOrder96f1df28-8d01-47ac-8bd4-7b1d8989357b,3.9761317893862724,3.9761317893862724,3.0,1,1,0
/OrderService/GetOrder9be0e3e0-1417-41c2-a884-4b6f264ae379,9.244009852409363,9.244009852409363,3.0,1,1,0
/OrderService/GetOrdera2a4e8b4-0e17-4a19-8545-e18deab7d094,5.574845243245363,5.574845243245363,3.0,1,1,0
/OrderService/GetOrdera960b1f4-d96f-426f-8cfb-4e2fc2d7e311,8.033489342778921,8.033489342778921,3.0,1,1,0
/OrderService/GetOrderab205885-b924-4983-b54d-b969d7b98bd6,5.928594619035721,5.928594619035721,3.0,1,1,0
/OrderService/GetOrderab4ddd09-019e-4b44-8023-552ca3989d3b,5.4344250820577145,5.4344250820577145,3.0,1,1,0
/OrderService/GetOrderade54f40-8ff7-4f75-8735-b6dbf1bfd9d0,4.28718701004982,4.28718701004982,3.0,1,1,0
/OrderService/GetOrderb431c13f-d021-43d8-ad0e-069e8aeb4ea5,5.210740026086569,5.210740026086569,3.0,1,1,0
/OrderService/GetOrderb73fc1c4-b9e5-4f4b-a4f2-6aa9a26d4cd5,3.3570630475878716,3.3570630475878716,3.0,1,1,0
/OrderService/GetOrderbc4dd9c2-b8b4-4d55-a267-820cc437c19d,4.328677896410227,4.328677896410227,3.0,1,1,0
/OrderService/GetOrderbf99b530-ed94-4570-8075-c5d38c473490,4.511530976742506,4.511530976742506,3.0,1,1,0
/OrderService/GetOrderc39152ae-7784-4986-bf3b-9e3215189113,7.386019919067621,7.386019919067621,3.0,1,1,0
/OrderService/GetOrderc3c306df-ff44-44ab-b74c-02498fc9f718,4.41737798973918,4.41737798973918,3.0,1,1,0
/OrderService/GetOrderc42432a4-7c50-4110-a56b-c599421d907f,4.628211725503206,4.628211725503206,3.0,1,1,0
/OrderService/GetOrderc8227b2c-0b58-4f26-9097-cda5569a59a1,13.419709168374538,13.419709168374538,3.0,1,1,0
/OrderService/GetOrderc858d759-8e59-4d8d-a73c-1216edea054e,6.681515835225582,6.681515835225582,3.0,1,1,0
/OrderService/GetOrderc9883f78-f4c7-48a1-a3ea-4085e32a7078,5.62344491481781,5.62344491481781,3.0,1,1,0
/OrderService/GetOrdercacd8d20-1402-45d1-a189-3cf5c84707f5,4.144413862377405,4.144413862377405,3.0,1,1,0
/OrderService/GetOrdercf58b828-7935-48fb-bae9-af3132c4450d,4.20850794762373,4.20850794762373,3.0,1,1,0
/OrderService/GetOrderd06e39d4-a1f7-4b17-b820-7c1ca93a7f77,4.341281019151211,4.341281019151211,3.0,1,1,0
/OrderService/GetOrderdf5de66a-a3c4-4406-b6e8-d3088c788a0b,5.855835042893887,5.855835042893887,3.0,1,1,0
/OrderService/GetOrdere0524d03-62a9-4439-b767-e7100512d815,4.3003130704164505,4.3003130704164505,3.0,1,1,0
/OrderService/GetOrderf054bd43-d8b2-45d4-98c1-5bedad2a77e7,5.7211751118302345,5.7211751118302345,3.0,1,1,0
/OrderService/GetOrderf4767238-7b8a-4f9c-9a61-300f2fe441f6,22.101868875324726,22.101868875324726,3.0,1,1,0
/OrderService/GetOrderf4e14dcb-e615-4ada-8766-64abc5ba768a,5.595831200480461,5.595831200480461,3.0,1,1,0
/OrderService/GetOrderf6873ab0-fd1a-4ad9-ba64-b28254a3dae0,4.7092558816075325,4.7092558816075325,3.0,1,1,0
/OrderService/GetOrderfb93a258-d5ab-4731-a50b-d957dbf2c5f5,5.898035131394863,5.898035131394863,3.0,1,1,0
Aggregated,12.35497059096815,10.0,32.2265625,-1,1,0
