Service,Average Response Time,Medium Response Time,Request Size,Request Type,Frequency,Size
/CatalogService/AddItem66fa9a47-0e49-40e4-8bac-797e7ff247e2,14.601212926208973,14.601212926208973,1000.0,1,0,1
/CatalogService/AddItem7c543c84-ef12-4edb-94b1-4f20e5ee1463,6.060789804905653,6.060789804905653,1000.0,1,0,1
/CatalogService/AddItem8c0243c5-8579-47ab-bf6f-d8dc3c5a05cd,15.33508999273181,15.33508999273181,1000.0,1,0,1
/CatalogService/AddItem951fdccd-f477-4cf5-9a4c-39652d2667e3,7.11028603836894,7.11028603836894,1000.0,1,0,1
/CatalogService/AddItema194b968-c428-48d5-9701-61279fa5b0f3,16.752369236201048,16.752369236201048,1000.0,1,0,1
/CatalogService/AddItemac799e24-1f7d-4dc1-919b-aebe107e3044,9.065997786819935,9.065997786819935,1000.0,1,0,1
/CatalogService/AddItemd8be936c-4e36-4a95-a350-4eef8a7123ce,17.290281131863594,17.290281131863594,1000.0,1,0,1
/CatalogService/AddIteme3270b0f-15c4-44d8-b0d8-3321f374b3e0,13.788437005132437,13.788437005132437,1000.0,1,0,1
/CatalogService/GetItem0a99ff66-b419-49ce-a94f-ebc08646b22f,5.467982031404972,5.467982031404972,3.0,1,0,1
/CatalogService/GetItem3725ec80-6237-4b7b-b4b8-931fea7ac480,3.6334232427179813,3.6334232427179813,3.0,1,0,1
/CatalogService/GetItem893f52a4-ca3f-42e5-8dfd-e294bcd543da,7.430605124682188,7.430605124682188,3.0,1,0,1
/CatalogService/GetItemb02f1f43-d11e-4fc1-9c3b-5dab544a3277,1.461752224713564,1.461752224713564,3.0,1,0,1
/CatalogService/GetItemb389beb2-6094-4ccf-93d7-f334e4d16487,7.121494971215725,7.121494971215725,3.0,1,0,1
/CatalogService/GetItemb947497d-31a2-474e-a106-09dce2604b09,2.27171229198575,2.27171229198575,3.0,1,0,1
/CatalogService/GetItemb9d730b0-74f1-427a-8916-15720c5d3a52,7.403334137052298,7.403334137052298,3.0,1,0,1
/CatalogService/GetItemcbcbe7ac-460f-49bb-bbfe-f112f4f5cc1b,1.9190390594303608,1.9190390594303608,3.0,1,0,1
/CatalogService/UpdateItem3ff713cb-0657-45ee-bad7-23024e638010,10.209002997726202,10.209002997726202,1000.0,1,0,1
/CatalogService/UpdateItem44d1e55f-7ba0-4e88-b03f-dbcf403300e1,6.0194372199475765,6.0194372199475765,1000.0,1,0,1
/CatalogService/UpdateItem6ad7e28d-2251-4d1c-9445-809b45b49701,7.1122790686786175,7.1122790686786175,1000.0,1,0,1
/CatalogService/UpdateItem73332d15-daa4-4579-8206-31317f8bc2be,5.325561389327049,5.325561389327049,1000.0,1,0,1
/CatalogService/UpdateItem9759c385-0e6e-4c89-b823-f0e311b2c073,8.305379189550877,8.305379189550877,1000.0,1,0,1
/CatalogService/UpdateItem9c82aad3-692f-408f-8c31-b2ebc94dcd19,5.622290074825287,5.622290074825287,1000.0,1,0,1
/CatalogService/UpdateItem9efed276-bc09-4f8a-87ca-4eebc85abb11,9.958982933312654,9.958982933312654,1000.0,1,0,1
/CatalogService/UpdateIteme27b75b8-d6fd-4d6d-ae9e-365f09604437,3.288011997938156,3.288011997938156,1000.0,1,0,1
/CustomerService/CreateCustomer006c2ea2-07fd-445d-88cf-61eae99929da,17.750652972608805,17.750652972608805,1000.0,1,0,1
/CustomerService/CreateCustomer197fa999-3281-402a-b88f-cfe7c0c8f276,15.468170866370201,15.468170866370201,1000.0,1,0,1
/CustomerService/CreateCustomer66755c7a-5c83-437d-b774-06f3679f222e,17.98071898519993,17.98071898519993,1000.0,1,0,1
/CustomerService/CreateCustomer96635470-29ec-43a6-bbb6-9630a603e580,17.122080083936453,17.122080083936453,1000.0,1,0,1
/CustomerService/CreateCustomerc81ba2db-f6ec-4c41-b66d-54c89e3c66d5,13.115538284182549,13.115538284182549,1000.0,1,0,1
/CustomerService/CreateCustomerd6ecc557-07d4-46a0-9490-c39b5e2def9e,17.542315181344748,17.542315181344748,1000.0,1,0,1
/CustomerService/CreateCustomerd84f6936-b841-456f-882c-e5c42c7e631a,17.31209922581911,17.31209922581911,1000.0,1,0,1
/CustomerService/CreateCustomerfffbd1f2-5382-446b-b219-7677b1bd5ce9,18.525969237089157,18.525969237089157,1000.0,1,0,1
/CustomerService/UpdateCustomer14ca470b-cc79-4400-a194-a9a3fa016f0f,6.489603314548731,6.489603314548731,1000.0,1,0,1
/CustomerService/UpdateCustomer165c61c3-2cca-4431-a02e-c1303d485958,12.832161039113998,12.832161039113998,1000.0,1,0,1
/CustomerService/UpdateCustomer203675cd-e4b2-437f-bc3e-d440eeaedef8,4.911292809993029,4.911292809993029,1000.0,1,0,1
/CustomerService/UpdateCustomer3766a002-f544-4d50-80c8-be88a1e1584f,4.804099909961224,4.804099909961224,1000.0,1,0,1
/CustomerService/UpdateCustomer440e07d1-a87b-43a4-85cc-0efb110af7ae,6.15849019959569,6.15849019959569,1000.0,1,0,1
/CustomerService/UpdateCustomer7fbe580f-786f-4b06-8d88-f0ff936920e7,7.583266124129295,7.583266124129295,1000.0,1,0,1
/CustomerService/UpdateCustomer922ff2ff-d07e-465d-8f58-abf98a66928b,12.381772045046091,12.381772045046091,1000.0,1,0,1
/CustomerService/UpdateCustomerfd63377b-c10d-45a0-9c83-65a33b53e876,5.056011024862528,5.056011024862528,1000.0,1,0,1
/CustomerService/getCustomer12b96b8f-d3cc-4aac-8cf7-bf801d5bc792,3.947579301893711,3.947579301893711,2.0,1,0,1
/CustomerService/getCustomer4489c4d5-e962-45d9-a16a-90e4d71cdcf1,3.6495300009846687,3.6495300009846687,2.0,1,0,1
/CustomerService/getCustomer8f0ce31e-fd77-4e52-9014-def1c76f19cd,6.437646225094795,6.437646225094795,2.0,1,0,1
/CustomerService/getCustomera1f6b0cf-4fcd-4a80-a170-a561d5da3487,4.303119145333767,4.303119145333767,2.0,1,0,1
/CustomerService/getCustomera2bf673e-00d3-4543-bd4e-d027546591f2,2.040822058916092,2.040822058916092,2.0,1,0,1
/CustomerService/getCustomerb3c9870c-7ea0-42de-85a3-c27c46c87150,1.969877164810896,1.969877164810896,2.0,1,0,1
/CustomerService/getCustomerce2e0d3a-cbad-4014-a9cf-3397558bdd37,1.4473260380327702,1.4473260380327702,2.0,1,0,1
/CustomerService/getCustomerfba14926-75c0-4153-baa9-2f9325fbbf33,7.133746054023504,7.133746054023504,2.0,1,0,1
/OrderService/CreateOrder02e9c71b-1a40-4430-b6bb-fc29d4ee7fda,16.03072788566351,16.03072788566351,1000.0,1,0,1
/OrderService/CreateOrder153bb7b3-c888-46d6-bccd-1dfbebdebee2,17.140209674835205,17.140209674835205,1000.0,1,0,1
/OrderService/CreateOrder5101c50c-4563-4856-81be-ba0e9b06004a,11.748791672289371,11.748791672289371,1000.0,1,0,1
/OrderService/CreateOrder5f0f60ae-8024-4e44-92ac-9714712250d4,8.64715501666069,8.64715501666069,1000.0,1,0,1
/OrderService/CreateOrder75bf6140-4d81-4f4d-b036-31edc3275bf4,13.982655014842749,13.982655014842749,1000.0,1,0,1
/OrderService/CreateOrderaa904067-3728-4b7c-b95a-73044c208f00,11.084127705544233,11.084127705544233,1000.0,1,0,1
/OrderService/CreateOrdercb64b0d1-1c70-45bf-b31b-c24267f92abe,4.634263925254345,4.634263925254345,1000.0,1,0,1
/OrderService/CreateOrderececef8c-0db0-465d-a7e8-fc483233860f,9.9469730630517,9.9469730630517,1000.0,1,0,1
/OrderService/GetOrder050c277c-3c7e-4df5-b9d2-649e8a7f85e3,1.4563449658453465,1.4563449658453465,3.0,1,0,1
/OrderService/GetOrder0fac91cf-6a61-419f-b668-721ffb5f8623,5.57525223121047,5.57525223121047,3.0,1,0,1
/OrderService/GetOrder17306cba-003f-477a-be82-043249419e9c,3.063749987632036,3.063749987632036,3.0,1,0,1
/OrderService/GetOrder2c412f33-058f-4e87-8b2a-358d34d01f4a,6.230897735804319,6.230897735804319,3.0,1,0,1
/OrderService/GetOrder69d663c5-9051-4139-bfb6-64f291457a85,10.971819050610065,10.971819050610065,3.0,1,0,1
/OrderService/GetOrder7226f52d-0848-44d9-bd16-f92d1313fae9,2.1991836838424206,2.1991836838424206,3.0,1,0,1
/OrderService/GetOrder87e425db-0913-4a9a-ada1-ff17e1a5fdd9,6.69956486672163,6.69956486672163,3.0,1,0,1
/OrderService/GetOrderd546375d-2857-485d-b246-0163fbf81edd,3.011645283550024,3.011645283550024,3.0,1,0,1
Aggregated,8.608468764577992,7.0,626.0,-1,0,1
