Service,Average Response Time,Medium Response Time,Request Size,Request Type,Frequency,Size
/CatalogService/AddItem01741bf5-043b-4161-a2bd-3baeb8c11f11,2.447421196848154,2.447421196848154,1000.0,1,1,1
/CatalogService/AddItem03969667-e148-4880-a661-68401f54a6da,3.7597953341901302,3.7597953341901302,1000.0,1,1,1
/CatalogService/AddItem09cf02fe-26e6-4f65-9c7c-2467b675225f,7.6542869210243225,7.6542869210243225,1000.0,1,1,1
/CatalogService/AddItem0c8c5bce-c7d0-47c3-8977-dd0070a0aafa,4.574893973767757,4.574893973767757,1000.0,1,1,1
/CatalogService/AddItem0fed0418-ba12-4dd1-a3fb-100a8b2252c6,4.967592190951109,4.967592190951109,1000.0,1,1,1
/CatalogService/AddItem1768ba6a-ad18-40f3-8ab8-23c4eea8edbb,4.9832649528980255,4.9832649528980255,1000.0,1,1,1
/CatalogService/AddItem1dd6d819-d7b8-486a-8814-945f61a7da03,3.7332233041524887,3.7332233041524887,1000.0,1,1,1
/CatalogService/AddItem206452a2-08b0-401b-9336-39eb2b766fa6,5.9407176449894905,5.9407176449894905,1000.0,1,1,1
/CatalogService/AddItem2196f9e8-c0be-4c03-980f-d1717911231e,5.098125897347927,5.098125897347927,1000.0,1,1,1
/CatalogService/AddItem21eeed4b-1490-464c-9daa-7df2d5336861,5.927802994847298,5.927802994847298,1000.0,1,1,1
/CatalogService/AddItem264ce89b-2e32-44c3-8df9-944310da4d32,5.521751940250397,5.521751940250397,1000.0,1,1,1
/CatalogService/AddItem2a4142d0-39f0-4dc0-a382-3e7de001b247,5.757526960223913,5.757526960223913,1000.0,1,1,1
/CatalogService/AddItem2bf0d54e-af44-46bc-86a2-0b0bb1a8d9ad,5.644847173243761,5.644847173243761,1000.0,1,1,1
/CatalogService/AddItem301971c4-4c30-48cb-8366-ef851ae69687,9.10461600869894,9.10461600869894,1000.0,1,1,1
/CatalogService/AddItem31373099-0a4f-454f-bfb8-e81e00570f3a,4.313129000365734,4.313129000365734,1000.0,1,1,1
/CatalogService/AddItem31e3f604-60ae-43fa-9f1a-4ae20bebd4e5,5.813037045300007,5.813037045300007,1000.0,1,1,1
/CatalogService/AddItem31f3527a-46d0-467c-89d3-4d7d522434d9,4.824055824428797,4.824055824428797,1000.0,1,1,1
/CatalogService/AddItem3afe7d08-8bc4-4367-8307-e2f8be913876,4.743763245642185,4.743763245642185,1000.0,1,1,1
/CatalogService/AddItem3f7a6d6f-9265-4de9-90ad-79f002ae0f03,5.426550749689341,5.426550749689341,1000.0,1,1,1
/CatalogService/AddItem43087847-b244-4e7f-8bf8-d2a1e2179da2,6.054040975868702,6.054040975868702,1000.0,1,1,1
/CatalogService/AddItem444c7ae2-3db3-4c23-a60f-9edcb60296a8,6.041324697434902,6.041324697434902,1000.0,1,1,1
/CatalogService/AddItem47bec90a-70d4-484c-82fe-c8c4fac57edd,4.935272037982941,4.935272037982941,1000.0,1,1,1
/CatalogService/AddItem4afb89af-2c10-49c5-a6f3-23769060e2a3,5.953644402325153,5.953644402325153,1000.0,1,1,1
/CatalogService/AddItem4b3f3b70-0262-4beb-87d3-aa2363458370,5.011315923184156,5.011315923184156,1000.0,1,1,1
/CatalogService/AddItem4b4449a8-ae99-4a34-9874-3e8a2ff9e0e7,4.891055636107922,4.891055636107922,1000.0,1,1,1
/CatalogService/AddItem4ba97536-7c28-424e-ab43-d497a5d74474,5.059417802840471,5.059417802840471,1000.0,1,1,1
/CatalogService/AddItem4f111aa8-1265-4a62-b7cb-69b97024bdbf,5.516557954251766,5.516557954251766,1000.0,1,1,1
/CatalogService/AddItem507ee7d8-c35c-4df6-9a71-043d4544ad2b,5.927249323576689,5.927249323576689,1000.0,1,1,1
/CatalogService/AddItem50bc96e5-ce32-4b12-87a0-93d390fd29cf,6.356638856232166,6.356638856232166,1000.0,1,1,1
/CatalogService/AddItem5359734c-bb0e-4cdb-89ad-f57abd78aaab,3.5851318389177322,3.5851318389177322,1000.0,1,1,1
/CatalogService/AddItem541c348d-78c6-4f29-94c7-9659fd066554,7.424416020512581,7.424416020512581,1000.0,1,1,1
/CatalogService/AddItem552c2fe4-771a-459c-9939-4fdd955d967d,8.042820263653994,8.042820263653994,1000.0,1,1,1
/CatalogService/AddItem557f431f-4faa-45a3-a2db-1e5ac82fdde5,6.32079504430294,6.32079504430294,1000.0,1,1,1
/CatalogService/AddItem563bed63-1678-4c34-bbf2-d4dbe54da045,6.070046219974756,6.070046219974756,1000.0,1,1,1
/CatalogService/AddItem5bdc6b24-bf4d-4891-960c-0acfbe46f95c,5.062700714915991,5.062700714915991,1000.0,1,1,1
/CatalogService/AddItem5c0e1f0d-bb46-4601-b126-536a66902ab9,7.237676065415144,7.237676065415144,1000.0,1,1,1
/CatalogService/AddItem5dc70c17-853e-4e49-8911-00f06ff88971,21.6189781203866,21.6189781203866,1000.0,1,1,1
/CatalogService/AddItem5f0ea492-3152-4143-b111-4d9396636e16,6.112889852374792,6.112889852374792,1000.0,1,1,1
/CatalogService/AddItem5fb8dba3-fdff-4007-ac3d-5d825f4e8f85,5.311481188982725,5.311481188982725,1000.0,1,1,1
/CatalogService/AddItem6a472f4a-16a3-4a14-ab1a-1ffe73803f36,6.185109727084637,6.185109727084637,1000.0,1,1,1
/CatalogService/AddItem6f6a9a88-cb74-4226-ad7c-eda198fbc27d,5.366724915802479,5.366724915802479,1000.0,1,1,1
/CatalogService/AddItem705a206e-d8cf-4c6b-9bd3-f5d4902a1631,5.231392104178667,5.231392104178667,1000.0,1,1,1
/CatalogService/AddItem7372da58-e79b-485c-8fd5-c932a7cd43db,5.064031109213829,5.064031109213829,1000.0,1,1,1
/CatalogService/AddItem7ad721a2-530a-4f6b-9032-5f2bff7f1702,7.773166988044977,7.773166988044977,1000.0,1,1,1
/CatalogService/AddItem7d94e6b1-dc5a-446c-b2a7-af05e3fbab2c,4.861903376877308,4.861903376877308,1000.0,1,1,1
/CatalogService/AddItem7ead1829-433b-4fa8-be62-9f8bac55e1fb,4.228762816637754,4.228762816637754,1000.0,1,1,1
/CatalogService/AddItem86a4a24b-6ee6-4816-9385-45c56ec0e6e7,4.165508318692446,4.165508318692446,1000.0,1,1,1
/CatalogService/AddItem87254833-7228-4c50-b117-2718db122d44,4.629083909094334,4.629083909094334,1000.0,1,1,1
/CatalogService/AddItem8c6b1344-0134-4fb4-92e4-47ba9867444f,4.007898271083832,4.007898271083832,1000.0,1,1,1
/CatalogService/AddItem8e195113-b6a3-456e-90f9-2b204f28145a,6.260594818741083,6.260594818741083,1000.0,1,1,1
/CatalogService/AddItem8e94cc5a-02c3-4907-bdd4-073e5fb51d8b,7.082358002662659,7.082358002662659,1000.0,1,1,1
/CatalogService/AddItem92b626fe-cf9a-4ec7-beea-bd0afeb8d4ae,5.136413034051657,5.136413034051657,1000.0,1,1,1
/CatalogService/AddItem9411bbf7-3812-4930-adb5-ff21bed714e9,8.672590367496014,8.672590367496014,1000.0,1,1,1
/CatalogService/AddItem95af3799-e16d-4176-afa4-c8fecec8948e,5.383664276450872,5.383664276450872,1000.0,1,1,1
/CatalogService/AddItem95bcfc45-f003-4f10-b1c7-76ffefb07847,3.399075008928776,3.399075008928776,1000.0,1,1,1
/CatalogService/AddItem9797fe69-2472-4f1d-aea2-f3d125907e5c,7.08302715793252,7.08302715793252,1000.0,1,1,1
/CatalogService/AddItem98f94f7c-6632-47fc-a87b-cbc102370aea,8.077670354396105,8.077670354396105,1000.0,1,1,1
/CatalogService/AddItem9de2da12-af0e-421f-99ef-113284ee846e,7.641693111509085,7.641693111509085,1000.0,1,1,1
/CatalogService/AddItema1d290aa-ac4b-40bd-b927-7a2f3eac81ab,4.903818015009165,4.903818015009165,1000.0,1,1,1
/CatalogService/AddItema276e7cc-1de2-46cf-a9f0-c3996caeafd3,6.946148816496134,6.946148816496134,1000.0,1,1,1
/CatalogService/AddItema372f08a-eb22-49c0-b246-f7ac801e71b6,5.875201895833015,5.875201895833015,1000.0,1,1,1
/CatalogService/AddItema41b9da8-8e9a-4e2b-b20d-af1e831f2f26,7.264051120728254,7.264051120728254,1000.0,1,1,1
/CatalogService/AddItema48386d8-302c-4a4a-820d-9d8dc40a23d2,5.659877322614193,5.659877322614193,1000.0,1,1,1
/CatalogService/AddItemab2cd73d-8f3f-4080-93f4-2de324562372,3.5178721882402897,3.5178721882402897,1000.0,1,1,1
/CatalogService/AddItemaff82c4c-79ed-46f9-84c9-69fe1b005c61,4.77589201182127,4.77589201182127,1000.0,1,1,1
/CatalogService/AddItemb6c8de0c-9c8e-442f-bf68-f6d6266f8a54,5.560329649597406,5.560329649597406,1000.0,1,1,1
/CatalogService/AddItemce925118-a041-4b0e-872c-06113293e166,4.5031048357486725,4.5031048357486725,1000.0,1,1,1
/CatalogService/AddItemcfd3cf02-b8a1-48d2-a650-050c4e59b836,4.744854290038347,4.744854290038347,1000.0,1,1,1
/CatalogService/AddItemd10bd981-6d98-45ff-ad3b-0a3de4b0c895,5.2412571385502815,5.2412571385502815,1000.0,1,1,1
/CatalogService/AddItemd34659e9-9663-4c1a-8038-012ef030ea92,5.244513042271137,5.244513042271137,1000.0,1,1,1
/CatalogService/AddItemd5cd3072-a019-4570-9efa-39c4bf4bafb1,7.329756859689951,7.329756859689951,1000.0,1,1,1
/CatalogService/AddItemdad4068c-f28a-4e35-bf8f-a50edffa9bee,5.456497427076101,5.456497427076101,1000.0,1,1,1
/CatalogService/AddItemdcd938dc-53e4-4d42-9526-3f6625ba7bf0,4.1873520240187645,4.1873520240187645,1000.0,1,1,1
/CatalogService/AddIteme0e1791d-a4cf-422b-a1fe-306a93a3ef72,5.118158180266619,5.118158180266619,1000.0,1,1,1
/CatalogService/AddIteme38e3d74-401d-4a36-a7d6-27749ab50616,3.8268528878688812,3.8268528878688812,1000.0,1,1,1
/CatalogService/AddItemee601467-7d4c-4da8-9a92-8566f714aa84,6.048815790563822,6.048815790563822,1000.0,1,1,1
/CatalogService/AddItemeed4d8b4-4e9f-4bd5-9df6-7c37a49ea476,7.4340361170470715,7.4340361170470715,1000.0,1,1,1
/CatalogService/AddItemf0325bce-f6c9-4c6a-a5b0-afb9e1fa535b,5.233892239630222,5.233892239630222,1000.0,1,1,1
/CatalogService/AddItemf665e7c7-ad85-41b5-8927-900790268ac9,22.572759073227644,22.572759073227644,1000.0,1,1,1
/CatalogService/AddItemf75a02f0-9c51-4fcd-9bfd-ce569a94dd28,3.5007577389478683,3.5007577389478683,1000.0,1,1,1
/CatalogService/GetItem01ac0527-a15b-49da-bc13-57121a87b41e,4.167354200035334,4.167354200035334,3.0,1,1,1
/CatalogService/GetItem026e192e-0325-45dd-bd59-2dcf1f70046e,4.3242392130196095,4.3242392130196095,3.0,1,1,1
/CatalogService/GetItem06d71542-7b4b-4392-a47d-b8124736ec95,3.1363461166620255,3.1363461166620255,3.0,1,1,1
/CatalogService/GetItem071e8cae-06a6-4367-9de9-1da98f6751b2,6.869252305477858,6.869252305477858,3.0,1,1,1
/CatalogService/GetItem0a474f80-0789-4f77-968d-2cd911b382eb,4.886975046247244,4.886975046247244,3.0,1,1,1
/CatalogService/GetItem0a8e7c62-bbb9-45fd-b7f4-8044ad2f024e,4.046640824526548,4.046640824526548,3.0,1,1,1
/CatalogService/GetItem0f8056eb-8d7f-4006-92ce-a4b7ba774062,3.806123975664377,3.806123975664377,3.0,1,1,1
/CatalogService/GetItem1174caeb-0add-4f94-a596-a68412efe5f7,4.3279132805764675,4.3279132805764675,3.0,1,1,1
/CatalogService/GetItem14689f83-3bb6-43a5-8553-da6e2e022bed,3.6983871832489967,3.6983871832489967,3.0,1,1,1
/CatalogService/GetItem15959622-0f36-4d3a-901b-b1c0624e8bc8,4.2669582180678844,4.2669582180678844,3.0,1,1,1
/CatalogService/GetItem166d3e51-3677-4542-827b-9aa63aba13a0,4.036224912852049,4.036224912852049,3.0,1,1,1
/CatalogService/GetItem180cc81a-0d19-40cc-97a8-99512626a5aa,2.626683097332716,2.626683097332716,3.0,1,1,1
/CatalogService/GetItem1aa651a5-1284-4fbe-b61a-6632c5f2a2dc,4.267433658242226,4.267433658242226,3.0,1,1,1
/CatalogService/GetItem1b59071f-d386-4c16-b7ed-64c107cd47b2,6.225354038178921,6.225354038178921,2.0,1,1,1
/CatalogService/GetItem2388c58e-cbd8-45d2-aa15-12bf4af5e5e3,4.765459802001715,4.765459802001715,3.0,1,1,1
/CatalogService/GetItem2a37f74e-e580-46f8-81e4-c0b98fa6bbb9,1.9843298941850662,1.9843298941850662,3.0,1,1,1
/CatalogService/GetItem2a51cce5-0f5c-4d14-8725-2f6c807f4554,3.4562977962195873,3.4562977962195873,3.0,1,1,1
/CatalogService/GetItem2bbdf967-8560-4212-ba65-fdddd8aba171,2.7197767049074173,2.7197767049074173,3.0,1,1,1
/CatalogService/GetItem2dae5b5e-5bde-4462-a1f5-8ad0c20b0cd1,12.98515172675252,12.98515172675252,3.0,1,1,1
/CatalogService/GetItem2dc7e463-9afd-4979-becd-29dc5e6a03e3,3.135398030281067,3.135398030281067,3.0,1,1,1
/CatalogService/GetItem38fb6f17-9612-46fe-be95-e89032352ba6,4.673661198467016,4.673661198467016,3.0,1,1,1
/CatalogService/GetItem41400b36-0883-4b28-b697-ace55092e2d2,2.7975221164524555,2.7975221164524555,2.0,1,1,1
/CatalogService/GetItem44a3fe67-1837-4a03-8db7-ccad062b66b6,6.384199019521475,6.384199019521475,3.0,1,1,1
/CatalogService/GetItem4f4f4da9-1fb6-47d2-a62b-01f48997aa06,6.790773011744022,6.790773011744022,3.0,1,1,1
/CatalogService/GetItem5328115b-652e-453f-ae70-ee68b388cc10,7.826052140444517,7.826052140444517,3.0,1,1,1
/CatalogService/GetItem53941aa8-9d04-4027-980b-2c56117c8550,4.061270970851183,4.061270970851183,3.0,1,1,1
/CatalogService/GetItem5a0b088e-8c12-49e4-a32a-68490e165ce8,3.323849756270647,3.323849756270647,2.0,1,1,1
/CatalogService/GetItem5bade689-9cdf-4e90-922e-94ab423f4302,5.0757271237671375,5.0757271237671375,2.0,1,1,1
/CatalogService/GetItem61614308-2323-4410-84ff-d1c36b68271e,7.6645733788609505,7.6645733788609505,3.0,1,1,1
/CatalogService/GetItem660626ea-b704-432f-b5f7-6560dc9689ec,3.584527876228094,3.584527876228094,3.0,1,1,1
/CatalogService/GetItem664d02b7-243d-4ac8-b502-4179400a9487,14.664999209344387,14.664999209344387,3.0,1,1,1
/CatalogService/GetItem6adeaadf-bc93-4c77-a492-d3925ef2d696,5.013659130781889,5.013659130781889,3.0,1,1,1
/CatalogService/GetItem6da5eb65-69a5-4611-bd86-1bc42d350ad3,4.421574994921684,4.421574994921684,3.0,1,1,1
/CatalogService/GetItem71d83a35-6f60-4bb5-8587-f18e139227c9,4.086642991751432,4.086642991751432,3.0,1,1,1
/CatalogService/GetItem73026ddb-f56f-4e64-a5f4-b2a0b4e8ebfd,3.4586149267852306,3.4586149267852306,3.0,1,1,1
/CatalogService/GetItem734a26cb-3b5e-48da-8fb6-a0e0ac0752b5,4.109523259103298,4.109523259103298,3.0,1,1,1
/CatalogService/GetItem75d12bc7-c9e7-402a-a3c3-c6787e436c23,2.9991217888891697,2.9991217888891697,3.0,1,1,1
/CatalogService/GetItem77878f06-85fe-4b9c-a2f8-df6806a3807f,8.244933094829321,8.244933094829321,3.0,1,1,1
/CatalogService/GetItem795198dd-5994-4191-9682-01772dfd1bb3,7.970962673425674,7.970962673425674,3.0,1,1,1
/CatalogService/GetItem7fd4d70b-a6bb-464d-91bb-a4ce2c9599b4,3.46499215811491,3.46499215811491,3.0,1,1,1
/CatalogService/GetItem8521837f-edfe-44ef-b848-6e7bebd34d14,3.3829319290816784,3.3829319290816784,3.0,1,1,1
/CatalogService/GetItem8589b6ec-78ff-417d-9760-77237f78e870,3.617383074015379,3.617383074015379,3.0,1,1,1
/CatalogService/GetItem8746a5b7-fc82-4476-940e-598d605372cf,4.784652031958103,4.784652031958103,3.0,1,1,1
/CatalogService/GetItem8f94949e-5848-40b2-8018-67b818581fc5,23.982975631952286,23.982975631952286,3.0,1,1,1
/CatalogService/GetItem928b1afc-2ddf-493c-8971-c1c2dcc02fb5,4.662506282329559,4.662506282329559,3.0,1,1,1
/CatalogService/GetItem9fdca6e8-5f0c-4c25-a428-65864673f565,3.3879983238875866,3.3879983238875866,3.0,1,1,1
/CatalogService/GetItema116df0d-510e-4044-9050-d7262402e40a,3.5003270022571087,3.5003270022571087,3.0,1,1,1
/CatalogService/GetItema21a3e00-53b2-45ef-91f4-92ebdc985590,4.174769390374422,4.174769390374422,3.0,1,1,1
/CatalogService/GetItema2337ad7-b844-4741-9b4c-7570433e5082,4.167359787970781,4.167359787970781,3.0,1,1,1
/CatalogService/GetItema49d8466-850b-4d08-a6ea-edeabe2fbf2e,10.388846043497324,10.388846043497324,3.0,1,1,1
/CatalogService/GetItema7c7e235-a1e5-4f4b-a358-91a815ae4113,7.186091970652342,7.186091970652342,3.0,1,1,1
/CatalogService/GetItemaadbc9f6-891c-4510-9eec-4e298dadc2aa,4.342838190495968,4.342838190495968,3.0,1,1,1
/CatalogService/GetItemace078d4-6f7d-4c74-9c13-1aaa49ebf803,5.133885890245438,5.133885890245438,3.0,1,1,1
/CatalogService/GetItemb0cb7217-778c-4e6c-a80c-5e18580da6ad,4.002146888524294,4.002146888524294,3.0,1,1,1
/CatalogService/GetItemb384b1f3-eefb-4122-8de4-9c83742399f9,3.873218782246113,3.873218782246113,3.0,1,1,1
/CatalogService/GetItemb453cc67-2a66-4cf2-92ef-de79676d72e0,3.882013261318207,3.882013261318207,3.0,1,1,1
/CatalogService/GetItemba2f23e6-8e2e-4674-acfe-a5a8651d3b63,5.598246585577726,5.598246585577726,3.0,1,1,1
/CatalogService/GetItemc30c72a1-aeba-4902-8882-83dc3cfa020e,3.803424071520567,3.803424071520567,3.0,1,1,1
/CatalogService/GetItemc5d3ff49-6819-46aa-b24f-3a15de34c930,7.0660351775586605,7.0660351775586605,3.0,1,1,1
/CatalogService/GetItemc876a2ea-fb83-440f-bb93-ee5e382e48e2,3.986762836575508,3.986762836575508,3.0,1,1,1
/CatalogService/GetItemd0b7b689-b99a-4438-86ae-f9dd32471d6b,2.9313848353922367,2.9313848353922367,3.0,1,1,1
/CatalogService/GetItemd0cdfce8-0f36-42ab-b580-a050b2be97bc,4.341299179941416,4.341299179941416,2.0,1,1,1
/CatalogService/GetItemd164f0d0-c082-4b04-8417-6e3e518518d3,5.962174851447344,5.962174851447344,3.0,1,1,1
/CatalogService/GetItemd23d8a28-0f97-442a-a116-13e60e54d1a2,3.864077851176262,3.864077851176262,3.0,1,1,1
/CatalogService/GetItemd2c9a051-ab8a-4b12-a1c3-2d6d83886667,4.305566195398569,4.305566195398569,3.0,1,1,1
/CatalogService/GetItemd36a820c-61b0-431c-a242-9ba9076fe9e3,13.279761653393507,13.279761653393507,3.0,1,1,1
/CatalogService/GetItemd68ed80a-6651-49ca-82ff-dbf9b9f1a758,3.89494514092803,3.89494514092803,3.0,1,1,1
/CatalogService/GetItemd7ec9a47-9a66-4a80-b0c3-6d8737ee2c47,3.850325010716915,3.850325010716915,3.0,1,1,1
/CatalogService/GetItemd9f0ef01-5445-4988-b0b4-43ed30be55f8,4.002548288553953,4.002548288553953,3.0,1,1,1
/CatalogService/GetIteme0e758ca-3991-42da-903f-48d64c981bb2,4.421475809067488,4.421475809067488,3.0,1,1,1
/CatalogService/GetItemead590a8-0411-4607-8ccd-b492ec44b587,4.282629117369652,4.282629117369652,3.0,1,1,1
/CatalogService/GetItemece82e8b-9ddb-4a2f-9201-0a3b0d8d1824,3.932338673621416,3.932338673621416,3.0,1,1,1
/CatalogService/GetItemf3061d50-1148-4183-900f-6165f33aa231,3.7098173052072525,3.7098173052072525,3.0,1,1,1
/CatalogService/GetItemf69a8087-5da9-41a2-bcd7-df91d0461c8b,8.090433664619923,8.090433664619923,3.0,1,1,1
/CatalogService/GetItemf6bec581-d0e7-4e6f-9326-9cc7e800c836,8.166227024048567,8.166227024048567,3.0,1,1,1
/CatalogService/GetItemfac36bc8-73c9-462b-900f-3d14f33b5c58,2.711123786866665,2.711123786866665,3.0,1,1,1
/CatalogService/GetItemfcf958dc-7737-4e80-acd7-0ec5c2408894,4.562260117381811,4.562260117381811,3.0,1,1,1
/CatalogService/GetItemfdd073ca-dedb-4603-930b-0cb9dccfe1eb,4.25410270690918,4.25410270690918,3.0,1,1,1
/CatalogService/GetItemfe940245-d7b5-4f5a-a0c2-cd27ee18e0af,3.507664892822504,3.507664892822504,3.0,1,1,1
/CatalogService/GetItemff992b8f-32f8-4124-906c-089e0bd680cf,8.85659921914339,8.85659921914339,3.0,1,1,1
/CatalogService/UpdateItem03dc9530-63fe-4156-a240-a087fc5bcefa,7.538734935224056,7.538734935224056,1000.0,1,1,1
/CatalogService/UpdateItem05c8e4d2-1bd7-486b-829b-fae195d8420a,4.5177689753472805,4.5177689753472805,1000.0,1,1,1
/CatalogService/UpdateItem06e15d05-b7c8-485e-bc9f-54534c2011d5,7.160380948334932,7.160380948334932,1000.0,1,1,1
/CatalogService/UpdateItem07386669-e318-4978-ae80-56795da93b9d,7.887025363743305,7.887025363743305,1000.0,1,1,1
/CatalogService/UpdateItem0a063faf-c621-44b5-b240-82a8efaccfea,6.546027958393097,6.546027958393097,1000.0,1,1,1
/CatalogService/UpdateItem0c745e12-b9f0-41e0-9e98-97f8671bc7cb,19.78967385366559,19.78967385366559,1000.0,1,1,1
/CatalogService/UpdateItem0e5b6d4f-7525-4998-b3ee-c7a5ee304855,4.9689230509102345,4.9689230509102345,1000.0,1,1,1
/CatalogService/UpdateItem0f46c5ec-a301-493d-b1fe-2e3d434ef165,5.979371257126331,5.979371257126331,1000.0,1,1,1
/CatalogService/UpdateItem1120ad78-9bfe-49cd-80ae-05b90988e1b7,6.3747260719537735,6.3747260719537735,1000.0,1,1,1
/CatalogService/UpdateItem14eff5cc-e1fb-473a-8235-2b52bd5903da,6.337570026516914,6.337570026516914,1000.0,1,1,1
/CatalogService/UpdateItem16feeed0-68d7-48a1-a357-1bea69673399,7.259567733854055,7.259567733854055,1000.0,1,1,1
/CatalogService/UpdateItem1a27823f-a80d-40db-8fb7-30aef1dc3662,6.317337043583393,6.317337043583393,1000.0,1,1,1
/CatalogService/UpdateItem1fc2b856-c496-4790-bc3d-5e1e136ed052,7.386529818177223,7.386529818177223,1000.0,1,1,1
/CatalogService/UpdateItem208a8477-ef60-4307-8fa3-84a98eb4e19f,9.61922388523817,9.61922388523817,1000.0,1,1,1
/CatalogService/UpdateItem219be6b9-b5f6-4059-8150-4c9ad26563f1,7.630714680999517,7.630714680999517,1000.0,1,1,1
/CatalogService/UpdateItem255349d3-bdda-4d6e-b159-9939cab133d1,7.554973941296339,7.554973941296339,1000.0,1,1,1
/CatalogService/UpdateItem25707ac5-264d-46ca-b0cf-e4701744fd5f,6.364782806485891,6.364782806485891,1000.0,1,1,1
/CatalogService/UpdateItem28d11667-e30a-46a6-bbb2-66ef182a46a5,6.744713988155127,6.744713988155127,1000.0,1,1,1
/CatalogService/UpdateItem2999927e-4d18-4655-a3b2-3d8d0924bfcc,10.670778807252645,10.670778807252645,1000.0,1,1,1
/CatalogService/UpdateItem2cc7143d-54e3-4076-ab3b-ed53cf7dff2b,6.794541142880917,6.794541142880917,1000.0,1,1,1
/CatalogService/UpdateItem302d9ce3-2223-4f5d-84f2-ff8a5709a3a6,5.0394549034535885,5.0394549034535885,1000.0,1,1,1
/CatalogService/UpdateItem32f47404-03b6-4c46-a44f-6035d26e6d91,6.2776850536465645,6.2776850536465645,1000.0,1,1,1
/CatalogService/UpdateItem347cd9d8-e707-44f0-8fb5-080067187536,6.513589061796665,6.513589061796665,999.0,1,1,1
/CatalogService/UpdateItem37de1ba1-bc6a-48d9-8bef-6b211a9b110e,89.29495699703693,89.29495699703693,1000.0,1,1,1
/CatalogService/UpdateItem39ce6de2-cbef-4ec4-80de-c54947dce040,5.724416114389896,5.724416114389896,1000.0,1,1,1
/CatalogService/UpdateItem3ae0b762-169a-4886-9586-c622988c4a80,6.477561313658953,6.477561313658953,1000.0,1,1,1
/CatalogService/UpdateItem3fe0dd1d-fa08-48ae-a403-33ed3fdc1e87,9.385291952639818,9.385291952639818,1000.0,1,1,1
/CatalogService/UpdateItem3fe74d86-595a-4171-8816-ec9f3291e27a,6.205606274306774,6.205606274306774,1000.0,1,1,1
/CatalogService/UpdateItem465ac777-db71-43b9-92ea-c0a51b5301f4,7.555615156888962,7.555615156888962,1000.0,1,1,1
/CatalogService/UpdateItem47d8d44c-ba8d-410a-80ff-264fec9a8b91,6.6781057976186275,6.6781057976186275,1000.0,1,1,1
/CatalogService/UpdateItem47fd1d8f-b282-48cf-8eb7-df7239fc6bed,10.238619986921549,10.238619986921549,1000.0,1,1,1
/CatalogService/UpdateItem4dfae16a-72e6-45df-930a-6530725cb688,6.065074820071459,6.065074820071459,999.0,1,1,1
/CatalogService/UpdateItem5073fb4c-f0e6-43a9-8b3c-a37cfeb30dba,9.836353827267885,9.836353827267885,1000.0,1,1,1
/CatalogService/UpdateItem50802e67-ce1d-44c3-af93-0e69b133c3bc,8.806332014501095,8.806332014501095,1000.0,1,1,1
/CatalogService/UpdateItem59055e04-f9f6-41a8-92db-1a38d27e10b5,6.555137690156698,6.555137690156698,1000.0,1,1,1
/CatalogService/UpdateItem5d4c5920-1cc5-4b7a-8f5f-adf7f42c10de,7.117286324501038,7.117286324501038,1000.0,1,1,1
/CatalogService/UpdateItem5d7962c0-cb9b-446f-b722-ef706956e1e0,36.01620579138398,36.01620579138398,1000.0,1,1,1
/CatalogService/UpdateItem5fa6e72f-a2de-4fd1-bc5b-4ee3ead661e8,8.758970070630312,8.758970070630312,1000.0,1,1,1
/CatalogService/UpdateItem63455695-0f13-45fa-9581-59b1dd9b75a4,4.964398220181465,4.964398220181465,1000.0,1,1,1
/CatalogService/UpdateItem63b637c3-71ea-41ac-b113-6243421d8a3c,6.931656040251255,6.931656040251255,1000.0,1,1,1
/CatalogService/UpdateItem6d2c5db2-b2da-4af1-bd1a-a63ff1a4a59e,7.383544929325581,7.383544929325581,1000.0,1,1,1
/CatalogService/UpdateItem73e18b03-0fb2-4fe2-9430-aa145c714eb5,5.39251696318388,5.39251696318388,1000.0,1,1,1
/CatalogService/UpdateItem78058d31-2c0f-4ca7-8496-f95b1e18ed77,6.603416986763477,6.603416986763477,1000.0,1,1,1
/CatalogService/UpdateItem7b23558e-a1be-4f5d-916f-b579837a21a7,7.706215139478445,7.706215139478445,1000.0,1,1,1
/CatalogService/UpdateItem7bd1f5b0-d58f-4c76-9214-4d7c8fe29bbe,6.7231301218271255,6.7231301218271255,1000.0,1,1,1
/CatalogService/UpdateItem7e7bfefb-e10c-4412-a114-49874788d6b6,9.379522874951363,9.379522874951363,999.0,1,1,1
/CatalogService/UpdateItem7ee36a25-468a-45c5-b08a-ccf86a4e0902,7.816988043487072,7.816988043487072,1000.0,1,1,1
/CatalogService/UpdateItem8025fe7d-556a-4f5f-9d86-72b7600d75a9,9.668158832937479,9.668158832937479,1000.0,1,1,1
/CatalogService/UpdateItem8223a7f7-1c81-4e79-ae3b-f5542d7e3e73,6.699675228446722,6.699675228446722,1000.0,1,1,1
/CatalogService/UpdateItem8c6520fd-50a2-4565-bfb1-ebebb0ae799c,7.948108017444611,7.948108017444611,1000.0,1,1,1
/CatalogService/UpdateItem8fa38e5a-c542-46a7-a4e1-5f1ca62cee9c,7.891891058534384,7.891891058534384,1000.0,1,1,1
/CatalogService/UpdateItem90508679-7717-4303-b830-95790452c6b7,7.243438623845577,7.243438623845577,1000.0,1,1,1
/CatalogService/UpdateItem97e6e0a6-35a0-4766-82d8-86e1dd3d33ef,6.901393178850412,6.901393178850412,1000.0,1,1,1
/CatalogService/UpdateItem9a4fd9b6-9cd2-4e8c-a8ee-f112a9956c74,5.611213389784098,5.611213389784098,1000.0,1,1,1
/CatalogService/UpdateItem9e7d6c37-7c71-40c4-88c4-71fdd2db898a,5.8038560673594475,5.8038560673594475,1000.0,1,1,1
/CatalogService/UpdateItema09d2421-b09c-43d1-b2a7-d40e6935ac93,6.782417185604572,6.782417185604572,1000.0,1,1,1
/CatalogService/UpdateItema3984669-0f2b-4b93-a0b5-1fad85315ecf,6.191825028508902,6.191825028508902,1000.0,1,1,1
/CatalogService/UpdateItema625cd56-b212-4ad6-8761-cfca100a6026,6.648993119597435,6.648993119597435,1000.0,1,1,1
/CatalogService/UpdateItemabf7fcba-42a7-4258-802f-363b7ac00f96,3.9096958935260773,3.9096958935260773,999.0,1,1,1
/CatalogService/UpdateItemb1e233b8-e1a6-4655-89d8-11df5e4da7c4,7.218544837087393,7.218544837087393,1000.0,1,1,1
/CatalogService/UpdateItemb61d77ef-6ba0-4121-a3f9-c717ce26b89e,19.684662111103535,19.684662111103535,1000.0,1,1,1
/CatalogService/UpdateItembaca6d1e-9902-46fe-9cb0-3c76597b4784,6.895472761243582,6.895472761243582,1000.0,1,1,1
/CatalogService/UpdateItembafb13ef-82bf-43ca-80fd-1d4f20f3d2bc,9.102737065404654,9.102737065404654,1000.0,1,1,1
/CatalogService/UpdateItembdebeb67-db0e-4802-9129-5cc85bf8186b,6.984059698879719,6.984059698879719,1000.0,1,1,1
/CatalogService/UpdateItembf760c9a-d3ca-4b7a-8085-f65ca13f8837,7.949761115014553,7.949761115014553,1000.0,1,1,1
/CatalogService/UpdateItemc1186e4f-91e3-4533-9edc-a51e92efd1fd,5.549890920519829,5.549890920519829,1000.0,1,1,1
/CatalogService/UpdateItemc2891419-12c9-4eaf-91cf-d26690471cf4,8.209704887121916,8.209704887121916,1000.0,1,1,1
/CatalogService/UpdateItemc7dfcb2c-92a7-4f87-b795-67fedaa5b83a,6.39096274971962,6.39096274971962,1000.0,1,1,1
/CatalogService/UpdateItemc7e9da0c-1e77-4f39-8af3-e1a89fd68754,5.037147086113691,5.037147086113691,1000.0,1,1,1
/CatalogService/UpdateItemccb08e88-fe0c-47a5-a281-b42c9c421e8a,7.058145944029093,7.058145944029093,1000.0,1,1,1
/CatalogService/UpdateItemcd068f33-209f-4eb6-9e92-b27fd6c123bc,7.773841265588999,7.773841265588999,1000.0,1,1,1
/CatalogService/UpdateItemceada8eb-a9a5-49de-a731-db1d4c59590d,7.731240708380938,7.731240708380938,1000.0,1,1,1
/CatalogService/UpdateItemd1fdd78f-b07b-44ad-865a-5c3a7b42f612,4.636218771338463,4.636218771338463,1000.0,1,1,1
/CatalogService/UpdateItemd999c326-e186-4e4e-8a84-0b2de003258c,15.490399207919836,15.490399207919836,1000.0,1,1,1
/CatalogService/UpdateItemdc819157-0af7-4a11-b172-5d27a32427b1,6.893172860145569,6.893172860145569,1000.0,1,1,1
/CatalogService/UpdateIteme70d9173-6c97-4b84-b958-68a61f2fff14,5.783043336123228,5.783043336123228,1000.0,1,1,1
/CatalogService/UpdateItemf117b863-d456-46b8-8f36-dbaebea20a1f,7.5485799461603165,7.5485799461603165,1000.0,1,1,1
/CatalogService/UpdateItemf13a7304-f716-4979-b356-82f135e049d8,5.519168917089701,5.519168917089701,1000.0,1,1,1
/CatalogService/UpdateItemf5a107bd-b454-4252-8d53-ea733f2ff79d,7.682162802666426,7.682162802666426,1000.0,1,1,1
/CatalogService/UpdateItemfd4c44a0-69fd-4b19-abf7-081d8acb901a,7.202268112450838,7.202268112450838,1000.0,1,1,1
/CustomerService/CreateCustomer02cc8620-e2ff-46b5-a068-74dd3844e7de,7.386406883597374,7.386406883597374,1000.0,1,1,1
/CustomerService/CreateCustomer03cbbe38-4e0f-4920-9d56-0d1c072f684d,11.93970674648881,11.93970674648881,1000.0,1,1,1
/CustomerService/CreateCustomer05d6828e-21d5-449e-ba94-4510827978d0,4.532141145318747,4.532141145318747,1000.0,1,1,1
/CustomerService/CreateCustomer07e099fb-51cb-4c61-8ef7-6f43f27b5609,12.66417233273387,12.66417233273387,1000.0,1,1,1
/CustomerService/CreateCustomer098c8132-d3ee-41cf-97a3-053a6604fc1a,9.164638817310333,9.164638817310333,1000.0,1,1,1
/CustomerService/CreateCustomer0d745614-a48d-4340-bac5-e1f58f498d3e,9.684044867753983,9.684044867753983,1000.0,1,1,1
/CustomerService/CreateCustomer17d0b235-9d8f-4953-bb8b-115fbc14ea6b,13.963859993964434,13.963859993964434,1000.0,1,1,1
/CustomerService/CreateCustomer21113c12-c1d7-4b0e-861a-c041b1fcde84,8.18169116973877,8.18169116973877,1000.0,1,1,1
/CustomerService/CreateCustomer22bf8568-1cd1-48a3-9932-277961d8170a,12.36846623942256,12.36846623942256,1000.0,1,1,1
/CustomerService/CreateCustomer23fae8f8-433f-43af-91af-ef5756d8b611,32.862245105206966,32.862245105206966,1000.0,1,1,1
/CustomerService/CreateCustomer2a4080cb-0334-4e69-a821-e62d102b272a,18.26987462118268,18.26987462118268,1000.0,1,1,1
/CustomerService/CreateCustomer2b925ede-2d9a-462a-a76a-7936b3548e63,11.234314180910587,11.234314180910587,1000.0,1,1,1
/CustomerService/CreateCustomer2e069407-a82b-4525-97eb-49dd59355000,12.299996335059404,12.299996335059404,1000.0,1,1,1
/CustomerService/CreateCustomer30344605-fa6d-43dc-8c68-5161b5c41390,12.285403907299042,12.285403907299042,1000.0,1,1,1
/CustomerService/CreateCustomer33c4c565-8205-435c-ba80-852660937782,27.872629929333925,27.872629929333925,1000.0,1,1,1
/CustomerService/CreateCustomer3bc5288f-7706-4b97-bcae-80b240926d86,7.607094943523407,7.607094943523407,1000.0,1,1,1
/CustomerService/CreateCustomer3d0be0e0-7c0f-4adf-9632-29d3fc5efe80,10.065577924251556,10.065577924251556,1000.0,1,1,1
/CustomerService/CreateCustomer3e4cdb48-6436-4fc5-b27a-36a876a40f21,12.513664085417986,12.513664085417986,1000.0,1,1,1
/CustomerService/CreateCustomer4175dfbd-5e0b-43ef-8d94-bcd5f82438e2,24.653112050145864,24.653112050145864,1000.0,1,1,1
/CustomerService/CreateCustomer419d52db-3f2a-4d7f-9401-1d90f2628e7d,12.497272808104753,12.497272808104753,1000.0,1,1,1
/CustomerService/CreateCustomer46fb0126-60c3-4776-b0b7-2a39780fcebb,17.029699869453907,17.029699869453907,1000.0,1,1,1
/CustomerService/CreateCustomer476178f6-2d73-4e5c-8564-32d2d1c7ad4a,13.115715235471725,13.115715235471725,1000.0,1,1,1
/CustomerService/CreateCustomer47b0cb8e-4ca4-4e12-b6cb-c26ed2dd841f,7.898995652794838,7.898995652794838,1000.0,1,1,1
/CustomerService/CreateCustomer4909d4cb-8af5-4774-ad16-1b200685eb1c,10.478031821548939,10.478031821548939,1000.0,1,1,1
/CustomerService/CreateCustomer4a3ca003-7dee-4455-b3fc-ebaff1090a34,8.822229690849781,8.822229690849781,1000.0,1,1,1
/CustomerService/CreateCustomer4a886220-1ff4-43e7-aad5-4ec1284e7003,12.562473304569721,12.562473304569721,1000.0,1,1,1
/CustomerService/CreateCustomer55477a58-2616-4ce5-a90a-cacd8b12da1b,11.444502975791693,11.444502975791693,1000.0,1,1,1
/CustomerService/CreateCustomer61e18e56-66e6-435b-8769-489e915711d5,32.2682443074882,32.2682443074882,1000.0,1,1,1
/CustomerService/CreateCustomer642cc031-77b6-4dc7-8b42-5abdb06d025a,6.062850821763277,6.062850821763277,1000.0,1,1,1
/CustomerService/CreateCustomer65b19a22-b642-4f7f-89be-eea43e254c4e,8.916528895497322,8.916528895497322,1000.0,1,1,1
/CustomerService/CreateCustomer6807fb1f-bece-45cf-9449-17597803a3f7,31.704214867204428,31.704214867204428,1000.0,1,1,1
/CustomerService/CreateCustomer695248cb-235d-4e55-bc90-81b612a663ad,10.24552108719945,10.24552108719945,1000.0,1,1,1
/CustomerService/CreateCustomer6b2c55ba-00eb-45cb-98f7-0865d927b394,6.4797173254191875,6.4797173254191875,1000.0,1,1,1
/CustomerService/CreateCustomer6bb652fc-ed57-4c2b-a258-6b22fe7ff625,12.394421733915806,12.394421733915806,1000.0,1,1,1
/CustomerService/CreateCustomer6cd525a6-dd24-4375-afe1-6ae673df63fa,13.21938680484891,13.21938680484891,1000.0,1,1,1
/CustomerService/CreateCustomer6ec44658-0933-4114-9128-439cc0609971,10.480500757694244,10.480500757694244,1000.0,1,1,1
/CustomerService/CreateCustomer6f4ace4d-7967-4c01-834c-be42db7f9df1,9.075498208403587,9.075498208403587,1000.0,1,1,1
/CustomerService/CreateCustomer7500058f-0498-4436-b625-140582756b14,13.237104751169682,13.237104751169682,1000.0,1,1,1
/CustomerService/CreateCustomer795058e6-4a96-4f21-80df-5088cf63db48,5.5303131230175495,5.5303131230175495,1000.0,1,1,1
/CustomerService/CreateCustomer7b43e6f8-34db-460f-af27-5b0a4e507f93,11.886745225638151,11.886745225638151,1000.0,1,1,1
/CustomerService/CreateCustomer7caf5ff4-e23f-41c7-9977-237463444b53,13.057786971330643,13.057786971330643,1000.0,1,1,1
/CustomerService/CreateCustomer821504a6-33ea-4066-b1cc-dda2adfadc04,8.633852936327457,8.633852936327457,1000.0,1,1,1
/CustomerService/CreateCustomer85b7d07c-9943-4cda-adac-dd54208270da,49.62682584300637,49.62682584300637,1000.0,1,1,1
/CustomerService/CreateCustomer8af573ed-5489-4257-a0fe-d384fe79fe20,14.258245006203651,14.258245006203651,1000.0,1,1,1
/CustomerService/CreateCustomer8e7c4f9c-3ec1-442f-9df1-cebb380a0430,6.832190789282322,6.832190789282322,1000.0,1,1,1
/CustomerService/CreateCustomer913f1f12-c6af-4325-85f5-ee2df8ed8da8,11.405293829739094,11.405293829739094,1000.0,1,1,1
/CustomerService/CreateCustomer97b77dee-717b-443b-999d-135dcf6898fd,8.723577950149775,8.723577950149775,1000.0,1,1,1
/CustomerService/CreateCustomer9947955d-2b50-4bdc-98ae-2c2f377a2811,11.269722133874893,11.269722133874893,1000.0,1,1,1
/CustomerService/CreateCustomer99e6d849-0b41-402b-a165-b333363ca020,6.345192901790142,6.345192901790142,1000.0,1,1,1
/CustomerService/CreateCustomer9c91810b-344b-4421-afb5-cda240f37e11,8.361698593944311,8.361698593944311,1000.0,1,1,1
/CustomerService/CreateCustomer9dbcdee9-53de-4fde-b89a-c1c5ba9f67a1,7.277783006429672,7.277783006429672,1000.0,1,1,1
/CustomerService/CreateCustomera0ff7fb6-9fd9-49d0-9dd1-5b8a12478fcb,50.01455219462514,50.01455219462514,1000.0,1,1,1
/CustomerService/CreateCustomera3abecad-1ddd-48a6-a425-6649ea30cc7f,6.516557186841965,6.516557186841965,1000.0,1,1,1
/CustomerService/CreateCustomera51df8f9-e9c4-4c73-a688-a40d33f96301,13.086865656077862,13.086865656077862,1000.0,1,1,1
/CustomerService/CreateCustomera62cacfb-c25c-4ba1-a12b-0373ab1fb4e4,7.828440982848406,7.828440982848406,1000.0,1,1,1
/CustomerService/CreateCustomera6e59082-2157-471b-9bdc-8c656f04fad4,9.019074030220509,9.019074030220509,1000.0,1,1,1
/CustomerService/CreateCustomera7fd3546-0c8a-436c-b687-179eaa39f50f,12.822696939110756,12.822696939110756,1000.0,1,1,1
/CustomerService/CreateCustomerab94648d-c831-440d-b322-a07264645dea,11.40480674803257,11.40480674803257,1000.0,1,1,1
/CustomerService/CreateCustomerb627cca1-ea88-417e-a1d3-53ed7987a01a,14.758048113435507,14.758048113435507,1000.0,1,1,1
/CustomerService/CreateCustomerb77dbf4f-2839-4ee8-8977-0307a07e5729,6.228066980838776,6.228066980838776,1000.0,1,1,1
/CustomerService/CreateCustomerb84ed562-ef36-48c6-bcb2-ec3e7234d758,11.98384864255786,11.98384864255786,1000.0,1,1,1
/CustomerService/CreateCustomerba748a57-e438-43ca-9fbd-417743b702bf,10.152077302336693,10.152077302336693,1000.0,1,1,1
/CustomerService/CreateCustomerbffdd901-a031-4390-96d1-26b74e810673,8.890402968972921,8.890402968972921,1000.0,1,1,1
/CustomerService/CreateCustomerc4a10b55-8b53-41a2-8cfe-88893f5d1261,45.79085996374488,45.79085996374488,1000.0,1,1,1
/CustomerService/CreateCustomercdd97b8f-0e11-482c-a43d-2acceee3df56,11.46291894838214,11.46291894838214,1000.0,1,1,1
/CustomerService/CreateCustomerd03564b3-2974-45b5-9515-4038c03413ef,9.171809069812298,9.171809069812298,1000.0,1,1,1
/CustomerService/CreateCustomerd23f9c91-da65-4550-a15e-ecd405a193e7,11.610948015004396,11.610948015004396,1000.0,1,1,1
/CustomerService/CreateCustomerd33c2061-1f28-4b9c-aa56-196421c8752b,12.275144923478365,12.275144923478365,1000.0,1,1,1
/CustomerService/CreateCustomerd482f318-5533-4317-914f-44198ded5f49,10.158948134630919,10.158948134630919,1000.0,1,1,1
/CustomerService/CreateCustomerd5ce4a33-32eb-463a-8896-5edd86b07b3a,32.79388835653663,32.79388835653663,1000.0,1,1,1
/CustomerService/CreateCustomerd7f8fefd-ce35-4d1a-b22e-f9fe394a2ac0,16.00561710074544,16.00561710074544,1000.0,1,1,1
/CustomerService/CreateCustomerdc9a4d97-ba77-47f8-83cd-c71a135ea906,13.07619921863079,13.07619921863079,1000.0,1,1,1
/CustomerService/CreateCustomerde11ad0e-c130-435a-b25d-32f4d66fd9d7,18.02912587299943,18.02912587299943,1000.0,1,1,1
/CustomerService/CreateCustomere31aadf6-ba90-4833-bf65-7a0e4be9129a,11.747338343411684,11.747338343411684,1000.0,1,1,1
/CustomerService/CreateCustomere69d56e8-3ecd-4007-a878-eb8294ba9896,12.528732884675264,12.528732884675264,1000.0,1,1,1
/CustomerService/CreateCustomere6de92b8-dca4-4a24-adc9-b89cafbe0783,12.852257117629051,12.852257117629051,1000.0,1,1,1
/CustomerService/CreateCustomere767d207-d0c4-441b-b19c-5771472d82cb,12.263036798685789,12.263036798685789,1000.0,1,1,1
/CustomerService/CreateCustomereb5fade6-9848-4315-93c9-193c913a5fdb,18.362180795520544,18.362180795520544,1000.0,1,1,1
/CustomerService/CreateCustomerf6c46b6b-c8cb-467e-a847-7ea8e7f660f4,12.725053820759058,12.725053820759058,1000.0,1,1,1
/CustomerService/CreateCustomerf84ae389-de24-4b28-a122-1392d2793eb8,7.205682341009378,7.205682341009378,1000.0,1,1,1
/CustomerService/UpdateCustomer03589345-cafd-4958-8b05-db2257cff06a,96.32442006841302,96.32442006841302,1000.0,1,1,1
/CustomerService/UpdateCustomer06b0ad28-8d2a-4db2-abbe-4a06ecc4e704,8.675544988363981,8.675544988363981,1000.0,1,1,1
/CustomerService/UpdateCustomer081e8829-4eb3-4ec9-a224-9daf90295291,10.854233987629414,10.854233987629414,1000.0,1,1,1
/CustomerService/UpdateCustomer0981f5fe-78b1-4f49-9a86-a70c16249b43,10.682235937565565,10.682235937565565,1000.0,1,1,1
/CustomerService/UpdateCustomer0d777da4-2adf-487d-8edf-a9cec62b5091,9.026409592479467,9.026409592479467,1000.0,1,1,1
/CustomerService/UpdateCustomer0f6b8ec3-bcbd-407f-bc9b-7574a0ed98ea,6.009104195982218,6.009104195982218,1000.0,1,1,1
/CustomerService/UpdateCustomer106b0813-097d-44f1-8df9-e3da4ce6ec41,11.06884190812707,11.06884190812707,1000.0,1,1,1
/CustomerService/UpdateCustomer106f0d2b-b687-4228-a60f-4cb7e4a55564,10.341598186641932,10.341598186641932,1000.0,1,1,1
/CustomerService/UpdateCustomer12cc3634-5e25-47a0-80af-c3f56a4c37eb,9.345679078251123,9.345679078251123,1000.0,1,1,1
/CustomerService/UpdateCustomer14fb3178-eefc-4eb9-ac24-67a42e5cdc1a,9.200308937579393,9.200308937579393,1000.0,1,1,1
/CustomerService/UpdateCustomer1731da9e-9367-42d5-8ab8-eb1093531d41,8.195271715521812,8.195271715521812,1000.0,1,1,1
/CustomerService/UpdateCustomer1804b717-1157-49d4-94d4-ee537636a9a7,10.583776980638504,10.583776980638504,1000.0,1,1,1
/CustomerService/UpdateCustomer1a3271fb-9e03-4292-9cce-43ff9447290d,9.078991133719683,9.078991133719683,1000.0,1,1,1
/CustomerService/UpdateCustomer1b750566-7c11-4ee2-bbf9-422621a20d79,7.0416429080069065,7.0416429080069065,1000.0,1,1,1
/CustomerService/UpdateCustomer1f68ee57-d681-4739-bc4d-93e0cc824b4e,13.591025024652481,13.591025024652481,1000.0,1,1,1
/CustomerService/UpdateCustomer2810b449-b3fd-4e35-b2c3-62dfda40003d,12.791388668119907,12.791388668119907,1000.0,1,1,1
/CustomerService/UpdateCustomer2a6d5871-4229-4857-b9fb-d91a4662c583,7.6468633487820625,7.6468633487820625,1000.0,1,1,1
/CustomerService/UpdateCustomer30630152-a6ab-4e56-b38a-31f28940ebf1,10.466419160366058,10.466419160366058,1000.0,1,1,1
/CustomerService/UpdateCustomer32dba47f-c5ad-4ed2-905b-788fb1efdde3,8.57842480763793,8.57842480763793,1000.0,1,1,1
/CustomerService/UpdateCustomer37c95064-1e7e-4f7c-93f4-e88232fa1b0b,7.304502185434103,7.304502185434103,1000.0,1,1,1
/CustomerService/UpdateCustomer3d8967fa-9a66-4cba-8cf0-53d01170031f,7.152586244046688,7.152586244046688,1000.0,1,1,1
/CustomerService/UpdateCustomer4b72237c-3676-404d-ba64-ba50a7936c90,6.319675594568253,6.319675594568253,1000.0,1,1,1
/CustomerService/UpdateCustomer4cc75f22-94d4-43c4-947b-168f86c30063,12.78357021510601,12.78357021510601,1000.0,1,1,1
/CustomerService/UpdateCustomer4ccd637a-f1aa-4c27-8cec-99ea62d2967f,8.94219009205699,8.94219009205699,1000.0,1,1,1
/CustomerService/UpdateCustomer4ed67260-ca58-41f2-b180-c694906231c0,7.33318692073226,7.33318692073226,1000.0,1,1,1
/CustomerService/UpdateCustomer4fb6b70f-8351-4636-ba1a-310db3c434ef,13.534713070839643,13.534713070839643,1000.0,1,1,1
/CustomerService/UpdateCustomer5218d69d-d89c-4a3d-b017-6e91b12791d7,11.321295984089375,11.321295984089375,1000.0,1,1,1
/CustomerService/UpdateCustomer5af4df3e-0e2b-465a-84ec-024838b002ea,10.439987294375896,10.439987294375896,1000.0,1,1,1
/CustomerService/UpdateCustomer5c7c61ad-7457-4dd2-9076-093ab75311c3,9.389698039740324,9.389698039740324,1000.0,1,1,1
/CustomerService/UpdateCustomer5ee7d688-5ba0-45d1-91fc-d6e130a3a484,10.240001138299704,10.240001138299704,1000.0,1,1,1
/CustomerService/UpdateCustomer6362605b-eb10-48b5-93f9-a5f45c88e1cd,11.484232731163502,11.484232731163502,1000.0,1,1,1
/CustomerService/UpdateCustomer645df3e4-a2cd-4de1-99e2-9c89306502bc,8.338191080838442,8.338191080838442,1000.0,1,1,1
/CustomerService/UpdateCustomer675e7362-b46a-4789-b672-589bbddd2c0c,9.395361877977848,9.395361877977848,1000.0,1,1,1
/CustomerService/UpdateCustomer67e5dac6-c35e-4060-aa89-74a3b930e4d5,7.123206276446581,7.123206276446581,1000.0,1,1,1
/CustomerService/UpdateCustomer6f30a5b8-daeb-4950-95e6-a23c706e067f,7.616894319653511,7.616894319653511,1000.0,1,1,1
/CustomerService/UpdateCustomer78af4da2-2b11-4652-a47d-9827df4f9c20,9.315128903836012,9.315128903836012,1000.0,1,1,1
/CustomerService/UpdateCustomer8602e60d-4c79-479c-9c40-6197a9c2a8be,15.009914990514517,15.009914990514517,1000.0,1,1,1
/CustomerService/UpdateCustomer86a3ed48-d714-452d-a22e-23307c6809b4,8.552048821002245,8.552048821002245,1000.0,1,1,1
/CustomerService/UpdateCustomer8784186e-3ff7-4f7e-9aa4-ef0a9f11c3ea,13.323605991899967,13.323605991899967,1000.0,1,1,1
/CustomerService/UpdateCustomer8872738d-4584-46d7-a507-144ad4f10a2a,11.23399194329977,11.23399194329977,1000.0,1,1,1
/CustomerService/UpdateCustomer892c5926-8d88-4254-abfb-fd2ae4f747d1,7.991707418113947,7.991707418113947,1000.0,1,1,1
/CustomerService/UpdateCustomer89345a14-dd89-4ca3-bd78-d17c407ccdd1,13.041961006820202,13.041961006820202,1000.0,1,1,1
/CustomerService/UpdateCustomer90bb1d2d-6977-4d47-b1e7-4c85ad928e34,8.207291830331087,8.207291830331087,1000.0,1,1,1
/CustomerService/UpdateCustomer95349e3e-9a50-4f18-8334-acc862b88b76,13.443556148558855,13.443556148558855,1000.0,1,1,1
/CustomerService/UpdateCustomer9566e935-c573-4b8e-a266-454c11571372,7.401340175420046,7.401340175420046,1000.0,1,1,1
/CustomerService/UpdateCustomer988ccf18-6358-401a-8e4a-4c0dff335d08,13.534742873162031,13.534742873162031,1000.0,1,1,1
/CustomerService/UpdateCustomer9f332bcf-8f60-4d7f-a167-fd8b514c622d,9.03309602290392,9.03309602290392,1000.0,1,1,1
/CustomerService/UpdateCustomeraa28565a-afab-4f04-a454-7718462db84d,8.282031863927841,8.282031863927841,1000.0,1,1,1
/CustomerService/UpdateCustomerad0be127-fd8b-4abb-b0d3-b196abe4c41c,8.36482411250472,8.36482411250472,1000.0,1,1,1
/CustomerService/UpdateCustomerae997235-bf61-4742-866d-c95385a1ec9c,12.750899884849787,12.750899884849787,1000.0,1,1,1
/CustomerService/UpdateCustomeraf96edc9-4958-4b26-8926-ccddde2b3ec5,10.632318910211325,10.632318910211325,1000.0,1,1,1
/CustomerService/UpdateCustomerb0fd89d9-0cc0-47ba-ac2e-debd7780e2d3,6.577533204108477,6.577533204108477,1000.0,1,1,1
/CustomerService/UpdateCustomerb2c65cc5-c3ff-4e80-a970-e603af03de2f,8.759258780628443,8.759258780628443,1000.0,1,1,1
/CustomerService/UpdateCustomerb30be0d6-26c2-43c1-8360-766eac171a84,6.834747269749641,6.834747269749641,1000.0,1,1,1
/CustomerService/UpdateCustomerb4b22989-d7ed-4aa7-94d0-b49cd4c1c11a,8.76027811318636,8.76027811318636,1000.0,1,1,1
/CustomerService/UpdateCustomerbde0d8bb-8424-4919-8327-415494686795,9.876191150397062,9.876191150397062,1000.0,1,1,1
/CustomerService/UpdateCustomerca059c29-5970-49b9-bb2c-cdb416e76120,12.958060950040817,12.958060950040817,1000.0,1,1,1
/CustomerService/UpdateCustomercc66c47d-895e-4ea3-9ab2-1f551171d555,9.11805173382163,9.11805173382163,1000.0,1,1,1
/CustomerService/UpdateCustomerd0909073-7aac-4f36-94bb-634b183e99c6,8.44993395730853,8.44993395730853,1000.0,1,1,1
/CustomerService/UpdateCustomerd1677910-51c6-4f7e-b717-bd6c0406ba99,9.084539022296667,9.084539022296667,1000.0,1,1,1
/CustomerService/UpdateCustomerd31eded7-8a98-4737-ada3-25799e086038,9.557846933603287,9.557846933603287,1000.0,1,1,1
/CustomerService/UpdateCustomerd5939590-49b1-492c-a129-d0640829f5cb,13.437137939035892,13.437137939035892,1000.0,1,1,1
/CustomerService/UpdateCustomerd5bc79e8-ba08-498e-97aa-d09228330dad,14.253268018364906,14.253268018364906,1000.0,1,1,1
/CustomerService/UpdateCustomerd8a4e7d3-6e49-4b3b-908f-2749585173ce,12.333164922893047,12.333164922893047,1000.0,1,1,1
/CustomerService/UpdateCustomerda6e812f-8dec-4199-8d15-11a7ad0ee615,9.14650782942772,9.14650782942772,1000.0,1,1,1
/CustomerService/UpdateCustomerdc436c18-3c41-4354-bc60-d639d896cc07,10.583067778497934,10.583067778497934,1000.0,1,1,1
/CustomerService/UpdateCustomerdfd028b8-f9e1-44bc-a339-1708ed2ef7f2,10.891417972743511,10.891417972743511,1000.0,1,1,1
/CustomerService/UpdateCustomere1aa3520-686b-4fa1-a5fd-2fc731b047d1,17.534890677779913,17.534890677779913,1000.0,1,1,1
/CustomerService/UpdateCustomere2303ffc-e335-4617-a470-5439f047632b,8.600561413913965,8.600561413913965,1000.0,1,1,1
/CustomerService/UpdateCustomere39b1f02-4258-4dcd-b107-77333d4f4573,23.05808663368225,23.05808663368225,1000.0,1,1,1
/CustomerService/UpdateCustomere8484bd3-f3bd-48f5-84a0-df31d5bfc5e5,7.35301012173295,7.35301012173295,1000.0,1,1,1
/CustomerService/UpdateCustomeref06a95f-a6f1-4205-8363-b508b894c3f0,17.712704837322235,17.712704837322235,1000.0,1,1,1
/CustomerService/UpdateCustomerf07aaf6c-2fbe-4d4a-8058-de813b6833a1,8.942073211073875,8.942073211073875,1000.0,1,1,1
/CustomerService/UpdateCustomerf0e73631-c5f1-4615-acaa-d57d4965b97f,11.126121040433645,11.126121040433645,1000.0,1,1,1
/CustomerService/UpdateCustomerf1e71f60-8e26-4b00-b83c-8373438e0413,7.5537459924817085,7.5537459924817085,1000.0,1,1,1
/CustomerService/UpdateCustomerf31ef7be-152b-499d-92ff-3e410a309d12,8.36222106590867,8.36222106590867,1000.0,1,1,1
/CustomerService/UpdateCustomerf75700a8-108a-40f6-af05-3ce7e5e34c9b,15.3324780985713,15.3324780985713,1000.0,1,1,1
/CustomerService/UpdateCustomerf90fbb01-e22d-472f-9f13-07e643c84038,15.816772822290659,15.816772822290659,1000.0,1,1,1
/CustomerService/UpdateCustomerf9663db1-ea8b-49e9-8c46-89c6d43b182e,10.736538097262383,10.736538097262383,1000.0,1,1,1
/CustomerService/UpdateCustomerfafd00e9-dfc6-4cd0-8df0-0e40dedde4ca,11.164860799908638,11.164860799908638,1000.0,1,1,1
/CustomerService/getCustomer01d5fd68-fda5-46cd-9fc7-23ba520db057,3.034799825400114,3.034799825400114,2.0,1,1,1
/CustomerService/getCustomer02449e7b-d59f-4e7d-b4a9-0f98bf6b1e41,7.097046822309494,7.097046822309494,2.0,1,1,1
/CustomerService/getCustomer0466af26-072f-4eff-b8b2-cbfea55d9561,3.9048311300575733,3.9048311300575733,2.0,1,1,1
/CustomerService/getCustomer04c45a90-21e5-44b4-b301-9f336929dbd8,7.645013276487589,7.645013276487589,2.0,1,1,1
/CustomerService/getCustomer0a3db1ad-48b0-4ae1-8e14-efa83e1df912,3.6853267811238766,3.6853267811238766,2.0,1,1,1
/CustomerService/getCustomer0c8a2977-5867-42cb-a662-6adb24ec94fc,4.659641999751329,4.659641999751329,2.0,1,1,1
/CustomerService/getCustomer0eac358b-5688-4f02-94a0-e5de8bdcd462,5.409199744462967,5.409199744462967,2.0,1,1,1
/CustomerService/getCustomer1355a02e-db37-4d79-a89b-06895fbf153e,4.066088702529669,4.066088702529669,2.0,1,1,1
/CustomerService/getCustomer1568f2d1-1867-4417-b496-18c06a99abf6,3.588315099477768,3.588315099477768,2.0,1,1,1
/CustomerService/getCustomer16b41169-bbd4-4cfe-bf78-1f33e6a407f5,4.19176509603858,4.19176509603858,2.0,1,1,1
/CustomerService/getCustomer18c47e9a-d229-4ab3-b04a-29137359081f,4.726417828351259,4.726417828351259,2.0,1,1,1
/CustomerService/getCustomer1eff78c3-3df3-4d4b-8bbd-60dde4eb8d35,4.7174436040222645,4.7174436040222645,2.0,1,1,1
/CustomerService/getCustomer20aeed3b-074d-4149-8d46-a1b6ee455c79,3.5492992028594017,3.5492992028594017,2.0,1,1,1
/CustomerService/getCustomer2adec776-5f9e-4675-b1ca-05927a6de0a3,3.4743892028927803,3.4743892028927803,2.0,1,1,1
/CustomerService/getCustomer2b000db7-98c5-43c9-a787-f5309e2bada4,4.058527760207653,4.058527760207653,2.0,1,1,1
/CustomerService/getCustomer2b2f41a9-8de3-43d2-bc1b-aedc0539d104,4.03848709538579,4.03848709538579,2.0,1,1,1
/CustomerService/getCustomer2b93d14a-7da2-4bc3-8ad8-068655307e88,5.007878877222538,5.007878877222538,2.0,1,1,1
/CustomerService/getCustomer2cb8b4f9-ab13-4b4a-8661-ef3f3ccaa751,4.111541900783777,4.111541900783777,2.0,1,1,1
/CustomerService/getCustomer2db0d2c7-258b-45ef-937e-4580255e0a84,3.4427247010171413,3.4427247010171413,2.0,1,1,1
/CustomerService/getCustomer34126415-eeea-4285-add8-1bf2a56ef501,3.766298294067383,3.766298294067383,2.0,1,1,1
/CustomerService/getCustomer36ac9370-f476-49f6-ba54-1047b05a95e2,4.0457709692418575,4.0457709692418575,2.0,1,1,1
/CustomerService/getCustomer3881d034-2916-4a14-bf1d-98dbf0079612,3.787389025092125,3.787389025092125,2.0,1,1,1
/CustomerService/getCustomer4631ca0a-f872-4cf1-9d50-548cc79bbd96,7.4632917530834675,7.4632917530834675,2.0,1,1,1
/CustomerService/getCustomer46593486-ae49-4076-b91d-04f3e318dc2b,5.393445957452059,5.393445957452059,2.0,1,1,1
/CustomerService/getCustomer4bc10340-a56e-493d-93f2-2a60bd096385,4.381096921861172,4.381096921861172,2.0,1,1,1
/CustomerService/getCustomer4bdda3b3-ae8f-4423-9257-e1eff9a5209f,2.2744350135326385,2.2744350135326385,2.0,1,1,1
/CustomerService/getCustomer549d1c0e-57fb-4639-a293-d1cefe50d29e,4.183374810963869,4.183374810963869,2.0,1,1,1
/CustomerService/getCustomer5b70023e-b82d-4bbe-ab94-90841096d0a9,4.34053922072053,4.34053922072053,2.0,1,1,1
/CustomerService/getCustomer5d7434b5-9e03-416b-9dbc-77c75ffb6497,3.344280645251274,3.344280645251274,2.0,1,1,1
/CustomerService/getCustomer5f977df2-1430-4d57-87ca-79fa31f6dfab,2.447790000587702,2.447790000587702,2.0,1,1,1
/CustomerService/getCustomer62353eb3-adb4-4221-a6c8-203c10d7de37,3.733428195118904,3.733428195118904,2.0,1,1,1
/CustomerService/getCustomer652518bb-1257-46ac-adb7-77cf2554c2a3,7.160400040447712,7.160400040447712,2.0,1,1,1
/CustomerService/getCustomer676068bd-8f86-48b6-a9d6-6fcd91578273,2.6604048907756805,2.6604048907756805,2.0,1,1,1
/CustomerService/getCustomer6a35db3d-9e83-4695-a36d-62ce79e483cf,3.8212942890822887,3.8212942890822887,2.0,1,1,1
/CustomerService/getCustomer6adc25be-a396-4d0b-ba66-665bb597dd77,2.9835947789251804,2.9835947789251804,2.0,1,1,1
/CustomerService/getCustomer6cf1bb23-8f02-44ac-9f00-dc05460d7c48,3.7895790301263332,3.7895790301263332,2.0,1,1,1
/CustomerService/getCustomer6de0a9d7-60fd-4743-9d95-0ffc721142f1,3.358930815011263,3.358930815011263,2.0,1,1,1
/CustomerService/getCustomer7047e0a0-342b-46ff-9991-f9416cdc758e,2.7608522213995457,2.7608522213995457,2.0,1,1,1
/CustomerService/getCustomer80f20f42-ba55-4a0d-ad4c-1096ab1623c7,4.080560989677906,4.080560989677906,2.0,1,1,1
/CustomerService/getCustomer818eae5a-9c30-4563-8a41-327942f606f5,3.8993097841739655,3.8993097841739655,2.0,1,1,1
/CustomerService/getCustomer85c73ad4-231b-4263-8b07-22a84aab9adf,3.4890403039753437,3.4890403039753437,2.0,1,1,1
/CustomerService/getCustomer86eb0f9f-8594-4e33-8505-a240ea99954c,3.8222968578338623,3.8222968578338623,2.0,1,1,1
/CustomerService/getCustomer8a2d8a84-3fe0-45bd-a9ec-c06fd56f4658,3.404261078685522,3.404261078685522,2.0,1,1,1
/CustomerService/getCustomer8c48710a-cf80-4c51-bb2e-a8ea4d5aedf3,2.6668868958950043,2.6668868958950043,2.0,1,1,1
/CustomerService/getCustomer8cdd3dfd-a022-4e16-9ec1-04ed06a0f889,3.9466461166739464,3.9466461166739464,2.0,1,1,1
/CustomerService/getCustomer8f8314f3-e000-4670-aabf-5b393acbaa65,5.696183070540428,5.696183070540428,2.0,1,1,1
/CustomerService/getCustomer932782f7-e6c2-44e7-83f0-ee5bc19ca25f,4.636107943952084,4.636107943952084,2.0,1,1,1
/CustomerService/getCustomer94c7de65-6ee9-42c1-8d81-4f8afc314e75,4.016498103737831,4.016498103737831,2.0,1,1,1
/CustomerService/getCustomer9ad4c093-beba-4796-b58c-da0a47e3b013,5.902764853090048,5.902764853090048,2.0,1,1,1
/CustomerService/getCustomer9f6987c7-014c-41d0-88dd-21a5c9208c9c,7.51258572563529,7.51258572563529,2.0,1,1,1
/CustomerService/getCustomera32f041a-fa3b-42d0-be89-45f8c0d66809,2.830713987350464,2.830713987350464,2.0,1,1,1
/CustomerService/getCustomera5162f87-f929-4bbe-8a41-3d60f4315f1c,4.429075866937637,4.429075866937637,2.0,1,1,1
/CustomerService/getCustomera847c394-f739-4663-b335-b746e2c92979,3.012636210769415,3.012636210769415,2.0,1,1,1
/CustomerService/getCustomeraadc4a49-b45f-4ef4-9e90-f7f52d78fa83,4.926065914332867,4.926065914332867,2.0,1,1,1
/CustomerService/getCustomeraae97b40-a83e-465f-84af-e0c7c270a484,4.028288647532463,4.028288647532463,2.0,1,1,1
/CustomerService/getCustomerace0baba-59fa-424d-b146-e186b242fba3,3.8271178491413593,3.8271178491413593,2.0,1,1,1
/CustomerService/getCustomerb0382620-df8c-4602-a4e2-a73ccf0eb97c,3.854375798255205,3.854375798255205,2.0,1,1,1
/CustomerService/getCustomerb563610f-8b1c-463e-9510-3eb80413cacd,4.048986826092005,4.048986826092005,2.0,1,1,1
/CustomerService/getCustomerb8bc6ac4-09f5-4776-9304-2df70fc2ddfc,4.5980666764080524,4.5980666764080524,2.0,1,1,1
/CustomerService/getCustomerc0d1133c-6149-4bff-811d-e5dbb09cff57,2.8121662326157093,2.8121662326157093,2.0,1,1,1
/CustomerService/getCustomerc2660f59-6614-4044-ba10-814115d5bf5d,3.7773470394313335,3.7773470394313335,2.0,1,1,1
/CustomerService/getCustomerc4b9dc56-0dd0-4550-bfa5-a0702a27b2aa,3.7688808515667915,3.7688808515667915,2.0,1,1,1
/CustomerService/getCustomerc929b663-19f5-4189-a84c-455d96dbbeec,5.229158326983452,5.229158326983452,2.0,1,1,1
/CustomerService/getCustomerd665f78f-4b53-42a7-ac08-2b173fd0c6bd,11.883808765560389,11.883808765560389,2.0,1,1,1
/CustomerService/getCustomerd8d6ce36-a595-411a-9c97-b1989016763b,4.99618100002408,4.99618100002408,2.0,1,1,1
/CustomerService/getCustomerd9629d4c-4133-4010-a5c0-67d82d45304b,4.977135919034481,4.977135919034481,2.0,1,1,1
/CustomerService/getCustomerd994ae0d-ef12-4751-83be-dccd61d5503e,3.4949099645018578,3.4949099645018578,2.0,1,1,1
/CustomerService/getCustomerde16e67f-1fa7-47c3-a166-84a3f73db6fa,3.8143922574818134,3.8143922574818134,2.0,1,1,1
/CustomerService/getCustomere37d3a3f-1200-4160-abc0-db1495f76330,3.8134590722620487,3.8134590722620487,2.0,1,1,1
/CustomerService/getCustomere998b7a8-34f6-4d55-9b64-afb237aecf3b,3.7635192275047302,3.7635192275047302,2.0,1,1,1
/CustomerService/getCustomerea362b34-734c-4f51-9efc-93a781b3eb8d,3.659424837678671,3.659424837678671,2.0,1,1,1
/CustomerService/getCustomerefb6b9b9-58a9-4d91-a1b8-bdbcef7914ba,4.284221678972244,4.284221678972244,2.0,1,1,1
/CustomerService/getCustomerf03834a0-36e4-42a5-a7f4-f9fbdfe54709,3.608299884945154,3.608299884945154,2.0,1,1,1
/CustomerService/getCustomerf53ac9b5-db22-4b48-a364-002886f2c073,2.7989586815238,2.7989586815238,2.0,1,1,1
/CustomerService/getCustomerf62fbd21-1d76-4bb7-9432-0808ba27167e,2.717164345085621,2.717164345085621,2.0,1,1,1
/CustomerService/getCustomerf661228f-bb28-4243-ab7a-a27a40a86e09,4.000766668468714,4.000766668468714,2.0,1,1,1
/CustomerService/getCustomerf9f586c1-ea3d-422a-b50b-899b0eb14f30,2.411026041954756,2.411026041954756,2.0,1,1,1
/CustomerService/getCustomerfb86bb10-cad4-4d38-aceb-3ba5bdad28dd,2.86621181294322,2.86621181294322,2.0,1,1,1
/CustomerService/getCustomerfc0909b3-17c2-40d3-99a3-37ba86c41aba,5.0775292329490185,5.0775292329490185,2.0,1,1,1
/CustomerService/getCustomerfeb790a1-b267-408d-9e93-8fc579f356e9,3.749311901628971,3.749311901628971,2.0,1,1,1
/OrderService/CreateOrder01b736f3-3250-4c55-a49a-622756b5f7c3,5.671222694218159,5.671222694218159,1000.0,1,1,1
/OrderService/CreateOrder0394bb92-fbdc-4995-8764-c9aa6910549e,4.430703353136778,4.430703353136778,1000.0,1,1,1
/OrderService/CreateOrder0d13871d-3a6f-4d97-acbf-cda50dfe9866,6.33314810693264,6.33314810693264,1000.0,1,1,1
/OrderService/CreateOrder0e3b6e0a-da15-42e5-8e07-b82e3e65610c,5.148841999471188,5.148841999471188,1000.0,1,1,1
/OrderService/CreateOrder108de5d3-27c6-44d8-9aa3-3a356ebabae6,5.460719112306833,5.460719112306833,1000.0,1,1,1
/OrderService/CreateOrder12c3360a-1ef3-4dbf-80d5-4942bbcb9eef,5.646440200507641,5.646440200507641,1000.0,1,1,1
/OrderService/CreateOrder16f5274a-fa78-4047-913a-a3e543327104,48.4025813639164,48.4025813639164,1000.0,1,1,1
/OrderService/CreateOrder174149ef-4e79-4537-a6a0-80f41c38198d,4.481744021177292,4.481744021177292,1000.0,1,1,1
/OrderService/CreateOrder183d5dba-a669-4ec1-8d9d-2920d638d14c,5.013993941247463,5.013993941247463,1000.0,1,1,1
/OrderService/CreateOrder1d049afd-f67f-417e-ae70-a8b323105d0e,6.199018098413944,6.199018098413944,1000.0,1,1,1
/OrderService/CreateOrder1e31e618-d58c-48fc-96da-a8f02d0728a5,4.5517487451434135,4.5517487451434135,1000.0,1,1,1
/OrderService/CreateOrder21ccd60b-5b74-4419-add3-80f717274365,4.8515978269279,4.8515978269279,1000.0,1,1,1
/OrderService/CreateOrder23a10896-f595-43f2-9adb-65afcf368d4e,6.067757960408926,6.067757960408926,1000.0,1,1,1
/OrderService/CreateOrder256b3274-cf96-4044-86a7-7dbe280fa81c,4.88504022359848,4.88504022359848,1000.0,1,1,1
/OrderService/CreateOrder333a776b-d459-4e75-a93c-263c96121ca7,5.155793856829405,5.155793856829405,1000.0,1,1,1
/OrderService/CreateOrder3538c4fe-9ba0-4834-8941-d1a8edb183fe,4.680298268795013,4.680298268795013,1000.0,1,1,1
/OrderService/CreateOrder35eaac86-cb14-4bcd-a1ae-a7f35e71fc16,6.7623089998960495,6.7623089998960495,1000.0,1,1,1
/OrderService/CreateOrder35efa711-8896-4fa7-8a7d-9c23c36ee4a2,5.912250839173794,5.912250839173794,999.0,1,1,1
/OrderService/CreateOrder3901a55e-2418-45ac-9eae-89ae78bc3b28,7.054915186017752,7.054915186017752,1000.0,1,1,1
/OrderService/CreateOrder41efc8c3-8d1a-438c-8caa-f995893ae858,5.426181014627218,5.426181014627218,1000.0,1,1,1
/OrderService/CreateOrder54ff65df-6979-481a-86af-55efd6112e8a,5.615445785224438,5.615445785224438,1000.0,1,1,1
/OrderService/CreateOrder57dee132-cbde-4ae4-9247-6b3739254a1f,4.431436304003,4.431436304003,1000.0,1,1,1
/OrderService/CreateOrder5a76858c-b912-4c82-ab67-86bff148a1d7,4.474604967981577,4.474604967981577,1000.0,1,1,1
/OrderService/CreateOrder5eac8da0-63c8-49ea-9be8-ec8a18dfed1f,4.9663749523460865,4.9663749523460865,1000.0,1,1,1
/OrderService/CreateOrder5ee7ad78-bdd3-46cf-8c9e-5433fad4f862,4.756090696901083,4.756090696901083,1000.0,1,1,1
/OrderService/CreateOrder63923c2a-6f74-45c9-8815-d45900ffb209,5.999455228447914,5.999455228447914,1000.0,1,1,1
/OrderService/CreateOrder66883ef1-8c2f-41f6-9aa0-bb7a3bba49f4,6.278904154896736,6.278904154896736,1000.0,1,1,1
/OrderService/CreateOrder6a144288-4440-465b-81a7-afdaef9ee1b3,5.18669793382287,5.18669793382287,1000.0,1,1,1
/OrderService/CreateOrder6cfb9850-d37d-4c34-a834-ad93899a3ec6,12.234647758305073,12.234647758305073,1000.0,1,1,1
/OrderService/CreateOrder6e7b4318-7e65-4989-93df-83c9eb25def0,10.009677149355412,10.009677149355412,1000.0,1,1,1
/OrderService/CreateOrder6f6557cd-8835-4a33-9393-0a3bba29323d,48.583492171019316,48.583492171019316,1000.0,1,1,1
/OrderService/CreateOrder710db367-3106-4c8f-ba16-1a19e6c0d310,11.014795862138271,11.014795862138271,1000.0,1,1,1
/OrderService/CreateOrder785fba52-2f8f-4b88-a672-540a40cc5482,6.89473282545805,6.89473282545805,1000.0,1,1,1
/OrderService/CreateOrder85adfd9e-0954-4d09-a2ef-18ef0c1c11a3,10.460860095918179,10.460860095918179,1000.0,1,1,1
/OrderService/CreateOrder85e6c3a1-eaf4-48e4-84f2-904567a2b938,5.6269182823598385,5.6269182823598385,1000.0,1,1,1
/OrderService/CreateOrder86724308-c75e-4e8e-87ac-d547b369be92,5.937670823186636,5.937670823186636,1000.0,1,1,1
/OrderService/CreateOrder872eee57-5a80-4c8a-91bf-b2f919494103,5.350599065423012,5.350599065423012,999.0,1,1,1
/OrderService/CreateOrder8aadf8bf-cbff-4536-b930-a61f24f23478,12.594366911798716,12.594366911798716,1000.0,1,1,1
/OrderService/CreateOrder8c7e1b35-7442-4e83-aa51-1ea7240a6aec,4.628458060324192,4.628458060324192,1000.0,1,1,1
/OrderService/CreateOrder8cfeb1fc-e5e8-4476-9782-e5e9a9b81a4e,6.1745657585561275,6.1745657585561275,1000.0,1,1,1
/OrderService/CreateOrder9120b285-c13f-4f57-9c37-b557dec349a0,4.950313828885555,4.950313828885555,1000.0,1,1,1
/OrderService/CreateOrder97d2c34d-826d-4ea1-b761-c17b1815df07,8.095182944089174,8.095182944089174,1000.0,1,1,1
/OrderService/CreateOrder9bcc4879-2e3d-4202-86c7-2969720212dd,28.337275609374046,28.337275609374046,1000.0,1,1,1
/OrderService/CreateOrder9e6829e1-535d-42b7-ace4-9d50624a2b63,3.8504009135067463,3.8504009135067463,1000.0,1,1,1
/OrderService/CreateOrder9f602c8b-fd4e-4454-a45b-01493721c108,7.369806990027428,7.369806990027428,1000.0,1,1,1
/OrderService/CreateOrdera171be5b-4463-4c95-9d40-b95a90e8b1dd,5.5215139873325825,5.5215139873325825,1000.0,1,1,1
/OrderService/CreateOrdera18b8a1e-da0e-436d-81cb-c92fa6864a30,4.847942385822535,4.847942385822535,1000.0,1,1,1
/OrderService/CreateOrdera1cd57ef-41b7-4ee3-9d88-18d8f4cf79b6,6.338714621961117,6.338714621961117,1000.0,1,1,1
/OrderService/CreateOrdera385d7d5-cbad-416e-8126-3c66b0ec6aa0,6.648578681051731,6.648578681051731,1000.0,1,1,1
/OrderService/CreateOrdera392a606-965d-4306-b9d8-1d79cbf6b290,5.383539013564587,5.383539013564587,1000.0,1,1,1
/OrderService/CreateOrdera52e9d64-4d30-4dab-bcf6-e61402f2b551,5.926828365772963,5.926828365772963,1000.0,1,1,1
/OrderService/CreateOrdera889e15b-4257-46fc-9a71-f6cc44d55843,5.6607830338180065,5.6607830338180065,1000.0,1,1,1
/OrderService/CreateOrderabdc1db8-4748-46bd-b4aa-1e902a576af3,7.126137148588896,7.126137148588896,1000.0,1,1,1
/OrderService/CreateOrderac967a5f-536e-4bb6-bc6d-61717ce55b0f,4.816018044948578,4.816018044948578,1000.0,1,1,1
/OrderService/CreateOrderad5c5317-8a42-41d5-b08b-93798e94627a,4.530538339167833,4.530538339167833,1000.0,1,1,1
/OrderService/CreateOrderb0c3b348-ca87-4028-9f56-5b79302993e6,6.284544710069895,6.284544710069895,1000.0,1,1,1
/OrderService/CreateOrderb3ed3db2-6edf-4a70-811d-734f1decb213,5.347979255020618,5.347979255020618,1000.0,1,1,1
/OrderService/CreateOrderb4ac2af9-f1b2-4ee2-a7a7-005481531838,6.528812926262617,6.528812926262617,1000.0,1,1,1
/OrderService/CreateOrderbe2281bb-a83b-4df2-9f18-3e45e708dd20,7.72450165823102,7.72450165823102,1000.0,1,1,1
/OrderService/CreateOrderc17efaa4-5fb0-4da1-a975-5db2502b13ee,11.009762063622475,11.009762063622475,1000.0,1,1,1
/OrderService/CreateOrderc5114301-5207-4c22-8e0b-b24708fc2b6d,6.27155089750886,6.27155089750886,1000.0,1,1,1
/OrderService/CreateOrderc8477bcd-ed9f-4bcf-8813-39b34c1beaa8,9.222622960805893,9.222622960805893,1000.0,1,1,1
/OrderService/CreateOrderc9c2b629-c583-41f7-80e3-dfa15ffccf6c,4.5836917124688625,4.5836917124688625,1000.0,1,1,1
/OrderService/CreateOrderd0dff6d7-7442-420c-b233-e2c3a3ab46d0,5.279107019305229,5.279107019305229,1000.0,1,1,1
/OrderService/CreateOrderd10859b1-599c-43b2-948a-40bb1c1e061d,5.189733114093542,5.189733114093542,1000.0,1,1,1
/OrderService/CreateOrderd2638dbc-77cd-4496-92d4-fbf35fe72c09,8.850088808685541,8.850088808685541,1000.0,1,1,1
/OrderService/CreateOrderd3b37580-646b-49a4-a0b7-9a9fdcd337bb,5.057039204984903,5.057039204984903,1000.0,1,1,1
/OrderService/CreateOrderd9a64c14-88ca-4758-8fa3-0197461bb197,8.31131311133504,8.31131311133504,1000.0,1,1,1
/OrderService/CreateOrderdc922211-d5bc-4585-be12-c46746026a84,5.35638676956296,5.35638676956296,1000.0,1,1,1
/OrderService/CreateOrderdec04301-1c6e-4898-8284-ec4d8b88c47e,9.169263765215874,9.169263765215874,1000.0,1,1,1
/OrderService/CreateOrderdf8d143b-595a-4303-95b0-d750bcdedaa9,53.401973098516464,53.401973098516464,1000.0,1,1,1
/OrderService/CreateOrdere482aeab-1bc7-4309-b558-a11e4838173d,16.29039691761136,16.29039691761136,1000.0,1,1,1
/OrderService/CreateOrdere4bfd40b-3341-419e-bd32-428f7dc9425d,6.100543309003115,6.100543309003115,1000.0,1,1,1
/OrderService/CreateOrdere577fd3f-96ac-4d75-9919-2fdedbba28f9,5.069204140454531,5.069204140454531,1000.0,1,1,1
/OrderService/CreateOrdere63b1cc6-91fa-4167-8b92-738fcb55858d,5.778330843895674,5.778330843895674,1000.0,1,1,1
/OrderService/CreateOrdere89458ee-39ed-432f-93fa-addf0783ff53,4.549568053334951,4.549568053334951,1000.0,1,1,1
/OrderService/CreateOrderea63f6e6-a6b1-4208-98e1-0e47d6111b3a,7.727562915533781,7.727562915533781,1000.0,1,1,1
/OrderService/CreateOrderec397ae1-0ef1-4b62-988c-d1bc67e5053f,53.84350987151265,53.84350987151265,1000.0,1,1,1
/OrderService/CreateOrderee40743a-2a27-4043-8c4b-33cc8c2f2f2b,4.637036006897688,4.637036006897688,1000.0,1,1,1
/OrderService/CreateOrderf6636891-e8f2-4a76-98bc-9ab9f0995c3e,5.674765910953283,5.674765910953283,1000.0,1,1,1
/OrderService/GetOrder061f1265-beff-4b62-a22b-7a4edf4771ba,3.3792490139603615,3.3792490139603615,3.0,1,1,1
/OrderService/GetOrder065b1840-509e-482c-aa39-9a74ed718b48,3.199729137122631,3.199729137122631,3.0,1,1,1
/OrderService/GetOrder0c5f2b70-d6f8-42e1-9ac1-bc42c40b3f64,4.088568035513163,4.088568035513163,3.0,1,1,1
/OrderService/GetOrder11c20a0d-511b-43ea-b5dd-23f72ffd097f,3.139426000416279,3.139426000416279,2.0,1,1,1
/OrderService/GetOrder1513938b-530a-4d98-a25a-b0dfb0cb1a38,3.3402331173419952,3.3402331173419952,3.0,1,1,1
/OrderService/GetOrder179ddaf1-2725-413e-9c1f-1b006cf2d3ae,2.590276300907135,2.590276300907135,3.0,1,1,1
/OrderService/GetOrder1c49d299-d2cd-4229-9654-454db1739202,3.274400718510151,3.274400718510151,3.0,1,1,1
/OrderService/GetOrder1ceecf3f-37f5-44c8-a472-9d4a39535dd9,4.49674017727375,4.49674017727375,3.0,1,1,1
/OrderService/GetOrder1f291759-8fb6-4fc9-a6cf-932cc40d80a6,3.1950948759913445,3.1950948759913445,3.0,1,1,1
/OrderService/GetOrder25d0f375-22d4-4e54-8590-585437c6caac,2.6578279212117195,2.6578279212117195,3.0,1,1,1
/OrderService/GetOrder28cf3600-00a2-41dc-9275-7a1fdb3991f8,4.455904010683298,4.455904010683298,3.0,1,1,1
/OrderService/GetOrder2b78fd2b-eb9d-4d88-b4bb-5447b3ddfcd1,5.141029134392738,5.141029134392738,3.0,1,1,1
/OrderService/GetOrder2ca3dc6c-946c-4002-91e8-cc1cc820f88c,3.4139067865908146,3.4139067865908146,2.0,1,1,1
/OrderService/GetOrder2d7d6da6-24f8-401a-b492-996de983706d,3.9915009401738644,3.9915009401738644,3.0,1,1,1
/OrderService/GetOrder2dbee861-479f-4e5e-96e0-174dde90d637,5.159188993275166,5.159188993275166,3.0,1,1,1
/OrderService/GetOrder2fb65f37-f6a9-4135-b61b-823beb2b135d,3.2349261455237865,3.2349261455237865,2.0,1,1,1
/OrderService/GetOrder32c7d0c2-409a-4aa6-99d3-ce83ca2d06e3,5.459647625684738,5.459647625684738,3.0,1,1,1
/OrderService/GetOrder34a78714-592f-48bc-b6a7-44372a6e8ff6,4.779671784490347,4.779671784490347,3.0,1,1,1
/OrderService/GetOrder38a5fccd-9339-41ab-bc1e-f5940da5c52a,3.8681509904563427,3.8681509904563427,3.0,1,1,1
/OrderService/GetOrder3a74f153-c030-4b29-9768-608037b674d5,3.627046011388302,3.627046011388302,3.0,1,1,1
/OrderService/GetOrder40c2fd6b-8cfe-4472-a67f-7af5e9cc2228,3.3147139474749565,3.3147139474749565,2.0,1,1,1
/OrderService/GetOrder44abfab7-ab37-4729-a5d1-a639e3ba1cdc,4.651335999369621,4.651335999369621,3.0,1,1,1
/OrderService/GetOrder4517b86f-5b6a-4509-98c7-d46e905058e9,6.641472224146128,6.641472224146128,3.0,1,1,1
/OrderService/GetOrder4b0b9b81-0324-4537-9d86-136aced496f2,3.6769849248230457,3.6769849248230457,3.0,1,1,1
/OrderService/GetOrder4c0afd9c-b86b-4a83-b2e8-8da084f31a87,2.6505189016461372,2.6505189016461372,3.0,1,1,1
/OrderService/GetOrder5150c73e-aac6-4dea-8f33-85918adf5cb3,4.440348129719496,4.440348129719496,3.0,1,1,1
/OrderService/GetOrder545176c3-1eb4-4785-b19f-e58d78b87dd3,2.3765787482261658,2.3765787482261658,3.0,1,1,1
/OrderService/GetOrder5594704d-1762-49d4-ae8f-4351b434d16e,3.479975275695324,3.479975275695324,3.0,1,1,1
/OrderService/GetOrder57613e7c-5bbe-4158-8871-d67da5ca9229,3.489503636956215,3.489503636956215,3.0,1,1,1
/OrderService/GetOrder5e76a642-73d1-424b-af9d-ee3f529593a0,3.4369328059256077,3.4369328059256077,3.0,1,1,1
/OrderService/GetOrder5e78f282-5caf-4bb5-a0e9-4486b9a18940,2.4376497603952885,2.4376497603952885,3.0,1,1,1
/OrderService/GetOrder60486fb2-3ada-45b5-91f4-3732e7e11aac,4.086259286850691,4.086259286850691,3.0,1,1,1
/OrderService/GetOrder608d88f0-03b7-4dc8-a325-fa1852337fda,3.1630550511181355,3.1630550511181355,3.0,1,1,1
/OrderService/GetOrder609d5821-9df3-4349-8739-751d0a60c6e9,3.2335901632905006,3.2335901632905006,3.0,1,1,1
/OrderService/GetOrder618eec9f-b335-4cbe-a7f4-edad0a6f4d55,4.230353981256485,4.230353981256485,3.0,1,1,1
/OrderService/GetOrder692f60d3-9906-496e-aecb-4d7dd957608a,3.758029080927372,3.758029080927372,3.0,1,1,1
/OrderService/GetOrder6974381d-453d-4283-9910-384ff0a7dd27,7.096255663782358,7.096255663782358,3.0,1,1,1
/OrderService/GetOrder6a619ca0-d20b-41c7-adf4-b9604d0c22dc,53.5497572273016,53.5497572273016,3.0,1,1,1
/OrderService/GetOrder74b4a083-ac94-4f94-bb4b-3a6c87dc6784,3.467497881501913,3.467497881501913,3.0,1,1,1
/OrderService/GetOrder757e1a62-a4dc-4117-95e3-f12ead64fd0f,2.9259868897497654,2.9259868897497654,3.0,1,1,1
/OrderService/GetOrder75fd4fd7-dedb-4fb5-a9ab-858c23a48238,3.375324420630932,3.375324420630932,2.0,1,1,1
/OrderService/GetOrder79d50951-5eb6-4f01-8cb2-c65b8f7953b0,4.275803454220295,4.275803454220295,3.0,1,1,1
/OrderService/GetOrder79ef6737-22af-4635-a980-a4604db305f5,3.341434057801962,3.341434057801962,3.0,1,1,1
/OrderService/GetOrder7b14761d-9c34-4de4-9c9b-e7faef419aff,3.4908191300928593,3.4908191300928593,3.0,1,1,1
/OrderService/GetOrder7ea009f8-c832-48fb-bc9d-481aa8a38782,13.25112208724022,13.25112208724022,3.0,1,1,1
/OrderService/GetOrder81aa933b-4a1e-44d5-a962-5abaa89f1013,3.6007072776556015,3.6007072776556015,3.0,1,1,1
/OrderService/GetOrder8203d439-c86a-475d-ad24-6b90b418df7d,2.918411046266556,2.918411046266556,2.0,1,1,1
/OrderService/GetOrder83211d4c-874d-4831-9574-76971527f51b,2.8901067562401295,2.8901067562401295,3.0,1,1,1
/OrderService/GetOrder83f210cb-e5d1-4af1-b10a-6b7440f13c29,2.823537215590477,2.823537215590477,3.0,1,1,1
/OrderService/GetOrder892745e9-e24f-474e-b9ac-881dc656059f,3.2367808744311333,3.2367808744311333,2.0,1,1,1
/OrderService/GetOrder89d811e6-ccef-4137-916e-4e09804e0861,2.76420870795846,2.76420870795846,3.0,1,1,1
/OrderService/GetOrder8c6daefc-7516-435a-b871-3cdb70ac4bb6,2.979456912726164,2.979456912726164,2.0,1,1,1
/OrderService/GetOrder927859dc-86dc-47a3-b5f1-59104f31f5f0,3.1632501631975174,3.1632501631975174,3.0,1,1,1
/OrderService/GetOrder9356fc87-0923-43fc-938c-887ce813098b,4.8399451188743114,4.8399451188743114,3.0,1,1,1
/OrderService/GetOrder93b573d4-9964-4644-a00d-8679efff07f5,3.54788638651371,3.54788638651371,3.0,1,1,1
/OrderService/GetOrdera35d20ea-6f34-4924-8df5-4791dbedce2d,3.366029355674982,3.366029355674982,3.0,1,1,1
/OrderService/GetOrderaba8eb5e-ee0a-4744-a6f1-384ca0b143e1,4.454134963452816,4.454134963452816,3.0,1,1,1
/OrderService/GetOrderabd7e3eb-676b-4d41-813b-42d41708930c,3.205674234777689,3.205674234777689,3.0,1,1,1
/OrderService/GetOrderac4bfb2c-6450-4176-805c-3e790332d873,3.58992675319314,3.58992675319314,3.0,1,1,1
/OrderService/GetOrderbe5591b4-edcb-429f-99a9-f9dd08901293,2.368838060647249,2.368838060647249,3.0,1,1,1
/OrderService/GetOrderc2094b5b-d51c-4de1-acfb-f50ff8d9ea29,3.825657069683075,3.825657069683075,3.0,1,1,1
/OrderService/GetOrderc73f2cd1-1dfc-4eb5-8cc2-e3ec7bbc0288,9.997087065130472,9.997087065130472,3.0,1,1,1
/OrderService/GetOrdercdf9d898-a78a-4b45-80a8-0c69af908a0f,3.9069433696568012,3.9069433696568012,3.0,1,1,1
/OrderService/GetOrdercf2cc483-c74c-4707-9bb6-d41e67315935,3.1030597165226936,3.1030597165226936,3.0,1,1,1
/OrderService/GetOrderd288d954-c6f4-4cef-999a-5034899606aa,3.3598248846828938,3.3598248846828938,3.0,1,1,1
/OrderService/GetOrderd306ae64-cf0e-4478-a5ac-ea9b1eeb975e,3.371402621269226,3.371402621269226,3.0,1,1,1
/OrderService/GetOrderd7e3fa28-8e46-4f0a-b586-06c5ca15df54,1.9420231692492962,1.9420231692492962,3.0,1,1,1
/OrderService/GetOrderdd0b63ee-0589-452f-8566-25b96adba579,3.738434985280037,3.738434985280037,3.0,1,1,1
/OrderService/GetOrderdd1b5731-89ae-4ffb-bab6-706ea1cf5d4e,3.136297222226858,3.136297222226858,3.0,1,1,1
/OrderService/GetOrderdd80cea5-f1a2-4d74-bb9e-190b1f38d0ec,3.6333929747343063,3.6333929747343063,2.0,1,1,1
/OrderService/GetOrdere2b4ec14-e377-409a-b697-5c7ef471262b,3.2701692543923855,3.2701692543923855,3.0,1,1,1
/OrderService/GetOrdere4ac7b19-0bfc-48c3-9690-f29308aea058,3.0759256333112717,3.0759256333112717,3.0,1,1,1
/OrderService/GetOrdere8bbf7a2-fc8a-4aac-8f4f-5ad5ff4a2dec,3.685922361910343,3.685922361910343,3.0,1,1,1
/OrderService/GetOrdereb9c0c64-a752-4f50-90ff-de5ad461eb79,3.624171018600464,3.624171018600464,2.0,1,1,1
/OrderService/GetOrderef1f7edf-d27e-4107-9236-5e3d371e7c26,2.9854942113161087,2.9854942113161087,3.0,1,1,1
/OrderService/GetOrdereff20a42-abe3-4e21-8c96-35615682ebb6,3.6470643244683743,3.6470643244683743,3.0,1,1,1
/OrderService/GetOrderf265e0e2-2fc1-4219-9ac2-2ff8673df31a,6.36055413633585,6.36055413633585,3.0,1,1,1
/OrderService/GetOrderf2756edc-6c5a-4948-8d69-684741d54174,5.527648143470287,5.527648143470287,3.0,1,1,1
/OrderService/GetOrderf3dc3752-3b7b-494a-8573-321d8df6fd7e,3.6957687698304653,3.6957687698304653,3.0,1,1,1
/OrderService/GetOrderf4a9fbda-c490-47fd-bb89-30775588c3d1,2.8592967428267,2.8592967428267,3.0,1,1,1
Aggregated,7.846087968209758,6.0,625.9671875,-1,1,1
