Service,Average Response Time,Medium Response Time,Request Size,Request Type,Frequency,Size
/CatalogService/AddItem0a184138-8333-46e9-9f18-9dd01768f7bc,16.010950319468975,16.010950319468975,50.0,1,0,0
/CatalogService/AddItem31487b48-5686-4cc5-ae88-c09e5751aa9f,10.25013905018568,10.25013905018568,50.0,1,0,0
/CatalogService/AddItem3398b2dc-2cd9-4e7c-9f86-822e91356918,10.52522100508213,10.52522100508213,50.0,1,0,0
/CatalogService/AddItem444caa2a-fdc4-42de-9e1c-90ce58555184,20.496303215622902,20.496303215622902,50.0,1,0,0
/CatalogService/AddItem56d62307-c258-4d20-96f0-83753ff02f3d,8.134935051202774,8.134935051202774,50.0,1,0,0
/CatalogService/AddItem730e2c8d-a6de-482a-865e-ae19b6f1a051,20.746880676597357,20.746880676597357,50.0,1,0,0
/CatalogService/AddItem88bbc11f-acf0-4c74-b7cb-b1c4fd9d2dd8,18.08455027639866,18.08455027639866,50.0,1,0,0
/CatalogService/AddItemdc911bbd-1982-4780-acd5-e64c44ed2d0b,20.226730965077877,20.226730965077877,50.0,1,0,0
/CatalogService/GetItem46c8fabf-4b27-4b6d-ace0-57e58b6c6d6b,1.1649592779576778,1.1649592779576778,3.0,1,0,0
/CatalogService/GetItem678d66c2-1e48-4397-b6ed-161736dd8535,8.41748109087348,8.41748109087348,3.0,1,0,0
/CatalogService/GetItem695ba240-8b17-499a-b34f-f23d7b00bd2c,2.974167000502348,2.974167000502348,3.0,1,0,0
/CatalogService/GetItem6f107529-72d5-4350-a115-a2bd09fdf125,6.021467968821526,6.021467968821526,3.0,1,0,0
/CatalogService/GetItem8b526f7a-f8c3-457a-bb90-5d1f319e99af,1.9886740483343601,1.9886740483343601,3.0,1,0,0
/CatalogService/GetItem946be829-9448-437d-bd48-f2e88d0c7fcd,4.567361902445555,4.567361902445555,3.0,1,0,0
/CatalogService/GetItemc3e36844-6bd8-4bdf-aa67-ac89aca71eac,2.4205129593610764,2.4205129593610764,3.0,1,0,0
/CatalogService/GetItemdb9c6e44-b7d2-4394-b459-dd10adf2d875,4.976038821041584,4.976038821041584,3.0,1,0,0
/CatalogService/UpdateItem14d31c87-4e28-41d4-90fd-8418d472dc99,8.79149092361331,8.79149092361331,50.0,1,0,0
/CatalogService/UpdateItem14ef8bdc-7962-4400-bd55-792203ba39e8,5.722999107092619,5.722999107092619,50.0,1,0,0
/CatalogService/UpdateItem58f7f125-daef-46cc-8772-945e3bd2425a,9.38267633318901,9.38267633318901,50.0,1,0,0
/CatalogService/UpdateItem68100d03-fc21-4a17-8a09-1167d12b9a88,3.616834059357643,3.616834059357643,50.0,1,0,0
/CatalogService/UpdateItem8537e12c-6e04-4e95-94da-ceb0d2bab118,4.0984139777719975,4.0984139777719975,50.0,1,0,0
/CatalogService/UpdateItemc527ccef-c26f-48b0-87b2-35a9e366772b,8.361313957720995,8.361313957720995,50.0,1,0,0
/CatalogService/UpdateItemea53a578-8334-4dd1-a8ee-5a84959ac24b,8.968127891421318,8.968127891421318,50.0,1,0,0
/CatalogService/UpdateItemfbdbde8c-24b1-4eb0-be8c-35ed5db7c8f2,6.632971111685038,6.632971111685038,50.0,1,0,0
/CustomerService/CreateCustomer01413381-3b7a-4105-a2d9-e673c28dd0bd,17.49301701784134,17.49301701784134,50.0,1,0,0
/CustomerService/CreateCustomer46bea761-c1b8-4ae5-a876-ac3e21e6873d,13.331992086023092,13.331992086023092,50.0,1,0,0
/CustomerService/CreateCustomer4863cf87-56bd-4241-a45b-8c70972a013f,16.719438135623932,16.719438135623932,50.0,1,0,0
/CustomerService/CreateCustomer5968862d-1b7f-4bac-b791-d0db84aa159d,18.247469794005156,18.247469794005156,50.0,1,0,0
/CustomerService/CreateCustomer89d27ff7-0ca0-4c09-a6b9-5516c96f83a8,19.84676904976368,19.84676904976368,50.0,1,0,0
/CustomerService/CreateCustomerb55ecef8-d913-4fb7-8cdd-87d1242768ad,20.17787704244256,20.17787704244256,50.0,1,0,0
/CustomerService/CreateCustomere5732af5-3ca5-435a-bedd-10a8a037eefe,16.7817329056561,16.7817329056561,50.0,1,0,0
/CustomerService/CreateCustomerf8d95a6b-6c4e-453c-9e43-8f6af3b1a19f,20.513595081865788,20.513595081865788,50.0,1,0,0
/CustomerService/UpdateCustomer24f286b4-2d5a-49d5-b765-651cf75ab579,13.108688872307539,13.108688872307539,50.0,1,0,0
/CustomerService/UpdateCustomer28b3d007-fef4-4a7e-b3bb-95066ab219c9,17.01596425846219,17.01596425846219,50.0,1,0,0
/CustomerService/UpdateCustomer48f3cece-d8be-4eab-91cf-0394c4ee22af,10.954460129141808,10.954460129141808,50.0,1,0,0
/CustomerService/UpdateCustomer85579a7c-83db-4320-8a8d-7ec0e6554d57,14.826755970716476,14.826755970716476,50.0,1,0,0
/CustomerService/UpdateCustomer87925fd5-bdb1-4dee-8cdb-43fa232c86cc,11.766970157623291,11.766970157623291,50.0,1,0,0
/CustomerService/UpdateCustomer9614524f-12f1-4fee-ad50-f9472e6b75a6,16.568159218877554,16.568159218877554,50.0,1,0,0
/CustomerService/UpdateCustomerb2899b9b-5ba0-4355-8635-b6392b528324,14.401989988982677,14.401989988982677,50.0,1,0,0
/CustomerService/UpdateCustomerf8173e3b-0d11-4afe-8098-87b4928c729f,11.461135931313038,11.461135931313038,50.0,1,0,0
/CustomerService/getCustomer170d238e-8ab9-484d-8587-6c68de48a19d,7.401725742965937,7.401725742965937,2.0,1,0,0
/CustomerService/getCustomer1c46dcb5-def0-4268-815b-bd7a2514a163,6.414658855646849,6.414658855646849,2.0,1,0,0
/CustomerService/getCustomer3b1414b8-09c0-41d5-b7d6-dd9348c4f83c,9.371642954647541,9.371642954647541,2.0,1,0,0
/CustomerService/getCustomer60fff012-2b8d-411b-9ea2-ae425d2c680e,6.742021068930626,6.742021068930626,2.0,1,0,0
/CustomerService/getCustomer7909032a-1cb6-452a-8d42-6b28f3fa7469,8.580818306654692,8.580818306654692,2.0,1,0,0
/CustomerService/getCustomer90074783-0b40-4975-906b-2ba0336d347c,7.2539071552455425,7.2539071552455425,2.0,1,0,0
/CustomerService/getCustomerc746bb98-23b9-4484-8eb9-2bd2f8cc54d7,8.436320815235376,8.436320815235376,2.0,1,0,0
/CustomerService/getCustomere92d5411-5bb3-413e-9116-ebd84d2b2a61,6.191568914800882,6.191568914800882,2.0,1,0,0
/OrderService/CreateOrder1412080b-5837-46dc-b2b2-1f02b23a8685,4.786995705217123,4.786995705217123,50.0,1,0,0
/OrderService/CreateOrder3f455f3d-5473-4f27-8486-722593b92de8,4.595418926328421,4.595418926328421,50.0,1,0,0
/OrderService/CreateOrder4bec90f0-3925-4566-a5e0-2cc84eb6c725,6.036237347871065,6.036237347871065,50.0,1,0,0
/OrderService/CreateOrder4bf1de4b-fd17-49a6-bd96-4482edd7fae4,5.1828911527991295,5.1828911527991295,50.0,1,0,0
/OrderService/CreateOrder7d308d4e-16c8-499d-8fee-515177c54e17,2.862706780433655,2.862706780433655,50.0,1,0,0
/OrderService/CreateOrderb1654a6e-e5cb-4b8e-9381-0fa0f34e80fa,6.508623715490103,6.508623715490103,50.0,1,0,0
/OrderService/CreateOrderc89752c6-e367-40ab-bcf9-bac9264522e7,4.467769991606474,4.467769991606474,50.0,1,0,0
/OrderService/CreateOrderebbfa966-173d-4eeb-81b5-9731386e6be9,6.152207963168621,6.152207963168621,49.0,1,0,0
/OrderService/GetOrder6d0aefe8-325c-4f67-8230-0130ca02f855,1.8196776509284973,1.8196776509284973,2.0,1,0,0
/OrderService/GetOrder82644878-0358-4a30-9637-3aafe0cafc54,2.2156075574457645,2.2156075574457645,3.0,1,0,0
/OrderService/GetOrder8caf5266-86a6-46d5-8136-bbfd7d9ab834,2.803962677717209,2.803962677717209,3.0,1,0,0
/OrderService/GetOrderb770e410-855b-4887-873a-1c44d4fd5401,1.502164639532566,1.502164639532566,2.0,1,0,0
/OrderService/GetOrderd141fd81-f797-4215-baf3-bf097426a9c2,2.268016804009676,2.268016804009676,3.0,1,0,0
/OrderService/GetOrderd6de7b07-86e2-48c2-83f8-1637e6efbddb,2.1253149025142193,2.1253149025142193,3.0,1,0,0
/OrderService/GetOrdere5492b29-62d5-4e2c-81a4-fa063ed72dc4,3.5198857076466084,3.5198857076466084,3.0,1,0,0
/OrderService/GetOrderf0f84fda-0ca6-4e01-8cf9-dd0fb928c2f2,4.214964807033539,4.214964807033539,2.0,1,0,0
Aggregated,9.175817605864722,7.0,32.1875,-1,0,0
