Service,Average Response Time,Medium Response Time,Request Size,Request Type,Frequency,Size
/CatalogService/AddItem0944bce4-2311-4d52-817e-3250d7db7612,9.955787099897861,9.955787099897861,50.0,1,1,0
/CatalogService/AddItem0a519559-9b58-47bc-9641-c1fea5cd7e57,14.032545033842325,14.032545033842325,50.0,1,1,0
/CatalogService/AddItem0a5a7ae4-e084-434f-89e4-c26c096b1903,10.121278930455446,10.121278930455446,50.0,1,1,0
/CatalogService/AddItem112e764b-c394-4bed-8bcc-33e968eb353e,9.111233055591583,9.111233055591583,50.0,1,1,0
/CatalogService/AddItem1357cfe4-1097-44b8-bfd1-66099edb2215,5.833523813635111,5.833523813635111,50.0,1,1,0
/CatalogService/AddItem13662fca-163a-411d-94d7-fe70d394aff8,12.123554944992065,12.123554944992065,50.0,1,1,0
/CatalogService/AddItem179deaea-b733-4c4b-8f94-e6c6423f480d,2.4050427600741386,2.4050427600741386,50.0,1,1,0
/CatalogService/AddItem17f5d121-178f-4883-8527-beab00187829,4.6128141693770885,4.6128141693770885,50.0,1,1,0
/CatalogService/AddItem195f9bd2-9a3a-4c7f-af0f-4a84d421903a,5.098430905491114,5.098430905491114,50.0,1,1,0
/CatalogService/AddItem1a7e9670-618e-4412-af03-df0f9f4b3e1a,4.8570092767477036,4.8570092767477036,50.0,1,1,0
/CatalogService/AddItem1bcff48a-bb7c-435b-be70-39e1e955c44d,9.45283705368638,9.45283705368638,50.0,1,1,0
/CatalogService/AddItem1d1fc9cb-c867-40cf-9dd7-94e99bb5084e,2.5738822296261787,2.5738822296261787,50.0,1,1,0
/CatalogService/AddItem2c2df5ac-2059-4f02-b1b4-00e420bc3c83,7.430667988955975,7.430667988955975,50.0,1,1,0
/CatalogService/AddItem2ef0b460-536e-4c31-a023-7ed7ea8b479a,4.4591291807591915,4.4591291807591915,50.0,1,1,0
/CatalogService/AddItem2f4a1ab1-cf05-4e9b-add8-894e2fcbd84b,2.993761096149683,2.993761096149683,50.0,1,1,0
/CatalogService/AddItem3124adc4-63ae-4a4d-9657-919d9b4b92cb,9.127572178840637,9.127572178840637,50.0,1,1,0
/CatalogService/AddItem320ede9c-ac6d-42a9-b800-9d6930792eb3,5.749106872826815,5.749106872826815,50.0,1,1,0
/CatalogService/AddItem33b875b1-eac6-43fb-a0c0-e77df7a00b1e,10.661371052265167,10.661371052265167,50.0,1,1,0
/CatalogService/AddItem362f1d08-e97c-483e-beaa-7e75163a023d,17.09682121872902,17.09682121872902,50.0,1,1,0
/CatalogService/AddItem3aeb33bd-4f3a-4553-ab15-f4454ba7ea06,10.75324323028326,10.75324323028326,50.0,1,1,0
/CatalogService/AddItem3f3fc8d0-8f73-441a-ad6b-39192f3c4e17,13.613434974104166,13.613434974104166,50.0,1,1,0
/CatalogService/AddItem3f5ec935-0567-464f-9abe-41c3bf48884b,10.5821811594069,10.5821811594069,50.0,1,1,0
/CatalogService/AddItem4416e3ef-e7d2-4f7d-920c-8faff81ff636,3.895011730492115,3.895011730492115,50.0,1,1,0
/CatalogService/AddItem457a71f0-7cbb-49bb-b04b-e65988523528,10.469656903296709,10.469656903296709,50.0,1,1,0
/CatalogService/AddItem50d0d71a-45db-474d-ae6e-22bdad17eb9b,2.98703508451581,2.98703508451581,50.0,1,1,0
/CatalogService/AddItem51e611d7-d50d-439c-b609-6e6e444ebbb5,14.473275747150183,14.473275747150183,50.0,1,1,0
/CatalogService/AddItem5983bbb0-f0ad-41d3-8975-f8f786285fc8,11.600940022617579,11.600940022617579,50.0,1,1,0
/CatalogService/AddItem5be79ff2-e06a-4c7e-b94b-a5453435104e,3.5660858266055584,3.5660858266055584,50.0,1,1,0
/CatalogService/AddItem5d1f1c1c-f225-4d1c-a704-97af67d7d590,10.255961678922176,10.255961678922176,50.0,1,1,0
/CatalogService/AddItem613e30ac-2506-458b-ab1b-0e1e0f225c4b,9.500999934971333,9.500999934971333,50.0,1,1,0
/CatalogService/AddItem63fa3063-2416-47ab-8d4b-b74a4a49d5d4,16.951018944382668,16.951018944382668,50.0,1,1,0
/CatalogService/AddItem6726f916-af07-40be-b769-42be47ba29d1,4.841625690460205,4.841625690460205,50.0,1,1,0
/CatalogService/AddItem6c0dae87-e9f6-45c1-8cd0-441f8255dc81,8.815585635602474,8.815585635602474,50.0,1,1,0
/CatalogService/AddItem6df7b771-6540-415c-a235-ad9eac97e04d,15.479546040296555,15.479546040296555,50.0,1,1,0
/CatalogService/AddItem72cc8a80-f349-441d-ae00-8f602b1eeefa,1.8976940773427486,1.8976940773427486,50.0,1,1,0
/CatalogService/AddItem773b89f6-b066-42d8-b150-24eed81d19fa,2.148877829313278,2.148877829313278,50.0,1,1,0
/CatalogService/AddItem7b4b2cb3-e391-4916-a5d8-34d4b9519b83,3.7554078735411167,3.7554078735411167,50.0,1,1,0
/CatalogService/AddItem7e1bd273-9bd3-424b-8848-66da4214cb70,2.727842889726162,2.727842889726162,50.0,1,1,0
/CatalogService/AddItem7ff84b2f-2a9a-4bbc-aaaa-850edf743497,4.150609020143747,4.150609020143747,50.0,1,1,0
/CatalogService/AddItem88983659-9d78-43d2-90f0-02191d45d360,15.592209994792938,15.592209994792938,50.0,1,1,0
/CatalogService/AddItem88a371d6-4911-4fd9-a3c4-9b380fa4e7d6,15.132271219044924,15.132271219044924,50.0,1,1,0
/CatalogService/AddItem89032e53-78d0-405e-945c-6e46a7d1482e,10.675370693206787,10.675370693206787,50.0,1,1,0
/CatalogService/AddItem8c8078c0-9a93-4463-a8be-424f92ead0d9,9.130765218287706,9.130765218287706,50.0,1,1,0
/CatalogService/AddItem8dd0149d-9b81-4499-bf28-d96dfebf3892,10.273915249854326,10.273915249854326,50.0,1,1,0
/CatalogService/AddItem99c4c0c0-407e-455e-b2da-a3930a65a8f1,4.282908048480749,4.282908048480749,50.0,1,1,0
/CatalogService/AddItem9bc9c015-fcf3-450d-8a6b-1259cff9f1fa,2.4517830461263657,2.4517830461263657,50.0,1,1,0
/CatalogService/AddItem9d3bc352-229e-4d7b-aaab-ff3159e44a60,9.853287134319544,9.853287134319544,50.0,1,1,0
/CatalogService/AddItem9e48ee9e-5cca-42e3-a22c-73b398311c6c,8.452745154500008,8.452745154500008,50.0,1,1,0
/CatalogService/AddItem9ebfa4a4-e52e-4ff3-af05-bbc2f58d347e,7.649573963135481,7.649573963135481,50.0,1,1,0
/CatalogService/AddItema75fc6d9-452b-4d8b-a6cf-f168326c16d3,10.114716831594706,10.114716831594706,50.0,1,1,0
/CatalogService/AddItema7a7fc27-eb5b-4a9a-a03b-143641ac3b68,7.102574221789837,7.102574221789837,50.0,1,1,0
/CatalogService/AddItemaf86a41e-62a9-4c33-ab6e-9637108dca7c,10.123834013938904,10.123834013938904,50.0,1,1,0
/CatalogService/AddItemb0e12c1c-8fb5-44bf-8c23-af737e90481f,9.267174173146486,9.267174173146486,50.0,1,1,0
/CatalogService/AddItemb4c175de-bef6-4895-96f1-b9eafa288b34,3.4504937939345837,3.4504937939345837,50.0,1,1,0
/CatalogService/AddItemb751a67f-a21b-4fbb-84ea-59aede0f1d9c,2.266550902277231,2.266550902277231,50.0,1,1,0
/CatalogService/AddItembc13311a-343e-4906-9acd-cb4458de373e,9.42884385585785,9.42884385585785,50.0,1,1,0
/CatalogService/AddItembfaf4ab0-eff2-42c0-a0cc-aa816c111306,12.954527046531439,12.954527046531439,50.0,1,1,0
/CatalogService/AddItemc0f2a848-a9eb-4ea0-b958-b8bb8656ee80,13.936263043433428,13.936263043433428,50.0,1,1,0
/CatalogService/AddItemc248c2a2-451c-4f47-8677-96db71a646f3,6.815378088504076,6.815378088504076,50.0,1,1,0
/CatalogService/AddItemc3547318-c23f-4b92-a6ac-fd92c7654d6a,8.926453068852425,8.926453068852425,50.0,1,1,0
/CatalogService/AddItemc5f912ab-6f80-4b9c-ba79-de5fa359a941,4.434410948306322,4.434410948306322,50.0,1,1,0
/CatalogService/AddItemc644d10e-b215-4ddc-bf35-b044987f0e7b,7.395530119538307,7.395530119538307,50.0,1,1,0
/CatalogService/AddItemc736891b-a2ff-4cc4-b5cc-41ff053ce129,7.5775678269565105,7.5775678269565105,50.0,1,1,0
/CatalogService/AddItemca562ede-b965-4204-b481-bd6eaac98c85,9.46426298469305,9.46426298469305,50.0,1,1,0
/CatalogService/AddItemcc0c7a8e-a74f-46c3-b2e3-34cd96cf24c9,3.5601300187408924,3.5601300187408924,50.0,1,1,0
/CatalogService/AddItemcc2c6d39-632d-4afb-b60b-e33011fde0a5,12.333007995039225,12.333007995039225,50.0,1,1,0
/CatalogService/AddItemcdfb25b1-fd98-4092-8f59-f922acf9098d,17.105620354413986,17.105620354413986,50.0,1,1,0
/CatalogService/AddItemd0423d30-2ea8-424a-acd4-2594f8034fe0,8.314745966345072,8.314745966345072,50.0,1,1,0
/CatalogService/AddItemd1aa2588-e293-4e23-90c6-bbad5536f604,11.895919684320688,11.895919684320688,50.0,1,1,0
/CatalogService/AddItemd2275e70-baf9-4305-a512-045bf16369ee,8.287796285003424,8.287796285003424,50.0,1,1,0
/CatalogService/AddItemd37e3a2b-338f-4c5d-9d29-9c8e34571792,9.516430087387562,9.516430087387562,50.0,1,1,0
/CatalogService/AddItemd77e089c-77a9-48a1-a4a0-2b8e547fe607,8.636893704533577,8.636893704533577,50.0,1,1,0
/CatalogService/AddItemd84d175a-689a-4c2a-ae12-da23456691ae,6.626041140407324,6.626041140407324,50.0,1,1,0
/CatalogService/AddItemd9e35772-aca3-45c3-b1f4-8a6b0f1a0c58,9.462276939302683,9.462276939302683,50.0,1,1,0
/CatalogService/AddIteme63dac6a-a718-4ea5-a993-868ad24d6f75,1.9220751710236073,1.9220751710236073,50.0,1,1,0
/CatalogService/AddItemeb4476fb-1398-4fa8-a62d-3d9c96228f4b,6.675491575151682,6.675491575151682,50.0,1,1,0
/CatalogService/AddItemec3804a4-e183-48c7-9ca9-e2ff179187cd,9.915141854435205,9.915141854435205,50.0,1,1,0
/CatalogService/AddItemf54890ff-fc2b-4c59-8931-a514a20ca8f6,3.9076893590390682,3.9076893590390682,50.0,1,1,0
/CatalogService/AddItemfc3d9f11-4a81-4707-9291-ea7bd3699070,10.747080203145742,10.747080203145742,50.0,1,1,0
/CatalogService/AddItemfd1db520-ac26-43f1-b834-665e8ddac679,11.942696757614613,11.942696757614613,50.0,1,1,0
/CatalogService/GetItem02dab730-bfab-48e2-a497-d72d8b32263f,3.9631458930671215,3.9631458930671215,3.0,1,1,0
/CatalogService/GetItem03a2f836-25ff-471e-a48a-03a4d6a07a63,2.3714322596788406,2.3714322596788406,3.0,1,1,0
/CatalogService/GetItem03e17892-b553-46c6-900e-426293797bf1,3.0812090262770653,3.0812090262770653,3.0,1,1,0
/CatalogService/GetItem06bf4ea0-63b1-49b0-99d2-55e563d335d8,7.439370267093182,7.439370267093182,2.0,1,1,0
/CatalogService/GetItem09277510-64a6-4c91-b1e3-d48a2bf1c273,6.60654716193676,6.60654716193676,3.0,1,1,0
/CatalogService/GetItem0f95abdd-b267-4f14-a579-faf20763848b,5.921890959143639,5.921890959143639,3.0,1,1,0
/CatalogService/GetItem1579c307-5d9a-4a17-92fd-d9aa2ba99f5d,5.629600025713444,5.629600025713444,3.0,1,1,0
/CatalogService/GetItem18cedb3c-7715-42a9-a953-c84de415b636,5.386962089687586,5.386962089687586,3.0,1,1,0
/CatalogService/GetItem1c655f33-a6e4-475b-aaae-20b04c9b8087,7.657645735889673,7.657645735889673,3.0,1,1,0
/CatalogService/GetItem20d50127-4547-4295-8d71-8a82da80ea7b,4.97110839933157,4.97110839933157,3.0,1,1,0
/CatalogService/GetItem22c38e7b-ba78-4800-a4dd-c558f0c6be3d,1.6134949401021004,1.6134949401021004,3.0,1,1,0
/CatalogService/GetItem24c3f33b-2ece-4cb8-bbf1-8422653f54d4,3.3352929167449474,3.3352929167449474,3.0,1,1,0
/CatalogService/GetItem24e608e2-9921-4256-acac-6b604e9ef796,2.201282884925604,2.201282884925604,3.0,1,1,0
/CatalogService/GetItem2541451b-ebd3-440b-943f-488f1a8a461a,6.1686900444328785,6.1686900444328785,3.0,1,1,0
/CatalogService/GetItem254efcf3-77b2-48cd-a42e-4d33cc8d0fa0,2.3048799484968185,2.3048799484968185,3.0,1,1,0
/CatalogService/GetItem2d4e0c0f-d6d9-4793-a726-f10591f260a2,3.370867110788822,3.370867110788822,3.0,1,1,0
/CatalogService/GetItem31c7bdc4-3ef2-4ebc-b536-f77a775b03c8,4.7663189470767975,4.7663189470767975,3.0,1,1,0
/CatalogService/GetItem39150c37-d685-47dc-8f8a-89d9fad524bc,8.021422196179628,8.021422196179628,3.0,1,1,0
/CatalogService/GetItem4278df6f-29e8-487c-a304-8794fe21850a,6.231276318430901,6.231276318430901,3.0,1,1,0
/CatalogService/GetItem438835e7-38af-4de6-b1e7-60f2b7806ae6,6.786620244383812,6.786620244383812,3.0,1,1,0
/CatalogService/GetItem43d379c6-9754-4f5c-aeed-0f63c15dd7a3,5.064912606030703,5.064912606030703,3.0,1,1,0
/CatalogService/GetItem4ac12bb7-6dc2-48f7-b74f-1d28a7a85b7e,4.527238663285971,4.527238663285971,3.0,1,1,0
/CatalogService/GetItem4c3d41b2-f97d-4c19-baa8-62ff19a26b15,4.433359019458294,4.433359019458294,3.0,1,1,0
/CatalogService/GetItem4e7b67eb-2e04-4f2d-abcc-40e39b047c6c,10.179846081882715,10.179846081882715,3.0,1,1,0
/CatalogService/GetItem4ecd7c8b-98a8-4920-ac27-f0272dc19df2,7.006448227912188,7.006448227912188,3.0,1,1,0
/CatalogService/GetItem518372c7-7c2f-40d5-888e-7ef5c06c777f,4.363811574876308,4.363811574876308,3.0,1,1,0
/CatalogService/GetItem52b43afe-e2ae-4006-8aeb-7cbbd8d78c7f,1.931013073772192,1.931013073772192,2.0,1,1,0
/CatalogService/GetItem5332b128-6704-4c21-bfa8-afe939f1216c,7.171224802732468,7.171224802732468,3.0,1,1,0
/CatalogService/GetItem54c02c48-1fae-45dd-b4da-06419259127d,7.879779674112797,7.879779674112797,3.0,1,1,0
/CatalogService/GetItem558687d1-5990-4d6e-b5af-29cbb4c579d4,5.008025094866753,5.008025094866753,3.0,1,1,0
/CatalogService/GetItem56a056d9-0c4b-4d97-9465-d06d6d3c36cf,4.280263092368841,4.280263092368841,3.0,1,1,0
/CatalogService/GetItem5832ce2f-9785-4c35-a8c9-7257f9aef432,5.461721681058407,5.461721681058407,3.0,1,1,0
/CatalogService/GetItem5fdd9832-1406-4cb0-9960-29e087e0a0ea,4.325033165514469,4.325033165514469,3.0,1,1,0
/CatalogService/GetItem6552fd1c-122a-4cd5-81ad-805ed36cef5c,4.8752278089523315,4.8752278089523315,3.0,1,1,0
/CatalogService/GetItem6658dd27-be23-411e-a11c-18a4d5254b76,5.241820123046637,5.241820123046637,3.0,1,1,0
/CatalogService/GetItem687c8ec7-9728-44c4-a1e0-f32b50b5dc8c,2.9458198696374893,2.9458198696374893,3.0,1,1,0
/CatalogService/GetItem6c9450fd-d03e-4485-943a-9061636575d8,8.76274285838008,8.76274285838008,3.0,1,1,0
/CatalogService/GetItem6faf677e-9e67-4ab7-b34c-67a1d15c5c01,2.5810259394347668,2.5810259394347668,3.0,1,1,0
/CatalogService/GetItem7262a3f7-d3b1-4296-a9ab-c9df513090e8,3.696313127875328,3.696313127875328,3.0,1,1,0
/CatalogService/GetItem73e37ff9-29b3-4ac3-9b3b-6e587647354d,7.319818716496229,7.319818716496229,3.0,1,1,0
/CatalogService/GetItem7b58f618-754e-4e6a-940e-898edb2c9ffd,2.0547867752611637,2.0547867752611637,3.0,1,1,0
/CatalogService/GetItem7b95ce5d-41cc-42f7-a893-233dd9fd824e,4.675902891904116,4.675902891904116,3.0,1,1,0
/CatalogService/GetItem7d2cff03-39d9-498d-99c9-da2805ad08eb,3.660771995782852,3.660771995782852,3.0,1,1,0
/CatalogService/GetItem854352b3-030e-460e-924d-083472ebc99c,5.317944101989269,5.317944101989269,3.0,1,1,0
/CatalogService/GetItem864fdf6a-1644-4cde-966f-bab1b8607623,3.350065089762211,3.350065089762211,3.0,1,1,0
/CatalogService/GetItem87bb8184-8e00-49c6-a7fa-df429b68427f,2.8745890595018864,2.8745890595018864,3.0,1,1,0
/CatalogService/GetItem8b844fab-dae4-4f89-8fa6-790fe8ac3435,7.197321858257055,7.197321858257055,3.0,1,1,0
/CatalogService/GetItem936e8918-6f6f-4a82-9c06-769f5f1c04bb,2.546725794672966,2.546725794672966,3.0,1,1,0
/CatalogService/GetItem9438af0b-db40-441e-a63c-c0c566dffe9a,5.137360189110041,5.137360189110041,3.0,1,1,0
/CatalogService/GetItem94a798cf-2e51-40d7-89a7-465515e30f0f,3.5576769150793552,3.5576769150793552,3.0,1,1,0
/CatalogService/GetItem975ffb3c-b4ea-40f5-9239-745a2ec7f5ac,2.968616783618927,2.968616783618927,3.0,1,1,0
/CatalogService/GetItem97f497ae-503e-446c-9aa6-6c2cc066065a,3.8982899859547615,3.8982899859547615,3.0,1,1,0
/CatalogService/GetItem9a01f42e-3f77-4a3e-b0fe-1737939e58e0,4.140207078307867,4.140207078307867,3.0,1,1,0
/CatalogService/GetItem9a7db7be-e978-481a-a596-471bb33cd705,3.895774018019438,3.895774018019438,3.0,1,1,0
/CatalogService/GetItem9cf51d7f-42d1-45e4-ad6a-145ae0bdada9,5.19929314032197,5.19929314032197,3.0,1,1,0
/CatalogService/GetItem9ed1b93d-d078-4f61-bad9-331faccf0f0e,5.043648183345795,5.043648183345795,3.0,1,1,0
/CatalogService/GetItem9f72dd5a-7efd-40e6-9025-9d0b732b90ee,1.9834451377391815,1.9834451377391815,3.0,1,1,0
/CatalogService/GetItema13a8401-aa1d-46f8-ba33-8064c33af8ed,4.022969864308834,4.022969864308834,3.0,1,1,0
/CatalogService/GetItema16ec855-3904-4e5d-8251-03c49736ea37,2.0023812539875507,2.0023812539875507,3.0,1,1,0
/CatalogService/GetItemac76b70e-e92a-4e4b-ae8c-adabcf0a04e2,6.310928612947464,6.310928612947464,3.0,1,1,0
/CatalogService/GetItemae5c32c3-6d3d-46d5-8236-032e12632bcb,5.666184239089489,5.666184239089489,3.0,1,1,0
/CatalogService/GetItemb5c4addc-55e9-4c04-9ca6-931d5d473f47,2.6497081853449345,2.6497081853449345,3.0,1,1,0
/CatalogService/GetItemb5f30d11-9051-4aca-ac63-de9812b335a6,7.026259321719408,7.026259321719408,3.0,1,1,0
/CatalogService/GetItemb6427050-4da8-4224-b307-c72fe76931c2,1.7371256835758686,1.7371256835758686,3.0,1,1,0
/CatalogService/GetItembbde1ee4-dead-48e1-9f5c-506e4350c313,9.014895651489496,9.014895651489496,3.0,1,1,0
/CatalogService/GetItembc453f12-b801-4e1c-885e-5fec2d3397e1,4.150941967964172,4.150941967964172,3.0,1,1,0
/CatalogService/GetItemc538321a-9d7b-4726-a0ce-bd7d1c4d13cc,2.5362088344991207,2.5362088344991207,3.0,1,1,0
/CatalogService/GetItemc56aeab4-2fa6-4d19-8b78-ec575de5d519,2.73606413975358,2.73606413975358,3.0,1,1,0
/CatalogService/GetItemd427eb25-656c-4d09-bfd5-064288b21459,6.027338095009327,6.027338095009327,3.0,1,1,0
/CatalogService/GetItemd647c8af-38b2-4843-90c6-f572bb8868d1,5.73768513277173,5.73768513277173,3.0,1,1,0
/CatalogService/GetItemdc078e4f-1f5b-45f4-8a3e-c9680ab4e75c,2.5007682852447033,2.5007682852447033,3.0,1,1,0
/CatalogService/GetIteme393a4f5-4ab2-4d4b-84b3-8130c844c60f,6.123656872659922,6.123656872659922,3.0,1,1,0
/CatalogService/GetIteme652e38c-862e-43e3-bb0b-cfae5e140779,1.8962719477713108,1.8962719477713108,3.0,1,1,0
/CatalogService/GetIteme7bc3e3a-e7f7-41cf-bf96-62761255658d,5.705588962882757,5.705588962882757,3.0,1,1,0
/CatalogService/GetIteme8acd0c1-08f6-4ae7-bcaf-7678012d95d6,3.7833149544894695,3.7833149544894695,3.0,1,1,0
/CatalogService/GetItemedbc3728-dbef-4084-8b45-544d6c9c2d0c,7.1862488985061646,7.1862488985061646,3.0,1,1,0
/CatalogService/GetItemf400d537-db69-44cd-a136-92229bdb68cc,7.447038311511278,7.447038311511278,3.0,1,1,0
/CatalogService/GetItemf9639fdc-dc42-4b36-9852-cc8f256c620a,5.132830236107111,5.132830236107111,3.0,1,1,0
/CatalogService/GetItemfb44ba44-a8e3-4fb5-bbdb-485b7f4b1b32,2.1783062256872654,2.1783062256872654,3.0,1,1,0
/CatalogService/GetItemfdfb69bf-e40e-4e43-9800-319677520f19,15.13481279835105,15.13481279835105,3.0,1,1,0
/CatalogService/UpdateItem0137ebf4-c796-48c2-b35b-34c207be0746,10.522536933422089,10.522536933422089,50.0,1,1,0
/CatalogService/UpdateItem0523722e-5388-4caf-955e-82a3812de516,6.996476091444492,6.996476091444492,50.0,1,1,0
/CatalogService/UpdateItem0a3a9d91-ace4-4124-808e-a337367894a9,8.352180011570454,8.352180011570454,50.0,1,1,0
/CatalogService/UpdateItem0ec60751-df69-41d3-880d-5dc9ea42e38b,7.062448654323816,7.062448654323816,50.0,1,1,0
/CatalogService/UpdateItem0ef000b1-9943-4b71-85c9-5aa189461f86,6.065581925213337,6.065581925213337,49.0,1,1,0
/CatalogService/UpdateItem114925cc-5d1f-4495-9879-7b0e209996a3,10.252838023006916,10.252838023006916,50.0,1,1,0
/CatalogService/UpdateItem11b5ae3c-67af-45da-95c0-d516587a65e7,4.232548177242279,4.232548177242279,50.0,1,1,0
/CatalogService/UpdateItem1463c126-d42b-4bd2-ba66-2f3e965afd93,2.761336974799633,2.761336974799633,50.0,1,1,0
/CatalogService/UpdateItem164f59b6-555f-4bc3-b2b9-b01c7306ac60,3.1904801726341248,3.1904801726341248,50.0,1,1,0
/CatalogService/UpdateItem18075851-47cd-4737-a7b4-15e640205b23,4.508675076067448,4.508675076067448,50.0,1,1,0
/CatalogService/UpdateItem19574861-0df1-49d5-85f3-e4e6e723ad5d,14.61693923920393,14.61693923920393,50.0,1,1,0
/CatalogService/UpdateItem1a8866fd-0fbb-4a86-8421-29d9bc1609fc,9.098012000322342,9.098012000322342,50.0,1,1,0
/CatalogService/UpdateItem1a9487a0-8849-4480-9ac4-4961aeccb686,2.8835851699113846,2.8835851699113846,50.0,1,1,0
/CatalogService/UpdateItem212df4ee-6621-4b15-8141-7941189315c5,2.486524637788534,2.486524637788534,50.0,1,1,0
/CatalogService/UpdateItem243dbe44-bf89-4891-99f2-cf9e7a3903b0,16.93334709852934,16.93334709852934,50.0,1,1,0
/CatalogService/UpdateItem2687e7fa-e89e-4b42-af08-f71ecd6424a0,5.244876723736525,5.244876723736525,50.0,1,1,0
/CatalogService/UpdateItem28b99ede-7d7d-4b24-b481-2b61c9b5b61a,2.4113506078720093,2.4113506078720093,50.0,1,1,0
/CatalogService/UpdateItem2b73545b-4eb7-4676-a65b-380604d9fae5,6.797670386731625,6.797670386731625,50.0,1,1,0
/CatalogService/UpdateItem2c2d4e3e-82ac-49e1-812e-c26a1346bcec,11.312966700643301,11.312966700643301,50.0,1,1,0
/CatalogService/UpdateItem2ce50636-dd8b-4afe-a1a0-cfd90e81b787,8.053404744714499,8.053404744714499,50.0,1,1,0
/CatalogService/UpdateItem2d074327-2b9b-4328-a770-8464d71f7fdb,3.1778886914253235,3.1778886914253235,50.0,1,1,0
/CatalogService/UpdateItem33a94dc3-f9e9-4e01-87b4-eb8284bbb77a,3.9782067760825157,3.9782067760825157,50.0,1,1,0
/CatalogService/UpdateItem34939e23-d5c0-4a80-b1c7-714ef091804f,6.824936252087355,6.824936252087355,50.0,1,1,0
/CatalogService/UpdateItem3af11de5-54bd-4eb5-95b6-68f9fdbb3aeb,9.378460701555014,9.378460701555014,50.0,1,1,0
/CatalogService/UpdateItem3d345f22-f507-4297-9d4e-6a9377924a6d,6.8974727764725685,6.8974727764725685,49.0,1,1,0
/CatalogService/UpdateItem4546b8a6-27dd-48aa-bb1a-cf41832743c0,5.848453380167484,5.848453380167484,50.0,1,1,0
/CatalogService/UpdateItem4eb248ab-f89c-4fe9-88f8-a9bbd1978edc,3.1929360702633858,3.1929360702633858,50.0,1,1,0
/CatalogService/UpdateItem4f0152c0-b5c5-4700-b38a-0cc892421ed7,5.411388818174601,5.411388818174601,50.0,1,1,0
/CatalogService/UpdateItem4f2b099b-701b-4fcc-85af-1e8bdc7cec58,11.37843495234847,11.37843495234847,50.0,1,1,0
/CatalogService/UpdateItem509f4629-2870-493d-9d14-2e76192674e6,10.948282200843096,10.948282200843096,50.0,1,1,0
/CatalogService/UpdateItem51fd584d-5418-435f-9f7d-6a265552965e,2.396591939032078,2.396591939032078,50.0,1,1,0
/CatalogService/UpdateItem543f7998-6d0c-4d83-b073-cee29a264726,5.123848095536232,5.123848095536232,50.0,1,1,0
/CatalogService/UpdateItem5851feac-8cb9-4aa6-b68d-e3be07f79385,4.194188863039017,4.194188863039017,50.0,1,1,0
/CatalogService/UpdateItem5c90da50-6d27-47ae-93b6-1ec789548310,7.592523004859686,7.592523004859686,50.0,1,1,0
/CatalogService/UpdateItem5de5f34d-aae5-478d-91f9-995cbd8c0d6f,10.758582968264818,10.758582968264818,50.0,1,1,0
/CatalogService/UpdateItem5f0ea18b-68f2-4a64-a297-16a37dde2af8,5.444561131298542,5.444561131298542,49.0,1,1,0
/CatalogService/UpdateItem5f2ccb93-42ff-4ab1-a27b-4db5a2a8e8b1,12.087258044630289,12.087258044630289,50.0,1,1,0
/CatalogService/UpdateItem68236cba-c9dc-45c1-a668-7a974c15edff,5.371059291064739,5.371059291064739,50.0,1,1,0
/CatalogService/UpdateItem6914a21a-59d1-40c8-87c6-f8824e518b50,3.239072859287262,3.239072859287262,50.0,1,1,0
/CatalogService/UpdateItem6a5ea2ba-8dcd-4a6a-9fce-b729bed1e30f,14.072323683649302,14.072323683649302,50.0,1,1,0
/CatalogService/UpdateItem7028032e-6a83-44bc-96e1-f4a51d9e002f,7.305797189474106,7.305797189474106,50.0,1,1,0
/CatalogService/UpdateItem70850efe-1642-484d-affc-16e5d778d9e4,3.2210159115493298,3.2210159115493298,50.0,1,1,0
/CatalogService/UpdateItem71db0aa3-fbfd-420f-ae64-7ea0143b3386,4.20841621235013,4.20841621235013,50.0,1,1,0
/CatalogService/UpdateItem76482427-65e0-413a-b1e6-46c34a3ca1fc,7.507084868848324,7.507084868848324,50.0,1,1,0
/CatalogService/UpdateItem768f6770-0581-4f9a-b4e7-82ea44f9ff90,6.807149853557348,6.807149853557348,50.0,1,1,0
/CatalogService/UpdateItem769cb286-496f-405d-a173-678ae7e35402,11.649428866803646,11.649428866803646,50.0,1,1,0
/CatalogService/UpdateItem78b8d8a3-c527-43f1-a2d1-35bfd1567483,3.9060846902430058,3.9060846902430058,50.0,1,1,0
/CatalogService/UpdateItem8040594b-cc92-4a71-b96e-38fe6f858ae4,5.680500064045191,5.680500064045191,50.0,1,1,0
/CatalogService/UpdateItem83a589af-5141-4295-a91a-bd4c7abc1191,6.473673973232508,6.473673973232508,49.0,1,1,0
/CatalogService/UpdateItem85f24955-ecc1-4799-a7e4-85620fd5a401,3.4557562321424484,3.4557562321424484,50.0,1,1,0
/CatalogService/UpdateItem878a8aba-9b1c-4906-8e00-ab1f3af8445a,6.122717168182135,6.122717168182135,50.0,1,1,0
/CatalogService/UpdateItem887b676e-2557-4d08-9385-2dc3349849f0,3.132761921733618,3.132761921733618,50.0,1,1,0
/CatalogService/UpdateItem897d0820-3032-4ece-9ae1-7d7683e96c1a,2.180126029998064,2.180126029998064,50.0,1,1,0
/CatalogService/UpdateItem904c5978-e142-4abd-8279-5e4515618fa8,4.063598811626434,4.063598811626434,50.0,1,1,0
/CatalogService/UpdateItem925ff8e4-17a7-4636-a7e3-82840930454f,4.65520191937685,4.65520191937685,50.0,1,1,0
/CatalogService/UpdateItem96548b1f-1114-4472-a0e2-72dee95269b1,6.5268720500171185,6.5268720500171185,50.0,1,1,0
/CatalogService/UpdateItem9850050e-a56d-40fe-9ac8-923d97ecc152,6.177518982440233,6.177518982440233,50.0,1,1,0
/CatalogService/UpdateItema2d73531-dc60-4e2e-baa5-888462899627,3.4341057762503624,3.4341057762503624,49.0,1,1,0
/CatalogService/UpdateItema41e9874-fd3c-4a09-ad56-237356262add,2.8325840830802917,2.8325840830802917,50.0,1,1,0
/CatalogService/UpdateItema755bb2b-e382-48ee-9bc4-18e892307407,12.674739584326744,12.674739584326744,50.0,1,1,0
/CatalogService/UpdateItemab86a95b-1dda-487a-b64a-bbd939cc6eb4,10.752147063612938,10.752147063612938,50.0,1,1,0
/CatalogService/UpdateItemac809c04-c83c-480f-87b7-852f2a785879,7.935158908367157,7.935158908367157,50.0,1,1,0
/CatalogService/UpdateItembb9a0759-d53b-4a00-9632-cc3ab02e1c5d,16.277837101370096,16.277837101370096,50.0,1,1,0
/CatalogService/UpdateItembe88c6b5-8c0f-4b48-82b2-bb6022ae356f,3.110927063971758,3.110927063971758,50.0,1,1,0
/CatalogService/UpdateItemc0c48bfa-7320-4643-8b55-5337f60a950d,6.646802183240652,6.646802183240652,49.0,1,1,0
/CatalogService/UpdateItemc3dd1ced-d34c-4470-b333-72fca87db882,7.907412014901638,7.907412014901638,50.0,1,1,0
/CatalogService/UpdateItemc98720bf-c359-43f2-9f58-5fd50d93c1a5,9.191843215376139,9.191843215376139,50.0,1,1,0
/CatalogService/UpdateItemca0bd4d5-5fa9-434d-9872-aa7330eaeb23,15.479504130780697,15.479504130780697,50.0,1,1,0
/CatalogService/UpdateItemcc51152a-994c-4a2b-afc2-2ba78ef267a7,6.5482850186526775,6.5482850186526775,49.0,1,1,0
/CatalogService/UpdateItemce2bc1e9-3865-4311-b0b4-8e57c114874c,5.1276967860758305,5.1276967860758305,50.0,1,1,0
/CatalogService/UpdateItemd93f8941-9d5f-4d5a-8ff1-9c059626f70f,9.441136382520199,9.441136382520199,50.0,1,1,0
/CatalogService/UpdateItemdbd4f3fc-5ba1-42f5-9597-2951c83e9ae0,7.795132230967283,7.795132230967283,50.0,1,1,0
/CatalogService/UpdateIteme2996f78-edb9-4538-b955-b0bb648fd9b4,4.828355740755796,4.828355740755796,50.0,1,1,0
/CatalogService/UpdateIteme4906aaf-9e7b-4852-9c50-b4dd4089d249,3.8608130998909473,3.8608130998909473,50.0,1,1,0
/CatalogService/UpdateIteme960b959-a978-4108-8049-8c2f15ed4140,11.0820890404284,11.0820890404284,50.0,1,1,0
/CatalogService/UpdateItemefadd95a-5107-423d-b599-37c9cfacd96e,5.012487061321735,5.012487061321735,50.0,1,1,0
/CatalogService/UpdateItemf1002ff7-da86-4a66-b06e-ca35e79d968f,9.744358249008656,9.744358249008656,50.0,1,1,0
/CatalogService/UpdateItemfbdb2f16-a984-4e8f-b071-791037eb0755,10.029332712292671,10.029332712292671,50.0,1,1,0
/CatalogService/UpdateItemfc6dfe74-7b59-44e5-be13-4c68e83b0511,5.071036983281374,5.071036983281374,50.0,1,1,0
/CatalogService/UpdateItemfcc11643-e5e7-4324-8890-73896e858419,7.167906034737825,7.167906034737825,50.0,1,1,0
/CustomerService/CreateCustomer02c2fd7d-766c-40f4-a69a-7a5d5561ed48,15.88308485224843,15.88308485224843,50.0,1,1,0
/CustomerService/CreateCustomer05e858fc-1af1-49a7-8855-e533f8171a51,14.983697794377804,14.983697794377804,50.0,1,1,0
/CustomerService/CreateCustomer05eeb32f-414b-45a4-8ab9-331e3b10b83c,4.922204650938511,4.922204650938511,50.0,1,1,0
/CustomerService/CreateCustomer0aae5113-b3da-4e81-8398-feb07f2eb4d4,9.295231197029352,9.295231197029352,50.0,1,1,0
/CustomerService/CreateCustomer0c5c042f-c086-4703-81fd-9bb233ab0c89,12.358305975794792,12.358305975794792,50.0,1,1,0
/CustomerService/CreateCustomer0c669116-61cc-4712-b8d1-815851aac2e8,15.491347759962082,15.491347759962082,50.0,1,1,0
/CustomerService/CreateCustomer0dda242b-1752-4ede-ad6c-c8c9c4815969,4.984376952052116,4.984376952052116,50.0,1,1,0
/CustomerService/CreateCustomer18ed8923-d019-476c-9922-65d76364c7e1,17.641845159232616,17.641845159232616,50.0,1,1,0
/CustomerService/CreateCustomer1dfdeade-b06e-4547-a6a5-7239be6f944d,3.6204378120601177,3.6204378120601177,50.0,1,1,0
/CustomerService/CreateCustomer226376b3-b444-4c99-b367-3de2570c6014,3.6906208842992783,3.6906208842992783,50.0,1,1,0
/CustomerService/CreateCustomer2becae58-fcea-442c-922f-72912b41c2ec,13.88444984331727,13.88444984331727,50.0,1,1,0
/CustomerService/CreateCustomer2c46092e-5f4a-4012-bc12-a91f791eaf8c,4.330906085669994,4.330906085669994,50.0,1,1,0
/CustomerService/CreateCustomer2d0c7eea-832e-4292-9ca1-67eac1e55999,5.573480855673552,5.573480855673552,50.0,1,1,0
/CustomerService/CreateCustomer2db05c6c-443f-49fc-975b-7c5e64d56960,13.499870896339417,13.499870896339417,50.0,1,1,0
/CustomerService/CreateCustomer312e477a-6fb3-4f81-8e81-1fe3b4f05319,5.888401996344328,5.888401996344328,50.0,1,1,0
/CustomerService/CreateCustomer31995340-07b8-4c91-898f-8c70328ec3ac,12.72117206826806,12.72117206826806,50.0,1,1,0
/CustomerService/CreateCustomer32b5315a-4f65-49bf-be9f-1e7d4f930b5f,14.379802159965038,14.379802159965038,50.0,1,1,0
/CustomerService/CreateCustomer395ca63c-2ed2-4f4b-b02e-b04a9832ec85,13.51496996358037,13.51496996358037,50.0,1,1,0
/CustomerService/CreateCustomer3b91207b-3ede-4516-93a5-337e2a6dff16,6.901856046169996,6.901856046169996,50.0,1,1,0
/CustomerService/CreateCustomer3cf318cf-40df-41c4-a2dc-6debd45ef107,19.47305304929614,19.47305304929614,50.0,1,1,0
/CustomerService/CreateCustomer3d1a5dd0-1949-462a-ae60-a6d43d6a4746,5.410693120211363,5.410693120211363,50.0,1,1,0
/CustomerService/CreateCustomer3df11f15-4fe9-48ee-93c8-88a276ed6b57,13.323640916496515,13.323640916496515,50.0,1,1,0
/CustomerService/CreateCustomer40f3d0bc-13fc-4d51-8174-a61a9a443210,14.479093253612518,14.479093253612518,50.0,1,1,0
/CustomerService/CreateCustomer43557308-5e94-4b00-984f-f2f54f1ca7fa,7.47963972389698,7.47963972389698,50.0,1,1,0
/CustomerService/CreateCustomer4bcc7340-cb6f-405a-b0bd-3304cfc14671,5.887752864509821,5.887752864509821,50.0,1,1,0
/CustomerService/CreateCustomer4c457015-bba4-4480-80a5-1d87e3c0e0f6,6.30789203569293,6.30789203569293,50.0,1,1,0
/CustomerService/CreateCustomer4dfa95bf-c165-462b-b7bc-168b92e1fcfd,13.40608298778534,13.40608298778534,50.0,1,1,0
/CustomerService/CreateCustomer57429a38-39c7-40e8-af64-b15a704e9487,8.990876376628876,8.990876376628876,50.0,1,1,0
/CustomerService/CreateCustomer58392c3d-c991-4777-a5e0-2e20cf193aea,13.44175823032856,13.44175823032856,50.0,1,1,0
/CustomerService/CreateCustomer61498e33-fa54-48be-808b-480c60bc7c4d,3.8973819464445114,3.8973819464445114,50.0,1,1,0
/CustomerService/CreateCustomer62f64009-7f94-4cf7-bbae-f29d5ecf0c6b,19.266820047050714,19.266820047050714,50.0,1,1,0
/CustomerService/CreateCustomer638238e2-ac0b-4fd2-a561-bf9ddc3d6815,13.745663221925497,13.745663221925497,50.0,1,1,0
/CustomerService/CreateCustomer64278fcd-828c-4b62-a3ee-13a8383bc104,11.952962726354599,11.952962726354599,50.0,1,1,0
/CustomerService/CreateCustomer66131c9a-4406-48ad-a05a-2d93da8ad633,9.474906139075756,9.474906139075756,50.0,1,1,0
/CustomerService/CreateCustomer719fc67b-03c7-4618-bc93-fc4e99e26d4e,14.154165051877499,14.154165051877499,50.0,1,1,0
/CustomerService/CreateCustomer7275faa4-ddf9-43b3-9368-6091a2db87e4,5.407488904893398,5.407488904893398,50.0,1,1,0
/CustomerService/CreateCustomer73d042b6-2d85-4bc0-9ee1-097a60d6ecec,12.921276036649942,12.921276036649942,50.0,1,1,0
/CustomerService/CreateCustomer7578f62f-20fc-431a-83c5-922372916590,12.39513698965311,12.39513698965311,50.0,1,1,0
/CustomerService/CreateCustomer757f795d-5bc5-4c49-893f-1698a7f17600,5.050969775766134,5.050969775766134,50.0,1,1,0
/CustomerService/CreateCustomer77239e76-b829-430a-b660-616125274c66,10.44420013204217,10.44420013204217,50.0,1,1,0
/CustomerService/CreateCustomer77f3f63b-86ff-4c43-8228-043eab7b0ade,12.839819770306349,12.839819770306349,50.0,1,1,0
/CustomerService/CreateCustomer783e1d7d-0b22-4d8f-b10e-e760a04a960b,11.83377904817462,11.83377904817462,50.0,1,1,0
/CustomerService/CreateCustomer7c46cea5-fd7c-48f6-8669-1e2a30d16d3e,12.896978296339512,12.896978296339512,50.0,1,1,0
/CustomerService/CreateCustomer7c8242e2-3630-4a07-8d02-e7f6fc750351,10.112603660672903,10.112603660672903,50.0,1,1,0
/CustomerService/CreateCustomer7d1374a6-59be-4e15-9e80-4dd6d5584e9a,17.659130040556192,17.659130040556192,50.0,1,1,0
/CustomerService/CreateCustomer7d7da4ff-b2c8-43f9-bb9d-a2a52698e274,5.849376320838928,5.849376320838928,50.0,1,1,0
/CustomerService/CreateCustomer8294950e-84b5-4526-9a93-e0d2644030f7,14.665605966001749,14.665605966001749,50.0,1,1,0
/CustomerService/CreateCustomer89f51f46-e666-4756-b284-e981d75adc5c,13.33610899746418,13.33610899746418,50.0,1,1,0
/CustomerService/CreateCustomer8ac137e2-9c9c-47f1-a8e6-dd1f3666d08c,12.418354861438274,12.418354861438274,50.0,1,1,0
/CustomerService/CreateCustomer8c0476e9-812a-46c3-9403-d4cdb5a3579f,6.833192892372608,6.833192892372608,50.0,1,1,0
/CustomerService/CreateCustomer8f5f6790-f75b-43b2-803e-0d6680bbe816,3.9707678370177746,3.9707678370177746,50.0,1,1,0
/CustomerService/CreateCustomer91b46729-3ef7-4c65-a036-ea973eb9885e,14.021089300513268,14.021089300513268,50.0,1,1,0
/CustomerService/CreateCustomer91c2a7b5-df9f-4cc4-8f2b-17a98c19dd13,10.129457339644432,10.129457339644432,50.0,1,1,0
/CustomerService/CreateCustomer9a6b544d-9954-4bc7-8726-041e135b9c67,4.209448117762804,4.209448117762804,50.0,1,1,0
/CustomerService/CreateCustomer9e2b13da-ccbd-4aba-80ff-5b995910aca4,13.92974378541112,13.92974378541112,50.0,1,1,0
/CustomerService/CreateCustomer9e68be5b-51f5-49b3-b445-19379e74c718,7.670864928513765,7.670864928513765,50.0,1,1,0
/CustomerService/CreateCustomera21c24d9-3fe3-45e1-8b13-524cb883ac1f,15.322023071348667,15.322023071348667,50.0,1,1,0
/CustomerService/CreateCustomera3c03b3a-4344-4f0d-b4a6-6d40636abc7b,11.384206358343363,11.384206358343363,50.0,1,1,0
/CustomerService/CreateCustomera6c11236-2bb9-4d1d-a071-5c68e37cf29e,21.73425815999508,21.73425815999508,50.0,1,1,0
/CustomerService/CreateCustomerb277eaaa-7e3f-4829-8dad-a8444ecb7e85,4.748079925775528,4.748079925775528,50.0,1,1,0
/CustomerService/CreateCustomerb2a16c97-c040-4f89-a2fb-5a1b8c6c8a67,5.63113484531641,5.63113484531641,50.0,1,1,0
/CustomerService/CreateCustomerb6f8914b-aa01-4dea-9085-0a2f59dcc8ab,14.185325242578983,14.185325242578983,50.0,1,1,0
/CustomerService/CreateCustomerb988f2c5-7b0b-4d65-b785-7b114ba1c3de,6.560678128153086,6.560678128153086,50.0,1,1,0
/CustomerService/CreateCustomerb9e422dc-cdb7-490c-8848-93987e910edd,11.015075724571943,11.015075724571943,50.0,1,1,0
/CustomerService/CreateCustomerbc655ffb-f90b-4bab-87f4-d315b76071c4,7.216949015855789,7.216949015855789,50.0,1,1,0
/CustomerService/CreateCustomerbebd3cc9-63c7-4bb8-a2a5-366a0345ea7f,5.529062822461128,5.529062822461128,50.0,1,1,0
/CustomerService/CreateCustomerc0647cef-d74e-48d8-9c01-3a26fe31a7bb,8.383840322494507,8.383840322494507,50.0,1,1,0
/CustomerService/CreateCustomerc1af1a52-0abd-41e3-bab3-facc1118f100,13.587931636720896,13.587931636720896,50.0,1,1,0
/CustomerService/CreateCustomerc54c2d31-e860-42ab-a925-f45690ad86b9,8.799596689641476,8.799596689641476,50.0,1,1,0
/CustomerService/CreateCustomerc7a51eca-1823-4710-b2b4-bbaa554e76bd,4.3704030103981495,4.3704030103981495,50.0,1,1,0
/CustomerService/CreateCustomercd89b1c9-9c16-46d9-9e46-8cdcdf8fef1e,19.089624751359224,19.089624751359224,50.0,1,1,0
/CustomerService/CreateCustomerced2e87c-6bc1-4f54-8668-5bd543d62fa5,3.889193758368492,3.889193758368492,50.0,1,1,0
/CustomerService/CreateCustomercfc49c5d-a9a4-4a4a-b7c0-17a9d40377c2,13.804213143885136,13.804213143885136,50.0,1,1,0
/CustomerService/CreateCustomerdb6eba26-621a-4691-8e5d-0bf83b9a5c86,9.584090206772089,9.584090206772089,50.0,1,1,0
/CustomerService/CreateCustomere1eda773-000b-4548-8d4c-3a11ba525bd6,23.322603199630976,23.322603199630976,50.0,1,1,0
/CustomerService/CreateCustomere411fd2b-9358-48ae-8a14-689a252f5442,13.427067082375288,13.427067082375288,50.0,1,1,0
/CustomerService/CreateCustomere97bf2b1-e961-4968-9a76-3600a840db3e,4.872855730354786,4.872855730354786,50.0,1,1,0
/CustomerService/CreateCustomeree1eabb9-84f5-4b7d-9924-6fa69727a380,14.015716966241598,14.015716966241598,50.0,1,1,0
/CustomerService/CreateCustomerf1225119-cd98-45ef-834a-ce263ef46336,15.543348155915737,15.543348155915737,50.0,1,1,0
/CustomerService/CreateCustomerf2f4fabb-c4b3-474a-ad01-43090cf0075c,3.114518243819475,3.114518243819475,50.0,1,1,0
/CustomerService/UpdateCustomer0f3edbb2-8dc0-496e-955d-b6ac0c9ddde1,6.0373032465577126,6.0373032465577126,50.0,1,1,0
/CustomerService/UpdateCustomer10c86594-6ae4-4bf2-9981-1fe8850cc367,7.95836141332984,7.95836141332984,50.0,1,1,0
/CustomerService/UpdateCustomer111145c7-d6b4-4dd1-bc39-a5a16fab782c,4.953277297317982,4.953277297317982,50.0,1,1,0
/CustomerService/UpdateCustomer11add14c-7349-4f63-bf59-c8bff5862833,4.4598691165447235,4.4598691165447235,50.0,1,1,0
/CustomerService/UpdateCustomer173f5e2c-e8f1-4ed4-953c-5361e0bf51f5,10.387522168457508,10.387522168457508,50.0,1,1,0
/CustomerService/UpdateCustomer18c4873b-f9ca-4107-a04d-ff3d7828c38f,10.299168061465025,10.299168061465025,50.0,1,1,0
/CustomerService/UpdateCustomer1913a8b5-5b14-401a-bf48-22e9ff130a3a,10.042277164757252,10.042277164757252,50.0,1,1,0
/CustomerService/UpdateCustomer19ab925b-3a60-4963-909b-6490ea2a0300,9.463380090892315,9.463380090892315,50.0,1,1,0
/CustomerService/UpdateCustomer1a3dd3e4-71a4-4ce7-aae2-0a05de50d97a,8.965660352259874,8.965660352259874,50.0,1,1,0
/CustomerService/UpdateCustomer1cf5194e-405a-4c2a-9615-e0526bdd0f87,11.769324075430632,11.769324075430632,50.0,1,1,0
/CustomerService/UpdateCustomer2778a379-6dbc-470c-9ef2-c1c1b278f3ca,7.208701688796282,7.208701688796282,50.0,1,1,0
/CustomerService/UpdateCustomer284f552d-e435-4b83-97ff-f2776e53884a,4.762852098792791,4.762852098792791,50.0,1,1,0
/CustomerService/UpdateCustomer28aab633-a06f-494f-bed2-f87a5b069a9d,15.124873258173466,15.124873258173466,50.0,1,1,0
/CustomerService/UpdateCustomer295c4f7a-a20b-485c-9979-646935fecffa,6.069817114621401,6.069817114621401,50.0,1,1,0
/CustomerService/UpdateCustomer30e461c2-a5ef-48bf-8a68-4c76a014240e,6.5545206889510155,6.5545206889510155,50.0,1,1,0
/CustomerService/UpdateCustomer37719ad5-aaf9-4e9d-81f0-0a7a2bf5e8d2,5.617288872599602,5.617288872599602,50.0,1,1,0
/CustomerService/UpdateCustomer392604c1-1e0c-4524-b1fc-12c2789da399,7.161248940974474,7.161248940974474,50.0,1,1,0
/CustomerService/UpdateCustomer398210e1-2713-4208-992f-8e7c6424c4b2,5.600912030786276,5.600912030786276,50.0,1,1,0
/CustomerService/UpdateCustomer3c53ea40-0600-438c-9b17-36b69a87d14f,18.65253783762455,18.65253783762455,50.0,1,1,0
/CustomerService/UpdateCustomer41463a0c-cbb8-40f9-8d8c-66192370a577,9.63488407433033,9.63488407433033,50.0,1,1,0
/CustomerService/UpdateCustomer43a90b30-e973-4a25-925b-7a66f081876f,6.523955147713423,6.523955147713423,50.0,1,1,0
/CustomerService/UpdateCustomer4652d98d-8078-4463-abe1-007a97f73191,7.441140711307526,7.441140711307526,50.0,1,1,0
/CustomerService/UpdateCustomer51d62a19-fba0-4a9f-b1b6-24129e8becf0,7.412385195493698,7.412385195493698,50.0,1,1,0
/CustomerService/UpdateCustomer532198fa-de7f-4324-90ca-5039cabcd5a5,9.992542210966349,9.992542210966349,50.0,1,1,0
/CustomerService/UpdateCustomer55841aa1-a010-424c-9ee9-7e95c369781e,8.878655266016722,8.878655266016722,50.0,1,1,0
/CustomerService/UpdateCustomer57262d42-4718-448c-ad2c-43e6d83ba7f1,12.19123788177967,12.19123788177967,50.0,1,1,0
/CustomerService/UpdateCustomer57cae4fe-5cde-42f9-b2be-50a5820fa312,9.933809284120798,9.933809284120798,50.0,1,1,0
/CustomerService/UpdateCustomer57f61f97-a8f8-471d-8688-0f3b17a57c73,15.168786980211735,15.168786980211735,50.0,1,1,0
/CustomerService/UpdateCustomer59d0b9d5-95d1-4826-af8a-b147b3879862,8.627792820334435,8.627792820334435,50.0,1,1,0
/CustomerService/UpdateCustomer5cb1cb84-8f69-43b5-83b7-8abb782c67b4,9.398015681654215,9.398015681654215,50.0,1,1,0
/CustomerService/UpdateCustomer60da1175-de60-4b08-8952-0af8cea4e7f9,5.139329005032778,5.139329005032778,50.0,1,1,0
/CustomerService/UpdateCustomer68ef67bf-f3d7-41c9-9a64-34ae6ed56455,9.673121850937605,9.673121850937605,50.0,1,1,0
/CustomerService/UpdateCustomer6a830e7f-49c0-41b6-96ba-bb749a3e0a7c,5.146882031112909,5.146882031112909,50.0,1,1,0
/CustomerService/UpdateCustomer6b1879aa-ccd8-4ed2-ab02-f31fd436ce64,5.2574616856873035,5.2574616856873035,50.0,1,1,0
/CustomerService/UpdateCustomer7212c77a-a911-4e42-ae85-b0d57123f009,10.17042901366949,10.17042901366949,50.0,1,1,0
/CustomerService/UpdateCustomer78296edf-d64a-489f-a527-003bee9ae625,5.365821998566389,5.365821998566389,50.0,1,1,0
/CustomerService/UpdateCustomer791dbe61-0ecb-471e-bb4f-c9436ec1982f,17.50228414312005,17.50228414312005,50.0,1,1,0
/CustomerService/UpdateCustomer793f80e5-be13-41d9-aa3c-64cd98b798dc,6.383555009961128,6.383555009961128,50.0,1,1,0
/CustomerService/UpdateCustomer79a287fc-8ad8-4872-bc82-a0b1d26eaa4c,2.7103619650006294,2.7103619650006294,50.0,1,1,0
/CustomerService/UpdateCustomer7f1e3f87-0a5b-4d42-99d2-04356be07726,10.93065831810236,10.93065831810236,50.0,1,1,0
/CustomerService/UpdateCustomer7fcbc3d1-84d3-430c-85da-b17c8c230c96,4.9841441214084625,4.9841441214084625,50.0,1,1,0
/CustomerService/UpdateCustomer8148bb2d-b773-48c3-aec8-e90d170c90e1,7.478838786482811,7.478838786482811,50.0,1,1,0
/CustomerService/UpdateCustomer836d31e7-3e83-4967-bec7-c0dc8f95b16b,10.120087303221226,10.120087303221226,50.0,1,1,0
/CustomerService/UpdateCustomer85b0b3ad-0d1d-4547-ae50-4de5be834ebd,6.7833722569048405,6.7833722569048405,50.0,1,1,0
/CustomerService/UpdateCustomer86edda90-d4ef-4956-aaf9-5ff830f97cdb,8.92133405432105,8.92133405432105,50.0,1,1,0
/CustomerService/UpdateCustomer8a912d70-6ced-4aa3-a3e3-6d51fa464467,5.883981939405203,5.883981939405203,50.0,1,1,0
/CustomerService/UpdateCustomer8c48e7ce-5f80-43d3-a538-59e24d82b3a2,5.135712213814259,5.135712213814259,50.0,1,1,0
/CustomerService/UpdateCustomer8e74d451-f312-4794-b0e2-7ed58fbc1a76,9.257475845515728,9.257475845515728,50.0,1,1,0
/CustomerService/UpdateCustomer8ee275f6-848e-42a7-a080-551c27087838,4.674371797591448,4.674371797591448,50.0,1,1,0
/CustomerService/UpdateCustomer93dc6f55-0560-41ca-9a40-c8ed27005e5a,6.0986122116446495,6.0986122116446495,50.0,1,1,0
/CustomerService/UpdateCustomer9a5bd27b-12ad-482c-883a-f68d0ee0ebd3,5.161017179489136,5.161017179489136,50.0,1,1,0
/CustomerService/UpdateCustomera3d710c7-e833-4091-b438-4d5e3184dbeb,9.467868134379387,9.467868134379387,50.0,1,1,0
/CustomerService/UpdateCustomera8735355-cb03-4a5c-8634-cb23e2e914c1,14.249339699745178,14.249339699745178,50.0,1,1,0
/CustomerService/UpdateCustomerab0e296d-6804-4bd4-80e4-69e10bcc3174,4.141318146139383,4.141318146139383,50.0,1,1,0
/CustomerService/UpdateCustomerabf94403-42f7-4347-9d86-a3d74c351d9b,7.960793096572161,7.960793096572161,50.0,1,1,0
/CustomerService/UpdateCustomerac0bb35b-9bde-47c1-b7de-2eba9b5b3ae3,3.775876946747303,3.775876946747303,50.0,1,1,0
/CustomerService/UpdateCustomeraff7ef7b-f3e2-486f-904c-a341dcd44462,36.71248536556959,36.71248536556959,50.0,1,1,0
/CustomerService/UpdateCustomerb00cab8d-d95a-415d-95c2-67a8c87b103d,9.986760094761848,9.986760094761848,50.0,1,1,0
/CustomerService/UpdateCustomerb05cabe9-140d-487f-978b-1d326c586b1a,6.908440962433815,6.908440962433815,50.0,1,1,0
/CustomerService/UpdateCustomerb12369e6-cb1b-445c-9ab4-5d6e075073a4,8.865137118846178,8.865137118846178,50.0,1,1,0
/CustomerService/UpdateCustomerb206645a-591d-4474-a261-05f7cc40e5eb,5.834917072206736,5.834917072206736,50.0,1,1,0
/CustomerService/UpdateCustomerb263fb6a-7f69-4837-9d0d-9bca5436ea16,5.297917872667313,5.297917872667313,50.0,1,1,0
/CustomerService/UpdateCustomerb4e50c64-da76-4658-a1e8-1008013e137e,6.385898217558861,6.385898217558861,50.0,1,1,0
/CustomerService/UpdateCustomerba74a497-08d2-4dc5-8bf8-f262b6ba8b9b,5.599047057330608,5.599047057330608,50.0,1,1,0
/CustomerService/UpdateCustomerbcdcf448-7466-454f-8155-e223d6157b25,5.3237550891935825,5.3237550891935825,50.0,1,1,0
/CustomerService/UpdateCustomerc1b8bbf5-8283-40cc-961d-2f47030b7d44,8.909737225621939,8.909737225621939,50.0,1,1,0
/CustomerService/UpdateCustomerd0f8fbe2-2b53-451d-a51f-a8de1c1e217d,5.048292689025402,5.048292689025402,50.0,1,1,0
/CustomerService/UpdateCustomerdd47ce52-db31-46ba-a2d1-cf9aa11199b6,12.25780788809061,12.25780788809061,50.0,1,1,0
/CustomerService/UpdateCustomerde4dc75c-9244-4b40-8837-0c959142870e,11.204559821635485,11.204559821635485,50.0,1,1,0
/CustomerService/UpdateCustomerdeca460f-bd58-4504-99e7-5f54c9f4eb3d,10.968196205794811,10.968196205794811,50.0,1,1,0
/CustomerService/UpdateCustomere2a626f3-ad5a-499f-8081-a24d61f8fc9b,6.538530811667442,6.538530811667442,50.0,1,1,0
/CustomerService/UpdateCustomere4c903e4-7116-44ea-b7bf-33a28eb25ac3,4.411659203469753,4.411659203469753,50.0,1,1,0
/CustomerService/UpdateCustomere83264fc-24e7-46d5-a952-d1629be353a7,14.685218688100576,14.685218688100576,50.0,1,1,0
/CustomerService/UpdateCustomerf0802765-96c7-484b-b1d1-72eb9b066ab7,6.9699157029390335,6.9699157029390335,50.0,1,1,0
/CustomerService/UpdateCustomerf10987e6-51e5-46f7-9b5e-fb65e487d051,11.011963244527578,11.011963244527578,50.0,1,1,0
/CustomerService/UpdateCustomerf26ba3ec-62cb-4545-a31a-7262f8002f96,6.621305365115404,6.621305365115404,50.0,1,1,0
/CustomerService/UpdateCustomerf4ebb045-bf26-4fb8-a60f-2e18b4fa1b4a,14.165878761559725,14.165878761559725,50.0,1,1,0
/CustomerService/UpdateCustomerf5357b2b-69c4-4b69-a72a-19b74c1c8f42,8.973984979093075,8.973984979093075,50.0,1,1,0
/CustomerService/UpdateCustomerf7305c42-b379-4726-ae45-fdf1c9616d19,8.740846067667007,8.740846067667007,50.0,1,1,0
/CustomerService/UpdateCustomerfd2ddfa8-4b0e-4bf7-85b2-6e9bddf3935e,14.197085984051228,14.197085984051228,50.0,1,1,0
/CustomerService/getCustomer0241a80f-c6a3-4d9a-9e65-5bd43ae85514,1.9023916684091091,1.9023916684091091,2.0,1,1,0
/CustomerService/getCustomer03c5ea36-12e8-40c9-b64f-220185c7d341,3.948776051402092,3.948776051402092,2.0,1,1,0
/CustomerService/getCustomer0a04a66e-a816-45bd-a402-4244cc7f1562,5.529453046619892,5.529453046619892,2.0,1,1,0
/CustomerService/getCustomer0b180064-7cf9-4248-a78c-12f21b835375,5.238767247647047,5.238767247647047,2.0,1,1,0
/CustomerService/getCustomer0f98606f-21ca-4ca2-80e3-f65ab912cd69,2.7875471860170364,2.7875471860170364,2.0,1,1,0
/CustomerService/getCustomer104d952e-207b-4726-b9d3-d9f15c112b67,8.683577179908752,8.683577179908752,2.0,1,1,0
/CustomerService/getCustomer1278667b-146a-4a79-bde6-70640238d5ec,7.283284794539213,7.283284794539213,2.0,1,1,0
/CustomerService/getCustomer12a15409-0e42-4631-acf0-906ba23047fc,4.9289013259112835,4.9289013259112835,2.0,1,1,0
/CustomerService/getCustomer1998a6f3-8d68-4e2a-925d-e1e219428b8a,6.976057309657335,6.976057309657335,2.0,1,1,0
/CustomerService/getCustomer1c94468b-9256-4883-8a96-55445c8b2d90,4.077722318470478,4.077722318470478,2.0,1,1,0
/CustomerService/getCustomer1debf3db-8683-470d-bfc6-63021e950741,4.096330143511295,4.096330143511295,2.0,1,1,0
/CustomerService/getCustomer28a762da-319e-443d-ae12-d12e6374445f,3.058208152651787,3.058208152651787,2.0,1,1,0
/CustomerService/getCustomer2b709caf-3d34-424e-b7f9-f1dece5f5d64,3.6010239273309708,3.6010239273309708,2.0,1,1,0
/CustomerService/getCustomer2eb8c005-a211-4616-9dea-ade703f352c4,2.8462009504437447,2.8462009504437447,2.0,1,1,0
/CustomerService/getCustomer30386336-e85a-4be4-a6fb-8f8766f2ad08,14.456144068390131,14.456144068390131,2.0,1,1,0
/CustomerService/getCustomer319bda7c-8ed5-400a-ae8f-1d5ff5980075,7.1369679644703865,7.1369679644703865,2.0,1,1,0
/CustomerService/getCustomer3703edb8-270e-4a49-b3ef-bf78ccf4b141,3.265965264290571,3.265965264290571,2.0,1,1,0
/CustomerService/getCustomer39d41b90-aeb3-4d6e-99f0-771720069698,6.4179981127381325,6.4179981127381325,2.0,1,1,0
/CustomerService/getCustomer3a0bf684-b00a-480d-8d9f-366fcd1ee9c0,4.634941928088665,4.634941928088665,2.0,1,1,0
/CustomerService/getCustomer3dbae4bc-5ca5-42a4-a358-cac7e54ff04e,7.021347992122173,7.021347992122173,2.0,1,1,0
/CustomerService/getCustomer41dd698a-0cc1-4a25-b998-5c93fefb1458,2.0077480003237724,2.0077480003237724,2.0,1,1,0
/CustomerService/getCustomer45bd1e9f-f9bb-4397-97f4-35c6e86bf97c,3.812256269156933,3.812256269156933,2.0,1,1,0
/CustomerService/getCustomer4b3b7d87-a95a-4316-8c24-e2f4545f92fe,7.036260329186916,7.036260329186916,2.0,1,1,0
/CustomerService/getCustomer4ce5be01-0986-4afd-ac36-c28162ecf2a1,5.976906977593899,5.976906977593899,2.0,1,1,0
/CustomerService/getCustomer5123281c-5f26-481b-bdd2-5e24321626c9,1.9084247760474682,1.9084247760474682,2.0,1,1,0
/CustomerService/getCustomer589b9664-b167-4e06-bb67-ac75e3fa38d9,3.9731264114379883,3.9731264114379883,2.0,1,1,0
/CustomerService/getCustomer5dca963f-5dea-4621-940c-740626e66a24,7.359604816883802,7.359604816883802,2.0,1,1,0
/CustomerService/getCustomer61741857-3620-43c7-90f8-3d3281048bdd,4.3218242935836315,4.3218242935836315,2.0,1,1,0
/CustomerService/getCustomer6804da77-7c0b-4f17-8f6d-270c91ed2a99,5.037542898207903,5.037542898207903,2.0,1,1,0
/CustomerService/getCustomer69275b85-4dc8-4b2f-8472-77bd3392b445,4.324540961533785,4.324540961533785,2.0,1,1,0
/CustomerService/getCustomer6c8a1ebf-78f8-4caa-860e-37af6065caa5,2.3666382767260075,2.3666382767260075,2.0,1,1,0
/CustomerService/getCustomer6ce8367b-ed58-42e0-ab82-3e9ad800fc83,8.964985143393278,8.964985143393278,2.0,1,1,0
/CustomerService/getCustomer741a2b57-41b1-4b97-98d9-46db1c129a44,16.502512153238058,16.502512153238058,2.0,1,1,0
/CustomerService/getCustomer76457f08-f220-4558-b44f-79e3ad1dc461,4.200654570013285,4.200654570013285,2.0,1,1,0
/CustomerService/getCustomer7828a5de-f4a7-4e42-8bd6-f1f2c66b7f97,4.515539854764938,4.515539854764938,2.0,1,1,0
/CustomerService/getCustomer7ebdbf01-811c-4cb6-a920-3ddc28d18d6c,2.2068480029702187,2.2068480029702187,2.0,1,1,0
/CustomerService/getCustomer80e35444-b108-460f-ac42-f4d28438425b,2.790462225675583,2.790462225675583,2.0,1,1,0
/CustomerService/getCustomer83d0b72e-0e28-496a-950a-5ce6d4f11cc1,3.248685970902443,3.248685970902443,2.0,1,1,0
/CustomerService/getCustomer858a2292-752d-414a-902f-966973be021c,6.673507858067751,6.673507858067751,2.0,1,1,0
/CustomerService/getCustomer86e5d4f9-7b0b-42a9-bff3-64b978822e6e,6.8258121609687805,6.8258121609687805,2.0,1,1,0
/CustomerService/getCustomer8a47a45e-153a-4827-a93e-9ba1ed8b4df9,5.790309980511665,5.790309980511665,2.0,1,1,0
/CustomerService/getCustomer8b0f3e6d-a0e0-44b0-aa03-006818f72622,5.6852540001273155,5.6852540001273155,2.0,1,1,0
/CustomerService/getCustomer8c38879f-ad42-4712-897c-2c24d44f8940,6.42596697434783,6.42596697434783,2.0,1,1,0
/CustomerService/getCustomer8d0fff4e-8fa5-4919-a96b-0072a7ba38a2,1.7538429237902164,1.7538429237902164,2.0,1,1,0
/CustomerService/getCustomer8ed73b83-6c6b-49e4-84f5-f882e8cb8470,3.2584555447101593,3.2584555447101593,2.0,1,1,0
/CustomerService/getCustomer91271377-ed95-4bd3-9c2d-462c5e96f5c4,7.367847021669149,7.367847021669149,2.0,1,1,0
/CustomerService/getCustomer94c7123d-a635-4158-9e23-33350dbab0f4,4.379746038466692,4.379746038466692,2.0,1,1,0
/CustomerService/getCustomer97a3204c-e01c-4dd0-b2ca-0f38cb75c888,3.5198419354856014,3.5198419354856014,2.0,1,1,0
/CustomerService/getCustomer97becdfd-dc9b-4a03-8f45-963ce07701fc,5.020280834287405,5.020280834287405,2.0,1,1,0
/CustomerService/getCustomer97ed6046-10e3-4a07-8368-b036351ea024,5.824326071888208,5.824326071888208,2.0,1,1,0
/CustomerService/getCustomer993e8699-5d6a-4516-a421-b3a4b6139308,5.200190935283899,5.200190935283899,2.0,1,1,0
/CustomerService/getCustomer99e5ab65-115d-40f0-a02a-273a930137d1,1.2347609736025333,1.2347609736025333,2.0,1,1,0
/CustomerService/getCustomer9a69a67e-3a8d-4209-ad00-7a1b6e2f2665,5.120456218719482,5.120456218719482,2.0,1,1,0
/CustomerService/getCustomer9b3a70ea-df92-4003-9e93-34e5fbb14196,3.5196891985833645,3.5196891985833645,2.0,1,1,0
/CustomerService/getCustomera00e55bb-d369-4c92-a6e5-b81d01461d92,2.7447659522295,2.7447659522295,2.0,1,1,0
/CustomerService/getCustomerad2bd58d-96e9-43df-9580-e13fb1f905e4,2.887857146561146,2.887857146561146,2.0,1,1,0
/CustomerService/getCustomerb018ad3d-dbf6-484d-9ca8-d2f4f142c9f2,6.886485032737255,6.886485032737255,2.0,1,1,0
/CustomerService/getCustomerbb8cb799-3b2b-43a6-809b-bb1f14d01b28,2.74069095030427,2.74069095030427,2.0,1,1,0
/CustomerService/getCustomerc58ffe06-458d-4d0c-a744-70e065d8e77a,5.7038539089262486,5.7038539089262486,2.0,1,1,0
/CustomerService/getCustomerc67f645f-a110-4c2b-92b8-fd6f5c08ed3d,2.8441641479730606,2.8441641479730606,2.0,1,1,0
/CustomerService/getCustomercbe7a443-b7b7-49e8-b35e-c0d200169a77,3.6753290332853794,3.6753290332853794,2.0,1,1,0
/CustomerService/getCustomercd8f31f9-774f-41ce-a49b-7cc3bb15d8f1,5.969041027128696,5.969041027128696,2.0,1,1,0
/CustomerService/getCustomerd9ba6a08-3cc0-48bf-8b85-a9f148f96f60,4.921209067106247,4.921209067106247,2.0,1,1,0
/CustomerService/getCustomerda2c9c45-7323-4e52-97eb-e229c52d7f1c,6.234791595488787,6.234791595488787,2.0,1,1,0
/CustomerService/getCustomerdb2656c1-6016-4ae7-971b-e832c42f06b6,6.6613401286304,6.6613401286304,2.0,1,1,0
/CustomerService/getCustomerdece5c99-6731-4bdf-9a24-fdff57048dd3,2.957414835691452,2.957414835691452,2.0,1,1,0
/CustomerService/getCustomere02d4b01-d42e-4202-9afc-c1158fc52eea,2.155838068574667,2.155838068574667,2.0,1,1,0
/CustomerService/getCustomere2640a8f-9bdd-4b4f-a01a-094731022eef,3.144487738609314,3.144487738609314,2.0,1,1,0
/CustomerService/getCustomere53a95e0-65ac-44bf-8b25-228d4a2276d8,3.7865587510168552,3.7865587510168552,2.0,1,1,0
/CustomerService/getCustomere78a7b81-c20b-4bfd-9e0f-790a31cf666f,9.341917000710964,9.341917000710964,2.0,1,1,0
/CustomerService/getCustomere7b6442e-8a00-4fd5-9926-f22120030f43,3.0787819996476173,3.0787819996476173,2.0,1,1,0
/CustomerService/getCustomere92b5492-8aff-492a-afd2-613e9431e01e,7.052223198115826,7.052223198115826,2.0,1,1,0
/CustomerService/getCustomerec1c82a0-af54-452c-95de-d53af7eaa630,2.346416935324669,2.346416935324669,2.0,1,1,0
/CustomerService/getCustomerf27c25d2-0007-4a32-a3a2-dadebd4cff5d,37.16170182451606,37.16170182451606,2.0,1,1,0
/CustomerService/getCustomerf4d841da-9d3e-4103-a9aa-2aa773cafb02,4.9795410595834255,4.9795410595834255,2.0,1,1,0
/CustomerService/getCustomerf5173d69-7e83-49b0-bebb-7e7db4749b4f,4.197300877422094,4.197300877422094,2.0,1,1,0
/CustomerService/getCustomerf8b2725c-b764-458a-be25-4d75120a2c54,7.19849718734622,7.19849718734622,2.0,1,1,0
/CustomerService/getCustomerf8f9c742-a243-48a6-84db-0449783162e7,5.04969572648406,5.04969572648406,2.0,1,1,0
/CustomerService/getCustomerfb643fc0-847c-4a31-aa90-13eee1487f64,4.720213823020458,4.720213823020458,2.0,1,1,0
/CustomerService/getCustomerfc6679dd-caaa-4f2e-9d87-0f54faaf1d4d,5.120549350976944,5.120549350976944,2.0,1,1,0
/OrderService/CreateOrder01c589f8-74f3-4cbb-9a55-f8315f4f2dd2,3.130266908556223,3.130266908556223,50.0,1,1,0
/OrderService/CreateOrder03c1ac29-7179-4085-a347-e92ef5634128,4.877965897321701,4.877965897321701,50.0,1,1,0
/OrderService/CreateOrder03e70944-6be9-40a9-8cd9-8c1620d141ea,3.3502019941806793,3.3502019941806793,50.0,1,1,0
/OrderService/CreateOrder04b06f66-b082-4ad9-9e62-0fce4c907f38,5.067069083452225,5.067069083452225,50.0,1,1,0
/OrderService/CreateOrder0b989fc9-b11a-4f2b-ba58-86650147c911,3.107671160250902,3.107671160250902,50.0,1,1,0
/OrderService/CreateOrder0ffdc038-55e8-4098-a169-97cd1fd54ef8,3.603847697377205,3.603847697377205,49.0,1,1,0
/OrderService/CreateOrder14a0cf38-6c25-4530-b851-15091bbc99c1,3.4494316205382347,3.4494316205382347,50.0,1,1,0
/OrderService/CreateOrder1aecd7bc-a002-486f-b9a6-ff717b79a5f0,2.993739675730467,2.993739675730467,50.0,1,1,0
/OrderService/CreateOrder1b266d4b-334d-42c4-b85c-25fb773e5069,3.2381322234869003,3.2381322234869003,50.0,1,1,0
/OrderService/CreateOrder1bfaeeb0-b876-445b-b5be-8bdb136c0f8a,3.291667904704809,3.291667904704809,50.0,1,1,0
/OrderService/CreateOrder252dc864-a3dd-48ef-a71f-29aba444f2a3,1.8266020342707634,1.8266020342707634,50.0,1,1,0
/OrderService/CreateOrder2afb0a97-cbc2-48da-a49f-cde03da697d9,3.23856296017766,3.23856296017766,50.0,1,1,0
/OrderService/CreateOrder2c3dabf0-d185-488e-a09b-d800f32edb43,3.600478172302246,3.600478172302246,50.0,1,1,0
/OrderService/CreateOrder2ecfeb7b-c505-48d5-ab64-2f718aad77bb,10.950382798910141,10.950382798910141,50.0,1,1,0
/OrderService/CreateOrder2fbe381d-f6ed-48b6-b200-bf684cd57646,2.861608285456896,2.861608285456896,50.0,1,1,0
/OrderService/CreateOrder318e6e5e-8bca-4ff8-95da-1fa5bd7b8d00,10.793072637170553,10.793072637170553,50.0,1,1,0
/OrderService/CreateOrder32055954-d6fd-4788-84a7-47fabe3467a4,3.012938890606165,3.012938890606165,50.0,1,1,0
/OrderService/CreateOrder36463d0e-23d4-4f06-a091-b27db427231d,30.284640844911337,30.284640844911337,50.0,1,1,0
/OrderService/CreateOrder398152ea-b5c5-466e-89f2-146d5617f4b9,2.573626581579447,2.573626581579447,50.0,1,1,0
/OrderService/CreateOrder3e4fc13b-2cff-4d1f-8325-628ec16941dd,4.212530795484781,4.212530795484781,50.0,1,1,0
/OrderService/CreateOrder42cb831d-c51a-4085-b5c8-e26190e22629,2.865321934223175,2.865321934223175,50.0,1,1,0
/OrderService/CreateOrder44a66c73-08ca-4c07-90a9-4b1e42425511,2.3992699570953846,2.3992699570953846,49.0,1,1,0
/OrderService/CreateOrder486c6af1-fed0-4d70-99cf-16403715f11c,2.777834888547659,2.777834888547659,50.0,1,1,0
/OrderService/CreateOrder4cf61eaa-d960-48c9-a2cc-91ffe78593dc,2.6592453941702843,2.6592453941702843,50.0,1,1,0
/OrderService/CreateOrder50467305-f9cb-4020-a1ef-8fb30fd9a89c,27.812913991510868,27.812913991510868,50.0,1,1,0
/OrderService/CreateOrder51f254d4-e5f0-4aca-bf61-8ecfc8359afa,4.572583828121424,4.572583828121424,50.0,1,1,0
/OrderService/CreateOrder52288a60-676c-41f4-b783-1b8b8236ca01,4.2425538413226604,4.2425538413226604,50.0,1,1,0
/OrderService/CreateOrder5253ef8a-ad00-4754-973d-0f8b0191a918,2.593736629933119,2.593736629933119,50.0,1,1,0
/OrderService/CreateOrder5360b6bf-a873-47cf-9d4a-6617eaf28e3c,4.892406985163689,4.892406985163689,50.0,1,1,0
/OrderService/CreateOrder54b434d4-1aaa-4919-a59f-0b48325cf49f,1.257432159036398,1.257432159036398,50.0,1,1,0
/OrderService/CreateOrder54daef1b-a487-4939-9eec-05862e543743,2.8203330002725124,2.8203330002725124,49.0,1,1,0
/OrderService/CreateOrder55df6686-de47-4104-a33c-8629bdd2e98a,2.807911019772291,2.807911019772291,50.0,1,1,0
/OrderService/CreateOrder58fca563-277e-4441-937c-79f325c34c6b,2.3381179198622704,2.3381179198622704,50.0,1,1,0
/OrderService/CreateOrder5cd3191e-a2e6-4da2-b9f2-028457be9d53,1.7900741659104824,1.7900741659104824,50.0,1,1,0
/OrderService/CreateOrder62891dba-65ac-4145-ab5d-18f949ccf50a,6.983539089560509,6.983539089560509,50.0,1,1,0
/OrderService/CreateOrder67c6c539-0440-4781-b1ef-5cdc6fa8b134,9.264199063181877,9.264199063181877,50.0,1,1,0
/OrderService/CreateOrder74d729f0-0c6f-488a-94ac-bd173dfcf2e4,1.8872818909585476,1.8872818909585476,50.0,1,1,0
/OrderService/CreateOrder7689b796-35d8-41f1-88bf-9d378d0477c1,10.418638121336699,10.418638121336699,50.0,1,1,0
/OrderService/CreateOrder77ceacd9-85c2-4f7d-8c2b-d97fcf731404,2.21407413482666,2.21407413482666,50.0,1,1,0
/OrderService/CreateOrder78bf5cad-f238-4462-a863-8497d74599ea,6.8196263164281845,6.8196263164281845,50.0,1,1,0
/OrderService/CreateOrder7ca8e80f-0203-4347-9e4d-50884ccf8960,4.2106639593839645,4.2106639593839645,50.0,1,1,0
/OrderService/CreateOrder7ddec840-ab4e-4425-a08d-3dcb61085835,3.8208109326660633,3.8208109326660633,50.0,1,1,0
/OrderService/CreateOrder7ebda4d8-e79f-4add-87c0-2558812c02e3,2.2053313441574574,2.2053313441574574,50.0,1,1,0
/OrderService/CreateOrder7fa9d5a5-ae4d-49fe-9665-576a0fc21b4a,2.554636914283037,2.554636914283037,50.0,1,1,0
/OrderService/CreateOrder80153a2a-8c57-4f18-baa4-d63c21c55ea5,2.9687760397791862,2.9687760397791862,50.0,1,1,0
/OrderService/CreateOrder86964a62-d29a-46ff-a82d-26558fc11187,3.5632671788334846,3.5632671788334846,50.0,1,1,0
/OrderService/CreateOrder89332a58-a5bc-48c4-821c-b74b1572f90e,2.609613351523876,2.609613351523876,50.0,1,1,0
/OrderService/CreateOrder8aa735bf-5b40-4385-b0b7-d9af35d424e3,4.255149979144335,4.255149979144335,50.0,1,1,0
/OrderService/CreateOrder8d8d04ec-9d87-4117-b4f7-6c249e03bdf8,3.967961296439171,3.967961296439171,50.0,1,1,0
/OrderService/CreateOrder8df33a3d-649d-40a6-9223-d4f56ff8de5d,4.0279291570186615,4.0279291570186615,50.0,1,1,0
/OrderService/CreateOrdera09a2289-e59c-48ba-913f-2992a589cbb3,3.784018103033304,3.784018103033304,50.0,1,1,0
/OrderService/CreateOrdera4ea1abc-6927-414a-8cc4-ee1cdd843499,3.546596970409155,3.546596970409155,50.0,1,1,0
/OrderService/CreateOrdera51942d4-4b26-4246-8c41-ed3179cf6820,2.9595997184515,2.9595997184515,50.0,1,1,0
/OrderService/CreateOrderabcb072f-4762-40b3-b09c-278d13f646c4,7.72626418620348,7.72626418620348,50.0,1,1,0
/OrderService/CreateOrderad58ff77-1cc7-4cb3-a5f4-b45a05d6e741,3.4337849356234074,3.4337849356234074,50.0,1,1,0
/OrderService/CreateOrderae21cbbb-7643-4dfa-9d8e-57288fc45ae9,3.1726332381367683,3.1726332381367683,50.0,1,1,0
/OrderService/CreateOrderb18290b5-af18-45a8-b327-143a3491a4cb,2.9542502015829086,2.9542502015829086,50.0,1,1,0
/OrderService/CreateOrderb8213123-126f-4665-a3a2-4c73b369b8ff,4.188304301351309,4.188304301351309,50.0,1,1,0
/OrderService/CreateOrderbab15922-438c-4261-9f42-c9c4b866d863,2.6366799138486385,2.6366799138486385,50.0,1,1,0
/OrderService/CreateOrderbef49126-ba57-4133-b2e8-0328e2f4f2e1,5.168044939637184,5.168044939637184,50.0,1,1,0
/OrderService/CreateOrderbefcc932-3a96-45cc-bc16-8979fbb0278b,2.7329279109835625,2.7329279109835625,50.0,1,1,0
/OrderService/CreateOrderc2e316c4-354f-47bc-a686-d6b8c08e56ea,2.8700889088213444,2.8700889088213444,50.0,1,1,0
/OrderService/CreateOrderc4053671-abcd-429a-ab9f-da80f1df3598,2.7647558599710464,2.7647558599710464,50.0,1,1,0
/OrderService/CreateOrderc8fcca36-2d50-4759-8781-7f17de4f9cde,3.4258891828358173,3.4258891828358173,50.0,1,1,0
/OrderService/CreateOrderc9953af1-658f-432f-88f7-76a23408508a,4.579300060868263,4.579300060868263,50.0,1,1,0
/OrderService/CreateOrderced1087c-54f5-4c13-a91a-cc73675e06f7,3.591671586036682,3.591671586036682,50.0,1,1,0
/OrderService/CreateOrderd243281d-ff1d-4661-b8d8-8dcf5fc1b29a,3.281508106738329,3.281508106738329,49.0,1,1,0
/OrderService/CreateOrderd4d9d5f1-a957-4a29-977b-ed5885c30d5d,4.90598613396287,4.90598613396287,50.0,1,1,0
/OrderService/CreateOrderd6c26bc0-e21d-4dcb-8654-34a9cc339ace,2.5987359695136547,2.5987359695136547,50.0,1,1,0
/OrderService/CreateOrderd8efb64f-4b71-40ec-87d1-67c74104c66f,2.9330309480428696,2.9330309480428696,50.0,1,1,0
/OrderService/CreateOrderda47e288-df89-4f44-ae7d-b6241913ffa4,3.2033370807766914,3.2033370807766914,50.0,1,1,0
/OrderService/CreateOrdere17ec703-271e-4352-827b-d5eb90de7d0e,2.832103054970503,2.832103054970503,50.0,1,1,0
/OrderService/CreateOrdere561cd87-0c58-4ffa-91cb-8aee3e0efdcc,4.803630989044905,4.803630989044905,50.0,1,1,0
/OrderService/CreateOrdere95c8e34-8d4d-4db1-8c54-4de307dabfd7,3.1981677748262882,3.1981677748262882,50.0,1,1,0
/OrderService/CreateOrderf02aecc6-b8e9-4e58-961b-f4638639d807,3.1333286315202713,3.1333286315202713,50.0,1,1,0
/OrderService/CreateOrderf2aba3fb-9062-4c7d-8b5a-8e70a9ec0bd1,2.2602113895118237,2.2602113895118237,50.0,1,1,0
/OrderService/CreateOrderf3d856ab-af13-48d7-8465-c8fd5e858c91,26.807844638824463,26.807844638824463,50.0,1,1,0
/OrderService/CreateOrderfa7ca9f7-8104-46a1-b8b1-07ece9e79d5b,2.366784028708935,2.366784028708935,50.0,1,1,0
/OrderService/CreateOrderff4ef7d4-1633-48db-9926-6cde1361ff31,2.946272026747465,2.946272026747465,50.0,1,1,0
/OrderService/CreateOrderff674f62-ab3e-4f2d-9be9-9afa1a3d65ac,30.08957300335169,30.08957300335169,50.0,1,1,0
/OrderService/GetOrder02944fe0-989a-4bf6-9464-a5c95e03c5f2,1.2656566686928272,1.2656566686928272,3.0,1,1,0
/OrderService/GetOrder0399cd86-094f-4766-9758-e1e0200e351f,2.014072146266699,2.014072146266699,3.0,1,1,0
/OrderService/GetOrder050c93a0-6114-4691-9863-25fb5d09ba47,3.8109919987618923,3.8109919987618923,3.0,1,1,0
/OrderService/GetOrder097d33bb-89a8-41ea-846e-e7c8ac8989b1,6.84595201164484,6.84595201164484,3.0,1,1,0
/OrderService/GetOrder09f9ff72-42f1-491a-bbf2-893453181570,2.137155272066593,2.137155272066593,3.0,1,1,0
/OrderService/GetOrder0c681b31-72a2-4f9e-ad67-5ef9f8388cf7,1.8607531674206257,1.8607531674206257,3.0,1,1,0
/OrderService/GetOrder0d6bc829-1f22-4467-a5a3-45e9cd5e28ea,1.3507958501577377,1.3507958501577377,2.0,1,1,0
/OrderService/GetOrder0e6497bc-d6a3-4b14-a6bf-e7e57fab74ce,2.404905389994383,2.404905389994383,3.0,1,1,0
/OrderService/GetOrder0f0b4361-fc93-4362-aa40-76065368d9a2,2.0380388014018536,2.0380388014018536,3.0,1,1,0
/OrderService/GetOrder11bac6c5-abd2-4db0-bc08-2648c55bad5d,2.67345504835248,2.67345504835248,3.0,1,1,0
/OrderService/GetOrder14115bc2-e8c3-4423-9d4f-0a2432acfdb0,2.8526270762085915,2.8526270762085915,3.0,1,1,0
/OrderService/GetOrder15ba7517-f5d4-4033-84b7-465a0f2b6508,1.9494029693305492,1.9494029693305492,3.0,1,1,0
/OrderService/GetOrder1bc81705-a4c2-4955-b061-f3d372f5c7c9,2.280652988702059,2.280652988702059,2.0,1,1,0
/OrderService/GetOrder26632575-6abd-460c-b4d6-d02276fb659a,3.6129988729953766,3.6129988729953766,2.0,1,1,0
/OrderService/GetOrder28755e1a-3ff2-4377-a7e3-331c2249d9d3,1.2952028773725033,1.2952028773725033,3.0,1,1,0
/OrderService/GetOrder295d3b96-36f5-4eed-9cde-796a4ae2624f,2.2558090277016163,2.2558090277016163,3.0,1,1,0
/OrderService/GetOrder2a811b54-7dd6-43d5-8b11-8389fd20be59,29.755661264061928,29.755661264061928,3.0,1,1,0
/OrderService/GetOrder3332410f-050d-495c-bf83-25436fb4037d,2.2454913705587387,2.2454913705587387,3.0,1,1,0
/OrderService/GetOrder33586380-d187-47e8-8b28-b92046374e33,2.271392848342657,2.271392848342657,2.0,1,1,0
/OrderService/GetOrder36928b67-f0bc-4552-9de7-fe866b38fd3f,1.534119714051485,1.534119714051485,3.0,1,1,0
/OrderService/GetOrder3862a9a3-24eb-4bec-bc66-a0dd8763672f,1.8085152842104435,1.8085152842104435,3.0,1,1,0
/OrderService/GetOrder39a4a717-c435-4977-9877-8b517e324e4a,2.1526399068534374,2.1526399068534374,3.0,1,1,0
/OrderService/GetOrder3c9a1677-6753-4c9c-a921-93dfcb25253a,2.326296176761389,2.326296176761389,3.0,1,1,0
/OrderService/GetOrder417d3336-eb40-48d9-9ba1-60bc9aa9daa3,3.5649193450808525,3.5649193450808525,3.0,1,1,0
/OrderService/GetOrder4253d04b-7b96-4cc9-a261-0366fbb871ed,2.7522817254066467,2.7522817254066467,3.0,1,1,0
/OrderService/GetOrder45a37816-3b4e-4a1b-9124-f7c6c4ce8e00,1.6342159360647202,1.6342159360647202,3.0,1,1,0
/OrderService/GetOrder47eeed1e-ef86-4646-9a9a-dca0c63ad8cd,1.6577653586864471,1.6577653586864471,3.0,1,1,0
/OrderService/GetOrder482d6cfe-568e-4374-9ed6-57fa4af036dc,2.6286146603524685,2.6286146603524685,3.0,1,1,0
/OrderService/GetOrder4b3d5d98-c48e-4fcf-b252-daf006e2c1c1,0.9684939868748188,0.9684939868748188,3.0,1,1,0
/OrderService/GetOrder4d0f01f2-e9e8-447b-a06a-befc09a180c5,1.7075613141059875,1.7075613141059875,3.0,1,1,0
/OrderService/GetOrder537de901-a693-4d4b-9662-29a8a0da0251,3.7973918952047825,3.7973918952047825,2.0,1,1,0
/OrderService/GetOrder55e5e92e-72d7-4268-887f-54f5e8c21e6b,5.189863033592701,5.189863033592701,3.0,1,1,0
/OrderService/GetOrder58b51eb6-431e-452c-b22e-2919fc6cb9f2,1.1191237717866898,1.1191237717866898,3.0,1,1,0
/OrderService/GetOrder5d59143a-5b8c-4df9-be0d-7a456ccdc453,2.8532990254461765,2.8532990254461765,2.0,1,1,0
/OrderService/GetOrder6611d195-ede2-4468-a51b-90565b68821e,1.8245158717036247,1.8245158717036247,3.0,1,1,0
/OrderService/GetOrder66cb018e-eca5-4ec2-b7e6-782d42309b4e,4.060904029756784,4.060904029756784,3.0,1,1,0
/OrderService/GetOrder739d0fb5-4451-47f3-8e1c-68f594938726,2.2291657514870167,2.2291657514870167,3.0,1,1,0
/OrderService/GetOrder7a17fb22-e353-47ac-87cc-32c51b87cbc3,2.047997899353504,2.047997899353504,3.0,1,1,0
/OrderService/GetOrder7bf71332-93a9-4e06-bb93-4bf410a99d93,2.197492867708206,2.197492867708206,3.0,1,1,0
/OrderService/GetOrder7cdceff2-64c1-4ee9-9c95-a8e1459937c7,3.341651987284422,3.341651987284422,3.0,1,1,0
/OrderService/GetOrder7d9a62dc-0cd3-44e2-bd42-b7e55c549e40,2.2382796742022038,2.2382796742022038,3.0,1,1,0
/OrderService/GetOrder7edc1ede-f117-45ed-8da2-9d425a7b99ea,1.1248220689594746,1.1248220689594746,3.0,1,1,0
/OrderService/GetOrder888d0439-2b85-4a81-bdb0-a4a5c830a07d,2.1292739547789097,2.1292739547789097,3.0,1,1,0
/OrderService/GetOrder89919333-1a52-4dbe-82f7-3349a62d53d9,2.1262019872665405,2.1262019872665405,3.0,1,1,0
/OrderService/GetOrder8a78d5c8-3fbc-4e77-9f78-f031f6931f54,2.436598762869835,2.436598762869835,3.0,1,1,0
/OrderService/GetOrder90879c02-439c-4a92-9bdb-31394661e14f,2.023290377110243,2.023290377110243,3.0,1,1,0
/OrderService/GetOrder944aa908-eeca-4f08-8a84-91470befdd34,4.279328975826502,4.279328975826502,3.0,1,1,0
/OrderService/GetOrder9589e220-9e66-4d42-9901-6329f6710a72,1.9498630426824093,1.9498630426824093,3.0,1,1,0
/OrderService/GetOrder981a5734-efe2-4780-ab9d-03a7d6e261e3,1.9961190409958363,1.9961190409958363,3.0,1,1,0
/OrderService/GetOrder99f5c9aa-b43c-436d-bbc0-54b93de2243b,1.996173057705164,1.996173057705164,3.0,1,1,0
/OrderService/GetOrder9b84fe68-6950-4c2b-af76-0d9c9a813d62,2.523916307836771,2.523916307836771,3.0,1,1,0
/OrderService/GetOrdera29170c5-240c-4a4a-abaf-3d0587c6ea43,2.238393295556307,2.238393295556307,3.0,1,1,0
/OrderService/GetOrdera2fe517c-9ef0-4503-9d94-724916b3215e,1.7657694406807423,1.7657694406807423,2.0,1,1,0
/OrderService/GetOrdera6066443-b4d6-48d0-adec-1e2134fff75f,1.771124079823494,1.771124079823494,3.0,1,1,0
/OrderService/GetOrdera7853aa8-119a-4df9-b3ad-e4a5d13634cf,2.581896260380745,2.581896260380745,3.0,1,1,0
/OrderService/GetOrderac5999c9-faee-47b5-b3c3-13c6fdbbab01,1.2489589862525463,1.2489589862525463,3.0,1,1,0
/OrderService/GetOrderaf6159c7-2292-4815-887c-b0ab6dbc109e,2.1059270948171616,2.1059270948171616,3.0,1,1,0
/OrderService/GetOrderafed3990-b5c3-42bd-af56-78e8e9f12847,2.0344029180705547,2.0344029180705547,3.0,1,1,0
/OrderService/GetOrderb57afbbc-c623-414b-8748-d583bc47abad,1.4992570504546165,1.4992570504546165,3.0,1,1,0
/OrderService/GetOrderb8d3e86d-67f5-4bd2-aa74-b16e4c14ec59,2.6110410690307617,2.6110410690307617,3.0,1,1,0
/OrderService/GetOrderba01f72e-66af-4184-abae-2d5d1ae34e06,1.565760001540184,1.565760001540184,3.0,1,1,0
/OrderService/GetOrderba90ced9-c474-40cd-b81a-8dd2167e14e0,2.7897506952285767,2.7897506952285767,3.0,1,1,0
/OrderService/GetOrderbfe7599a-c6ec-4d9d-8469-119b6cf03388,2.1820650435984135,2.1820650435984135,2.0,1,1,0
/OrderService/GetOrderc0ea3253-577a-4890-8a8d-0b2a0daa3b22,2.395492047071457,2.395492047071457,3.0,1,1,0
/OrderService/GetOrderc25fb006-f38c-4f7f-9b6b-d06148acba1a,2.2912458516657352,2.2912458516657352,3.0,1,1,0
/OrderService/GetOrderc71090a4-e5c4-4cc2-9281-a309b1ab3e81,1.8544229678809643,1.8544229678809643,3.0,1,1,0
/OrderService/GetOrderc9e06261-6016-48b3-9e81-e15a757bf5b8,1.492248848080635,1.492248848080635,2.0,1,1,0
/OrderService/GetOrderc9faa3bb-3119-4778-869d-323e926504c7,1.9802660681307316,1.9802660681307316,3.0,1,1,0
/OrderService/GetOrderccbf41eb-f975-4b3c-a698-ab65716172b0,2.1353992633521557,2.1353992633521557,3.0,1,1,0
/OrderService/GetOrdercebc2def-7542-43fa-a68a-c1fb419a4184,3.202856983989477,3.202856983989477,3.0,1,1,0
/OrderService/GetOrderd3cc1461-6b1d-4e72-a610-57a9f1ccb3da,2.650479320436716,2.650479320436716,3.0,1,1,0
/OrderService/GetOrderd79ef9f1-7b60-4878-b1c8-c749bb395ca9,1.5384149737656116,1.5384149737656116,2.0,1,1,0
/OrderService/GetOrderdb03523a-ab86-424a-8306-b09e161a80d5,1.817832700908184,1.817832700908184,3.0,1,1,0
/OrderService/GetOrdere6a0e65e-ef8f-40b6-9b5d-70784ab91447,2.0343386568129063,2.0343386568129063,3.0,1,1,0
/OrderService/GetOrderec491c83-8786-414b-865c-51e4a16600b9,1.375123392790556,1.375123392790556,3.0,1,1,0
/OrderService/GetOrderee4b7054-f213-4b0f-8be6-dc9cab27087c,6.884471978992224,6.884471978992224,3.0,1,1,0
/OrderService/GetOrderf5a860b8-85f2-4135-96a0-fd3172f58b5c,1.8964656628668308,1.8964656628668308,3.0,1,1,0
/OrderService/GetOrderfc5c5b69-22a5-4e09-971f-89b108e3701c,2.135156188160181,2.135156188160181,3.0,1,1,0
/OrderService/GetOrderfe17e588-d1ce-4f38-a7d3-f955ed908e46,2.5767129845917225,2.5767129845917225,3.0,1,1,0
/OrderService/GetOrderffee27a6-fab1-478f-b7dd-bc24c69d2648,1.4776671305298805,1.4776671305298805,3.0,1,1,0
Aggregated,6.572029444214422,5.0,32.2140625,-1,1,0
