Service,Average Response Time,Medium Response Time,Request Size,Request Type,Frequency,Size
/CatalogService/AddItem01756327-345c-4f9e-8c46-0a88d2751bb4,8.493743371218443,8.493743371218443,50.0,1,1,0
/CatalogService/AddItem0b5623e0-6d68-4fa2-a977-0d28c9df2b95,10.209761094301939,10.209761094301939,50.0,1,1,0
/CatalogService/AddItem114bbe88-67dc-4d01-a7d5-6c73751d83e4,5.052635911852121,5.052635911852121,50.0,1,1,0
/CatalogService/AddItem1179cb63-1235-41c2-9fbb-ed77c075c7de,18.72057467699051,18.72057467699051,50.0,1,1,0
/CatalogService/AddItem15df7ade-3b3e-4d4c-9c58-73843558a6eb,11.145418044179678,11.145418044179678,50.0,1,1,0
/CatalogService/AddItem20264682-ed37-473f-8e55-536e2691e77f,8.65968968719244,8.65968968719244,50.0,1,1,0
/CatalogService/AddItem20a3d6ea-9701-4b1a-b040-dc74671703e7,30.276362784206867,30.276362784206867,50.0,1,1,0
/CatalogService/AddItem2106303c-647b-4e36-be22-55566b4d02cb,4.407508764415979,4.407508764415979,50.0,1,1,0
/CatalogService/AddItem241e25eb-9e17-4875-b019-29cb1760d49d,9.281420148909092,9.281420148909092,50.0,1,1,0
/CatalogService/AddItem2604be1f-4f79-4b8d-bf4c-7d45727c36ce,7.814057171344757,7.814057171344757,50.0,1,1,0
/CatalogService/AddItem27557c27-9b57-41ea-9da1-cbefa4d2c2ca,8.72255489230156,8.72255489230156,50.0,1,1,0
/CatalogService/AddItem281c6991-1bf4-42d3-bdf4-66a5aa528ba7,10.703695937991142,10.703695937991142,50.0,1,1,0
/CatalogService/AddItem28c1e2da-80af-4080-9fbe-9084ca90e6d1,10.342320427298546,10.342320427298546,50.0,1,1,0
/CatalogService/AddItem2941fc15-109f-431f-a9aa-7a89fec63918,15.184937976300716,15.184937976300716,50.0,1,1,0
/CatalogService/AddItem2b3f08ec-aa99-48e0-b080-03233eefe7a0,10.791433043777943,10.791433043777943,50.0,1,1,0
/CatalogService/AddItem2be2073e-6528-4978-9a0a-c059c2f0493a,7.291531190276146,7.291531190276146,50.0,1,1,0
/CatalogService/AddItem2e401528-bdb7-43cb-8ff1-60a3ce1e9fbf,26.026068720966578,26.026068720966578,50.0,1,1,0
/CatalogService/AddItem2fc3eb85-ee3a-4411-a040-dbe0555f438c,25.437279604375362,25.437279604375362,50.0,1,1,0
/CatalogService/AddItem379f91ab-8593-4821-82b9-e2ec20195cc5,28.789665084332228,28.789665084332228,50.0,1,1,0
/CatalogService/AddItem3b58ff7e-e143-48e3-a1a3-0a43566055f8,9.260563179850578,9.260563179850578,50.0,1,1,0
/CatalogService/AddItem3fd8ad1d-7a9e-4423-ad13-2db7dadedf9d,5.334277171641588,5.334277171641588,50.0,1,1,0
/CatalogService/AddItem420ce30c-1000-436b-93fd-248bd0712958,11.304711923003197,11.304711923003197,50.0,1,1,0
/CatalogService/AddItem43b7c930-27ca-4b13-a4d4-3775b9e89d5a,9.453097824007273,9.453097824007273,50.0,1,1,0
/CatalogService/AddItem45148515-e579-4256-a6bf-99b783305c4a,9.553530719131231,9.553530719131231,50.0,1,1,0
/CatalogService/AddItem462663c2-2a05-49a8-9746-70f9d89ce3a0,5.204258020967245,5.204258020967245,50.0,1,1,0
/CatalogService/AddItem46545a00-0734-449b-836e-f97a8de91740,11.139106005430222,11.139106005430222,50.0,1,1,0
/CatalogService/AddItem4a0a0147-569c-4625-9d88-01b866d23e3e,5.524002946913242,5.524002946913242,50.0,1,1,0
/CatalogService/AddItem4b20e414-3896-4f22-9787-401f159f6aa6,9.394689928740263,9.394689928740263,50.0,1,1,0
/CatalogService/AddItem4fa39d7c-699b-46f7-a0a7-fa7343b90d30,10.255024302750826,10.255024302750826,50.0,1,1,0
/CatalogService/AddItem5c802f97-f681-4541-9f32-d706404f31b7,10.689673013985157,10.689673013985157,50.0,1,1,0
/CatalogService/AddItem5ed316b9-ab09-42f5-a002-fec2d78c6c15,10.905534029006958,10.905534029006958,50.0,1,1,0
/CatalogService/AddItem6027f1bb-1851-445a-9fab-e9387c253983,10.466955602169037,10.466955602169037,50.0,1,1,0
/CatalogService/AddItem60b2a0b9-aaef-4a96-abbe-65dc2470fe05,5.164715927094221,5.164715927094221,50.0,1,1,0
/CatalogService/AddItem619eefdc-995f-43eb-8af0-77cc0c3537ea,10.755671188235283,10.755671188235283,50.0,1,1,0
/CatalogService/AddItem63250e47-f627-4a72-bb8a-2a21369de9ca,10.006153956055641,10.006153956055641,50.0,1,1,0
/CatalogService/AddItem63d6f501-86ae-4a6d-b804-6d02cd0bca1d,2.9498948715627193,2.9498948715627193,50.0,1,1,0
/CatalogService/AddItem6752312d-a2e7-4a04-abb4-cfc8a5eb0c6a,2.32339883223176,2.32339883223176,50.0,1,1,0
/CatalogService/AddItem73ea752b-ce20-433f-b4d7-4147a6001fbf,2.219035755842924,2.219035755842924,50.0,1,1,0
/CatalogService/AddItem76fad2c5-dc1b-42d8-9d7f-eb40c72bca46,6.743405945599079,6.743405945599079,50.0,1,1,0
/CatalogService/AddItem7c85f885-7035-44a8-a5b0-340606053b72,11.749370023608208,11.749370023608208,50.0,1,1,0
/CatalogService/AddItem7e573a4f-f3ae-40eb-83a6-4fe4a8961154,2.1293722093105316,2.1293722093105316,50.0,1,1,0
/CatalogService/AddItem7fe72ec0-c02c-4933-a85c-8902d38418bf,2.193115185946226,2.193115185946226,50.0,1,1,0
/CatalogService/AddItem8457be18-f571-4185-8c3c-5b140f1e2f41,2.734576817601919,2.734576817601919,50.0,1,1,0
/CatalogService/AddItem871f2479-939b-4f03-9b43-095ecb4c3cc7,7.82054802402854,7.82054802402854,50.0,1,1,0
/CatalogService/AddItem8743d8fe-a3d6-4309-87dd-b0f421f164a7,13.84725607931614,13.84725607931614,50.0,1,1,0
/CatalogService/AddItem8a13d9c4-fec9-441e-af31-3e88d10e0959,9.28081339225173,9.28081339225173,50.0,1,1,0
/CatalogService/AddItem95d356eb-56fc-4d42-a5dd-1ac039612f66,5.86822209879756,5.86822209879756,50.0,1,1,0
/CatalogService/AddItem99170ab8-d7e0-4a55-bf25-e30e011887aa,11.034895200282335,11.034895200282335,50.0,1,1,0
/CatalogService/AddItem9b734828-e87c-4625-a1eb-8f09badc362f,9.371387772262096,9.371387772262096,50.0,1,1,0
/CatalogService/AddItem9c42f436-f1ea-4589-8334-84c6d3f8525a,9.980179835110903,9.980179835110903,50.0,1,1,0
/CatalogService/AddItem9d82a96e-c87b-4d2f-8023-e2c340cdd75f,9.602971840649843,9.602971840649843,50.0,1,1,0
/CatalogService/AddItem9d836f72-d08d-4d9e-8029-54029c2492d7,15.586156863719225,15.586156863719225,50.0,1,1,0
/CatalogService/AddItema23d8d66-2ff6-426b-8c1f-80d15974cbdb,10.789107996970415,10.789107996970415,50.0,1,1,0
/CatalogService/AddItema306bdaf-d70c-4f28-926d-215eb15fa36b,5.456737242639065,5.456737242639065,50.0,1,1,0
/CatalogService/AddItema7ac0827-4fa5-4da9-a8a1-86268d404a4e,2.300117164850235,2.300117164850235,50.0,1,1,0
/CatalogService/AddItema7c08e31-3377-4110-8c1b-d1c61f911976,8.65542283281684,8.65542283281684,50.0,1,1,0
/CatalogService/AddItema92f3a5d-a22d-4a18-911a-fab9481492d0,5.542889703065157,5.542889703065157,50.0,1,1,0
/CatalogService/AddItemac9eb6cf-9743-48c2-8fe4-f42bbebcbe55,6.446639075875282,6.446639075875282,50.0,1,1,0
/CatalogService/AddItemae7ed198-af76-48e5-9da3-082213182c47,5.017665214836597,5.017665214836597,50.0,1,1,0
/CatalogService/AddItemaf62a3f8-6e0f-46cb-a036-bcb5614d6dcf,3.0173850245773792,3.0173850245773792,50.0,1,1,0
/CatalogService/AddItemb250e23b-0413-46c4-a540-8f227b80d104,5.056948401033878,5.056948401033878,50.0,1,1,0
/CatalogService/AddItemb6394c4c-32b8-4bfa-a2c4-88d919f3c6f0,4.512161016464233,4.512161016464233,50.0,1,1,0
/CatalogService/AddItemb71901b1-967f-4912-ae84-33f2672a4dd6,36.07133775949478,36.07133775949478,50.0,1,1,0
/CatalogService/AddItembb9e7d8e-4139-42c9-9dc8-0e765229f313,10.697714984416962,10.697714984416962,50.0,1,1,0
/CatalogService/AddItemc168af4f-12be-42a2-b1d7-654e3e977201,3.86677123606205,3.86677123606205,50.0,1,1,0
/CatalogService/AddItemc31cba7f-461c-4ff3-844d-6ed36e74efbb,7.4646309949457645,7.4646309949457645,50.0,1,1,0
/CatalogService/AddItemc383b753-2608-4355-864d-ce7bee32fc22,7.632831111550331,7.632831111550331,50.0,1,1,0
/CatalogService/AddItemc968b0f3-ad5b-41b8-b63f-7ec53ab1cc25,8.432984817773104,8.432984817773104,50.0,1,1,0
/CatalogService/AddItemcc43a419-c60c-42c6-8152-b22eabc298a7,24.34502774849534,24.34502774849534,50.0,1,1,0
/CatalogService/AddItemccc38036-114f-40a1-b575-11e05210cb99,10.561918839812279,10.561918839812279,50.0,1,1,0
/CatalogService/AddItemcef710bf-b95f-49c5-9c90-dc09e841097f,10.56949608027935,10.56949608027935,50.0,1,1,0
/CatalogService/AddItemd4ccc02c-9df2-42ab-b4e7-4aa2268d2d51,3.3847279846668243,3.3847279846668243,50.0,1,1,0
/CatalogService/AddItemd50cf7d0-3007-4688-a0a8-9acc28fa5f27,2.6245401240885258,2.6245401240885258,50.0,1,1,0
/CatalogService/AddItemd7710712-d8ef-49d1-9e1b-7390b2d227ad,11.878407094627619,11.878407094627619,50.0,1,1,0
/CatalogService/AddItemd7c3b2cb-c1ae-4820-8df7-a5da9ea61d3a,4.02672728523612,4.02672728523612,50.0,1,1,0
/CatalogService/AddItemdacf79ea-f7df-459c-a759-589885a26dd9,4.04518935829401,4.04518935829401,50.0,1,1,0
/CatalogService/AddIteme8456e13-e0d5-47a6-bc32-796858e170e6,8.3360499702394,8.3360499702394,50.0,1,1,0
/CatalogService/AddItemf1416351-292c-43aa-a102-49102e876255,10.432945098727942,10.432945098727942,50.0,1,1,0
/CatalogService/AddItemf915871e-5541-450f-8100-3986a12a58f8,2.67274072393775,2.67274072393775,50.0,1,1,0
/CatalogService/AddItemffd801ac-3d6a-44c2-b21a-c63edf495305,11.581127997487783,11.581127997487783,50.0,1,1,0
/CatalogService/GetItem009bd540-5c4c-4a94-af30-f6d1d6ac4a18,7.6918937265872955,7.6918937265872955,2.0,1,1,0
/CatalogService/GetItem00a53dde-7c42-4c1c-bd03-e6e16e44b86a,3.7435609847307205,3.7435609847307205,3.0,1,1,0
/CatalogService/GetItem0243b621-6e61-4597-9654-54289c6412d8,6.699644960463047,6.699644960463047,3.0,1,1,0
/CatalogService/GetItem029d703a-106c-4eff-bb16-fda2823299e3,5.350301042199135,5.350301042199135,3.0,1,1,0
/CatalogService/GetItem065fba5b-1a08-46ad-8e21-3aee7ca273e1,1.6661551780998707,1.6661551780998707,3.0,1,1,0
/CatalogService/GetItem108090e8-14d4-4a8c-9856-46e3230da9fc,7.421701215207577,7.421701215207577,3.0,1,1,0
/CatalogService/GetItem130104f4-9def-4f01-a7d5-0fb6bc582a81,4.728058353066444,4.728058353066444,3.0,1,1,0
/CatalogService/GetItem13ce794a-7a5c-4d8e-bb5d-89d786b5cc0f,2.148986328393221,2.148986328393221,3.0,1,1,0
/CatalogService/GetItem16050f90-eca2-453d-91bc-868a8c99507c,5.300001706928015,5.300001706928015,3.0,1,1,0
/CatalogService/GetItem196c5d1e-fbef-4e71-8598-2c473b8b7cc9,2.6811910793185234,2.6811910793185234,3.0,1,1,0
/CatalogService/GetItem1da508db-2985-419d-b9c1-0ca2e098c959,5.717807915061712,5.717807915061712,3.0,1,1,0
/CatalogService/GetItem1ed1468f-1a6c-4416-8f79-5d84ddc1ed71,2.524436917155981,2.524436917155981,3.0,1,1,0
/CatalogService/GetItem20fae963-3d64-4162-b95e-b514c1e1e2dd,3.8597630336880684,3.8597630336880684,3.0,1,1,0
/CatalogService/GetItem2cf7a024-c4e3-4186-8032-9268ccaa8259,2.2345269098877907,2.2345269098877907,3.0,1,1,0
/CatalogService/GetItem2eda06d5-ede5-4f54-ad5a-0c4fc5b4ed60,4.043234046548605,4.043234046548605,3.0,1,1,0
/CatalogService/GetItem31ff1603-d82d-40dc-87a8-bdcd5fa0ce6d,6.534145213663578,6.534145213663578,3.0,1,1,0
/CatalogService/GetItem351a0318-1ea8-46f6-ac03-4c7da307f3b0,5.448880139738321,5.448880139738321,3.0,1,1,0
/CatalogService/GetItem392cbd7e-d702-4a20-99d3-3185ec6b6699,4.8263161443173885,4.8263161443173885,3.0,1,1,0
/CatalogService/GetItem3d869070-1b7b-4317-b9f2-338d65cd028d,3.834366798400879,3.834366798400879,3.0,1,1,0
/CatalogService/GetItem3e5b62a4-6a18-4047-8bfc-c98f5f256706,3.257045056670904,3.257045056670904,3.0,1,1,0
/CatalogService/GetItem408faff4-93c4-4cae-a2ff-fb0ecf0492ca,6.793350912630558,6.793350912630558,3.0,1,1,0
/CatalogService/GetItem4619ca20-c188-4a5c-a4f6-c94225509e20,4.536850843578577,4.536850843578577,3.0,1,1,0
/CatalogService/GetItem46581848-222d-4dc3-bc6a-1b0f79cd5137,5.143375135958195,5.143375135958195,3.0,1,1,0
/CatalogService/GetItem47d476b4-9848-432c-a6bb-242075ca3bff,3.2845688983798027,3.2845688983798027,3.0,1,1,0
/CatalogService/GetItem49336afb-adc0-4d8f-8be4-49e82e41a784,4.308471921831369,4.308471921831369,3.0,1,1,0
/CatalogService/GetItem4af96fef-d6ad-4ac2-b823-5269432c1c22,4.936580080538988,4.936580080538988,3.0,1,1,0
/CatalogService/GetItem508f51dd-9dce-4d24-a3cf-a5159f94f8fd,6.0975803062319756,6.0975803062319756,3.0,1,1,0
/CatalogService/GetItem544dbe2b-8712-4761-9517-90ddd25bb583,2.380234654992819,2.380234654992819,3.0,1,1,0
/CatalogService/GetItem594082d5-cd28-4bb5-aaba-baa7845d22e1,7.518033031374216,7.518033031374216,3.0,1,1,0
/CatalogService/GetItem5d70dc43-4496-497a-9b5c-be879213900e,3.2877353951334953,3.2877353951334953,3.0,1,1,0
/CatalogService/GetItem617ceebd-1de7-45da-b8a8-b9b895f9b6b3,6.130135152488947,6.130135152488947,3.0,1,1,0
/CatalogService/GetItem6422919c-9a84-4eff-95eb-489659394af1,9.77147463709116,9.77147463709116,3.0,1,1,0
/CatalogService/GetItem66dabdee-b313-4a8b-9700-732750ca4a7d,3.1839688308537006,3.1839688308537006,3.0,1,1,0
/CatalogService/GetItem68dca372-3c77-43c8-ab8d-65bb33723078,3.99966211989522,3.99966211989522,3.0,1,1,0
/CatalogService/GetItem75695d84-9f96-4131-a9bc-86858109773c,5.102586001157761,5.102586001157761,3.0,1,1,0
/CatalogService/GetItem76cf6af9-6d64-4f7c-8350-bfa06266cc90,5.123252049088478,5.123252049088478,3.0,1,1,0
/CatalogService/GetItem7a6cffc2-e819-4ad9-99c3-e80e79f95ba4,13.973298016935587,13.973298016935587,3.0,1,1,0
/CatalogService/GetItem7a802257-d21b-42b0-9bb4-c664ed8f2b97,6.776437163352966,6.776437163352966,3.0,1,1,0
/CatalogService/GetItem7ec32111-7368-47b4-9c02-962a3d203057,3.989793360233307,3.989793360233307,3.0,1,1,0
/CatalogService/GetItem7eeded29-9f52-4b2a-98a0-a71a76f05ad7,2.9688230715692043,2.9688230715692043,3.0,1,1,0
/CatalogService/GetItem7f95305a-1992-4606-bc90-af2531d78ef6,4.8740338534116745,4.8740338534116745,3.0,1,1,0
/CatalogService/GetItem8194fdc7-552a-4e17-9ed8-c82844ba579e,4.363663028925657,4.363663028925657,3.0,1,1,0
/CatalogService/GetItem825232dc-fde4-4af8-bb65-900302ecaf21,9.612628258764744,9.612628258764744,3.0,1,1,0
/CatalogService/GetItem87afe993-ddfb-4220-b953-5366b6602c19,4.5213899575173855,4.5213899575173855,3.0,1,1,0
/CatalogService/GetItem88179bcf-2f2f-4efc-8f58-0a12ef93cd9a,2.659585326910019,2.659585326910019,3.0,1,1,0
/CatalogService/GetItem89ae46ef-e062-4456-92d3-92fd994b0038,8.217043243348598,8.217043243348598,3.0,1,1,0
/CatalogService/GetItem921159b9-383a-4883-945f-fee15265e574,2.074331045150757,2.074331045150757,3.0,1,1,0
/CatalogService/GetItem9a0370c4-9661-489e-b6cd-5c9910897adf,3.5468130372464657,3.5468130372464657,3.0,1,1,0
/CatalogService/GetItem9b577f57-8de4-4952-8eef-bc16380245c9,5.58803416788578,5.58803416788578,2.0,1,1,0
/CatalogService/GetItem9d318e59-b9e4-48a6-9d1a-4f9856cf7ec0,2.7020489796996117,2.7020489796996117,3.0,1,1,0
/CatalogService/GetItema8364acd-fb0d-43fc-b3f4-f31052a2ada2,8.215443231165409,8.215443231165409,3.0,1,1,0
/CatalogService/GetItemaadb9d3e-3409-44d9-94e4-7cf67f3cb733,2.239521127194166,2.239521127194166,3.0,1,1,0
/CatalogService/GetItemad0e0915-2a5a-485b-9c63-655349b4b8e5,2.285570837557316,2.285570837557316,3.0,1,1,0
/CatalogService/GetItemb0c4325c-3222-4717-a00c-d5dea1acbbc4,5.606392864137888,5.606392864137888,3.0,1,1,0
/CatalogService/GetItemb1bc9be6-e67f-47db-aed7-167c6260f117,6.133477203547955,6.133477203547955,3.0,1,1,0
/CatalogService/GetItemb2cfe17c-4f08-4f06-9833-3f7d14361982,4.446469247341156,4.446469247341156,3.0,1,1,0
/CatalogService/GetItemb5d7ced6-cf51-43c4-b497-525effe3e22e,5.159919150173664,5.159919150173664,3.0,1,1,0
/CatalogService/GetItemb7c05e5e-f127-4385-afbb-ad156e1852db,2.9582837596535683,2.9582837596535683,3.0,1,1,0
/CatalogService/GetItembb27a948-585b-4f79-abd5-99c7543bae7b,4.872162826359272,4.872162826359272,3.0,1,1,0
/CatalogService/GetItembd63cebd-d0e5-4343-b115-4ac313983a69,1.6088588163256645,1.6088588163256645,3.0,1,1,0
/CatalogService/GetItemc1284d05-f46c-419f-9a23-46e299ed8ed5,3.4900717437267303,3.4900717437267303,3.0,1,1,0
/CatalogService/GetItemc2aeddf8-a2fc-4242-ae49-2664d3596fa5,3.492416348308325,3.492416348308325,3.0,1,1,0
/CatalogService/GetItemc3453ef9-cadd-45e7-b882-3273657c2bd2,2.320466097444296,2.320466097444296,3.0,1,1,0
/CatalogService/GetItemc3ee3295-d2a7-4f1c-aa2d-577ca52f3636,4.940412938594818,4.940412938594818,3.0,1,1,0
/CatalogService/GetItemc668e191-79a2-410d-8f24-3f9f07387db0,5.317674949765205,5.317674949765205,3.0,1,1,0
/CatalogService/GetItemc735b3af-97bf-4316-9935-f47f783a8093,3.0617201700806618,3.0617201700806618,2.0,1,1,0
/CatalogService/GetItemc78479ed-bf8a-4251-a041-74f37184a692,5.244743078947067,5.244743078947067,3.0,1,1,0
/CatalogService/GetItemca2910c2-cdc4-4b50-9d2e-38756fc5270e,4.688083194196224,4.688083194196224,3.0,1,1,0
/CatalogService/GetItemcf6116b4-cc7c-4555-b2be-f03195a07c20,2.3651719093322754,2.3651719093322754,3.0,1,1,0
/CatalogService/GetItemd27949fa-33a3-49c2-a385-e6f1f74fa85d,5.842733196914196,5.842733196914196,2.0,1,1,0
/CatalogService/GetItemd2fa854c-102c-4d0f-8841-d7fc0e011135,2.772386185824871,2.772386185824871,3.0,1,1,0
/CatalogService/GetItemdc151e6a-7fd2-49be-b037-24b8c7e0a523,3.17359808832407,3.17359808832407,3.0,1,1,0
/CatalogService/GetItemdf686408-a24a-48e8-b422-e3c33438a2d1,4.397866316139698,4.397866316139698,3.0,1,1,0
/CatalogService/GetItemdfe3155d-caed-460e-b327-7ac9e70f2bdc,2.164871897548437,2.164871897548437,3.0,1,1,0
/CatalogService/GetIteme78c0093-f023-49e8-b60b-3296a25e4260,4.623590968549252,4.623590968549252,3.0,1,1,0
/CatalogService/GetItemf071244a-b02a-4605-961c-19ce7f17c52b,10.381455067545176,10.381455067545176,3.0,1,1,0
/CatalogService/GetItemf4d814dd-c30c-4099-8a55-8ac5a5f16286,5.022057797759771,5.022057797759771,3.0,1,1,0
/CatalogService/GetItemf721e23e-5ef4-46a8-9bc6-c75f4b0c6310,6.750751752406359,6.750751752406359,3.0,1,1,0
/CatalogService/GetItemf9f3e2f1-1532-48be-8023-bd81013d8d84,7.829335052520037,7.829335052520037,3.0,1,1,0
/CatalogService/GetItemff69311c-7a44-4c29-b488-f19e76b2d222,2.4662911891937256,2.4662911891937256,3.0,1,1,0
/CatalogService/UpdateItem01358c74-834f-408c-b5c5-19ca60aee4b4,3.621260169893503,3.621260169893503,50.0,1,1,0
/CatalogService/UpdateItem0342a9b6-a0ed-4ea4-86f1-06f16517789b,6.1387671157717705,6.1387671157717705,50.0,1,1,0
/CatalogService/UpdateItem04109db4-f73f-4e7c-b85a-424760a1d658,9.460556786507368,9.460556786507368,50.0,1,1,0
/CatalogService/UpdateItem0abc9479-0d51-4b68-878b-9a461a823d01,5.2894167602062225,5.2894167602062225,50.0,1,1,0
/CatalogService/UpdateItem0c991254-706a-47e3-8637-eff1f9a2e425,3.55992978438735,3.55992978438735,50.0,1,1,0
/CatalogService/UpdateItem0e48b4a0-691b-4d73-9ff2-3c4bc54fc5c0,6.0623567551374435,6.0623567551374435,50.0,1,1,0
/CatalogService/UpdateItem105c4061-b3ec-4ed7-af9a-dfd3ba7cd94a,7.84579012542963,7.84579012542963,50.0,1,1,0
/CatalogService/UpdateItem14ae75cf-de9b-4b22-8d8c-ae6e14dc83c6,4.398163408041,4.398163408041,50.0,1,1,0
/CatalogService/UpdateItem14fe98a4-00a0-4933-a0e4-a07d6f144a99,4.5173438265919685,4.5173438265919685,50.0,1,1,0
/CatalogService/UpdateItem29e1d639-3796-4e05-bb28-0258351e55f2,5.448686890304089,5.448686890304089,50.0,1,1,0
/CatalogService/UpdateItem2b8168df-6ec9-45a0-aa73-f6fac606f1a7,9.272517170757055,9.272517170757055,50.0,1,1,0
/CatalogService/UpdateItem2f42aa49-7391-4162-8562-37b4ca39afb8,10.493938811123371,10.493938811123371,50.0,1,1,0
/CatalogService/UpdateItem30fa575a-2f60-41bc-bb5f-35b5ab14e9f0,5.932847037911415,5.932847037911415,50.0,1,1,0
/CatalogService/UpdateItem3fddd47c-2368-4469-a509-557ff4b47035,3.7922500632703304,3.7922500632703304,50.0,1,1,0
/CatalogService/UpdateItem40b017e4-435a-48a4-83f1-8f1621c057f0,8.041293825954199,8.041293825954199,50.0,1,1,0
/CatalogService/UpdateItem41eaf459-b967-4b00-87af-ce391b6c64d8,5.630977917462587,5.630977917462587,50.0,1,1,0
/CatalogService/UpdateItem41efc7a9-0e06-4bde-b8b1-78432a58ad67,8.031303063035011,8.031303063035011,50.0,1,1,0
/CatalogService/UpdateItem45a24b17-7c85-4ba7-8418-e50b4a252533,3.016871400177479,3.016871400177479,50.0,1,1,0
/CatalogService/UpdateItem467c45e0-44b5-4422-8d90-3184f59dff9e,9.046449325978756,9.046449325978756,50.0,1,1,0
/CatalogService/UpdateItem4edeb407-90a7-4da1-90d9-e685098a4a49,34.96485110372305,34.96485110372305,50.0,1,1,0
/CatalogService/UpdateItem50b2bb60-d308-4422-a483-3dd379399ccb,3.412608988583088,3.412608988583088,50.0,1,1,0
/CatalogService/UpdateItem536f657e-19b3-4638-b563-64a12d3d4eef,7.792589254677296,7.792589254677296,50.0,1,1,0
/CatalogService/UpdateItem540e686f-6c5e-4578-b0cf-1f09b2afc034,8.299462031573057,8.299462031573057,50.0,1,1,0
/CatalogService/UpdateItem5554850f-e495-44b3-ad43-e2917bbf51c6,5.95391308888793,5.95391308888793,50.0,1,1,0
/CatalogService/UpdateItem5662ddcc-5a01-48d8-9cca-e8ce6d972d28,5.454056896269321,5.454056896269321,50.0,1,1,0
/CatalogService/UpdateItem5686cb7f-ce5e-41bb-8630-64415a037553,4.415404982864857,4.415404982864857,50.0,1,1,0
/CatalogService/UpdateItem5db23f62-4d40-4ea5-ab17-32517dfb6d7a,6.633970886468887,6.633970886468887,50.0,1,1,0
/CatalogService/UpdateItem5f112ae6-2753-4ddf-9b60-86fa197ad33b,7.326873019337654,7.326873019337654,50.0,1,1,0
/CatalogService/UpdateItem5fb0975e-2346-428a-bb96-46956af62469,6.536791101098061,6.536791101098061,50.0,1,1,0
/CatalogService/UpdateItem686b99a9-d92e-41b4-a881-35f6e86ee5c3,8.267906960099936,8.267906960099936,50.0,1,1,0
/CatalogService/UpdateItem6979a14f-a6da-41eb-98d5-16556a8380af,4.728126805275679,4.728126805275679,50.0,1,1,0
/CatalogService/UpdateItem6b5085c0-976a-48f1-8b47-375de5f2e5a5,6.865540985018015,6.865540985018015,50.0,1,1,0
/CatalogService/UpdateItem70fb8f46-362d-4c7b-81d5-bdb8da93bd58,7.859002333134413,7.859002333134413,50.0,1,1,0
/CatalogService/UpdateItem716d6438-5a1b-4a2d-9d6a-b75e87479141,11.187870055437088,11.187870055437088,50.0,1,1,0
/CatalogService/UpdateItem73cf784b-b0b3-4c4e-b83a-2cd5ea57c268,3.04440688341856,3.04440688341856,50.0,1,1,0
/CatalogService/UpdateItem753bd362-3068-4dcd-b88e-c5707a8910f5,4.715937189757824,4.715937189757824,50.0,1,1,0
/CatalogService/UpdateItem76191b11-4c1d-4076-9d94-92c1acb5b0ac,10.149524081498384,10.149524081498384,50.0,1,1,0
/CatalogService/UpdateItem7928c051-65a5-4b93-8c46-8f540d9d7e2a,5.070780869573355,5.070780869573355,50.0,1,1,0
/CatalogService/UpdateItem7d75c78a-702a-4d9e-8b71-3e5ec3e8f9ef,7.811664137989283,7.811664137989283,50.0,1,1,0
/CatalogService/UpdateItem802ca6b7-ea62-42d0-9c1f-9f42d207ac8f,8.784085977822542,8.784085977822542,50.0,1,1,0
/CatalogService/UpdateItem825bc544-df68-4e17-8ef2-9e6e27e9bce7,4.812345374375582,4.812345374375582,50.0,1,1,0
/CatalogService/UpdateItem82736045-32b4-4a64-9410-2396580d8327,7.79292406514287,7.79292406514287,50.0,1,1,0
/CatalogService/UpdateItem82951167-ad85-4764-beed-7f52604360c4,3.326192032545805,3.326192032545805,50.0,1,1,0
/CatalogService/UpdateItem91c75e37-7b5d-4c16-b96a-30584f0eaefa,8.008192293345928,8.008192293345928,50.0,1,1,0
/CatalogService/UpdateItem9614cc8f-07ca-4215-87a9-080768c00667,6.856500171124935,6.856500171124935,50.0,1,1,0
/CatalogService/UpdateItem97d7494b-727f-444f-857b-09d645ff4ce2,6.241797003895044,6.241797003895044,50.0,1,1,0
/CatalogService/UpdateItem99eea604-7c5d-496b-8f0b-d630f2a24fe1,7.83715071156621,7.83715071156621,50.0,1,1,0
/CatalogService/UpdateItema217028d-102b-479f-b333-4fc824753c14,10.17907913774252,10.17907913774252,50.0,1,1,0
/CatalogService/UpdateItema5a0e9f9-fe59-4ce7-9f4a-f3b375a57ff1,3.744828049093485,3.744828049093485,50.0,1,1,0
/CatalogService/UpdateItema86ee4f9-c04d-490d-a327-83412ab6ae14,11.59140421077609,11.59140421077609,50.0,1,1,0
/CatalogService/UpdateItemaa0abd42-b995-47dc-a2e3-a439ec390305,3.479424864053726,3.479424864053726,50.0,1,1,0
/CatalogService/UpdateItemaa2e76fa-6b47-4f28-9c0f-9c25f5767378,4.041032865643501,4.041032865643501,50.0,1,1,0
/CatalogService/UpdateItemab7404d6-5f39-44ef-a59d-2dcd2b71cced,7.720182184129953,7.720182184129953,50.0,1,1,0
/CatalogService/UpdateItemad9df9b2-1372-4ebb-86ca-2199d691e5fc,7.530402857810259,7.530402857810259,50.0,1,1,0
/CatalogService/UpdateItemadd502b0-ed3f-4f7a-b1f4-7cf447d41008,7.94768612831831,7.94768612831831,50.0,1,1,0
/CatalogService/UpdateItemb2cf80b1-a44e-4818-a3a2-c905199a307d,6.137622054666281,6.137622054666281,50.0,1,1,0
/CatalogService/UpdateItemb328d2e8-2185-4eba-bd39-6ce53d86c7af,7.653094828128815,7.653094828128815,50.0,1,1,0
/CatalogService/UpdateItemb39affd4-be8b-4abb-b75f-7df84a72bf1a,4.250047262758017,4.250047262758017,50.0,1,1,0
/CatalogService/UpdateItemb5ccb8bd-a7f4-4d16-a583-728c3f324c10,7.01351510360837,7.01351510360837,50.0,1,1,0
/CatalogService/UpdateItemb9cc9127-dbff-47a9-98a9-67157a199e05,6.867661606520414,6.867661606520414,50.0,1,1,0
/CatalogService/UpdateItembb5d6d01-031a-4dec-90ba-7e9d77cf9515,50.852357875555754,50.852357875555754,50.0,1,1,0
/CatalogService/UpdateItemc13a5074-b165-4eca-a1f0-217a0b4ced2f,4.592196084558964,4.592196084558964,50.0,1,1,0
/CatalogService/UpdateItemc1dacc4b-0936-4760-b651-8e5d7c0e7ecf,8.116194978356361,8.116194978356361,50.0,1,1,0
/CatalogService/UpdateItemc3e1fac7-c4ac-4316-b2da-ff9134a47e33,4.32512816041708,4.32512816041708,50.0,1,1,0
/CatalogService/UpdateItemcc49ccc4-d373-4675-bf19-183968ad160b,15.275591053068638,15.275591053068638,50.0,1,1,0
/CatalogService/UpdateItemd1aa7bc2-f187-47ff-a16e-61b511d0974d,7.127225864678621,7.127225864678621,50.0,1,1,0
/CatalogService/UpdateItemd20d2711-b163-427d-a648-2b1acbf34dd7,4.735399037599564,4.735399037599564,50.0,1,1,0
/CatalogService/UpdateItemd709cc44-14d9-4aca-87e4-239285f34586,4.002016969025135,4.002016969025135,50.0,1,1,0
/CatalogService/UpdateItemd951b5a2-3cd8-4c29-9694-8e4a4ff9a470,6.155211012810469,6.155211012810469,50.0,1,1,0
/CatalogService/UpdateItemda31928d-08a5-40bc-b1de-6412ec43e5d0,4.938141908496618,4.938141908496618,50.0,1,1,0
/CatalogService/UpdateIteme22dd77a-aad7-4ab8-ac39-d865303fceb7,21.811815910041332,21.811815910041332,50.0,1,1,0
/CatalogService/UpdateIteme5ed2786-29fd-48ce-98c6-0c0d81fe63e7,7.48114101588726,7.48114101588726,50.0,1,1,0
/CatalogService/UpdateItemeb55a48e-f8e2-453f-9112-63d375c3ea75,9.602348320186138,9.602348320186138,50.0,1,1,0
/CatalogService/UpdateItemedc1463d-d717-442b-beed-20cac6c6ed1a,5.500397179275751,5.500397179275751,50.0,1,1,0
/CatalogService/UpdateItemef17d705-83eb-44ab-b045-f5f5e64debf5,6.876551080495119,6.876551080495119,50.0,1,1,0
/CatalogService/UpdateItemef9d128d-fa60-4d8b-83ea-f9230146d384,4.798846319317818,4.798846319317818,50.0,1,1,0
/CatalogService/UpdateItemf6195544-0be5-4a70-96ce-179c4c967163,8.791171945631504,8.791171945631504,50.0,1,1,0
/CatalogService/UpdateItemfdd4debb-7d42-4c44-82d0-7593074e7696,4.886847920715809,4.886847920715809,50.0,1,1,0
/CatalogService/UpdateItemfe783fac-a5ff-473f-8d97-761203cd0ef4,7.484024856239557,7.484024856239557,50.0,1,1,0
/CatalogService/UpdateItemfe8f3853-eca0-467d-aa0d-218419a7ad57,4.209691192954779,4.209691192954779,50.0,1,1,0
/CustomerService/CreateCustomer035c9de9-64e0-4f07-8e5a-d2c3bf322a5c,12.00620410963893,12.00620410963893,50.0,1,1,0
/CustomerService/CreateCustomer04a3d481-cdc5-4a7e-a84d-3bc2d5c54723,3.993114922195673,3.993114922195673,50.0,1,1,0
/CustomerService/CreateCustomer05484a19-ceb2-446b-bf42-777d73f174d8,6.214858964085579,6.214858964085579,50.0,1,1,0
/CustomerService/CreateCustomer067ae6f0-66fa-43d8-b240-ffc5436378fe,15.934404917061329,15.934404917061329,50.0,1,1,0
/CustomerService/CreateCustomer08f0e0f5-7659-4f95-8d42-16537dad96a0,5.996204912662506,5.996204912662506,50.0,1,1,0
/CustomerService/CreateCustomer0a68000e-dfe8-40b6-93eb-feb6980cca14,4.966966807842255,4.966966807842255,50.0,1,1,0
/CustomerService/CreateCustomer0c89a0c5-2ca0-4445-a52a-f35ec497ab41,16.67774934321642,16.67774934321642,50.0,1,1,0
/CustomerService/CreateCustomer1196feeb-8abf-455d-849d-3e33b9988323,12.625351082533598,12.625351082533598,50.0,1,1,0
/CustomerService/CreateCustomer13fc0966-f0ea-4cd4-bc8b-691ca276c566,13.155919965356588,13.155919965356588,50.0,1,1,0
/CustomerService/CreateCustomer182cca20-b3d7-45ad-830a-00bfe4c8f4c2,5.0191800110042095,5.0191800110042095,50.0,1,1,0
/CustomerService/CreateCustomer1d2f2c95-a189-4e2b-89f3-52d123c7dbde,16.312917228788137,16.312917228788137,50.0,1,1,0
/CustomerService/CreateCustomer2122fa0d-95d2-4143-9dba-9ce0811d0587,3.682590089738369,3.682590089738369,50.0,1,1,0
/CustomerService/CreateCustomer223e9461-f4c0-4ab0-86b7-b38348cec9c4,13.613631948828697,13.613631948828697,50.0,1,1,0
/CustomerService/CreateCustomer241c7b30-7137-4f17-a8e8-81be267de10b,15.777167864143848,15.777167864143848,50.0,1,1,0
/CustomerService/CreateCustomer278af16a-eb47-4fb4-93bd-15d77c2ce210,11.360520962625742,11.360520962625742,50.0,1,1,0
/CustomerService/CreateCustomer29ac822f-6917-41aa-9bec-0abc43f703e2,32.354647759348154,32.354647759348154,50.0,1,1,0
/CustomerService/CreateCustomer313271fe-b92e-4838-bf24-3dd3010eab9e,13.590231072157621,13.590231072157621,50.0,1,1,0
/CustomerService/CreateCustomer33296a05-733c-4e9c-b01d-61b8331032fa,16.776741947978735,16.776741947978735,50.0,1,1,0
/CustomerService/CreateCustomer35f82a59-0692-4ddd-bc7a-6c01ee0164d4,5.719194654375315,5.719194654375315,50.0,1,1,0
/CustomerService/CreateCustomer3a2bd9e4-5d5d-428e-871b-e6e563d8a1bd,35.02481710165739,35.02481710165739,50.0,1,1,0
/CustomerService/CreateCustomer4240e751-c2ed-4f08-b054-848bd6b7bdef,5.968543700873852,5.968543700873852,50.0,1,1,0
/CustomerService/CreateCustomer42a66b00-1e05-4c3f-83e0-791f5ccbb982,13.536326121538877,13.536326121538877,50.0,1,1,0
/CustomerService/CreateCustomer4a0c9c15-9ed1-4c17-9e75-b578734a6150,11.870476882904768,11.870476882904768,50.0,1,1,0
/CustomerService/CreateCustomer4abe61f4-24a8-4ece-b9a2-d63b7d0f8a9a,16.74402505159378,16.74402505159378,50.0,1,1,0
/CustomerService/CreateCustomer4e5d31bf-3362-4abd-b976-6e3773d027ee,14.068144839257002,14.068144839257002,50.0,1,1,0
/CustomerService/CreateCustomer4f0c0f74-2f8e-4946-9200-e8730e23cf55,9.996330365538597,9.996330365538597,50.0,1,1,0
/CustomerService/CreateCustomer4f9699bb-f910-4931-bae3-87f57b7c8811,5.923694930970669,5.923694930970669,50.0,1,1,0
/CustomerService/CreateCustomer50bff74d-293b-4ff5-8976-3551586671d3,16.381201799958944,16.381201799958944,50.0,1,1,0
/CustomerService/CreateCustomer52c34553-ee40-4548-a211-b66ba39821da,18.866402097046375,18.866402097046375,50.0,1,1,0
/CustomerService/CreateCustomer55f999f0-3ce3-453f-81c2-a3f653b4e214,11.39566395431757,11.39566395431757,50.0,1,1,0
/CustomerService/CreateCustomer5cd85838-878a-4d59-acf0-84fe2aa37d9d,11.561044957488775,11.561044957488775,50.0,1,1,0
/CustomerService/CreateCustomer5e2ca55f-3e5d-4171-ab73-452a6b505e3f,13.790809083729982,13.790809083729982,50.0,1,1,0
/CustomerService/CreateCustomer5ea5a726-d168-44e5-9019-fcfd5c4bbfe8,12.459081131964922,12.459081131964922,50.0,1,1,0
/CustomerService/CreateCustomer6015f7c4-6004-4784-b590-d9350a331cc9,10.062456130981445,10.062456130981445,50.0,1,1,0
/CustomerService/CreateCustomer64d97231-9788-45b3-b998-561697b22a97,32.89075195789337,32.89075195789337,50.0,1,1,0
/CustomerService/CreateCustomer64f6bda8-291e-4d06-884b-c67dd508996e,24.417313747107983,24.417313747107983,50.0,1,1,0
/CustomerService/CreateCustomer66f0aa4c-c8d2-400a-9080-30c41da620e2,13.52936215698719,13.52936215698719,50.0,1,1,0
/CustomerService/CreateCustomer6a8d2842-a1ae-4640-a097-9c4d4e88ed35,5.760268308222294,5.760268308222294,50.0,1,1,0
/CustomerService/CreateCustomer6d21a44e-942c-4a07-9d48-53e5a1ca2c5e,31.08703112229705,31.08703112229705,50.0,1,1,0
/CustomerService/CreateCustomer6f9d2c00-3a99-4ebc-83d7-d4398d5a7592,18.358447588980198,18.358447588980198,50.0,1,1,0
/CustomerService/CreateCustomer70792ff0-c475-4044-a7c2-aab1b19afba8,29.363960959017277,29.363960959017277,50.0,1,1,0
/CustomerService/CreateCustomer72dd24e1-b1e2-47ea-ab1c-54d51a35da72,13.896315358579159,13.896315358579159,50.0,1,1,0
/CustomerService/CreateCustomer737cac9a-b5f7-4952-b378-77be2f45243f,13.462136033922434,13.462136033922434,50.0,1,1,0
/CustomerService/CreateCustomer7882f969-5f10-44a3-b6e4-fc927cd54803,3.2012900337576866,3.2012900337576866,50.0,1,1,0
/CustomerService/CreateCustomer7b56e9f3-c422-41c8-bc40-f9c5be6c6964,17.24656904116273,17.24656904116273,50.0,1,1,0
/CustomerService/CreateCustomer7e19541f-6f31-4a15-92e6-42f768a28eca,13.558391015976667,13.558391015976667,50.0,1,1,0
/CustomerService/CreateCustomer82b70e77-0a4e-4e18-b040-415bd47bf302,12.700724881142378,12.700724881142378,50.0,1,1,0
/CustomerService/CreateCustomer85e20dd7-d9bb-4e87-a282-41d6698b09ac,13.022033032029867,13.022033032029867,50.0,1,1,0
/CustomerService/CreateCustomer86f6f1bd-2e22-47fb-9d42-7f957bbc1fd9,19.11145681515336,19.11145681515336,50.0,1,1,0
/CustomerService/CreateCustomer8da775eb-479b-45bd-a046-b04079e6c199,16.66603423655033,16.66603423655033,50.0,1,1,0
/CustomerService/CreateCustomer906de049-4a8e-4753-8040-6886751da033,3.698756918311119,3.698756918311119,50.0,1,1,0
/CustomerService/CreateCustomer910f3929-233f-47ef-ba6e-59c220566c6f,8.606273215264082,8.606273215264082,50.0,1,1,0
/CustomerService/CreateCustomer9324014b-b96b-482c-a9de-e7ac8e165cbb,10.861150920391083,10.861150920391083,50.0,1,1,0
/CustomerService/CreateCustomer943c7c79-4973-4eb5-83b5-aca069dd79eb,4.3393271043896675,4.3393271043896675,50.0,1,1,0
/CustomerService/CreateCustomer98ea4c7c-6d90-4bf7-854c-54e82c5be806,4.828629083931446,4.828629083931446,50.0,1,1,0
/CustomerService/CreateCustomer99d7ef87-b7e4-47ab-8900-efffad52cd1f,6.64000678807497,6.64000678807497,50.0,1,1,0
/CustomerService/CreateCustomer9fb75a1e-f54d-4eb7-a864-a028030328d8,15.477435663342476,15.477435663342476,50.0,1,1,0
/CustomerService/CreateCustomera577d8c4-f842-4aeb-bf13-7182a47dcf43,5.916076712310314,5.916076712310314,50.0,1,1,0
/CustomerService/CreateCustomeraa690229-ec67-4904-84b6-dd2faa967c50,5.6365858763456345,5.6365858763456345,50.0,1,1,0
/CustomerService/CreateCustomerb0f598b3-25ba-4148-9982-65860353e2f2,15.983131248503923,15.983131248503923,50.0,1,1,0
/CustomerService/CreateCustomerb5e033f2-c1c9-4efe-a4cf-6449b8c2c9cb,17.446271143853664,17.446271143853664,50.0,1,1,0
/CustomerService/CreateCustomerbe580022-4f52-4b9b-9b67-189169fc7eac,17.617349978536367,17.617349978536367,50.0,1,1,0
/CustomerService/CreateCustomerbfc89d8a-e929-4516-8fad-d9757bd667c9,16.53146930038929,16.53146930038929,50.0,1,1,0
/CustomerService/CreateCustomerc2577ff6-1900-4e39-b519-d25086d208f4,18.57650326564908,18.57650326564908,50.0,1,1,0
/CustomerService/CreateCustomerc9a55bb8-2120-4fc0-970d-51d8b19618f7,48.25191805139184,48.25191805139184,50.0,1,1,0
/CustomerService/CreateCustomercbaab5ed-07b4-4371-90af-306cbe31bfe9,12.49608676880598,12.49608676880598,50.0,1,1,0
/CustomerService/CreateCustomercd3991a2-dbfa-4be0-bd83-9aee60c6a14b,6.5450710244476795,6.5450710244476795,50.0,1,1,0
/CustomerService/CreateCustomercd6fb391-7c04-4bff-95be-6a8db1ada4cf,14.790770132094622,14.790770132094622,50.0,1,1,0
/CustomerService/CreateCustomercd7247a4-2268-458f-a49a-00591e8225c7,3.243451938033104,3.243451938033104,50.0,1,1,0
/CustomerService/CreateCustomercf23b206-656c-4506-81f6-6ca4807d1d54,15.301610808819532,15.301610808819532,50.0,1,1,0
/CustomerService/CreateCustomerd5990c35-1c22-4580-8487-f88d6a56db87,13.091674074530602,13.091674074530602,50.0,1,1,0
/CustomerService/CreateCustomerd92d1043-77b8-460d-8488-500d281ceb28,14.36708914116025,14.36708914116025,50.0,1,1,0
/CustomerService/CreateCustomerdc5877ad-2651-473c-9cd0-43b71d964aed,12.706978246569633,12.706978246569633,50.0,1,1,0
/CustomerService/CreateCustomere0d7963d-49b0-4a12-abea-d24752be4eca,17.37610623240471,17.37610623240471,50.0,1,1,0
/CustomerService/CreateCustomere5ab4689-acd9-4bc6-abdc-faf011a568f3,11.611475609242916,11.611475609242916,50.0,1,1,0
/CustomerService/CreateCustomere86637b8-bd4f-4bba-9062-32c2645350e7,10.065674781799316,10.065674781799316,50.0,1,1,0
/CustomerService/CreateCustomere931ebc5-5958-4d23-a1e1-c36a20c1191d,5.410376936197281,5.410376936197281,50.0,1,1,0
/CustomerService/CreateCustomerf1b52328-9cb5-4780-97a7-35dddec80fc0,14.158139936625957,14.158139936625957,50.0,1,1,0
/CustomerService/CreateCustomerf37d9b75-51c5-40f0-8011-5dbd6d5dfdaf,5.061745643615723,5.061745643615723,50.0,1,1,0
/CustomerService/CreateCustomerf422fbb0-0ebc-4101-a740-b408818f9c18,11.030202731490135,11.030202731490135,50.0,1,1,0
/CustomerService/UpdateCustomer011ce8b6-2898-4a62-81cd-edc3ffc900ce,6.654127035290003,6.654127035290003,50.0,1,1,0
/CustomerService/UpdateCustomer031104f9-330e-410e-90cf-732020c82e69,8.576180320233107,8.576180320233107,50.0,1,1,0
/CustomerService/UpdateCustomer03275d05-5116-474d-aa04-953712bf8df0,5.668140947818756,5.668140947818756,50.0,1,1,0
/CustomerService/UpdateCustomer094c10b8-755c-4cad-a4a2-6516118467dd,4.451891873031855,4.451891873031855,50.0,1,1,0
/CustomerService/UpdateCustomer099abf05-102a-4844-b95d-867f32fcb1a2,8.495849091559649,8.495849091559649,50.0,1,1,0
/CustomerService/UpdateCustomer0a5d6d6c-e3c6-4b0e-9319-733f2782b090,4.8262751661241055,4.8262751661241055,50.0,1,1,0
/CustomerService/UpdateCustomer0ab95704-3c26-4c51-8f25-1946df244fbf,7.242396008223295,7.242396008223295,50.0,1,1,0
/CustomerService/UpdateCustomer0b652d51-f71e-44b9-8fcd-fd7691ec318a,4.780698101967573,4.780698101967573,50.0,1,1,0
/CustomerService/UpdateCustomer174e4aa5-02a9-4c60-ac9c-ee7da03d6e88,17.075895331799984,17.075895331799984,50.0,1,1,0
/CustomerService/UpdateCustomer18ef53e6-13b7-4a2d-b8fc-cef1640e9d6b,5.723684094846249,5.723684094846249,50.0,1,1,0
/CustomerService/UpdateCustomer1bed6110-e05a-4590-be37-34f54d1f4e8f,5.9313690289855,5.9313690289855,50.0,1,1,0
/CustomerService/UpdateCustomer1d133a99-6e2e-4983-9deb-2b8bf81aab5f,13.82183376699686,13.82183376699686,50.0,1,1,0
/CustomerService/UpdateCustomer1e7344d5-000f-4e61-8582-89b0e4f69a49,15.198864974081516,15.198864974081516,50.0,1,1,0
/CustomerService/UpdateCustomer2196638f-86bd-4e58-81ec-b105aa8e272d,10.683236178010702,10.683236178010702,50.0,1,1,0
/CustomerService/UpdateCustomer28d589fb-a47b-4b97-a88e-f50f2c455a1b,9.484303183853626,9.484303183853626,50.0,1,1,0
/CustomerService/UpdateCustomer2a35084e-34d1-47f8-9ba5-e4ddb26fbabc,9.338316041976213,9.338316041976213,50.0,1,1,0
/CustomerService/UpdateCustomer2ba6dadf-9a26-436a-be2a-af2569427008,9.259046986699104,9.259046986699104,50.0,1,1,0
/CustomerService/UpdateCustomer339f8140-4c6c-4be9-b3f9-160ce8e79343,7.917329203337431,7.917329203337431,50.0,1,1,0
/CustomerService/UpdateCustomer3526c212-a25f-4c56-acfe-2dde8270ed95,5.304809659719467,5.304809659719467,50.0,1,1,0
/CustomerService/UpdateCustomer36e038c3-492a-4622-ad08-b54e719500bb,8.525824174284935,8.525824174284935,50.0,1,1,0
/CustomerService/UpdateCustomer3bb65420-2cbe-4ef1-b182-41c59852ba18,7.035731803625822,7.035731803625822,50.0,1,1,0
/CustomerService/UpdateCustomer4348cb6a-d0cb-4f9a-8e3a-c7cac303e4a1,19.200944807380438,19.200944807380438,50.0,1,1,0
/CustomerService/UpdateCustomer4410fdf6-0f2a-42c6-9ac3-09ab0ca8a147,7.027610670775175,7.027610670775175,50.0,1,1,0
/CustomerService/UpdateCustomer46d1620c-af18-4b38-9eb9-c3b818d68b5c,8.530935738235712,8.530935738235712,50.0,1,1,0
/CustomerService/UpdateCustomer4ab450b7-63c9-450f-91e0-ee803d5523b6,8.207394741475582,8.207394741475582,50.0,1,1,0
/CustomerService/UpdateCustomer4eca24b9-518b-4a4b-b0fc-c3f6df7abf03,8.627279195934534,8.627279195934534,50.0,1,1,0
/CustomerService/UpdateCustomer55454032-f379-4278-841d-2cc5da116352,10.797727853059769,10.797727853059769,50.0,1,1,0
/CustomerService/UpdateCustomer560d8edd-a3eb-46da-8065-589e78d2d869,10.332164820283651,10.332164820283651,50.0,1,1,0
/CustomerService/UpdateCustomer56d3c098-dc2c-427b-b8d2-4614e5917400,16.303302720189095,16.303302720189095,50.0,1,1,0
/CustomerService/UpdateCustomer5d1e09d7-a893-4d02-990a-788a665597dd,3.916376270353794,3.916376270353794,50.0,1,1,0
/CustomerService/UpdateCustomer5dbad4db-4bb0-41ec-af3e-aa0999d3daae,3.3735199831426144,3.3735199831426144,50.0,1,1,0
/CustomerService/UpdateCustomer5dcb7668-4356-4f5f-a18f-c40fc6a29e67,12.130581308156252,12.130581308156252,50.0,1,1,0
/CustomerService/UpdateCustomer5ea63184-d394-4b29-a3d0-68d86b75a574,5.249022971838713,5.249022971838713,50.0,1,1,0
/CustomerService/UpdateCustomer5f1d8b12-9ff4-4e92-a8b8-6fe1e8e8a9a5,9.251223877072334,9.251223877072334,50.0,1,1,0
/CustomerService/UpdateCustomer602e38df-a892-4089-83f0-6ffa22f4a4e7,4.104434046894312,4.104434046894312,50.0,1,1,0
/CustomerService/UpdateCustomer6448be3d-adae-4013-b2f3-763b79b64399,8.027209900319576,8.027209900319576,50.0,1,1,0
/CustomerService/UpdateCustomer69ef5630-2784-4fd2-9cc5-afdca735fc2f,10.674183256924152,10.674183256924152,50.0,1,1,0
/CustomerService/UpdateCustomer71b6e563-a0cf-42b1-94e1-67819983dd33,8.757561910897493,8.757561910897493,50.0,1,1,0
/CustomerService/UpdateCustomer78c99210-4443-4e1a-9133-4793472cac8e,9.019068907946348,9.019068907946348,50.0,1,1,0
/CustomerService/UpdateCustomer800fa9b3-b1a7-4805-8a63-0946bc65a236,9.92273772135377,9.92273772135377,50.0,1,1,0
/CustomerService/UpdateCustomer80c114de-c3dc-4afc-b75e-c4dc6f18feca,7.667609956115484,7.667609956115484,50.0,1,1,0
/CustomerService/UpdateCustomer82749f0a-c040-4410-a26e-497fa1db4495,8.185673970729113,8.185673970729113,50.0,1,1,0
/CustomerService/UpdateCustomer86ae86ba-7653-4245-940b-a0b6862455b4,29.29771738126874,29.29771738126874,50.0,1,1,0
/CustomerService/UpdateCustomer880226fa-4cef-454c-b2ac-2e26e8bb1294,7.777085993438959,7.777085993438959,50.0,1,1,0
/CustomerService/UpdateCustomer8a6b7dd1-3d6c-4826-a724-e4dc4b9cedbd,10.469379834830761,10.469379834830761,50.0,1,1,0
/CustomerService/UpdateCustomer8c9e87dd-f42f-4bd9-8f1a-86ec20403313,12.296477798372507,12.296477798372507,50.0,1,1,0
/CustomerService/UpdateCustomer8f30332d-484e-445b-bc3d-178d1fcab352,5.896508228033781,5.896508228033781,50.0,1,1,0
/CustomerService/UpdateCustomer90627477-cad3-4ea4-9bbc-0bb8febff38e,7.855453994125128,7.855453994125128,50.0,1,1,0
/CustomerService/UpdateCustomer977d15d1-09e5-4d53-b59a-79268aa0e66f,3.934345208108425,3.934345208108425,50.0,1,1,0
/CustomerService/UpdateCustomer983e9f80-a1c8-43ab-9810-3f3636f6db4f,4.555243998765945,4.555243998765945,50.0,1,1,0
/CustomerService/UpdateCustomer9957dd6e-b919-4e2d-a6bd-92064cde3c83,8.650013245642185,8.650013245642185,50.0,1,1,0
/CustomerService/UpdateCustomer9b0fd13f-066d-4aef-8a73-4b486e745072,6.5170940943062305,6.5170940943062305,50.0,1,1,0
/CustomerService/UpdateCustomera1c425da-17bd-41e7-9138-8683ed407880,4.841628018766642,4.841628018766642,50.0,1,1,0
/CustomerService/UpdateCustomera2a1e8b4-b288-474a-abbb-770b25077d83,6.219128146767616,6.219128146767616,50.0,1,1,0
/CustomerService/UpdateCustomera4ffaf1d-8c59-4361-8dcb-5f0d78c3ee88,12.8245297819376,12.8245297819376,50.0,1,1,0
/CustomerService/UpdateCustomera5787a9e-8870-4161-9f93-a85f9d73e2dc,8.077183272689581,8.077183272689581,50.0,1,1,0
/CustomerService/UpdateCustomera6bad546-6b8d-4a3f-8586-2927945a46cb,16.067358199506998,16.067358199506998,50.0,1,1,0
/CustomerService/UpdateCustomera714eb44-c7fd-4108-94df-8d0ef7612fb5,14.098891988396645,14.098891988396645,50.0,1,1,0
/CustomerService/UpdateCustomera92cf5ef-129c-44af-a9ef-4b032c425e68,8.13808012753725,8.13808012753725,50.0,1,1,0
/CustomerService/UpdateCustomerad591846-2020-4ac0-8605-f1cbd4c25906,4.691456910222769,4.691456910222769,50.0,1,1,0
/CustomerService/UpdateCustomerb8999ae8-1433-48cf-8a40-563fa0891136,8.516020141541958,8.516020141541958,50.0,1,1,0
/CustomerService/UpdateCustomerbb0170fe-49c2-4da0-818c-8e11a3d2faf6,9.608698077499866,9.608698077499866,50.0,1,1,0
/CustomerService/UpdateCustomerbb56ad47-e515-45a0-8b13-ff96e56c1d61,10.066148824989796,10.066148824989796,50.0,1,1,0
/CustomerService/UpdateCustomerbc3255f5-9517-474d-90e3-3ad5389378a9,4.617318976670504,4.617318976670504,50.0,1,1,0
/CustomerService/UpdateCustomerbeaff2d0-7038-4ede-ac93-2ab4859ed707,5.73529489338398,5.73529489338398,50.0,1,1,0
/CustomerService/UpdateCustomerbfb69c20-9019-41c8-9e69-da05d5115963,5.97004871815443,5.97004871815443,50.0,1,1,0
/CustomerService/UpdateCustomerc1b2891f-37a0-49aa-be98-d4bffd356d69,7.175707723945379,7.175707723945379,50.0,1,1,0
/CustomerService/UpdateCustomerd11987c0-65ad-45d0-ada1-cca19e6964b4,8.641185704618692,8.641185704618692,50.0,1,1,0
/CustomerService/UpdateCustomerd3340eab-1f27-4b49-92f6-9b038caf1147,15.885754954069853,15.885754954069853,50.0,1,1,0
/CustomerService/UpdateCustomere05af1a4-3b0e-4176-b50b-422428e1b71b,5.2438778802752495,5.2438778802752495,50.0,1,1,0
/CustomerService/UpdateCustomere4072f85-6332-41a5-8867-94ebe68b0cfc,7.375204004347324,7.375204004347324,50.0,1,1,0
/CustomerService/UpdateCustomerf2ea1da5-f97b-4513-b60a-28098a066dca,14.358998276293278,14.358998276293278,50.0,1,1,0
/CustomerService/UpdateCustomerf4242932-e62c-4b54-a244-f0cce3ed762e,7.63148907572031,7.63148907572031,50.0,1,1,0
/CustomerService/UpdateCustomerf4350430-b0a1-40e6-a0e1-29665717f4d6,8.8656572625041,8.8656572625041,50.0,1,1,0
/CustomerService/UpdateCustomerf4bd9bca-a4c5-441b-baf0-d9a89ebab16d,15.456353779882193,15.456353779882193,50.0,1,1,0
/CustomerService/UpdateCustomerf523bc23-6494-4e16-8d29-386c05679212,9.466142393648624,9.466142393648624,50.0,1,1,0
/CustomerService/UpdateCustomerfb86b68b-09a3-4e53-ab2d-a02074d96a30,9.444674011319876,9.444674011319876,50.0,1,1,0
/CustomerService/UpdateCustomerfc193f21-3bd7-4fe2-97ff-9a6c842af260,9.11762984469533,9.11762984469533,50.0,1,1,0
/CustomerService/UpdateCustomerfc2ac9eb-6dcd-4898-96cb-6457d86e5810,9.443917777389288,9.443917777389288,50.0,1,1,0
/CustomerService/UpdateCustomerfdb7c23d-c0da-476f-a88f-0a6237a2d65d,10.139680933207273,10.139680933207273,50.0,1,1,0
/CustomerService/getCustomer041ba44f-444c-44ac-a670-d88c3a8c5762,3.8879700005054474,3.8879700005054474,2.0,1,1,0
/CustomerService/getCustomer05b31242-98bb-48f5-9571-3157827c7ca3,2.6108003221452236,2.6108003221452236,2.0,1,1,0
/CustomerService/getCustomer0cf13a29-bd74-4130-b792-9dda8c90cc6c,7.030309177935123,7.030309177935123,2.0,1,1,0
/CustomerService/getCustomer140830a7-ab54-47af-8e77-583d1235511f,1.9337702542543411,1.9337702542543411,2.0,1,1,0
/CustomerService/getCustomer1a4790aa-6158-44fb-88c7-8df2dd88a733,5.716805811971426,5.716805811971426,2.0,1,1,0
/CustomerService/getCustomer1b347229-3554-4be4-aaf1-0b810b590cdd,8.558630011975765,8.558630011975765,2.0,1,1,0
/CustomerService/getCustomer1bbdac08-ecb0-4c3a-8b33-c4826568cdb4,6.169244181364775,6.169244181364775,2.0,1,1,0
/CustomerService/getCustomer1df8e7f1-f429-41b2-a7c3-b2a15d4cd9a9,2.749226987361908,2.749226987361908,2.0,1,1,0
/CustomerService/getCustomer1e807010-cfab-4a5f-967c-2d7c97e756aa,5.626119207590818,5.626119207590818,2.0,1,1,0
/CustomerService/getCustomer1f9561c5-041e-41f3-8681-ee81dc7c4d66,2.5077182799577713,2.5077182799577713,2.0,1,1,0
/CustomerService/getCustomer202c5f1f-d1e7-40ae-bfb3-c5482370461c,3.2983552664518356,3.2983552664518356,2.0,1,1,0
/CustomerService/getCustomer2310b763-054b-46e6-949a-7e0a550d7e5c,5.617698188871145,5.617698188871145,2.0,1,1,0
/CustomerService/getCustomer28a7cb1c-5c48-42c6-8a03-6ed28570a7c6,6.233852822333574,6.233852822333574,2.0,1,1,0
/CustomerService/getCustomer2baab297-ff84-4885-af6b-ccad40dc1eef,6.31249975413084,6.31249975413084,2.0,1,1,0
/CustomerService/getCustomer308b9d9e-f61c-4624-aef1-a2a35208e26f,5.585076287388802,5.585076287388802,2.0,1,1,0
/CustomerService/getCustomer32423708-b4e8-4129-87a4-0ff623bddddb,5.069386214017868,5.069386214017868,2.0,1,1,0
/CustomerService/getCustomer3f135935-765e-440c-b231-808886b55b80,5.478214006870985,5.478214006870985,2.0,1,1,0
/CustomerService/getCustomer400776b3-e9c4-4a17-817c-68a822f52deb,2.9636183753609657,2.9636183753609657,2.0,1,1,0
/CustomerService/getCustomer41f9d58f-ddbe-49bb-9b20-d074e6688b54,2.9041292145848274,2.9041292145848274,2.0,1,1,0
/CustomerService/getCustomer459954e8-83d0-451a-a358-f80a938ff996,2.34052911400795,2.34052911400795,2.0,1,1,0
/CustomerService/getCustomer521ebf4f-688c-4f9e-8510-1d73d9e746c0,2.072787843644619,2.072787843644619,2.0,1,1,0
/CustomerService/getCustomer54349d8d-ac71-497e-9a32-fbe4cc56eae5,3.447393886744976,3.447393886744976,2.0,1,1,0
/CustomerService/getCustomer5682476a-c72d-4843-8fd6-3922ea92cd43,2.437165006995201,2.437165006995201,2.0,1,1,0
/CustomerService/getCustomer597e9dc8-0977-40f4-ac86-958cc0dd0826,3.678882960230112,3.678882960230112,2.0,1,1,0
/CustomerService/getCustomer5d468af4-0832-4b1e-a0c7-f58d67c4be2c,2.8944257646799088,2.8944257646799088,2.0,1,1,0
/CustomerService/getCustomer6012a289-91b6-4ef5-ad68-2eae06a7c2e2,4.831648897379637,4.831648897379637,2.0,1,1,0
/CustomerService/getCustomer61ed132c-025b-48c6-a9be-c559ba7352ea,10.186013765633106,10.186013765633106,2.0,1,1,0
/CustomerService/getCustomer624766a0-5327-4f2f-821e-133169e76e13,5.458253901451826,5.458253901451826,2.0,1,1,0
/CustomerService/getCustomer6391e616-5cbb-463a-ad52-c855b91c18ba,8.002670016139746,8.002670016139746,2.0,1,1,0
/CustomerService/getCustomer6750c7eb-0a70-4505-847a-961132ded8f0,12.732659000903368,12.732659000903368,2.0,1,1,0
/CustomerService/getCustomer678c8178-bdf4-4a38-966f-c76f33b122b2,8.490532636642456,8.490532636642456,2.0,1,1,0
/CustomerService/getCustomer68bd5c64-fb29-415b-939f-ba7dfa85e39d,4.580232780426741,4.580232780426741,2.0,1,1,0
/CustomerService/getCustomer69cd84ed-5f38-4860-8b0d-411ec94b076a,2.913050353527069,2.913050353527069,2.0,1,1,0
/CustomerService/getCustomer6dca0994-7462-45a7-b4d5-76104bf86115,7.045174017548561,7.045174017548561,2.0,1,1,0
/CustomerService/getCustomer75dbbf5d-b69a-4952-b43b-d6bb5b070eb7,4.264955874532461,4.264955874532461,2.0,1,1,0
/CustomerService/getCustomer77c667dd-563e-4dd1-b478-a1d08d755b4f,2.069779671728611,2.069779671728611,2.0,1,1,0
/CustomerService/getCustomer78fd409a-b586-428e-b102-bd709090426c,12.607546988874674,12.607546988874674,2.0,1,1,0
/CustomerService/getCustomer7def3182-16cc-4246-adc1-5611d8573e41,18.04034411907196,18.04034411907196,2.0,1,1,0
/CustomerService/getCustomer81acbc92-203a-4582-83e9-3bb59d47ce46,6.660180632025003,6.660180632025003,2.0,1,1,0
/CustomerService/getCustomer81ce5f08-b37d-4686-a789-8091ec575fa4,5.255348980426788,5.255348980426788,2.0,1,1,0
/CustomerService/getCustomer837c0a8a-d225-4b91-9f01-fb27dfe3d4b1,9.252723306417465,9.252723306417465,2.0,1,1,0
/CustomerService/getCustomer8524dd19-f02a-4c6b-8d89-c3274236d027,2.910603303462267,2.910603303462267,2.0,1,1,0
/CustomerService/getCustomer8554a81a-55c0-49e8-8e99-103bf0db1d0e,3.0503831803798676,3.0503831803798676,2.0,1,1,0
/CustomerService/getCustomer85b2f1b9-b92e-4fc4-bc3a-5feade3edd48,2.6303078047931194,2.6303078047931194,2.0,1,1,0
/CustomerService/getCustomer86fb0fa1-1fdb-4fa8-ba0f-6f618a7fb74f,5.444956012070179,5.444956012070179,2.0,1,1,0
/CustomerService/getCustomer871246a9-cad7-477f-9808-d2d0bf09ecad,2.716201823204756,2.716201823204756,2.0,1,1,0
/CustomerService/getCustomer87561737-0bb4-441f-9aea-c8b2d63200cb,2.627832815051079,2.627832815051079,2.0,1,1,0
/CustomerService/getCustomer87cd8150-a9b9-4d42-bf1d-8f19cd53f1a9,5.008937790989876,5.008937790989876,2.0,1,1,0
/CustomerService/getCustomer8c333106-1867-4f22-a020-cfd650c708b7,2.692724112421274,2.692724112421274,2.0,1,1,0
/CustomerService/getCustomer8cc749e1-334b-477d-9c3b-08f2ea240b99,6.010910030454397,6.010910030454397,2.0,1,1,0
/CustomerService/getCustomer8d58cdce-bc60-4452-abb8-2ea9ac8fb007,3.2839602790772915,3.2839602790772915,2.0,1,1,0
/CustomerService/getCustomer8e56fbe5-cde3-4e45-9461-3348af5333f0,4.231526982039213,4.231526982039213,2.0,1,1,0
/CustomerService/getCustomer9127ab5f-689d-48e2-80a1-932f58a68f43,7.800486404448748,7.800486404448748,2.0,1,1,0
/CustomerService/getCustomera62be914-ad0a-4a62-8a8d-21d6868792e6,3.6366707645356655,3.6366707645356655,2.0,1,1,0
/CustomerService/getCustomeraac57655-2072-4c5e-8b13-6e95b506695c,2.33404990285635,2.33404990285635,2.0,1,1,0
/CustomerService/getCustomerab695a02-f7ce-4c9b-a4e6-6467b5849a82,2.513434272259474,2.513434272259474,2.0,1,1,0
/CustomerService/getCustomerac6c5477-cc10-45f2-8db7-88d8616994f9,1.8548010848462582,1.8548010848462582,2.0,1,1,0
/CustomerService/getCustomerad68479d-4c3d-4937-aaf4-8b1a45d1cd6e,8.396613877266645,8.396613877266645,2.0,1,1,0
/CustomerService/getCustomeraf223cab-6148-47ba-93bc-c535be948c16,5.232011899352074,5.232011899352074,2.0,1,1,0
/CustomerService/getCustomerb1064be1-7338-4d88-886e-c4697d62855b,7.6118940487504005,7.6118940487504005,2.0,1,1,0
/CustomerService/getCustomerb1c83a39-a454-46a4-a8e3-74e7d65245de,1.9202129915356636,1.9202129915356636,2.0,1,1,0
/CustomerService/getCustomerb6131dbe-68e7-4b20-9bda-7400e7ddf855,7.396060973405838,7.396060973405838,2.0,1,1,0
/CustomerService/getCustomerb7e463a8-6e01-47b4-b0b2-9524adb3a9dd,8.44255369156599,8.44255369156599,2.0,1,1,0
/CustomerService/getCustomerb8d3bf97-2738-49f3-b9e1-b47417103525,2.8792950324714184,2.8792950324714184,2.0,1,1,0
/CustomerService/getCustomerb8f1adfc-6be0-4fe1-8d30-b069381377a4,9.51235182583332,9.51235182583332,2.0,1,1,0
/CustomerService/getCustomerbb3aa1d4-11b8-490d-94d8-494333f922a3,5.584306083619595,5.584306083619595,2.0,1,1,0
/CustomerService/getCustomerbb9efd25-779d-419d-98db-a2b192469d04,5.616305861622095,5.616305861622095,2.0,1,1,0
/CustomerService/getCustomerbe754314-5d3b-40ba-b0af-6d9a1d9e4440,7.274671923369169,7.274671923369169,2.0,1,1,0
/CustomerService/getCustomerc28678c9-fad0-4da6-b0f3-12642d4ecc04,3.8362452760338783,3.8362452760338783,2.0,1,1,0
/CustomerService/getCustomerc43b9f59-7408-473c-950c-51339a6cd6b9,2.2317389957606792,2.2317389957606792,2.0,1,1,0
/CustomerService/getCustomercf993610-fe41-4d6d-b728-744067a966a3,4.168375860899687,4.168375860899687,2.0,1,1,0
/CustomerService/getCustomerd0b33abb-56ab-4eb3-b1a7-b8384b011463,4.226509016007185,4.226509016007185,2.0,1,1,0
/CustomerService/getCustomerd55e082c-435e-4d9f-b431-b71fb062124e,4.344162996858358,4.344162996858358,2.0,1,1,0
/CustomerService/getCustomerd9d529ac-967d-4ac9-b8ce-53c545224d3d,5.047792103141546,5.047792103141546,2.0,1,1,0
/CustomerService/getCustomerddc8fb30-10ee-4a3a-9a3c-167dd25fc7a6,4.134925082325935,4.134925082325935,2.0,1,1,0
/CustomerService/getCustomere852c540-0fd7-4039-b4e4-6b0268561041,7.053376641124487,7.053376641124487,2.0,1,1,0
/CustomerService/getCustomerf57b8765-7cc1-4cc5-b296-24f392272499,2.95823672786355,2.95823672786355,2.0,1,1,0
/CustomerService/getCustomerf9662fbb-5ed4-4d67-8ce8-19ae20461024,5.198425613343716,5.198425613343716,2.0,1,1,0
/CustomerService/getCustomerfc332dd2-3dea-4d1e-970d-13febb9b9684,5.985561292618513,5.985561292618513,2.0,1,1,0
/CustomerService/getCustomerfe2e3e3c-41d2-4426-8368-3f2ea7fa1385,6.463630124926567,6.463630124926567,2.0,1,1,0
/OrderService/CreateOrder00e4f10c-387c-4a70-b57b-9ebbbbb699c7,5.450410768389702,5.450410768389702,50.0,1,1,0
/OrderService/CreateOrder0985ee02-4ca4-4589-a220-a5d94e746db7,2.574455924332142,2.574455924332142,50.0,1,1,0
/OrderService/CreateOrder0cca1c55-44d3-45bc-9bd5-d9dc29ab5867,2.3586340248584747,2.3586340248584747,50.0,1,1,0
/OrderService/CreateOrder10bc8d3b-59de-45b3-9d7e-868624fa41b7,6.550353020429611,6.550353020429611,50.0,1,1,0
/OrderService/CreateOrder12ac08a8-f0e3-4e6a-afc0-afc4abca5018,2.4144849739968777,2.4144849739968777,50.0,1,1,0
/OrderService/CreateOrder1536b8a7-bab2-49d7-9ea7-5ea1fc36a866,2.3985886946320534,2.3985886946320534,50.0,1,1,0
/OrderService/CreateOrder160b958e-27d1-40de-9bdd-39c7e0a8d419,2.076038159430027,2.076038159430027,50.0,1,1,0
/OrderService/CreateOrder1c3f0fff-6394-4001-b67e-fdb00a45351a,3.052129875868559,3.052129875868559,50.0,1,1,0
/OrderService/CreateOrder1cb8cba9-1ff8-4f1e-9b16-ed4eb7b96f3a,3.2333126291632652,3.2333126291632652,50.0,1,1,0
/OrderService/CreateOrder20f175ab-d831-4bea-91dc-d3ba5591b5a7,3.0661020427942276,3.0661020427942276,50.0,1,1,0
/OrderService/CreateOrder2201bf83-b512-417b-b1c8-b54051edbc2f,13.245885726064444,13.245885726064444,50.0,1,1,0
/OrderService/CreateOrder2623c523-831b-4d04-8b41-bed815c3bbd0,2.9522846452891827,2.9522846452891827,50.0,1,1,0
/OrderService/CreateOrder2da74de4-9eb3-4c92-aa26-1d28e26dcc6e,2.1517788991332054,2.1517788991332054,50.0,1,1,0
/OrderService/CreateOrder2e08442a-f126-4903-a292-02445f217601,3.22136702015996,3.22136702015996,50.0,1,1,0
/OrderService/CreateOrder304b8773-4af3-4f57-bd27-27e00007e462,2.3528258316218853,2.3528258316218853,50.0,1,1,0
/OrderService/CreateOrder30cb0a77-607d-4b6a-8f18-5d430e2d98c2,13.597856275737286,13.597856275737286,50.0,1,1,0
/OrderService/CreateOrder31490432-310d-4c82-a569-de2ad1872b64,2.8379829600453377,2.8379829600453377,50.0,1,1,0
/OrderService/CreateOrder31fb2f3a-56fc-47bb-bca3-a5332d040099,2.449016086757183,2.449016086757183,50.0,1,1,0
/OrderService/CreateOrder38b1658d-58c4-46e2-814b-ee0791596520,2.33666505664587,2.33666505664587,50.0,1,1,0
/OrderService/CreateOrder3a3bd5e0-19b9-442b-a065-b1a143b5b4c0,2.5092782452702522,2.5092782452702522,50.0,1,1,0
/OrderService/CreateOrder3c55303e-6bce-40ed-a103-451ce9d16f21,2.7621560730040073,2.7621560730040073,50.0,1,1,0
/OrderService/CreateOrder41129992-fa1d-499a-8221-20900cf06ead,4.431067034602165,4.431067034602165,50.0,1,1,0
/OrderService/CreateOrder455faa89-264b-48f1-9738-a5cca793c6bb,13.943639118224382,13.943639118224382,50.0,1,1,0
/OrderService/CreateOrder4779d0cc-7c5c-444b-b798-5f1531b257c7,2.484169788658619,2.484169788658619,50.0,1,1,0
/OrderService/CreateOrder479fe81c-95fc-451c-a856-b85f5db5f018,2.554425969719887,2.554425969719887,50.0,1,1,0
/OrderService/CreateOrder4e2fea3b-6f1d-4349-a806-6ee1982b6c05,5.374765023589134,5.374765023589134,50.0,1,1,0
/OrderService/CreateOrder5279f96c-826d-40ee-920a-8bc41843152f,2.7696341276168823,2.7696341276168823,50.0,1,1,0
/OrderService/CreateOrder53e6934b-5e50-4c0d-8086-553daa7ae8a9,3.879161085933447,3.879161085933447,50.0,1,1,0
/OrderService/CreateOrder6135ee79-78c7-4fc7-96c3-f07f57c533fe,11.218623723834753,11.218623723834753,50.0,1,1,0
/OrderService/CreateOrder641891e6-2ac5-45b2-9dd9-abbcf73fe270,2.258735243231058,2.258735243231058,50.0,1,1,0
/OrderService/CreateOrder64246707-04c8-4ecc-a513-fbc7888b064f,3.175098914653063,3.175098914653063,50.0,1,1,0
/OrderService/CreateOrder68b497cb-d940-4c38-8f68-049201869b13,2.5071310810744762,2.5071310810744762,50.0,1,1,0
/OrderService/CreateOrder6a4745cc-1340-4d72-8d26-91206ad6169c,2.662043087184429,2.662043087184429,50.0,1,1,0
/OrderService/CreateOrder6be25ac8-9f27-404b-8331-21094c08989c,4.482097923755646,4.482097923755646,50.0,1,1,0
/OrderService/CreateOrder6c7589df-c50b-440e-94e0-7bae56b4a5c6,3.616402857005596,3.616402857005596,49.0,1,1,0
/OrderService/CreateOrder6da5cd30-b2d8-48ef-ab7f-4f7061a8e63c,3.077492117881775,3.077492117881775,50.0,1,1,0
/OrderService/CreateOrder6deaf490-81b9-401a-9c37-3dd76046d36d,2.9997630044817924,2.9997630044817924,50.0,1,1,0
/OrderService/CreateOrder6e0addb0-3ec0-4ff9-9a95-d785497902a8,5.519923288375139,5.519923288375139,50.0,1,1,0
/OrderService/CreateOrder6e5e81cd-a4e2-4492-bf37-4fcfcd2b5587,5.461602006107569,5.461602006107569,50.0,1,1,0
/OrderService/CreateOrder6ee3a024-ef70-4109-a85d-a5ba596467cb,2.8623798862099648,2.8623798862099648,50.0,1,1,0
/OrderService/CreateOrder767fbefe-0d7f-44bc-b25c-c77eb4358879,2.6908041909337044,2.6908041909337044,50.0,1,1,0
/OrderService/CreateOrder77f19467-91ac-4eb4-977c-ac560872c7f9,2.636378165334463,2.636378165334463,50.0,1,1,0
/OrderService/CreateOrder7847874d-21a5-4413-9696-c675fbe50687,2.7474709786474705,2.7474709786474705,50.0,1,1,0
/OrderService/CreateOrder7ab30b04-5827-4154-aa21-1a14da5f8b1f,2.2655040957033634,2.2655040957033634,50.0,1,1,0
/OrderService/CreateOrder7bd58f30-019c-4bbe-a9e7-aa55dd73743c,27.913545724004507,27.913545724004507,50.0,1,1,0
/OrderService/CreateOrder823e6a76-b362-4e90-bc49-9df019f7f688,21.403515245765448,21.403515245765448,50.0,1,1,0
/OrderService/CreateOrder8350b95e-d7ba-4bf9-842f-21e2d2994c62,15.889968257397413,15.889968257397413,50.0,1,1,0
/OrderService/CreateOrder8377fcad-b74e-4f2d-8ea8-bd779aedc4b9,3.5054157488048077,3.5054157488048077,50.0,1,1,0
/OrderService/CreateOrder839cf1d5-c3b7-41ff-98c0-98e0ed3eed4b,44.28967786952853,44.28967786952853,50.0,1,1,0
/OrderService/CreateOrder85328c55-0532-4feb-b66c-d474c7c40a4b,4.562242887914181,4.562242887914181,50.0,1,1,0
/OrderService/CreateOrder8724ede3-0ef7-4635-97bb-b86205e38fbc,5.674034357070923,5.674034357070923,50.0,1,1,0
/OrderService/CreateOrder90be5f96-8505-42f8-b479-73090a552f29,2.807769924402237,2.807769924402237,50.0,1,1,0
/OrderService/CreateOrder915a5e38-47f7-4505-b401-8ab52d8e9f27,3.916603047400713,3.916603047400713,50.0,1,1,0
/OrderService/CreateOrder98a49e24-8d9b-4a37-afe6-4f1d96d7ce98,13.154124841094017,13.154124841094017,50.0,1,1,0
/OrderService/CreateOrder9eb69c93-eb54-4060-b8eb-ef475da02d7a,2.6993267238140106,2.6993267238140106,50.0,1,1,0
/OrderService/CreateOrder9f8d55bf-2291-4985-8da9-da222d2d06ca,2.795817330479622,2.795817330479622,50.0,1,1,0
/OrderService/CreateOrdera69f6a06-eb29-4900-b43d-c1ae73987b0b,2.5681168772280216,2.5681168772280216,50.0,1,1,0
/OrderService/CreateOrdera7363571-3175-481d-9bfe-cc0f9b47dc8f,4.6250708401203156,4.6250708401203156,50.0,1,1,0
/OrderService/CreateOrderaaf17db0-1b86-4fb8-acd0-dab926d8be36,21.68054599314928,21.68054599314928,50.0,1,1,0
/OrderService/CreateOrderaeaeb8f1-7005-48c2-b66f-3e52ee0922dc,3.1974432058632374,3.1974432058632374,50.0,1,1,0
/OrderService/CreateOrderaeb74bab-db93-4fb1-a086-e6b543d71b42,11.122928000986576,11.122928000986576,50.0,1,1,0
/OrderService/CreateOrderb4e1dc69-f087-498d-bac7-a5854a5daa12,22.59862283244729,22.59862283244729,50.0,1,1,0
/OrderService/CreateOrderba146c64-081f-48d9-a31c-57883414ca93,14.22156672924757,14.22156672924757,50.0,1,1,0
/OrderService/CreateOrderbe2395f3-337c-45a4-8f1d-773bee3a66a9,3.6485176533460617,3.6485176533460617,50.0,1,1,0
/OrderService/CreateOrderc81b7700-1f5a-4fa5-9495-fb20410c6351,8.367461152374744,8.367461152374744,49.0,1,1,0
/OrderService/CreateOrderca132c5a-3397-4c07-96af-eac0335b5692,3.322987351566553,3.322987351566553,50.0,1,1,0
/OrderService/CreateOrderd0826a68-8b2f-4437-a0c3-c9abdba54424,2.369754947721958,2.369754947721958,50.0,1,1,0
/OrderService/CreateOrderd509a395-6d30-4ce9-8aa8-735f518cfed6,2.7229497209191322,2.7229497209191322,50.0,1,1,0
/OrderService/CreateOrderd92c9c00-4019-475e-83e0-0ecc53b86a43,7.39073334261775,7.39073334261775,50.0,1,1,0
/OrderService/CreateOrderdcc0596a-9344-4a6d-9e5a-c97357683f58,40.197666734457016,40.197666734457016,50.0,1,1,0
/OrderService/CreateOrderdd4aa538-76a9-4142-9932-7404986b9da2,2.996833063662052,2.996833063662052,50.0,1,1,0
/OrderService/CreateOrderddc57408-2a7e-4a48-aa7f-0e2da1cf3591,24.047852028161287,24.047852028161287,50.0,1,1,0
/OrderService/CreateOrderdddd8dc6-d2a4-4cab-af9d-25e3b69ccf80,6.0376920737326145,6.0376920737326145,50.0,1,1,0
/OrderService/CreateOrdere5f72c81-8869-4d54-ad08-262c75376019,14.133459888398647,14.133459888398647,50.0,1,1,0
/OrderService/CreateOrdere94a11ff-c844-4085-a8eb-fd50e9902f73,2.2238511592149734,2.2238511592149734,50.0,1,1,0
/OrderService/CreateOrdereb615c9c-c385-46d4-9a3f-d49f4b21075c,3.2159346155822277,3.2159346155822277,50.0,1,1,0
/OrderService/CreateOrderf12480f7-2af8-4f40-ab70-3bcaa7ef6060,5.586667917668819,5.586667917668819,50.0,1,1,0
/OrderService/CreateOrderf3c27f32-158c-4910-89fb-eb9dfdce7634,3.7839049473404884,3.7839049473404884,50.0,1,1,0
/OrderService/CreateOrderff3d3f68-c849-41b3-b08a-0c96fa93928e,2.897030208259821,2.897030208259821,50.0,1,1,0
/OrderService/CreateOrderff564bda-ff1d-40f0-ab4b-83e6ba894f45,4.632879048585892,4.632879048585892,50.0,1,1,0
/OrderService/GetOrder03c4c4eb-d497-4e06-9b2b-2b0c71e17ea1,1.7925407737493515,1.7925407737493515,3.0,1,1,0
/OrderService/GetOrder0b99da40-4793-4baf-9379-5f8ef9538d93,1.6214102506637573,1.6214102506637573,3.0,1,1,0
/OrderService/GetOrder0d232181-1a93-4764-98fd-3bb22c452605,2.73694796487689,2.73694796487689,2.0,1,1,0
/OrderService/GetOrder0d655799-043c-4152-b849-6ffb38342b01,2.068264875560999,2.068264875560999,3.0,1,1,0
/OrderService/GetOrder108886dc-3794-4609-a8b5-ca95fc717518,1.5205107629299164,1.5205107629299164,3.0,1,1,0
/OrderService/GetOrder18e15c75-c87c-492b-9456-1fc95c70ba7a,1.667845994234085,1.667845994234085,3.0,1,1,0
/OrderService/GetOrder1a1da73e-f0b1-4224-8816-1b2a72103ed4,1.70476408675313,1.70476408675313,3.0,1,1,0
/OrderService/GetOrder1a30a8cb-ef5c-49a3-b168-e2463539d9c3,1.8628071993589401,1.8628071993589401,2.0,1,1,0
/OrderService/GetOrder1f0baf6d-25ac-4190-bf72-86f730e2cbfd,2.2803214378654957,2.2803214378654957,3.0,1,1,0
/OrderService/GetOrder229ce676-10f8-4703-8943-735bc1da90e2,2.4208296090364456,2.4208296090364456,3.0,1,1,0
/OrderService/GetOrder247052f1-b2ec-4102-a0e3-88e3d856515d,2.0773480646312237,2.0773480646312237,2.0,1,1,0
/OrderService/GetOrder266ec4ec-996d-4632-81f8-735dda3b185e,1.4957888051867485,1.4957888051867485,3.0,1,1,0
/OrderService/GetOrder27209e9b-21d1-4d4d-8333-1925bcf5f3d9,1.548160333186388,1.548160333186388,3.0,1,1,0
/OrderService/GetOrder2a20fac7-a55d-4282-9bda-9ce9c549cbe8,2.0650853402912617,2.0650853402912617,3.0,1,1,0
/OrderService/GetOrder2ccda3db-1a36-401d-8602-9a24ba6e36f9,1.052394974976778,1.052394974976778,3.0,1,1,0
/OrderService/GetOrder2ce0d9d0-3c7a-49ae-a554-a9613124ce93,2.645455300807953,2.645455300807953,3.0,1,1,0
/OrderService/GetOrder2de0031f-e49b-4a72-8db1-d8f55a8088ae,1.6626929864287376,1.6626929864287376,3.0,1,1,0
/OrderService/GetOrder2e7a8f03-edf3-40ec-8f6e-be0c5d764e65,2.524714916944504,2.524714916944504,3.0,1,1,0
/OrderService/GetOrder2fb4734c-5fa1-4819-8098-b983dda4cba8,2.373194321990013,2.373194321990013,3.0,1,1,0
/OrderService/GetOrder33af1cd6-2bbb-4605-84a0-29e58e9d9276,3.0681220814585686,3.0681220814585686,3.0,1,1,0
/OrderService/GetOrder37279bf2-6cae-47a6-b02a-a1cb834d834c,1.9936412572860718,1.9936412572860718,3.0,1,1,0
/OrderService/GetOrder3b24a3a2-114f-43fb-87a3-e6d0024ba54f,1.195493619889021,1.195493619889021,3.0,1,1,0
/OrderService/GetOrder3fcdd110-69fb-4b5f-80ba-3f6beff990f2,2.258585300296545,2.258585300296545,3.0,1,1,0
/OrderService/GetOrder432f3606-9a4c-4d11-977d-3a32ef542c11,2.508576028048992,2.508576028048992,3.0,1,1,0
/OrderService/GetOrder478d79ce-6469-419f-bcce-1143ef487a34,4.744380246847868,4.744380246847868,3.0,1,1,0
/OrderService/GetOrder4c1a24ae-76b1-4f29-b352-4a808a3b45c5,0.9509730152785778,0.9509730152785778,3.0,1,1,0
/OrderService/GetOrder4e7acbd7-2cc0-4629-af21-6293df189490,2.2246302105486393,2.2246302105486393,3.0,1,1,0
/OrderService/GetOrder56c967d4-a2a2-4ee5-91d0-df3db26a8ffb,2.169995103031397,2.169995103031397,3.0,1,1,0
/OrderService/GetOrder5e925e08-80a2-485a-8172-a02ce732c3d7,2.3635518737137318,2.3635518737137318,3.0,1,1,0
/OrderService/GetOrder61fe9972-a418-4e8a-b9ca-e4deefaf7dde,1.4029736630618572,1.4029736630618572,3.0,1,1,0
/OrderService/GetOrder6642c94b-95c0-4493-97f4-b5ab7bed56ba,5.3254482336342335,5.3254482336342335,3.0,1,1,0
/OrderService/GetOrder6885f0bb-379c-4d6c-b086-21742b4cf48e,36.5150710567832,36.5150710567832,3.0,1,1,0
/OrderService/GetOrder6c119784-fedc-4c01-9c7e-551e8545fc21,1.6577406786382198,1.6577406786382198,3.0,1,1,0
/OrderService/GetOrder703678cf-7525-4de2-8f0f-4b9d4d105124,1.756161917001009,1.756161917001009,3.0,1,1,0
/OrderService/GetOrder715e3919-5ca8-4794-a625-b03104908f77,1.3334578834474087,1.3334578834474087,3.0,1,1,0
/OrderService/GetOrder7b0fdb22-a2e8-418b-ae64-45ddf1146351,2.085963264107704,2.085963264107704,3.0,1,1,0
/OrderService/GetOrder7dafa86b-bd16-4d37-8ebe-cf3a12d46a41,1.8309801816940308,1.8309801816940308,3.0,1,1,0
/OrderService/GetOrder7f8a5552-5f7e-4299-86cc-b32b470b37c2,2.458428032696247,2.458428032696247,2.0,1,1,0
/OrderService/GetOrder81c55746-3a2b-4956-9265-afa973ae4ba1,1.381543930619955,1.381543930619955,2.0,1,1,0
/OrderService/GetOrder8686f70f-3b1e-487c-99c8-e2f3cf59190f,2.2598812356591225,2.2598812356591225,3.0,1,1,0
/OrderService/GetOrder8d0faeb8-cb6f-4cfa-850e-60bd64401b8d,3.3730030991137028,3.3730030991137028,3.0,1,1,0
/OrderService/GetOrder8d4d3961-30c9-4ad3-ad88-0e10498ea1ca,36.126647144556046,36.126647144556046,2.0,1,1,0
/OrderService/GetOrder9242a880-e05d-456e-b615-662dbbc1b39f,1.6631903126835823,1.6631903126835823,3.0,1,1,0
/OrderService/GetOrder9593dccf-6e6f-46c8-a3e4-6f9288cd5518,3.0773449689149857,3.0773449689149857,3.0,1,1,0
/OrderService/GetOrder9652dbea-fbeb-4e37-bb1a-9da5d5689aeb,1.5062987804412842,1.5062987804412842,3.0,1,1,0
/OrderService/GetOrder9b935bad-4b34-43f7-9ba4-6e0319261f71,2.2051590494811535,2.2051590494811535,3.0,1,1,0
/OrderService/GetOrder9d57fb77-15de-4a6e-82ed-3aadb41ad657,1.566884107887745,1.566884107887745,3.0,1,1,0
/OrderService/GetOrder9e92408e-a5c7-4c1c-a5ee-fd40c2c0e592,2.445757854729891,2.445757854729891,3.0,1,1,0
/OrderService/GetOrdera303b853-a574-47df-9585-2b192db998b0,1.6840239986777306,1.6840239986777306,3.0,1,1,0
/OrderService/GetOrdera7ea3da3-c882-4170-b46b-54ca0602b8c2,1.5525179915130138,1.5525179915130138,3.0,1,1,0
/OrderService/GetOrdera8922c03-dffa-4149-ad25-b01f4960b2fa,1.8957951106131077,1.8957951106131077,3.0,1,1,0
/OrderService/GetOrderac3b9f10-1198-4626-9e6f-82f35b42a5d6,1.5281112864613533,1.5281112864613533,3.0,1,1,0
/OrderService/GetOrderb31bcac4-62d0-4173-9af0-2af1b9ced506,1.9568060524761677,1.9568060524761677,3.0,1,1,0
/OrderService/GetOrderb6aae0f7-bd5c-4942-aafe-02e6f08e6647,3.8952487520873547,3.8952487520873547,3.0,1,1,0
/OrderService/GetOrderba4f950c-a9bc-43cf-8567-34a08e61186f,2.209562808275223,2.209562808275223,3.0,1,1,0
/OrderService/GetOrderbae6c417-5919-494b-9871-ea31b2bb0fb4,13.956543058156967,13.956543058156967,2.0,1,1,0
/OrderService/GetOrderbbd821f1-ab9a-4201-8a28-aeceaacea972,1.3218224048614502,1.3218224048614502,3.0,1,1,0
/OrderService/GetOrdercb3e7516-fe78-4166-8ac4-bb764f706d63,3.6616851575672626,3.6616851575672626,3.0,1,1,0
/OrderService/GetOrderce7a7d8b-53f9-438c-832c-a05269ce6adb,2.0115450024604797,2.0115450024604797,3.0,1,1,0
/OrderService/GetOrdercf4b60dd-6433-4b66-882f-6bc783954bd1,2.1877558901906013,2.1877558901906013,3.0,1,1,0
/OrderService/GetOrdercfe47502-e2e4-43c5-8849-2d24e6dcd7c8,1.5350463800132275,1.5350463800132275,3.0,1,1,0
/OrderService/GetOrderd056f6b8-254f-46df-9a9c-9f0c77514494,2.3430329747498035,2.3430329747498035,3.0,1,1,0
/OrderService/GetOrderd33a804d-32c3-47d2-b84d-3b0af3fa960f,1.5141479671001434,1.5141479671001434,3.0,1,1,0
/OrderService/GetOrderd769c4af-b709-4b78-b01b-ea72d414eab5,1.4796899631619453,1.4796899631619453,3.0,1,1,0
/OrderService/GetOrderd8463fb0-ac1c-4ee6-8e06-7cfc88c4a96e,2.7165748178958893,2.7165748178958893,3.0,1,1,0
/OrderService/GetOrderdde96882-b16b-44a0-a678-ba5ec9ed6201,2.501238137483597,2.501238137483597,3.0,1,1,0
/OrderService/GetOrdere3c55d37-9bcc-4e2f-a81b-6323c14817dc,34.40177999436855,34.40177999436855,3.0,1,1,0
/OrderService/GetOrdere63f98bf-972a-405c-bcb9-6206f42cf9ae,3.2990965992212296,3.2990965992212296,3.0,1,1,0
/OrderService/GetOrdere6713ae1-30bb-403e-a278-e5fe10c69287,1.906036864966154,1.906036864966154,3.0,1,1,0
/OrderService/GetOrdere6744b88-cd95-4c86-b877-6e09e2a86696,1.5445509925484657,1.5445509925484657,3.0,1,1,0
/OrderService/GetOrdere8d8a90b-66d5-4cb0-9468-8750f3aeeb8f,1.4118440449237823,1.4118440449237823,3.0,1,1,0
/OrderService/GetOrdereca3d6ad-abef-4728-a736-181abfab260e,1.7332257702946663,1.7332257702946663,3.0,1,1,0
/OrderService/GetOrdered4d8a11-034b-4b8f-8008-2d37885954a8,2.48915096744895,2.48915096744895,3.0,1,1,0
/OrderService/GetOrderee52953e-dae7-458d-8f30-b5c02cf7620a,1.6171447932720184,1.6171447932720184,3.0,1,1,0
/OrderService/GetOrderee575721-8609-48f7-99dd-94f242365910,1.9676280207931995,1.9676280207931995,2.0,1,1,0
/OrderService/GetOrderf006b88a-92cc-4698-abb3-b2b1d9750fe3,1.7845090478658676,1.7845090478658676,3.0,1,1,0
/OrderService/GetOrderf733af38-ec53-4e4c-b225-009fbe2658dc,2.062722109258175,2.062722109258175,2.0,1,1,0
/OrderService/GetOrderf98302c0-cb35-4b75-9bef-8931904d75fe,9.654439985752106,9.654439985752106,3.0,1,1,0
/OrderService/GetOrderfd96b6ca-9559-4b49-8aa6-850f0012678c,1.2401430867612362,1.2401430867612362,3.0,1,1,0
/OrderService/GetOrderff1997b7-55ff-4d7e-9e5f-6a2f7637d6c1,2.1895328536629677,2.1895328536629677,2.0,1,1,0
Aggregated,7.505917872185819,6.0,32.225,-1,1,0
