Service,Average Response Time,Medium Response Time,Request Size,Request Type,Frequency,Size
/CatalogService/AddItem116ee78a-8a60-481a-aa9d-897ccd924a86,15.244060661643744,15.244060661643744,1000.0,1,0,1
/CatalogService/AddItem2207642e-8bcc-42d7-bc4f-f4527f1d46c7,12.206953950226307,12.206953950226307,1000.0,1,0,1
/CatalogService/AddItem4176ae6f-ea66-4493-ade3-7c59aae7f6c7,15.929763671010733,15.929763671010733,1000.0,1,0,1
/CatalogService/AddItem4562b4c9-1770-4378-af74-85e34410c15f,14.775062911212444,14.775062911212444,1000.0,1,0,1
/CatalogService/AddItem4e4b8d96-9c0a-44de-8dc7-c15bb096a26d,14.67972807586193,14.67972807586193,1000.0,1,0,1
/CatalogService/AddItemac83490f-2dde-4efd-bc2b-777eb5539081,12.219588737934828,12.219588737934828,1000.0,1,0,1
/CatalogService/AddItemc919f21a-086c-4139-b1b9-3d2576e1bef3,15.562907792627811,15.562907792627811,1000.0,1,0,1
/CatalogService/AddItemeb837403-a364-4e1c-a271-f940b85dc30d,12.093726079910994,12.093726079910994,1000.0,1,0,1
/CatalogService/GetItem095c41d7-4dc9-4cc0-8445-b13de4c33015,3.3221193589270115,3.3221193589270115,3.0,1,0,1
/CatalogService/GetItem168e0aa1-d874-4d2d-9459-f50a8184625b,1.423001755028963,1.423001755028963,3.0,1,0,1
/CatalogService/GetItem1f816023-6214-4d65-b96c-b29bf43ad20e,5.387301091104746,5.387301091104746,3.0,1,0,1
/CatalogService/GetItem33cc52a9-b768-4e06-92fd-2ebcb8b8cbd5,4.891782067716122,4.891782067716122,3.0,1,0,1
/CatalogService/GetItem9d9ae580-4c04-4fc5-9265-68a71159af48,5.07971178740263,5.07971178740263,3.0,1,0,1
/CatalogService/GetItembb3a4c12-d790-465b-b0f3-b2f69a39e7c1,4.253874998539686,4.253874998539686,3.0,1,0,1
/CatalogService/GetItemc59139e0-6a4d-4d48-af1c-881c22c12ebe,1.3129599392414093,1.3129599392414093,3.0,1,0,1
/CatalogService/GetItemce69205d-861a-4e1f-802c-c0175920c5b5,7.616668939590454,7.616668939590454,3.0,1,0,1
/CatalogService/UpdateItem3e62c76a-62ec-4740-a46e-ba90b62766ad,3.7797330878674984,3.7797330878674984,1000.0,1,0,1
/CatalogService/UpdateItem4c1739f8-ac49-49cb-a0a7-b57096fb2388,3.6040470004081726,3.6040470004081726,1000.0,1,0,1
/CatalogService/UpdateItem4d376fcb-80f9-4b1a-ae12-47d5910c8874,14.555497094988823,14.555497094988823,1000.0,1,0,1
/CatalogService/UpdateItem589c4886-08e1-4aad-9c63-4df19df82686,11.40951830893755,11.40951830893755,1000.0,1,0,1
/CatalogService/UpdateItem8f339280-998e-4593-b20c-c6f1896d63d0,3.808240871876478,3.808240871876478,1000.0,1,0,1
/CatalogService/UpdateItem9eccfa86-f221-4f41-a002-e4376deb7e18,14.915427193045616,14.915427193045616,1000.0,1,0,1
/CatalogService/UpdateItemcbc8c56c-2039-4576-9c0d-f42c50a3109c,7.392466068267822,7.392466068267822,1000.0,1,0,1
/CatalogService/UpdateIteme126ce47-9531-46fb-852c-4803316b75b3,3.2058171927928925,3.2058171927928925,1000.0,1,0,1
/CustomerService/CreateCustomer1dd5bc6f-a342-4304-b2d9-84688835bcfb,47.359859105199575,47.359859105199575,1000.0,1,0,1
/CustomerService/CreateCustomer5363e083-4674-4788-affb-e9674f11d066,19.585982896387577,19.585982896387577,1000.0,1,0,1
/CustomerService/CreateCustomer5c857cee-1615-4c79-912d-5268b0aa9048,42.43945004418492,42.43945004418492,1000.0,1,0,1
/CustomerService/CreateCustomer652d2686-87b7-4c5a-b644-7673f2dcfdcc,18.94388720393181,18.94388720393181,1000.0,1,0,1
/CustomerService/CreateCustomer6f8d8ac3-64d2-467d-b563-c363d3de32f7,48.51639783009887,48.51639783009887,1000.0,1,0,1
/CustomerService/CreateCustomer888cc914-e3c2-4446-aaa9-b4b7c8e64327,18.937977962195873,18.937977962195873,1000.0,1,0,1
/CustomerService/CreateCustomerb902cda1-da47-4d1f-a669-fc06138e8ac3,45.7152440212667,45.7152440212667,1000.0,1,0,1
/CustomerService/CreateCustomerbaf23d1f-2d23-441b-a0df-787ee75992c1,45.52385117858648,45.52385117858648,1000.0,1,0,1
/CustomerService/UpdateCustomer0e3df636-fd67-40ca-a61c-8a5041bfc889,17.620177939534187,17.620177939534187,1000.0,1,0,1
/CustomerService/UpdateCustomer2172dfc4-23ba-419b-8dcd-4442c5f9bdae,14.619681984186172,14.619681984186172,1000.0,1,0,1
/CustomerService/UpdateCustomer32848130-6990-49bd-93ad-da463947b572,7.306477054953575,7.306477054953575,1000.0,1,0,1
/CustomerService/UpdateCustomer5eb617cc-f447-4a1f-9bcc-b657e4bfe526,6.265949923545122,6.265949923545122,1000.0,1,0,1
/CustomerService/UpdateCustomer60fc42df-b7f7-48d8-9298-8b55f8419c52,6.79647596552968,6.79647596552968,1000.0,1,0,1
/CustomerService/UpdateCustomerd93f881e-d1c9-446d-98dc-cb2fa437f1f4,8.834128733724356,8.834128733724356,1000.0,1,0,1
/CustomerService/UpdateCustomerf74e6a52-f799-4cbf-8fdd-a58d6e56973e,11.017580050975084,11.017580050975084,1000.0,1,0,1
/CustomerService/UpdateCustomerfd1a5b0a-5cea-44c3-ad14-a042d4d658c5,7.859998848289251,7.859998848289251,1000.0,1,0,1
/CustomerService/getCustomer23e85497-8eb9-44e7-ac3b-26c140ebe65a,2.6421770453453064,2.6421770453453064,2.0,1,0,1
/CustomerService/getCustomer6a9eb036-3c67-46f8-b139-f4b831a45578,6.327358074486256,6.327358074486256,2.0,1,0,1
/CustomerService/getCustomer78941b9e-b193-41b9-955e-0322e0ce55ce,9.08232619985938,9.08232619985938,2.0,1,0,1
/CustomerService/getCustomer80958cf3-f422-43d5-988f-252674081715,2.484119962900877,2.484119962900877,2.0,1,0,1
/CustomerService/getCustomer9087bb4d-1c47-46c3-b776-eba421adf5e1,1.8970370292663574,1.8970370292663574,2.0,1,0,1
/CustomerService/getCustomerc4d8eb15-5a59-4ef2-8708-c34fbac74809,6.574583705514669,6.574583705514669,2.0,1,0,1
/CustomerService/getCustomerd85935e5-e82b-45b0-9e3c-965430973094,1.9228518940508366,1.9228518940508366,2.0,1,0,1
/CustomerService/getCustomerfcbe9682-b105-464a-a6ba-dde2aa78f814,3.2301736064255238,3.2301736064255238,2.0,1,0,1
/OrderService/CreateOrder16729ccd-9ed6-4c92-a908-5c58f2942492,8.486446924507618,8.486446924507618,1000.0,1,0,1
/OrderService/CreateOrder2e2873af-3802-4732-a269-e2f67d95d24d,16.180953942239285,16.180953942239285,1000.0,1,0,1
/OrderService/CreateOrder6057bd43-9387-4e25-b7a9-6b3a5e7d0c13,10.309888049960136,10.309888049960136,1000.0,1,0,1
/OrderService/CreateOrder61ab7e9a-92fd-4bc4-8f20-6725afe0326c,6.949248723685741,6.949248723685741,1000.0,1,0,1
/OrderService/CreateOrder8e81a941-ea47-45c8-a01d-734d6868801b,3.9098281413316727,3.9098281413316727,1000.0,1,0,1
/OrderService/CreateOrder95a43000-eace-47d8-b2ed-4e69759465e3,3.800290636718273,3.800290636718273,1000.0,1,0,1
/OrderService/CreateOrdera98b48d4-2f2d-48e1-8b87-e9ecf7720790,4.066071938723326,4.066071938723326,1000.0,1,0,1
/OrderService/CreateOrdercd3233dc-8a96-4a62-a243-f883a37880c6,18.122657667845488,18.122657667845488,1000.0,1,0,1
/OrderService/GetOrder03d8e4f2-f838-477e-984d-b2860fd7ba65,14.098200015723705,14.098200015723705,3.0,1,0,1
/OrderService/GetOrder2e5fc524-288b-490b-b643-800f45b869da,3.7962598726153374,3.7962598726153374,2.0,1,0,1
/OrderService/GetOrder50f080a7-7825-479e-bf84-90de8cabc415,18.57272908091545,18.57272908091545,3.0,1,0,1
/OrderService/GetOrder5f042296-3f5b-4f9f-910d-15c93214c42b,1.2717843055725098,1.2717843055725098,3.0,1,0,1
/OrderService/GetOrder93a98e4d-cd2a-47a5-b857-1dbe8502f0d4,2.5233798660337925,2.5233798660337925,3.0,1,0,1
/OrderService/GetOrderc5c5e95a-8a47-4dd6-acd8-eec176fab947,2.8441292233765125,2.8441292233765125,2.0,1,0,1
/OrderService/GetOrderd5c60b01-0960-4f46-aa18-c135cd03ca94,15.977329108864069,15.977329108864069,3.0,1,0,1
/OrderService/GetOrdere7818cf8-c64f-4b7b-90dc-2fb5d31d67ac,2.120960969477892,2.120960969477892,3.0,1,0,1
Aggregated,11.61256039631553,8.0,625.96875,-1,0,1
