Service,Average Response Time,Medium Response Time,Request Size,Request Type,Frequency,Size
/CatalogService/AddItem01c59262-88b2-49ea-af0d-ad54e7537e18,4.375056829303503,4.375056829303503,1000.0,1,1,1
/CatalogService/AddItem01dbe9e9-cd05-4950-8a20-67fa2011ccad,4.613913130015135,4.613913130015135,1000.0,1,1,1
/CatalogService/AddItem0290131b-41f6-4e81-a4b6-39818497a495,5.259721074253321,5.259721074253321,1000.0,1,1,1
/CatalogService/AddItem039fbfbc-4a2a-440f-9b3f-0dc9076e166a,3.082537092268467,3.082537092268467,1000.0,1,1,1
/CatalogService/AddItem059b0396-2cd4-4c51-993f-621f75398a1e,4.58523677662015,4.58523677662015,1000.0,1,1,1
/CatalogService/AddItem079e6fa6-6150-415e-828b-92a2d5cbf4ad,2.9734140262007713,2.9734140262007713,1000.0,1,1,1
/CatalogService/AddItem0dccfc8f-61c7-4900-a720-516a986234ad,4.292774014174938,4.292774014174938,1000.0,1,1,1
/CatalogService/AddItem0e3f58ab-1be7-4e22-93c4-ef51ee61dc7a,3.866210114210844,3.866210114210844,1000.0,1,1,1
/CatalogService/AddItem126d5d52-0ff8-4929-b6c6-96220c118ce6,4.336918238550425,4.336918238550425,1000.0,1,1,1
/CatalogService/AddItem1bf703c9-9eb7-4aea-afd5-9f284c792c63,4.480681847780943,4.480681847780943,1000.0,1,1,1
/CatalogService/AddItem1d4a30d2-e51f-4787-9dbe-3d922ec81521,7.011868059635162,7.011868059635162,1000.0,1,1,1
/CatalogService/AddItem1e86fcb6-b70b-4319-8084-09c88d179c56,4.996242932975292,4.996242932975292,1000.0,1,1,1
/CatalogService/AddItem1f75ea5e-8af8-4328-a79a-e6bc69641111,3.1245700083673,3.1245700083673,1000.0,1,1,1
/CatalogService/AddItem24ecdf6e-0c8d-4a69-815e-ffba5249424e,4.360392224043608,4.360392224043608,1000.0,1,1,1
/CatalogService/AddItem265a6b4e-31a8-44e8-8cc0-fd5a27d3c5cd,4.598609171807766,4.598609171807766,1000.0,1,1,1
/CatalogService/AddItem273fb62d-470f-491c-92a7-aadfb6edf52e,4.5912121422588825,4.5912121422588825,1000.0,1,1,1
/CatalogService/AddItem2ce65a52-7929-4226-84f7-142a3b3574e5,10.06627269089222,10.06627269089222,1000.0,1,1,1
/CatalogService/AddItem2d83d015-7d35-47f2-b7a5-78c62e821fa7,7.374790031462908,7.374790031462908,1000.0,1,1,1
/CatalogService/AddItem34f22988-7e6d-4faa-bcd9-1895192140f5,5.873458925634623,5.873458925634623,1000.0,1,1,1
/CatalogService/AddItem38df375b-d8e1-408f-8caa-bce8d369ff16,3.506421111524105,3.506421111524105,1000.0,1,1,1
/CatalogService/AddItem39881547-3e85-478f-9896-a6e91e3614e3,3.1015239655971527,3.1015239655971527,1000.0,1,1,1
/CatalogService/AddItem39fc8608-ca6a-4327-b9ec-0f90223cf358,8.384707849472761,8.384707849472761,1000.0,1,1,1
/CatalogService/AddItem3b6259f8-186c-4ec9-a1b3-08a4837ca291,8.389458991587162,8.389458991587162,1000.0,1,1,1
/CatalogService/AddItem4269031b-b6df-4254-9c91-6e8512cb160f,4.686936270445585,4.686936270445585,1000.0,1,1,1
/CatalogService/AddItem48a59166-646d-4cb5-a339-7466e4a4f5e3,11.846544221043587,11.846544221043587,1000.0,1,1,1
/CatalogService/AddItem48f1c7d9-ed27-4397-bef3-b7e6e4dc9be3,3.9386418648064137,3.9386418648064137,1000.0,1,1,1
/CatalogService/AddItem4cb375fe-247c-4b39-a3af-7f32369cb106,4.5219650492072105,4.5219650492072105,1000.0,1,1,1
/CatalogService/AddItem51f3c499-f7e8-4722-ad5e-695874f4fbf5,3.62982414662838,3.62982414662838,1000.0,1,1,1
/CatalogService/AddItem56eeee6a-8ba2-45bf-a043-ef949307afbf,25.683399755507708,25.683399755507708,1000.0,1,1,1
/CatalogService/AddItem57e3f767-9bd4-40d8-845f-380f8bb01a91,3.7567131221294403,3.7567131221294403,1000.0,1,1,1
/CatalogService/AddItem5b8298be-319f-4d7d-bb56-7a50d5613ce7,4.703121725469828,4.703121725469828,1000.0,1,1,1
/CatalogService/AddItem5e47955b-123c-421d-8467-c6cc2e5a8f5d,4.410590976476669,4.410590976476669,1000.0,1,1,1
/CatalogService/AddItem627f0006-07f9-4181-8992-f2e171001355,5.574486218392849,5.574486218392849,1000.0,1,1,1
/CatalogService/AddItem6542f879-324f-42fd-9199-4169c4a8e94b,4.648113157600164,4.648113157600164,1000.0,1,1,1
/CatalogService/AddItem66c46fe1-f4ca-430b-95d2-2b96a234b3f1,4.010812845081091,4.010812845081091,1000.0,1,1,1
/CatalogService/AddItem6704fb70-9f78-4770-a278-fa6d8ec736c4,3.6761732771992683,3.6761732771992683,1000.0,1,1,1
/CatalogService/AddItem690616ae-b85e-4ceb-affe-5f265604a7b8,6.852511316537857,6.852511316537857,1000.0,1,1,1
/CatalogService/AddItem6d20f67a-3de0-4dcb-99df-1aa15df48027,7.401963695883751,7.401963695883751,1000.0,1,1,1
/CatalogService/AddItem7526379c-786a-4aab-a09e-a260c904bf3a,7.253494113683701,7.253494113683701,1000.0,1,1,1
/CatalogService/AddItem7657dbde-f96a-4c5c-b306-fea7c2efe96b,2.901308238506317,2.901308238506317,1000.0,1,1,1
/CatalogService/AddItem78550a1b-708d-46ba-ac0a-b3f607e5d05c,8.848302997648716,8.848302997648716,1000.0,1,1,1
/CatalogService/AddItem7939fbe6-88c0-447d-b09e-5021e623766c,3.919574897736311,3.919574897736311,1000.0,1,1,1
/CatalogService/AddItem7a105217-b5f0-4df2-8a97-28fa1fbdccbb,3.896852023899555,3.896852023899555,1000.0,1,1,1
/CatalogService/AddItem7e119ee9-f5af-4ad0-b31c-65426b35e7e5,4.249987192451954,4.249987192451954,1000.0,1,1,1
/CatalogService/AddItem87b4d2fe-5b4f-4f24-9de0-156f4db477de,3.515404649078846,3.515404649078846,1000.0,1,1,1
/CatalogService/AddItem90fda511-2945-4a83-94f2-5a2965f01730,11.858074925839901,11.858074925839901,1000.0,1,1,1
/CatalogService/AddItem921e8a28-bb95-49f7-8bb0-338b5344c651,4.9090939573943615,4.9090939573943615,1000.0,1,1,1
/CatalogService/AddItem934ecb57-f362-4e5d-b271-423e0dc030b9,4.128505010157824,4.128505010157824,1000.0,1,1,1
/CatalogService/AddItem9c328fb9-158e-4953-9a4f-42764684e125,3.5085268318653107,3.5085268318653107,1000.0,1,1,1
/CatalogService/AddItem9cfd919c-a102-420e-b88a-c9b2c516c127,4.24959696829319,4.24959696829319,1000.0,1,1,1
/CatalogService/AddItema0bb4545-59b7-4ac5-8b97-9050ab29c335,5.3893993608653545,5.3893993608653545,1000.0,1,1,1
/CatalogService/AddItema17441cc-f285-4300-ba65-00db7e4a2e74,4.644116852432489,4.644116852432489,1000.0,1,1,1
/CatalogService/AddItemad38232d-2879-418d-ba6a-92d70e410b85,4.5196181163191795,4.5196181163191795,1000.0,1,1,1
/CatalogService/AddItemad98fffd-56c4-4164-b4b0-d6ec62fa20c0,5.074526648968458,5.074526648968458,1000.0,1,1,1
/CatalogService/AddItemb1eceebe-ad36-42c3-8925-6d1c59d8f2d3,4.29612398147583,4.29612398147583,1000.0,1,1,1
/CatalogService/AddItembbeb4348-185e-4caf-b7e0-3d8dd8d488e0,5.449883174151182,5.449883174151182,1000.0,1,1,1
/CatalogService/AddItemc35d56d8-f91b-4257-9c92-ab517e59aab4,3.3814082853496075,3.3814082853496075,1000.0,1,1,1
/CatalogService/AddItemc3c75c2a-d2dd-4cee-a01b-08b218ff8e7f,3.9134840480983257,3.9134840480983257,1000.0,1,1,1
/CatalogService/AddItemc7c47f1c-bef6-437f-b573-163bfab8c905,4.490394610911608,4.490394610911608,1000.0,1,1,1
/CatalogService/AddItemc85b5801-af3f-4cf0-93a7-4f0338bf953c,3.796106204390526,3.796106204390526,1000.0,1,1,1
/CatalogService/AddItemcc28d834-bd80-4189-8226-0650c89c705e,4.285579081624746,4.285579081624746,1000.0,1,1,1
/CatalogService/AddItemcc6e1344-0b06-4f90-bb0e-3720250a1357,3.7101958878338337,3.7101958878338337,1000.0,1,1,1
/CatalogService/AddItemcfb23538-286e-4974-9e5d-86f2a4eb5320,4.54956479370594,4.54956479370594,1000.0,1,1,1
/CatalogService/AddItemd29b304f-4cb8-4c35-a9a4-9d91b176134c,10.487306397408247,10.487306397408247,1000.0,1,1,1
/CatalogService/AddItemd35b4110-8a4c-4ba0-8e8c-f8134a301411,3.9383037947118282,3.9383037947118282,1000.0,1,1,1
/CatalogService/AddItemd44a6c3f-b66c-45d7-98c2-e718b05d0c86,3.7228469736874104,3.7228469736874104,1000.0,1,1,1
/CatalogService/AddItemd595ee3e-0ca2-4f67-bdfc-9af2fba5dec6,3.6940141580998898,3.6940141580998898,1000.0,1,1,1
/CatalogService/AddItemd7ee9940-b912-4183-a63f-19c378640d7b,7.698344066739082,7.698344066739082,1000.0,1,1,1
/CatalogService/AddItemdb2acf1a-0fa9-4115-831b-81846d9b5b9f,5.005846731364727,5.005846731364727,1000.0,1,1,1
/CatalogService/AddItemdc69b671-eaed-4b2b-9e1d-4fe6278ac581,5.360578186810017,5.360578186810017,1000.0,1,1,1
/CatalogService/AddItemdf10b360-f927-45b7-a7e3-c69d3520e8c6,3.904805053025484,3.904805053025484,1000.0,1,1,1
/CatalogService/AddIteme2cb35f2-7561-4977-893a-3de761f233cb,5.751954857259989,5.751954857259989,1000.0,1,1,1
/CatalogService/AddIteme4924321-d9df-411f-9de7-f75f49370727,3.8161389529705048,3.8161389529705048,1000.0,1,1,1
/CatalogService/AddIteme903fffd-6394-4b0f-ac92-5f7f4ce0f6e2,5.124501418322325,5.124501418322325,1000.0,1,1,1
/CatalogService/AddItemf185545f-05d1-49b0-8d3e-951382254abe,4.965662956237793,4.965662956237793,1000.0,1,1,1
/CatalogService/AddItemf484f116-0a72-47e9-8442-a8d7405f40d7,4.5990063808858395,4.5990063808858395,1000.0,1,1,1
/CatalogService/AddItemf4db781d-267a-4df6-8bbb-31b35b77e0bb,5.167152266949415,5.167152266949415,1000.0,1,1,1
/CatalogService/AddItemfb337704-00e3-4721-8ef3-994a83a39a22,4.09892899915576,4.09892899915576,1000.0,1,1,1
/CatalogService/AddItemfed32737-70e8-4909-99c8-f0d65c0da0d1,4.929644055664539,4.929644055664539,1000.0,1,1,1
/CatalogService/AddItemff3d41fe-4e78-4693-87bb-1ba41922d407,6.170383188873529,6.170383188873529,1000.0,1,1,1
/CatalogService/GetItem033f21ed-3eaa-4ca8-b91b-4b272b225000,7.715629879385233,7.715629879385233,3.0,1,1,1
/CatalogService/GetItem0615d4d3-54ac-4a4a-9ecb-054566542d71,4.749528132379055,4.749528132379055,3.0,1,1,1
/CatalogService/GetItem08e41b07-8fa5-408c-bbbb-f6e266a9ae80,7.8789000399410725,7.8789000399410725,3.0,1,1,1
/CatalogService/GetItem0ff26788-fc13-4d5f-9ba0-56271d8c2667,3.2097138464450836,3.2097138464450836,3.0,1,1,1
/CatalogService/GetItem1123219f-5204-4acf-a1a7-295c3d4c3cd1,3.5746050998568535,3.5746050998568535,3.0,1,1,1
/CatalogService/GetItem136fdac8-a073-4657-9cbc-6128a2aa42a4,5.999117158353329,5.999117158353329,3.0,1,1,1
/CatalogService/GetItem1b6047ac-0ea0-4d5e-8071-a6e3d846cc6a,9.049711748957634,9.049711748957634,3.0,1,1,1
/CatalogService/GetItem1d3952f7-c1e7-4a7e-9e6b-561b7c3cd506,2.7695498429238796,2.7695498429238796,3.0,1,1,1
/CatalogService/GetItem1fc036d9-55fd-46e6-9ba8-e94fb00e72fe,3.6316383630037308,3.6316383630037308,3.0,1,1,1
/CatalogService/GetItem2173d332-e168-4bec-8073-4651688a55c7,6.293219048529863,6.293219048529863,3.0,1,1,1
/CatalogService/GetItem21ad7368-9083-4e78-b0cf-3041a17ae9e8,6.956677883863449,6.956677883863449,3.0,1,1,1
/CatalogService/GetItem21bc114e-aa0e-40ff-a363-b929ed9a2948,2.29035597294569,2.29035597294569,3.0,1,1,1
/CatalogService/GetItem22ece60b-0d61-459e-a873-991d9097211f,8.923717774450779,8.923717774450779,3.0,1,1,1
/CatalogService/GetItem27e8a738-7478-455a-8b75-16a79e748670,7.449448108673096,7.449448108673096,3.0,1,1,1
/CatalogService/GetItem2d489bc6-ca28-4033-854c-ef1ccf79560f,3.152618184685707,3.152618184685707,3.0,1,1,1
/CatalogService/GetItem3d6ad915-0e48-466d-a7de-58ea4e19fe7b,3.243355080485344,3.243355080485344,3.0,1,1,1
/CatalogService/GetItem422937f4-846e-4841-a39c-a73dafa6c545,5.9967259876430035,5.9967259876430035,3.0,1,1,1
/CatalogService/GetItem426d8927-e7e6-43db-a3ba-81ee8f4c1764,2.606565598398447,2.606565598398447,3.0,1,1,1
/CatalogService/GetItem44603d36-6d00-459a-a69e-a416f55030a0,11.859646998345852,11.859646998345852,3.0,1,1,1
/CatalogService/GetItem44d7bb4b-480f-4f78-bcba-cb128115e498,3.2043829560279846,3.2043829560279846,3.0,1,1,1
/CatalogService/GetItem4fecbd79-da3f-4be6-b5fc-00ece59e867b,6.074103992432356,6.074103992432356,3.0,1,1,1
/CatalogService/GetItem51d80cc8-a49d-4a65-b271-17de521d53d8,7.175780832767487,7.175780832767487,3.0,1,1,1
/CatalogService/GetItem5434aded-b336-4759-823a-2f739c8282de,9.083311073482037,9.083311073482037,3.0,1,1,1
/CatalogService/GetItem57689aec-6c61-40c4-9589-53892a74c56f,8.456635754555464,8.456635754555464,3.0,1,1,1
/CatalogService/GetItem591d7514-1183-404e-9eed-91ad4cbf8596,8.343522902578115,8.343522902578115,3.0,1,1,1
/CatalogService/GetItem7163482f-fc36-46d0-8ad0-e7766c64912d,13.743016868829727,13.743016868829727,3.0,1,1,1
/CatalogService/GetItem740d792d-96aa-4383-94bb-86d86a59c010,6.972250062972307,6.972250062972307,3.0,1,1,1
/CatalogService/GetItem75453c33-0c91-4009-b185-fdf8ab7e755b,7.809452246874571,7.809452246874571,3.0,1,1,1
/CatalogService/GetItem777af776-1503-447f-a248-e8903f5655c1,6.270553916692734,6.270553916692734,3.0,1,1,1
/CatalogService/GetItem79040698-197f-4032-81f8-a71d6d681366,5.689183250069618,5.689183250069618,3.0,1,1,1
/CatalogService/GetItem7f9e9f07-b275-42c8-9da8-8cc84cab3c8c,3.1304522417485714,3.1304522417485714,3.0,1,1,1
/CatalogService/GetItem813816d3-ca69-4a38-9e22-041c6e87330e,6.896177306771278,6.896177306771278,3.0,1,1,1
/CatalogService/GetItem81ff7b82-ff7c-4d33-907c-715a3c0d84e6,3.6544017493724823,3.6544017493724823,3.0,1,1,1
/CatalogService/GetItem8a50040f-cc11-4915-be08-97efe63ee4c7,2.999016083776951,2.999016083776951,3.0,1,1,1
/CatalogService/GetItem8db725dd-7d08-4b7f-8b85-3048fc942e0f,3.170974086970091,3.170974086970091,3.0,1,1,1
/CatalogService/GetItem8e882c43-f438-489b-a9c7-5f5a47064179,11.68046984821558,11.68046984821558,3.0,1,1,1
/CatalogService/GetItem8f09a5d7-5f91-414d-8ba1-3599b50976e6,6.1130099929869175,6.1130099929869175,3.0,1,1,1
/CatalogService/GetItem91309cf7-9cda-4f11-8430-8bafdd485b0a,11.646994389593601,11.646994389593601,3.0,1,1,1
/CatalogService/GetItem94eea64a-22ad-484f-ba50-0cf80f7ab678,2.195169683545828,2.195169683545828,3.0,1,1,1
/CatalogService/GetItem96a5cbc5-1ecf-49be-aae0-2dc2234fcbdb,3.6290758289396763,3.6290758289396763,3.0,1,1,1
/CatalogService/GetItem98ef5ee7-16d4-4664-9499-b441525392b0,2.835314255207777,2.835314255207777,3.0,1,1,1
/CatalogService/GetItem99774d86-06a5-4653-858e-d1b428fe2259,3.63217294216156,3.63217294216156,3.0,1,1,1
/CatalogService/GetItem99ec48a6-4897-410b-b240-0f2d7904e8f2,3.1242361292243004,3.1242361292243004,3.0,1,1,1
/CatalogService/GetItem9ab7624b-776e-4598-bfb9-831ceeaa2ec8,2.240146044641733,2.240146044641733,3.0,1,1,1
/CatalogService/GetItem9d110670-2e33-42c0-aa6b-f311f8dbcef8,9.089734870940447,9.089734870940447,3.0,1,1,1
/CatalogService/GetItem9ecedddb-c3bd-4e30-96af-7ec112bb38b0,2.9140827246010303,2.9140827246010303,3.0,1,1,1
/CatalogService/GetItem9f0ce55a-05a8-4543-a6f2-531d5624b895,7.1786148473620415,7.1786148473620415,3.0,1,1,1
/CatalogService/GetItema26c93f2-0142-40f5-8dcf-e6b6e8f26149,3.4665181301534176,3.4665181301534176,3.0,1,1,1
/CatalogService/GetItema4fd7011-6e1a-4139-b327-b2a989d48368,3.6618378944694996,3.6618378944694996,3.0,1,1,1
/CatalogService/GetItema77f9560-6d28-48d7-95c3-88347dccebce,3.4692129120230675,3.4692129120230675,3.0,1,1,1
/CatalogService/GetItemaa77667c-04fc-4465-a3b2-bb7d0035ac12,2.694773953408003,2.694773953408003,3.0,1,1,1
/CatalogService/GetItemaba4cadf-a08f-4939-a479-dbe657c8e14d,4.104688297957182,4.104688297957182,3.0,1,1,1
/CatalogService/GetItemace333ab-b739-45e8-b9a7-97f3b3dc4e89,4.185741767287254,4.185741767287254,3.0,1,1,1
/CatalogService/GetItemb1c0dfc7-04e6-4829-b9c3-d96166823984,8.937372826039791,8.937372826039791,3.0,1,1,1
/CatalogService/GetItemb23a805b-c19c-4286-a5c6-ba4491f40c53,7.42329889908433,7.42329889908433,3.0,1,1,1
/CatalogService/GetItembc62c3de-1c66-4743-a885-69d0471cf0ea,8.458692580461502,8.458692580461502,3.0,1,1,1
/CatalogService/GetItemc36b20f9-1c25-4471-aac4-ab4b6ba190e0,6.99482811614871,6.99482811614871,3.0,1,1,1
/CatalogService/GetItemc3a261df-0b14-4c4a-a0f0-984b6e9e62ff,3.757795784622431,3.757795784622431,3.0,1,1,1
/CatalogService/GetItemc3adb847-7b28-45aa-b8a4-e54741a38f24,2.475702203810215,2.475702203810215,3.0,1,1,1
/CatalogService/GetItemc762dc33-a670-412f-80e5-818784552f6d,2.7707088738679886,2.7707088738679886,3.0,1,1,1
/CatalogService/GetItemca4a29e8-0224-4a98-a735-9e150ae40806,3.0288510024547577,3.0288510024547577,3.0,1,1,1
/CatalogService/GetItemcb25ce15-866d-4802-807f-e3b734a96329,8.636550046503544,8.636550046503544,3.0,1,1,1
/CatalogService/GetItemcef123a5-d99e-4451-82ca-9d117c7e4429,3.2937400974333286,3.2937400974333286,3.0,1,1,1
/CatalogService/GetItemcf6bba8a-d436-4cdf-a0b7-e0e5a8037b76,3.710085991770029,3.710085991770029,3.0,1,1,1
/CatalogService/GetItemd17a0082-e86c-4589-9afe-ff49ffe431a7,5.59403607621789,5.59403607621789,3.0,1,1,1
/CatalogService/GetItemd25dbc36-20e8-454a-a8e2-ed4614126a31,5.6458706967532635,5.6458706967532635,3.0,1,1,1
/CatalogService/GetItemd2a979b9-9ac0-4de4-bc7b-8faf4230d04e,3.4992932341992855,3.4992932341992855,3.0,1,1,1
/CatalogService/GetItemd879b1ea-c2c0-4e02-ba7a-ccd3f1d867b8,3.7870691157877445,3.7870691157877445,3.0,1,1,1
/CatalogService/GetItemdbcc58c4-a40f-4fad-86ea-67cc06ce0d2e,6.356583908200264,6.356583908200264,3.0,1,1,1
/CatalogService/GetItemdff620fe-5ddb-4641-8605-1debf47dcc04,3.3506122417747974,3.3506122417747974,3.0,1,1,1
/CatalogService/GetIteme0f22468-420d-4eb5-8042-8fee686aaa31,2.507921773940325,2.507921773940325,3.0,1,1,1
/CatalogService/GetIteme4cc8490-0de7-4f4d-8614-82dcbd52b30d,17.553457990288734,17.553457990288734,3.0,1,1,1
/CatalogService/GetIteme6761fc1-ebe1-4209-a94b-652a72c1b15f,3.271888941526413,3.271888941526413,3.0,1,1,1
/CatalogService/GetIteme765011f-6aa5-48d2-8bf9-37dd5c090b35,3.4208367578685284,3.4208367578685284,3.0,1,1,1
/CatalogService/GetItemed7fb608-da2a-4434-9949-7b4f6c2d7cce,7.681614253669977,7.681614253669977,3.0,1,1,1
/CatalogService/GetItemefadc13b-6a1b-478d-850d-8c6e90e5ea0e,3.753121942281723,3.753121942281723,3.0,1,1,1
/CatalogService/GetItemf20e9307-018f-4699-b34f-5852a849e632,2.743261866271496,2.743261866271496,2.0,1,1,1
/CatalogService/GetItemf33f20da-7e73-4245-be89-33a59686464b,5.425326060503721,5.425326060503721,3.0,1,1,1
/CatalogService/GetItemf3d474e3-13f0-4b9c-a041-de8a9a6b85be,9.13823489099741,9.13823489099741,3.0,1,1,1
/CatalogService/GetItemf77bfb57-69cb-44a4-8d53-9e0f1bbe6f4d,5.056649912148714,5.056649912148714,3.0,1,1,1
/CatalogService/UpdateItem07c715d6-5e01-4619-9b05-d2aea633228c,12.55148509517312,12.55148509517312,999.0,1,1,1
/CatalogService/UpdateItem0a8c97f9-fe02-4a7b-a385-20123cc8a788,5.939777009189129,5.939777009189129,1000.0,1,1,1
/CatalogService/UpdateItem0e4fb4e7-a407-4e40-9710-e3dad7a3becf,4.996133968234062,4.996133968234062,1000.0,1,1,1
/CatalogService/UpdateItem0ecf33f7-1daa-4fbd-b053-f7aa7f7fcf3a,4.484883043915033,4.484883043915033,1000.0,1,1,1
/CatalogService/UpdateItem0ee10bab-7b1b-4ad2-92d9-4959366c98d2,7.322354707866907,7.322354707866907,1000.0,1,1,1
/CatalogService/UpdateItem10ddf1b6-4f7c-4366-891a-82a90961be56,6.044804118573666,6.044804118573666,1000.0,1,1,1
/CatalogService/UpdateItem12a88378-14a9-40d5-bec3-80b3084bf265,3.735076170414686,3.735076170414686,1000.0,1,1,1
/CatalogService/UpdateItem1866a178-f46d-48bc-8563-4deae3158bc1,14.106133952736855,14.106133952736855,1000.0,1,1,1
/CatalogService/UpdateItem1a3331ee-fc99-4b2c-9f3a-505abfd8ef5d,9.935240726917982,9.935240726917982,1000.0,1,1,1
/CatalogService/UpdateItem1b57199e-ce5f-4fc9-8f50-1eaeeb27363e,12.627548072487116,12.627548072487116,1000.0,1,1,1
/CatalogService/UpdateItem1ff2df3f-a2b3-4176-978c-f7c28a71d79e,8.722222875803709,8.722222875803709,1000.0,1,1,1
/CatalogService/UpdateItem20c35ecf-9d14-4638-bd48-83ddf6d4f07e,4.6762400306761265,4.6762400306761265,1000.0,1,1,1
/CatalogService/UpdateItem21a0a5f3-fe9b-4d77-b849-36b95498ea00,3.7105390802025795,3.7105390802025795,1000.0,1,1,1
/CatalogService/UpdateItem21f5d981-99cc-4afb-a441-47c11f3bfc9b,6.857666186988354,6.857666186988354,1000.0,1,1,1
/CatalogService/UpdateItem2200ec3b-11c2-498c-8fec-e6cb2e3c253d,6.152121815830469,6.152121815830469,1000.0,1,1,1
/CatalogService/UpdateItem221372a0-e0fe-4370-8b00-4030e35670d8,9.39443102106452,9.39443102106452,1000.0,1,1,1
/CatalogService/UpdateItem241ef9cb-9c43-4ac1-8d54-8aa95c1d50e6,3.787438850849867,3.787438850849867,1000.0,1,1,1
/CatalogService/UpdateItem24aefdc1-3bc2-4871-be20-16e36fafde00,7.947925943881273,7.947925943881273,1000.0,1,1,1
/CatalogService/UpdateItem290586b6-f806-424c-b7d6-1c88ba95d24c,5.401852075010538,5.401852075010538,1000.0,1,1,1
/CatalogService/UpdateItem36c2176a-0f34-4977-874b-99569faee770,4.966180771589279,4.966180771589279,1000.0,1,1,1
/CatalogService/UpdateItem39c78893-e2c8-420e-ab57-65e926d30f9e,6.167681887745857,6.167681887745857,1000.0,1,1,1
/CatalogService/UpdateItem3c1b41de-8ca2-4e57-8cfc-df2ab320005e,10.685478802770376,10.685478802770376,1000.0,1,1,1
/CatalogService/UpdateItem3c2cf06b-ab53-4336-bc99-a955719701c7,11.188694275915623,11.188694275915623,1000.0,1,1,1
/CatalogService/UpdateItem3f8c9028-935a-44a1-b70b-874e6126f6bd,6.235480774194002,6.235480774194002,1000.0,1,1,1
/CatalogService/UpdateItem41edf4eb-f230-42a9-bc93-54c5272547ee,6.28286600112915,6.28286600112915,1000.0,1,1,1
/CatalogService/UpdateItem48abd073-0c7a-4276-b46f-9a317ff363c4,7.4024498462677,7.4024498462677,1000.0,1,1,1
/CatalogService/UpdateItem48fd300a-ce93-41bd-afe2-c274951ab6a4,10.57636272162199,10.57636272162199,1000.0,1,1,1
/CatalogService/UpdateItem49598bac-a936-44d8-94f0-07302e031216,5.158792249858379,5.158792249858379,999.0,1,1,1
/CatalogService/UpdateItem4986e194-c511-49d4-8980-4cd6ecf6acbb,9.674221277236938,9.674221277236938,1000.0,1,1,1
/CatalogService/UpdateItem4fe8ff8e-ad40-44e7-af40-aa153e771da9,9.504738263785839,9.504738263785839,1000.0,1,1,1
/CatalogService/UpdateItem506506e9-aed2-46ff-b9b8-bf4ecdf664cf,5.617417860776186,5.617417860776186,1000.0,1,1,1
/CatalogService/UpdateItem50d255ae-70ce-4565-948b-b0f3e3699731,10.581305250525475,10.581305250525475,1000.0,1,1,1
/CatalogService/UpdateItem5be8ab48-9e61-4b6b-94c1-e56e83d4af74,9.86051419749856,9.86051419749856,1000.0,1,1,1
/CatalogService/UpdateItem5dfa35bc-d5df-4fd6-985e-7056962dc9c7,8.992982096970081,8.992982096970081,1000.0,1,1,1
/CatalogService/UpdateItem5f2fc018-5426-47d7-a252-2d13608f7e48,8.379336912184954,8.379336912184954,1000.0,1,1,1
/CatalogService/UpdateItem61360ac5-87fe-4060-9c1b-8b16d271c8ed,13.158408924937248,13.158408924937248,1000.0,1,1,1
/CatalogService/UpdateItem61dbfd7e-b004-4a1a-86f3-7eeb67b91ced,4.979403223842382,4.979403223842382,1000.0,1,1,1
/CatalogService/UpdateItem66e93dab-9031-436d-bd84-af3f54036890,9.971104096621275,9.971104096621275,1000.0,1,1,1
/CatalogService/UpdateItem6e823ae9-a9f2-4d93-8e6a-743203d59cdf,21.480311173945665,21.480311173945665,1000.0,1,1,1
/CatalogService/UpdateItem716455d7-bac7-4fe5-93fd-4e9f17534bfc,8.23430111631751,8.23430111631751,1000.0,1,1,1
/CatalogService/UpdateItem73b3c145-a0b5-4314-8742-bbe446805aa9,4.93389368057251,4.93389368057251,1000.0,1,1,1
/CatalogService/UpdateItem74082d80-afe0-480d-b486-8a621ecd8d1b,5.2435798570513725,5.2435798570513725,1000.0,1,1,1
/CatalogService/UpdateItem7608f6bd-3b9a-420b-a674-800c2cc55e39,5.722674075514078,5.722674075514078,1000.0,1,1,1
/CatalogService/UpdateItem7730ca67-e28e-4b96-8401-1d7487d05171,5.875624716281891,5.875624716281891,1000.0,1,1,1
/CatalogService/UpdateItem7755bcca-ea46-40e7-b09a-92033d723eaf,9.837373159825802,9.837373159825802,1000.0,1,1,1
/CatalogService/UpdateItem777eebdf-dad8-4565-84b5-2c8dd827cc06,7.292962167412043,7.292962167412043,1000.0,1,1,1
/CatalogService/UpdateItem77fc3f57-39ad-4425-9da8-82539bf6a65d,7.60447233915329,7.60447233915329,1000.0,1,1,1
/CatalogService/UpdateItem78701939-cbc1-4625-8ad0-431db31d3704,5.224692635238171,5.224692635238171,1000.0,1,1,1
/CatalogService/UpdateItem787b1d31-45f3-4153-994d-6bc5d60272f5,4.85681276768446,4.85681276768446,1000.0,1,1,1
/CatalogService/UpdateItem7beec05c-09f2-4911-9ca6-9d934de6c8b5,6.949156988412142,6.949156988412142,1000.0,1,1,1
/CatalogService/UpdateItem7c61c0f6-524e-42d3-9f79-e5d43935f0b4,7.3409490287303925,7.3409490287303925,1000.0,1,1,1
/CatalogService/UpdateItem813b1541-ef9d-4375-b88e-71f4d7c1c3a2,10.240027215331793,10.240027215331793,1000.0,1,1,1
/CatalogService/UpdateItem82a534e1-e394-472b-ae35-4878df9ee15b,7.168434094637632,7.168434094637632,1000.0,1,1,1
/CatalogService/UpdateItem8411f1fa-b774-4ba1-81eb-541444924da3,9.499887935817242,9.499887935817242,1000.0,1,1,1
/CatalogService/UpdateItem8634d545-a952-427f-a5de-b6209ec9a60a,5.533920601010323,5.533920601010323,1000.0,1,1,1
/CatalogService/UpdateItem90d7a04c-9d8a-4fc9-83eb-3aa9f995849d,4.377278964966536,4.377278964966536,1000.0,1,1,1
/CatalogService/UpdateItem91d3a704-0907-4ac7-afa0-c83a0d50baa5,5.483204033225775,5.483204033225775,1000.0,1,1,1
/CatalogService/UpdateItem93081375-4490-4308-b78c-07a06044a53b,6.045250222086906,6.045250222086906,1000.0,1,1,1
/CatalogService/UpdateItem97b63ab1-f578-4aa7-91a6-f7032eaf2733,4.527744837105274,4.527744837105274,1000.0,1,1,1
/CatalogService/UpdateItem995a4fdc-5f38-4a84-b358-83df3344921f,6.377200596034527,6.377200596034527,1000.0,1,1,1
/CatalogService/UpdateItem9cc60376-c4a6-48f8-b6d7-b816997d3619,7.032510358840227,7.032510358840227,1000.0,1,1,1
/CatalogService/UpdateItema1ad7c5a-8244-4ca9-a2d6-9cb448e14044,10.758376214653254,10.758376214653254,1000.0,1,1,1
/CatalogService/UpdateItema23e6e8b-8697-489d-851a-3224d823f64b,10.76824776828289,10.76824776828289,1000.0,1,1,1
/CatalogService/UpdateItema400aca4-1668-49b7-9a54-7e8aea824d97,4.675658885389566,4.675658885389566,1000.0,1,1,1
/CatalogService/UpdateItema62fbad5-6023-4e56-8191-a18ec094601d,12.316092848777771,12.316092848777771,1000.0,1,1,1
/CatalogService/UpdateItema8e1eea5-7235-452a-8172-9003a094133e,3.8622738793492317,3.8622738793492317,1000.0,1,1,1
/CatalogService/UpdateItema9f72b2b-e37d-46b9-9a2c-ba7c246de173,6.1436910182237625,6.1436910182237625,1000.0,1,1,1
/CatalogService/UpdateItemb1d8e032-bc00-434e-8547-18efc1260a27,5.286169238388538,5.286169238388538,1000.0,1,1,1
/CatalogService/UpdateItemb4ecc2ce-dabb-46d9-b5e4-6119b640180f,5.344385281205177,5.344385281205177,1000.0,1,1,1
/CatalogService/UpdateItemb8e6fbfe-876f-4a09-8e5f-5f5e569c4caa,5.423613823950291,5.423613823950291,1000.0,1,1,1
/CatalogService/UpdateItembddeaa8c-c5e0-4244-89b6-3e1d4dda27dc,5.4030828177928925,5.4030828177928925,1000.0,1,1,1
/CatalogService/UpdateItembedc381b-4d9d-49f8-8430-7b27f43fc52d,5.153600126504898,5.153600126504898,1000.0,1,1,1
/CatalogService/UpdateItembef83be1-5c81-42b0-87da-00ec2b541e95,9.820494800806046,9.820494800806046,1000.0,1,1,1
/CatalogService/UpdateItemc708ab04-1579-4350-98e2-cd7f04c3975f,4.534421022981405,4.534421022981405,1000.0,1,1,1
/CatalogService/UpdateItemdc23e6f7-bae4-4ff2-87fd-fb24da95682e,5.578457843512297,5.578457843512297,1000.0,1,1,1
/CatalogService/UpdateItemdd28cd2a-841f-47ac-9475-1555c82890fe,3.9655212312936783,3.9655212312936783,1000.0,1,1,1
/CatalogService/UpdateItemf049d580-36c5-4c4e-952c-6fa1358359d0,10.728124994784594,10.728124994784594,1000.0,1,1,1
/CatalogService/UpdateItemf153c1ec-3baa-44c9-ab48-9b11a8961f70,13.470006175339222,13.470006175339222,1000.0,1,1,1
/CatalogService/UpdateItemf321fe5b-4e39-4681-b745-2b9340b40a61,8.706402033567429,8.706402033567429,1000.0,1,1,1
/CatalogService/UpdateItemf7fc3c7e-d191-4c41-bb31-a26441020329,11.160198599100113,11.160198599100113,1000.0,1,1,1
/CustomerService/CreateCustomer1388910f-e65e-4669-8361-5eaea2123443,11.880809906870127,11.880809906870127,1000.0,1,1,1
/CustomerService/CreateCustomer14424b7e-4b23-492c-9466-85622fe90169,14.456540811806917,14.456540811806917,1000.0,1,1,1
/CustomerService/CreateCustomer1d56528f-bda6-42d6-8c49-511c567260e6,6.530131213366985,6.530131213366985,1000.0,1,1,1
/CustomerService/CreateCustomer1dacbdc1-dcd5-49b2-8cb1-a42b56442e7b,10.808735154569149,10.808735154569149,1000.0,1,1,1
/CustomerService/CreateCustomer1ee69413-080a-43be-bfc0-62d3820c3e47,16.740894876420498,16.740894876420498,1000.0,1,1,1
/CustomerService/CreateCustomer20a54a53-d52c-4037-a4b0-4a10519b7273,7.063907105475664,7.063907105475664,1000.0,1,1,1
/CustomerService/CreateCustomer249c8283-720c-4fd0-aab1-8524106436f6,6.22073607519269,6.22073607519269,1000.0,1,1,1
/CustomerService/CreateCustomer27632817-17f4-4854-b157-202225908b1a,7.5769382528960705,7.5769382528960705,1000.0,1,1,1
/CustomerService/CreateCustomer28c204e7-6f71-46cc-9684-894819d84847,14.396166894584894,14.396166894584894,1000.0,1,1,1
/CustomerService/CreateCustomer2a3597f2-ead6-4434-a8e7-59f3ac24c7f9,6.195154041051865,6.195154041051865,1000.0,1,1,1
/CustomerService/CreateCustomer2ffb76dd-772b-4aa5-b9cc-1d47b28e792d,4.951809998601675,4.951809998601675,1000.0,1,1,1
/CustomerService/CreateCustomer3d9eb437-b84f-40f4-9b21-eae971fa3021,5.551910027861595,5.551910027861595,1000.0,1,1,1
/CustomerService/CreateCustomer47826cda-88c1-4c6c-8d44-ba22eb247131,7.167160976678133,7.167160976678133,1000.0,1,1,1
/CustomerService/CreateCustomer49d3e9f6-f084-405e-911c-075febee3ba0,11.587538756430149,11.587538756430149,1000.0,1,1,1
/CustomerService/CreateCustomer4d6b5132-5217-4498-bc47-8fae0af8dea6,7.476611062884331,7.476611062884331,1000.0,1,1,1
/CustomerService/CreateCustomer53609dbf-28f6-4956-b3d2-dae333bbae15,6.316171959042549,6.316171959042549,1000.0,1,1,1
/CustomerService/CreateCustomer5728da1e-517a-43b6-be56-31c70c84cb10,10.3742191568017,10.3742191568017,1000.0,1,1,1
/CustomerService/CreateCustomer594d2d82-e3c0-447d-8415-ffe4a4c4c137,7.6563069596886635,7.6563069596886635,1000.0,1,1,1
/CustomerService/CreateCustomer5ac1b0ab-8566-4257-9afb-ac16328f0a76,5.7727620005607605,5.7727620005607605,1000.0,1,1,1
/CustomerService/CreateCustomer5bf687b1-a776-4e90-9886-fca03bc1807f,10.367926675826311,10.367926675826311,1000.0,1,1,1
/CustomerService/CreateCustomer5f5baf40-b98f-4996-bd5e-46818840038b,11.998020112514496,11.998020112514496,1000.0,1,1,1
/CustomerService/CreateCustomer6008409f-89b5-4056-b25a-3f16ed106c78,11.58398063853383,11.58398063853383,1000.0,1,1,1
/CustomerService/CreateCustomer608281f8-938b-4825-832f-544066bbdaf5,4.87710814923048,4.87710814923048,1000.0,1,1,1
/CustomerService/CreateCustomer67843963-ffdc-4231-83a5-4d4f1512d871,6.398394703865051,6.398394703865051,1000.0,1,1,1
/CustomerService/CreateCustomer69444783-e67a-4413-8fc6-a9a9cddd69fe,4.8441207036376,4.8441207036376,1000.0,1,1,1
/CustomerService/CreateCustomer6b0eabf2-bc3a-4de4-911f-3147115c95ad,9.346441831439734,9.346441831439734,1000.0,1,1,1
/CustomerService/CreateCustomer6c67bb22-f239-4980-8461-5490c9d8d073,6.815901957452297,6.815901957452297,1000.0,1,1,1
/CustomerService/CreateCustomer6d719f47-fd58-4e48-b99e-cf08b62e348b,6.156628020107746,6.156628020107746,1000.0,1,1,1
/CustomerService/CreateCustomer6e45bd77-abf9-42a0-b8b0-e04577b93ccc,11.372518260031939,11.372518260031939,1000.0,1,1,1
/CustomerService/CreateCustomer6f05159e-5830-44ad-9973-92bb679865bb,11.596531607210636,11.596531607210636,1000.0,1,1,1
/CustomerService/CreateCustomer7089cc05-526f-4faf-b11a-6222fe9f3829,6.980500649660826,6.980500649660826,1000.0,1,1,1
/CustomerService/CreateCustomer76e38e11-85c1-4bde-b7f2-d3adcc8ffd03,11.548932176083326,11.548932176083326,1000.0,1,1,1
/CustomerService/CreateCustomer783a900c-801e-446a-b14c-8749b9abd971,10.773310903459787,10.773310903459787,1000.0,1,1,1
/CustomerService/CreateCustomer7ab2b72c-21aa-4b5d-88da-c08c95b97200,6.729369051754475,6.729369051754475,1000.0,1,1,1
/CustomerService/CreateCustomer7b1f2f46-31ec-4bac-b741-612129fd29aa,7.406156975775957,7.406156975775957,1000.0,1,1,1
/CustomerService/CreateCustomer7c92ffcf-2192-4ccc-9819-40c05d12155a,10.695269331336021,10.695269331336021,1000.0,1,1,1
/CustomerService/CreateCustomer7dda4510-cea9-4ad8-8d9b-07067e682e5f,16.679211985319853,16.679211985319853,1000.0,1,1,1
/CustomerService/CreateCustomer7eaf23a0-6179-430c-81b2-30f57938dd97,10.739505756646395,10.739505756646395,1000.0,1,1,1
/CustomerService/CreateCustomer7fc849f8-9b24-4a35-8996-53b172bf6b90,6.445544771850109,6.445544771850109,1000.0,1,1,1
/CustomerService/CreateCustomer8074790d-fc39-44b2-b2e1-2d540008e41e,11.720506008714437,11.720506008714437,1000.0,1,1,1
/CustomerService/CreateCustomer8625578f-b73b-4ef2-b49c-b58a87d39079,5.384792108088732,5.384792108088732,1000.0,1,1,1
/CustomerService/CreateCustomer887f7957-396d-4f26-9f87-86d02ca44fc7,10.279989335685968,10.279989335685968,1000.0,1,1,1
/CustomerService/CreateCustomer8ef2ded2-27cc-41a1-963b-b87525350d3e,4.811346996575594,4.811346996575594,1000.0,1,1,1
/CustomerService/CreateCustomer9287aa17-2a4d-4982-89d9-081a84169ab1,7.470940705388784,7.470940705388784,1000.0,1,1,1
/CustomerService/CreateCustomer9d81eb5f-54d0-45bd-b3ef-c20a2c73203b,6.154273170977831,6.154273170977831,1000.0,1,1,1
/CustomerService/CreateCustomera1e9d256-7c8e-42e8-91bf-e98208f8b0d6,10.617336258292198,10.617336258292198,1000.0,1,1,1
/CustomerService/CreateCustomera4b6961b-7924-43f1-86fc-d7db1a3edf20,7.491881959140301,7.491881959140301,1000.0,1,1,1
/CustomerService/CreateCustomera7e39be5-e051-4dd2-a62a-0e0969f1639d,13.169737998396158,13.169737998396158,1000.0,1,1,1
/CustomerService/CreateCustomeraba40446-2da2-41de-8365-7b70453dce51,13.561009895056486,13.561009895056486,1000.0,1,1,1
/CustomerService/CreateCustomerb2044059-7820-43cb-a0e7-76233228fc85,11.407166253775358,11.407166253775358,1000.0,1,1,1
/CustomerService/CreateCustomerb3bc8c7d-9a50-425e-a0e5-e90a9ad6682c,9.293070994317532,9.293070994317532,1000.0,1,1,1
/CustomerService/CreateCustomerb3da5f5e-5e92-47f0-afae-784bf619eda0,6.560816895216703,6.560816895216703,1000.0,1,1,1
/CustomerService/CreateCustomerb483fefa-988f-4535-8d7c-d5d7a1553d79,14.487411826848984,14.487411826848984,1000.0,1,1,1
/CustomerService/CreateCustomerb5105d00-d811-4177-aba3-b97d641a373c,6.759584881365299,6.759584881365299,1000.0,1,1,1
/CustomerService/CreateCustomerb599faa7-c8e3-42cf-a546-0f46eeb790b7,7.942336145788431,7.942336145788431,1000.0,1,1,1
/CustomerService/CreateCustomerb9428041-6987-45fc-bc07-b3b2ce649526,12.20835791900754,12.20835791900754,1000.0,1,1,1
/CustomerService/CreateCustomerbbf8116c-f5a4-4e2a-84ca-4c3d218ead05,10.782367084175348,10.782367084175348,1000.0,1,1,1
/CustomerService/CreateCustomerbcc78302-552d-4249-a7f0-e9e03dab3d26,9.866232983767986,9.866232983767986,1000.0,1,1,1
/CustomerService/CreateCustomerbd5825eb-a6c9-485e-8129-0113d8a57e58,6.494582165032625,6.494582165032625,1000.0,1,1,1
/CustomerService/CreateCustomerbd865deb-8337-45e6-91aa-b268e76f69bf,14.539529103785753,14.539529103785753,1000.0,1,1,1
/CustomerService/CreateCustomerc2669445-8a1c-4c59-9fd6-d231a840a1cb,21.436524111777544,21.436524111777544,1000.0,1,1,1
/CustomerService/CreateCustomerc696bee1-b6cf-4913-bcba-a517776e4525,6.54279999434948,6.54279999434948,1000.0,1,1,1
/CustomerService/CreateCustomerc77883a2-8f00-4683-8012-cd90b676be2d,6.812321022152901,6.812321022152901,1000.0,1,1,1
/CustomerService/CreateCustomerc9baa0df-eb78-470c-bee4-66bde76d75a8,7.525639142841101,7.525639142841101,1000.0,1,1,1
/CustomerService/CreateCustomercf6c69bb-9581-4a88-9c43-d8c8ee15ea9a,6.78322184830904,6.78322184830904,1000.0,1,1,1
/CustomerService/CreateCustomerd238ef90-abab-4649-b80c-50431db62fa2,5.055493209511042,5.055493209511042,1000.0,1,1,1
/CustomerService/CreateCustomerd353d7f7-729e-478b-ab9c-f1d04c73cea6,6.035245954990387,6.035245954990387,1000.0,1,1,1
/CustomerService/CreateCustomerd7c9cda5-a613-4a9f-bc0e-889dbea1665d,13.719351030886173,13.719351030886173,1000.0,1,1,1
/CustomerService/CreateCustomerda737cc8-34a1-4faf-8ef4-c6ba6d03f248,7.276126183569431,7.276126183569431,1000.0,1,1,1
/CustomerService/CreateCustomere258a543-6a72-469f-ba15-69b7ea5e5921,5.101142916828394,5.101142916828394,1000.0,1,1,1
/CustomerService/CreateCustomere31fc0b9-5a4c-45c3-8093-0d80cd99da31,7.124276831746101,7.124276831746101,1000.0,1,1,1
/CustomerService/CreateCustomere4faf674-574e-4323-9c1d-cd244ba7a909,17.001086845993996,17.001086845993996,1000.0,1,1,1
/CustomerService/CreateCustomere9c484cf-742a-49ba-9368-d4be5c5ac194,8.803871925920248,8.803871925920248,1000.0,1,1,1
/CustomerService/CreateCustomerea1e7833-f0c4-43e2-adbc-157048947d5f,11.863656807690859,11.863656807690859,1000.0,1,1,1
/CustomerService/CreateCustomerec4fea7f-b171-410a-a109-078b9a6e5a9e,14.355597086250782,14.355597086250782,1000.0,1,1,1
/CustomerService/CreateCustomerf1bc5e37-51e7-491e-ab4c-c27f26fe087e,10.823077987879515,10.823077987879515,1000.0,1,1,1
/CustomerService/CreateCustomerf27acd1c-2fa1-4045-a479-e370c59c2319,6.684588268399239,6.684588268399239,1000.0,1,1,1
/CustomerService/CreateCustomerf313a42c-6d40-445a-8b0f-520fc1bae621,11.889623943716288,11.889623943716288,1000.0,1,1,1
/CustomerService/CreateCustomerf3d8206f-22bb-4424-80fd-3ef3a68024f9,6.678638979792595,6.678638979792595,1000.0,1,1,1
/CustomerService/CreateCustomerf41941a4-ccae-4b38-940f-6c85f9f24790,5.135795101523399,5.135795101523399,1000.0,1,1,1
/CustomerService/UpdateCustomer007c70a0-f7d1-4932-b47f-9f595f431a30,10.593890212476254,10.593890212476254,1000.0,1,1,1
/CustomerService/UpdateCustomer02cb570d-cccb-4fc3-ab80-66e548758656,7.684063166379929,7.684063166379929,1000.0,1,1,1
/CustomerService/UpdateCustomer0456f547-a3f7-4f95-bd78-ce32fd0b5e98,10.341254994273186,10.341254994273186,1000.0,1,1,1
/CustomerService/UpdateCustomer06d7081b-ecea-4446-9f55-761522e968be,11.738979257643223,11.738979257643223,1000.0,1,1,1
/CustomerService/UpdateCustomer0e729906-206d-448c-a7be-27811f598d72,7.34187476336956,7.34187476336956,1000.0,1,1,1
/CustomerService/UpdateCustomer17325e7e-8271-4882-958a-1e025159c274,5.4373773746192455,5.4373773746192455,1000.0,1,1,1
/CustomerService/UpdateCustomer1a16307f-37af-4cf9-aa6d-699a1a6f8613,10.29463205486536,10.29463205486536,1000.0,1,1,1
/CustomerService/UpdateCustomer1e8fb5be-869d-427b-acd6-d91a8ae6db5b,13.674426358193159,13.674426358193159,1000.0,1,1,1
/CustomerService/UpdateCustomer22052918-0492-47cc-82ef-5d3293344e0e,8.536356035619974,8.536356035619974,1000.0,1,1,1
/CustomerService/UpdateCustomer259550d3-ac88-429c-87f6-0344db1baecf,6.689024157822132,6.689024157822132,1000.0,1,1,1
/CustomerService/UpdateCustomer2a6b5eb1-5416-401e-97b1-10c5c9a2d75c,7.197185885161161,7.197185885161161,1000.0,1,1,1
/CustomerService/UpdateCustomer31a7158c-7e66-43f1-872d-c67a498352db,5.713079124689102,5.713079124689102,1000.0,1,1,1
/CustomerService/UpdateCustomer328665d4-e46f-4d1a-9a92-df5de683601c,8.166860789060593,8.166860789060593,1000.0,1,1,1
/CustomerService/UpdateCustomer32cfb098-176f-433b-bd68-0b7ecfa53f39,7.7817668206989765,7.7817668206989765,1000.0,1,1,1
/CustomerService/UpdateCustomer389f51c2-5c87-4e86-9be6-4368c5b5cd1a,6.207196041941643,6.207196041941643,1000.0,1,1,1
/CustomerService/UpdateCustomer447d513f-274a-4033-b2ff-337cc6b85090,5.948575679212809,5.948575679212809,1000.0,1,1,1
/CustomerService/UpdateCustomer44cf49dd-61cc-4239-ae82-09fd449e829c,7.212385069578886,7.212385069578886,1000.0,1,1,1
/CustomerService/UpdateCustomer47f3df4f-d6a6-4a03-b072-40641f8212a9,6.149596069008112,6.149596069008112,1000.0,1,1,1
/CustomerService/UpdateCustomer4bb1612a-077f-46b1-ab02-db742a5b8918,6.193488370627165,6.193488370627165,1000.0,1,1,1
/CustomerService/UpdateCustomer4c7589fb-3845-49eb-9590-ecb47dbae9e2,6.420147139579058,6.420147139579058,1000.0,1,1,1
/CustomerService/UpdateCustomer52a44dbb-dba3-48b7-8ef4-b329a48eb611,7.784578017890453,7.784578017890453,1000.0,1,1,1
/CustomerService/UpdateCustomer53322c76-94eb-4c57-9568-4c480480caf6,7.694772910326719,7.694772910326719,1000.0,1,1,1
/CustomerService/UpdateCustomer56b01545-b14e-480e-ba12-fa7830a912db,6.861880887299776,6.861880887299776,1000.0,1,1,1
/CustomerService/UpdateCustomer59e671ce-5a4c-4024-b069-8b701458c0b2,7.1174451150000095,7.1174451150000095,1000.0,1,1,1
/CustomerService/UpdateCustomer5c4bd150-c542-4280-8a3f-d49f58bf02ad,7.946004159748554,7.946004159748554,1000.0,1,1,1
/CustomerService/UpdateCustomer5d4d4454-ea30-4599-8134-599a6a9d7659,33.23672292754054,33.23672292754054,1000.0,1,1,1
/CustomerService/UpdateCustomer5e448dfb-83e8-440b-982a-d00b6cbafe12,6.606387905776501,6.606387905776501,1000.0,1,1,1
/CustomerService/UpdateCustomer621e9fe9-aa4e-4965-99e6-f2db30472a57,6.563222035765648,6.563222035765648,1000.0,1,1,1
/CustomerService/UpdateCustomer68d39c20-9dff-49c9-abd9-178393728938,6.874862127006054,6.874862127006054,1000.0,1,1,1
/CustomerService/UpdateCustomer6a631572-c85f-4b43-a91b-68b407fe7f56,6.173414643853903,6.173414643853903,1000.0,1,1,1
/CustomerService/UpdateCustomer6be16c3d-b705-4f50-bd4b-088aabc9b92d,4.952969029545784,4.952969029545784,1000.0,1,1,1
/CustomerService/UpdateCustomer6c1c8215-ed41-439e-8be0-c90a9520e509,5.580768920481205,5.580768920481205,1000.0,1,1,1
/CustomerService/UpdateCustomer6cddba7b-580d-405d-a43d-66e0faaab9af,6.959525868296623,6.959525868296623,1000.0,1,1,1
/CustomerService/UpdateCustomer6d08ada2-8fe0-4ef7-ab78-1243976a8dd7,7.808396127074957,7.808396127074957,1000.0,1,1,1
/CustomerService/UpdateCustomer720e2173-5d2d-46db-8cc1-b21e736539cc,7.091007195413113,7.091007195413113,1000.0,1,1,1
/CustomerService/UpdateCustomer723e05b6-0365-4112-9438-4f8223d7f2f0,11.076045222580433,11.076045222580433,1000.0,1,1,1
/CustomerService/UpdateCustomer7c6528e0-653e-4044-b6c8-b0d7bb63efcb,6.873426027595997,6.873426027595997,1000.0,1,1,1
/CustomerService/UpdateCustomer7cd21151-3a8c-41d9-b90f-d448e9eaae1d,6.523657124489546,6.523657124489546,1000.0,1,1,1
/CustomerService/UpdateCustomer7cd5f7cf-5b60-4ff6-bac1-30d4437a56e4,8.353683166205883,8.353683166205883,1000.0,1,1,1
/CustomerService/UpdateCustomer7ea70301-5b9d-49c9-95bf-371c297dcab3,5.8398162946105,5.8398162946105,1000.0,1,1,1
/CustomerService/UpdateCustomer81e22aa4-2144-40ca-ac77-907353967605,7.18545401468873,7.18545401468873,1000.0,1,1,1
/CustomerService/UpdateCustomer854d6d74-4b97-4db5-8621-f9a30eaccbba,6.359015591442585,6.359015591442585,1000.0,1,1,1
/CustomerService/UpdateCustomer8a6426a3-2878-4e09-827b-a710002d4654,8.699356112629175,8.699356112629175,1000.0,1,1,1
/CustomerService/UpdateCustomer8ca47ddc-86eb-4463-b00d-92844f18344c,7.359006907790899,7.359006907790899,1000.0,1,1,1
/CustomerService/UpdateCustomer8cd161d6-9dc1-402c-a26d-e6f08a791029,8.351126685738564,8.351126685738564,1000.0,1,1,1
/CustomerService/UpdateCustomer8eefc5ca-33b2-4739-b063-ac47ff5f39bd,6.307319737970829,6.307319737970829,1000.0,1,1,1
/CustomerService/UpdateCustomer8f2a172a-9587-48ce-b1e3-ff448631c5a4,11.250315699726343,11.250315699726343,1000.0,1,1,1
/CustomerService/UpdateCustomer9a9fd632-55ab-4374-bd59-efc4f0a0e709,15.681612771004438,15.681612771004438,1000.0,1,1,1
/CustomerService/UpdateCustomer9d3ae95d-1dd0-4682-b60c-77b22d82fcce,6.08430802822113,6.08430802822113,1000.0,1,1,1
/CustomerService/UpdateCustomer9e00d4a8-046f-42c2-818b-2a56e6457036,11.354963760823011,11.354963760823011,1000.0,1,1,1
/CustomerService/UpdateCustomer9ec70465-df8b-4919-baef-e293f2b3ac9e,11.53546990826726,11.53546990826726,1000.0,1,1,1
/CustomerService/UpdateCustomer9ffc6935-2c86-42eb-b9ac-38623860b06f,10.658180806785822,10.658180806785822,1000.0,1,1,1
/CustomerService/UpdateCustomera0a2d90f-8230-4490-bf34-d56bcef97b64,11.322152335196733,11.322152335196733,1000.0,1,1,1
/CustomerService/UpdateCustomera1a9df0f-2ee4-4d6d-abb1-19138a965b79,9.783502202481031,9.783502202481031,1000.0,1,1,1
/CustomerService/UpdateCustomera59176a3-bd98-49c1-aae6-41b2fa80f0f3,11.220911983400583,11.220911983400583,1000.0,1,1,1
/CustomerService/UpdateCustomeraaaabe1d-c8bb-4227-873b-1e90e2d66826,7.856755051761866,7.856755051761866,1000.0,1,1,1
/CustomerService/UpdateCustomeraee3ff0e-4156-462b-ab53-c21d5e6b1e98,9.712170343846083,9.712170343846083,1000.0,1,1,1
/CustomerService/UpdateCustomerb04f16bd-e818-42d0-a25a-af876cdffdc5,10.694450233131647,10.694450233131647,1000.0,1,1,1
/CustomerService/UpdateCustomerb2718b54-a441-4323-8a1d-ce88ca61c93e,6.5124970860779285,6.5124970860779285,1000.0,1,1,1
/CustomerService/UpdateCustomerb4bea764-12e5-4613-8120-db045bd5310b,8.591670077294111,8.591670077294111,1000.0,1,1,1
/CustomerService/UpdateCustomerb8b256c1-19d3-40d6-b6c3-440b3927aee6,6.162198260426521,6.162198260426521,1000.0,1,1,1
/CustomerService/UpdateCustomerb9fba013-eb35-43cb-bbe9-dd5631ab35da,3.992179874330759,3.992179874330759,1000.0,1,1,1
/CustomerService/UpdateCustomerbca61ac7-e684-4a24-914d-922baee7498a,7.161498069763184,7.161498069763184,1000.0,1,1,1
/CustomerService/UpdateCustomerbd2d531d-6b5b-42ff-93cf-fb7da75ae932,7.390969432890415,7.390969432890415,1000.0,1,1,1
/CustomerService/UpdateCustomerbf758168-03c9-41fa-b849-1239286361f8,7.47524993494153,7.47524993494153,1000.0,1,1,1
/CustomerService/UpdateCustomercb309c92-f00e-4b4d-a16f-20c4cd76f72a,7.504126988351345,7.504126988351345,1000.0,1,1,1
/CustomerService/UpdateCustomerdc67be81-ac45-4936-ba18-af54f2334770,10.680705308914185,10.680705308914185,1000.0,1,1,1
/CustomerService/UpdateCustomere48624c7-b6b8-4ab1-93e4-0d79911caa86,6.842692848294973,6.842692848294973,1000.0,1,1,1
/CustomerService/UpdateCustomere768c2c0-9a82-4c66-9b6e-e412e0a53e89,6.685479078441858,6.685479078441858,1000.0,1,1,1
/CustomerService/UpdateCustomere8a19cbb-fd44-4b35-8216-77d8bd38ef89,7.349198218435049,7.349198218435049,1000.0,1,1,1
/CustomerService/UpdateCustomereb886ec7-1ed9-444d-902a-9a9f3320f8bd,11.884275358170271,11.884275358170271,1000.0,1,1,1
/CustomerService/UpdateCustomered497fcb-18b3-4df6-8abe-7487582d077b,6.68864231556654,6.68864231556654,1000.0,1,1,1
/CustomerService/UpdateCustomeref766c27-3387-41ab-a8f1-f6723d4b2a57,6.352405063807964,6.352405063807964,1000.0,1,1,1
/CustomerService/UpdateCustomerf3b45e3a-8b2e-4693-ad1f-0d44644a27ab,10.049893986433744,10.049893986433744,1000.0,1,1,1
/CustomerService/UpdateCustomerf5590214-8648-4b0a-b68b-c92c6235ed12,7.59669067338109,7.59669067338109,1000.0,1,1,1
/CustomerService/UpdateCustomerf65a2cc7-cf00-4f37-8589-fa323da3ad23,6.3620819710195065,6.3620819710195065,1000.0,1,1,1
/CustomerService/UpdateCustomerf7b1c8f0-bb5b-41f3-8470-4cf492323b92,5.817812867462635,5.817812867462635,1000.0,1,1,1
/CustomerService/UpdateCustomerfb35fff6-d3e3-4e9f-adc0-3e9e62a328b3,6.756642833352089,6.756642833352089,1000.0,1,1,1
/CustomerService/UpdateCustomerfba6f5af-8fd1-450a-8530-7ca627df19ea,6.1973161064088345,6.1973161064088345,1000.0,1,1,1
/CustomerService/UpdateCustomerfed1b29d-e786-40ff-a068-63bdaba1454b,11.224725283682346,11.224725283682346,1000.0,1,1,1
/CustomerService/getCustomer01d6289a-0073-4b79-9281-27edc10cec82,2.8476323932409286,2.8476323932409286,2.0,1,1,1
/CustomerService/getCustomer03feb699-8093-4478-8b05-7ef9de2921d6,2.5795968249440193,2.5795968249440193,2.0,1,1,1
/CustomerService/getCustomer07abf18d-7851-40da-9bbe-48b58bf1e422,6.418987177312374,6.418987177312374,2.0,1,1,1
/CustomerService/getCustomer107330e0-d66c-4ce5-a5a0-f2ed92b2cfb9,2.7571553364396095,2.7571553364396095,2.0,1,1,1
/CustomerService/getCustomer1484bb6a-ef91-48fe-9b0e-385f30878334,4.0615699253976345,4.0615699253976345,2.0,1,1,1
/CustomerService/getCustomer14bf124a-f0e7-46f5-b189-bbd53566c0eb,3.5332967527210712,3.5332967527210712,2.0,1,1,1
/CustomerService/getCustomer17971aa3-ae62-4fb2-a7ab-3e9dbef7e12b,3.5470020957291126,3.5470020957291126,2.0,1,1,1
/CustomerService/getCustomer1828a45b-38e0-4fdf-9f15-d1cc81b0771a,3.565352875739336,3.565352875739336,2.0,1,1,1
/CustomerService/getCustomer1a727308-67cd-49bc-bd83-11452033e47f,3.7076971493661404,3.7076971493661404,2.0,1,1,1
/CustomerService/getCustomer1e5fb3ff-56b3-4f4f-859f-a78c1085e800,2.963768318295479,2.963768318295479,2.0,1,1,1
/CustomerService/getCustomer1f3bd0ce-fd42-43a0-bd30-061a8556e566,2.6347870007157326,2.6347870007157326,2.0,1,1,1
/CustomerService/getCustomer2199a54a-949b-4e01-a6a3-e7084854d81e,6.829295307397842,6.829295307397842,2.0,1,1,1
/CustomerService/getCustomer25233776-5e84-45f6-9505-041cb3953362,3.309928812086582,3.309928812086582,2.0,1,1,1
/CustomerService/getCustomer25ccce4b-37c9-4d7c-a60a-2a16e8da4889,8.519977796822786,8.519977796822786,2.0,1,1,1
/CustomerService/getCustomer28f9c2f6-bd5f-49bf-9634-b1364dee0522,2.8603319078683853,2.8603319078683853,2.0,1,1,1
/CustomerService/getCustomer29848f0e-3d18-40b6-9144-4d67793b320f,4.901662934571505,4.901662934571505,2.0,1,1,1
/CustomerService/getCustomer2aa7b851-f89a-4682-b0de-04b126a4f3e0,2.6742350310087204,2.6742350310087204,2.0,1,1,1
/CustomerService/getCustomer2c13748e-a553-49e5-9901-bcf262b7279e,2.770008984953165,2.770008984953165,2.0,1,1,1
/CustomerService/getCustomer2e00ba14-5f21-460f-9030-54996ec4fe89,9.505423717200756,9.505423717200756,2.0,1,1,1
/CustomerService/getCustomer30aee53f-c6a7-4df6-add3-21c5fef20b86,3.1534661538898945,3.1534661538898945,2.0,1,1,1
/CustomerService/getCustomer33b67750-3798-4d5e-997f-4b2945d9706c,3.8058962672948837,3.8058962672948837,2.0,1,1,1
/CustomerService/getCustomer3f9e7a9b-dd9d-4a7b-bb54-dc06875dc230,3.018755931407213,3.018755931407213,2.0,1,1,1
/CustomerService/getCustomer464b695e-d0ce-40f2-9cf0-b275dbda0768,3.218693658709526,3.218693658709526,2.0,1,1,1
/CustomerService/getCustomer48277b7b-ebe6-4362-9aea-7e2cdd025910,3.5520452074706554,3.5520452074706554,2.0,1,1,1
/CustomerService/getCustomer4b530d8b-cf68-48b6-bedc-84d5fc8719b7,2.99397436901927,2.99397436901927,2.0,1,1,1
/CustomerService/getCustomer4b621485-bc5f-4e59-ac79-513bcca206c0,2.892476972192526,2.892476972192526,2.0,1,1,1
/CustomerService/getCustomer4f6099c5-c22b-42e2-a9e9-d6a7090377ca,3.0263769440352917,3.0263769440352917,2.0,1,1,1
/CustomerService/getCustomer4f7fd274-f063-4518-940a-58e043e3556a,2.960612066090107,2.960612066090107,2.0,1,1,1
/CustomerService/getCustomer50d686da-7b3f-4a15-a682-fed183bbccb9,3.3592847175896168,3.3592847175896168,2.0,1,1,1
/CustomerService/getCustomer52ba598f-8db0-43b6-a85f-643750d0a3f6,3.9310590364038944,3.9310590364038944,2.0,1,1,1
/CustomerService/getCustomer55730150-5438-4b12-b767-0c73b8f7769d,3.3592479303479195,3.3592479303479195,2.0,1,1,1
/CustomerService/getCustomer592cbdab-f5e4-48ac-92d1-b57416a8916a,2.6152878999710083,2.6152878999710083,2.0,1,1,1
/CustomerService/getCustomer5f6bb70e-3efc-4416-ad26-377fde34e9b0,2.822154201567173,2.822154201567173,2.0,1,1,1
/CustomerService/getCustomer60cda216-b8d2-45f8-b469-0fbc4001a000,3.8093202747404575,3.8093202747404575,2.0,1,1,1
/CustomerService/getCustomer60f19f04-b534-470f-8e8c-986ef3e53f79,1.9815899431705475,1.9815899431705475,2.0,1,1,1
/CustomerService/getCustomer652a34ef-c4b4-4274-9f6e-90fe8f8750e8,7.480913773179054,7.480913773179054,2.0,1,1,1
/CustomerService/getCustomer654fa867-70a8-444d-8f16-c50b6aef7b96,3.8241082802414894,3.8241082802414894,2.0,1,1,1
/CustomerService/getCustomer721d862a-9b2e-4d5b-82b8-be1996cc7fcd,2.5776149705052376,2.5776149705052376,2.0,1,1,1
/CustomerService/getCustomer7459a80c-71aa-4186-90ab-2b53df5d36d2,2.8495369479060173,2.8495369479060173,2.0,1,1,1
/CustomerService/getCustomer74661ccc-7253-4737-bd60-e20b5329564e,3.1925668008625507,3.1925668008625507,2.0,1,1,1
/CustomerService/getCustomer77ad896a-a17d-4c0c-a885-5d9544fe2169,5.376976914703846,5.376976914703846,2.0,1,1,1
/CustomerService/getCustomer7c63a7ba-14bf-45b8-81ae-ef81c1be889c,4.66471491381526,4.66471491381526,2.0,1,1,1
/CustomerService/getCustomer823d0676-6b62-441d-86c2-b5d87f0dfc2e,3.0888631008565426,3.0888631008565426,2.0,1,1,1
/CustomerService/getCustomer89a3bad1-9eb0-44e0-ae0d-184c8c6d797b,3.1357239931821823,3.1357239931821823,2.0,1,1,1
/CustomerService/getCustomer97161814-6ea0-45cb-911c-1de0d837e217,6.077549885958433,6.077549885958433,2.0,1,1,1
/CustomerService/getCustomer9dfb6e0d-4546-4771-994c-877a5a3d1adf,3.208874724805355,3.208874724805355,2.0,1,1,1
/CustomerService/getCustomera2355d0f-439c-48c6-9e9c-8db0ba87ba8a,3.257793840020895,3.257793840020895,2.0,1,1,1
/CustomerService/getCustomera571e2e9-70f3-4152-a6e0-72ff6df0e5a3,7.038343232125044,7.038343232125044,2.0,1,1,1
/CustomerService/getCustomera60971d7-6837-4fa8-ae19-2617bfce529b,3.2276250422000885,3.2276250422000885,2.0,1,1,1
/CustomerService/getCustomera6a289ba-8999-4d13-9b4f-6c4ebfef3ed1,5.877832882106304,5.877832882106304,2.0,1,1,1
/CustomerService/getCustomera9844203-ec7c-4cb2-a3e2-73f5abb11d34,3.9921500720083714,3.9921500720083714,2.0,1,1,1
/CustomerService/getCustomeraf0bd2aa-62f1-47a7-b6bc-e45c25fdc41c,4.1310410015285015,4.1310410015285015,2.0,1,1,1
/CustomerService/getCustomerb9f37a14-8c24-482e-be8c-72e5e54901eb,3.9163329638540745,3.9163329638540745,2.0,1,1,1
/CustomerService/getCustomerbb63090c-6ec4-494d-b9d7-924466c960c9,2.308126073330641,2.308126073330641,2.0,1,1,1
/CustomerService/getCustomerbf80a10f-f98b-484d-b214-f31e2a2d5f09,5.576515104621649,5.576515104621649,2.0,1,1,1
/CustomerService/getCustomerc086b8eb-032a-430b-ba87-0cd10597a056,3.353644162416458,3.353644162416458,2.0,1,1,1
/CustomerService/getCustomerc18361ec-d16d-48b1-8883-65509aac451e,6.674621719866991,6.674621719866991,2.0,1,1,1
/CustomerService/getCustomerc5c9bd0c-a6d8-441d-af16-657e73efff5c,5.645754747092724,5.645754747092724,2.0,1,1,1
/CustomerService/getCustomerc5df52df-cbaa-45eb-b5c9-aa6af2e1baef,3.6020693369209766,3.6020693369209766,2.0,1,1,1
/CustomerService/getCustomercbdd9870-e77b-4659-9452-8fdfd0268201,3.1016510911285877,3.1016510911285877,2.0,1,1,1
/CustomerService/getCustomercd41f150-abc8-4dfa-8d6b-9a535be513db,2.7757580392062664,2.7757580392062664,2.0,1,1,1
/CustomerService/getCustomerce122d40-b0da-4b21-9a23-2e27ab435dfd,2.5495700538158417,2.5495700538158417,2.0,1,1,1
/CustomerService/getCustomerd1ab9229-9a77-4b08-8485-0be2975a9822,2.1615736186504364,2.1615736186504364,2.0,1,1,1
/CustomerService/getCustomerd68c5617-6c10-494e-9f38-fea273a7ac52,2.554947044700384,2.554947044700384,2.0,1,1,1
/CustomerService/getCustomerd8566ddd-44e6-4a93-986e-83b8c7152290,3.3415919169783592,3.3415919169783592,2.0,1,1,1
/CustomerService/getCustomerd9e767b4-b8a3-4ca9-997d-597dfaf03d0b,4.001063760370016,4.001063760370016,2.0,1,1,1
/CustomerService/getCustomerdc579e5c-2653-4836-8d5a-9a1432251ea1,3.4631462767720222,3.4631462767720222,2.0,1,1,1
/CustomerService/getCustomere01b779d-83bb-4692-bbbe-26fc9c2c69fb,2.8672879561781883,2.8672879561781883,2.0,1,1,1
/CustomerService/getCustomere1d75388-a62c-45f5-ba91-87368df837f2,5.817645695060492,5.817645695060492,2.0,1,1,1
/CustomerService/getCustomere214b70e-05f8-437d-9cd0-87e62af6bf18,6.147189997136593,6.147189997136593,2.0,1,1,1
/CustomerService/getCustomere65ed449-2fc8-4761-af13-a81e0214d2c5,2.7575381100177765,2.7575381100177765,2.0,1,1,1
/CustomerService/getCustomeread93ff6-0926-4526-834c-8c818b191abf,5.697069689631462,5.697069689631462,2.0,1,1,1
/CustomerService/getCustomereb1623d7-bd16-4d6c-94ac-f13336a80e13,3.176772966980934,3.176772966980934,2.0,1,1,1
/CustomerService/getCustomerec946433-8cea-489d-816a-be2128e82994,2.6444620452821255,2.6444620452821255,2.0,1,1,1
/CustomerService/getCustomeree6267dd-5553-40f0-8a92-e38ada7140f9,3.5084160044789314,3.5084160044789314,2.0,1,1,1
/CustomerService/getCustomerf0f2595e-1813-4286-a5a3-c751721147dd,2.9010907746851444,2.9010907746851444,2.0,1,1,1
/CustomerService/getCustomerf3827666-05b6-4545-a50f-118597846877,3.1614871695637703,3.1614871695637703,2.0,1,1,1
/CustomerService/getCustomerf3dafe9c-697d-4990-b683-71ab50903c4b,2.9102982953190804,2.9102982953190804,2.0,1,1,1
/CustomerService/getCustomerf62fe8de-883f-4cce-8e2f-d00e07014fde,2.8807390481233597,2.8807390481233597,2.0,1,1,1
/CustomerService/getCustomerffed10f1-2bec-4bd9-8fda-086b2e2a388b,4.9785953015089035,4.9785953015089035,2.0,1,1,1
/OrderService/CreateOrder003fb0e2-59cf-41a1-86db-c3f5a0455d30,3.2250150106847286,3.2250150106847286,1000.0,1,1,1
/OrderService/CreateOrder0572eb70-d262-4495-829a-25fef634741d,8.48378473892808,8.48378473892808,1000.0,1,1,1
/OrderService/CreateOrder094ec237-116c-4b50-a80d-8fb04f9da7bf,3.218390978872776,3.218390978872776,1000.0,1,1,1
/OrderService/CreateOrder0ebe1ed8-e842-41c9-8e85-c75b34568c3f,3.1090457923710346,3.1090457923710346,1000.0,1,1,1
/OrderService/CreateOrder0f1a6d8c-49da-41de-9813-e3b87987262e,5.399147048592567,5.399147048592567,1000.0,1,1,1
/OrderService/CreateOrder0faa213f-7c8b-499b-ad25-51996f7c39ef,3.359782975167036,3.359782975167036,1000.0,1,1,1
/OrderService/CreateOrder0ffadced-bbc5-4bcc-9717-e7699c42dc9a,3.702071961015463,3.702071961015463,1000.0,1,1,1
/OrderService/CreateOrder1084922a-4685-48e6-8e78-2283983481d5,3.6579850129783154,3.6579850129783154,1000.0,1,1,1
/OrderService/CreateOrder15581eea-8042-4d36-b56a-0f1cebc15d5d,3.3019226975739002,3.3019226975739002,1000.0,1,1,1
/OrderService/CreateOrder19da4a0d-abac-4386-8549-cd9d6d59dc23,13.509752694517374,13.509752694517374,1000.0,1,1,1
/OrderService/CreateOrder1a01d44b-1740-4dca-a340-8e58d3166919,3.3696028403937817,3.3696028403937817,1000.0,1,1,1
/OrderService/CreateOrder1c861702-2470-468e-848e-44b757bd18db,11.213860008865595,11.213860008865595,1000.0,1,1,1
/OrderService/CreateOrder1e843f78-3e60-47af-aa6a-c2d0475f3522,3.608928993344307,3.608928993344307,1000.0,1,1,1
/OrderService/CreateOrder24cf0274-b9b8-4c1f-9f04-82e72c8b4559,3.0525941401720047,3.0525941401720047,1000.0,1,1,1
/OrderService/CreateOrder283ee485-a068-49aa-8206-a73f8f42bf95,7.115882821381092,7.115882821381092,1000.0,1,1,1
/OrderService/CreateOrder2fca4119-52ac-4975-bc75-a574ebc09835,4.868592135608196,4.868592135608196,1000.0,1,1,1
/OrderService/CreateOrder373d8344-ed0c-4ea5-8463-3a62459b5178,3.53448698297143,3.53448698297143,1000.0,1,1,1
/OrderService/CreateOrder3ad2abd1-327f-4a3d-85f2-e5c47dbc70d9,7.9246037639677525,7.9246037639677525,1000.0,1,1,1
/OrderService/CreateOrder3d3467bf-ce2b-4670-af04-00f27e108170,3.1401431187987328,3.1401431187987328,1000.0,1,1,1
/OrderService/CreateOrder3eadd252-cae9-41de-9cb5-52019d3ccfa8,3.436810802668333,3.436810802668333,1000.0,1,1,1
/OrderService/CreateOrder4120e723-c18e-44b7-82b0-5ff09f69851f,3.982194699347019,3.982194699347019,1000.0,1,1,1
/OrderService/CreateOrder4404e168-543b-488c-9823-40416fe4f118,2.6255445554852486,2.6255445554852486,1000.0,1,1,1
/OrderService/CreateOrder45a5919f-4bbb-457b-911a-2cbc14061d8e,7.840943988412619,7.840943988412619,1000.0,1,1,1
/OrderService/CreateOrder48f8bebd-b3ab-48f8-b0cc-162942ae918a,3.3059855923056602,3.3059855923056602,1000.0,1,1,1
/OrderService/CreateOrder4902c893-b7c6-470e-9e22-b8ed28dcead4,3.8090269081294537,3.8090269081294537,1000.0,1,1,1
/OrderService/CreateOrder4cd8052f-ba38-48ca-91fd-dfa275848493,6.608964875340462,6.608964875340462,1000.0,1,1,1
/OrderService/CreateOrder4ce9b680-eec3-417b-8169-7d35bcacb378,5.895490758121014,5.895490758121014,1000.0,1,1,1
/OrderService/CreateOrder4d1e27b1-755e-4961-980e-f415712b8c6f,3.954718355089426,3.954718355089426,1000.0,1,1,1
/OrderService/CreateOrder53ca5a4b-8bc2-4bd0-a548-fb7492bcd3bb,4.927127156406641,4.927127156406641,1000.0,1,1,1
/OrderService/CreateOrder5524dd9a-969b-4662-8020-0c840602ff5d,6.9223931059241295,6.9223931059241295,1000.0,1,1,1
/OrderService/CreateOrder55d9c556-a64e-4483-a4f2-45e7409fc575,3.258813638240099,3.258813638240099,1000.0,1,1,1
/OrderService/CreateOrder5752281c-259f-4790-9a64-e2e217677980,2.8679328970611095,2.8679328970611095,1000.0,1,1,1
/OrderService/CreateOrder58c0fa5b-fe83-4b2b-99d3-7ae6cf090b67,3.245054744184017,3.245054744184017,999.0,1,1,1
/OrderService/CreateOrder6e3f2d00-5899-4e8a-851e-ba36bf75d260,3.5230619832873344,3.5230619832873344,1000.0,1,1,1
/OrderService/CreateOrder71569311-0563-4d19-91da-1863c20ac852,8.897908963263035,8.897908963263035,1000.0,1,1,1
/OrderService/CreateOrder7240dd5d-ebf4-49c4-984e-106beb61fc1d,5.964625161141157,5.964625161141157,1000.0,1,1,1
/OrderService/CreateOrder7451d154-eea5-4b92-83a0-29b69ea8a7ac,3.6013186909258366,3.6013186909258366,1000.0,1,1,1
/OrderService/CreateOrder77758cbc-f974-4c9f-aca1-689c9e7732ae,8.421373087912798,8.421373087912798,1000.0,1,1,1
/OrderService/CreateOrder78d9b4d4-84a6-4e91-8fc7-b6503b46aede,3.2516950741410255,3.2516950741410255,1000.0,1,1,1
/OrderService/CreateOrder86495dd3-55b1-4bdc-9963-a4a44c7fcb64,3.257022239267826,3.257022239267826,1000.0,1,1,1
/OrderService/CreateOrder870f052b-dc20-4d87-9a09-00c392b86f45,2.7016419917345047,2.7016419917345047,1000.0,1,1,1
/OrderService/CreateOrder89b7aa9b-d941-4d2b-8fee-aa79363120e9,3.499831072986126,3.499831072986126,1000.0,1,1,1
/OrderService/CreateOrder8fe36176-d518-4d10-bff6-06c86bccf648,3.7637148052453995,3.7637148052453995,1000.0,1,1,1
/OrderService/CreateOrder94405ea8-c65c-4e6c-a0dd-feafae726b0e,6.136671639978886,6.136671639978886,1000.0,1,1,1
/OrderService/CreateOrder9701f477-9a80-44fe-94f3-2f9a56894342,3.954725805670023,3.954725805670023,1000.0,1,1,1
/OrderService/CreateOrder9b878219-8517-45f4-ae74-b30b47e37f25,2.9227668419480324,2.9227668419480324,1000.0,1,1,1
/OrderService/CreateOrder9d708e64-6360-441c-b88e-2d0e33d7af8b,7.571944035589695,7.571944035589695,1000.0,1,1,1
/OrderService/CreateOrdera098264c-0789-49d8-858a-9d9ab2b1e503,5.423308815807104,5.423308815807104,1000.0,1,1,1
/OrderService/CreateOrdera1a69be1-5603-4fbe-aaa0-dfc337796615,3.7182061932981014,3.7182061932981014,1000.0,1,1,1
/OrderService/CreateOrdera1d075c0-191e-4b2e-a668-8d8e9e95c4e7,3.8047791458666325,3.8047791458666325,1000.0,1,1,1
/OrderService/CreateOrdera3aee45c-51da-446b-b830-4ef4372b1b4f,11.273801326751709,11.273801326751709,1000.0,1,1,1
/OrderService/CreateOrdera45dbeb3-1afc-4297-8a86-4902623b2c07,3.2523819245398045,3.2523819245398045,1000.0,1,1,1
/OrderService/CreateOrdera71d932a-a963-4dfb-a3a7-69debb1188ea,3.960961941629648,3.960961941629648,1000.0,1,1,1
/OrderService/CreateOrderacb96cc8-5c3e-4118-acc5-bbc02c8d80f0,3.6012399941682816,3.6012399941682816,1000.0,1,1,1
/OrderService/CreateOrderae4dc1de-7eb5-4128-8a40-fe92baf39bf6,2.933796960860491,2.933796960860491,1000.0,1,1,1
/OrderService/CreateOrderae77d1e0-7f38-4c1b-a309-b95bee29684b,3.6018150858581066,3.6018150858581066,1000.0,1,1,1
/OrderService/CreateOrderaf17d9ff-92a0-4c17-8067-a52da1b917cd,3.1747249886393547,3.1747249886393547,1000.0,1,1,1
/OrderService/CreateOrderaf437957-6c52-4821-b17f-8c5fc9f3f20b,3.91225004568696,3.91225004568696,1000.0,1,1,1
/OrderService/CreateOrderb4aae9ec-fd74-40a2-b6fe-481a2467d8ee,2.9208092018961906,2.9208092018961906,1000.0,1,1,1
/OrderService/CreateOrderb68fc796-b1ef-4e87-b91e-194acde93851,3.055826760828495,3.055826760828495,1000.0,1,1,1
/OrderService/CreateOrderbef070d0-14c7-4ae8-9e99-b6fd6359abed,3.5071629099547863,3.5071629099547863,1000.0,1,1,1
/OrderService/CreateOrdercd4d1e9c-53c4-4b6c-bba9-7c2a86988dd9,7.21342395991087,7.21342395991087,999.0,1,1,1
/OrderService/CreateOrderce9c9e01-ba26-4707-abb0-145ee5448fa1,3.9722700603306293,3.9722700603306293,1000.0,1,1,1
/OrderService/CreateOrdercf4f1a9c-ff65-4711-8521-e0c04d70df97,7.289938163012266,7.289938163012266,1000.0,1,1,1
/OrderService/CreateOrderd98a5c76-438d-4042-924b-ff9435fe9b3f,6.4254989847540855,6.4254989847540855,1000.0,1,1,1
/OrderService/CreateOrderdd1a5f57-f51d-4b3f-83b5-1f747afddc7f,3.497036173939705,3.497036173939705,1000.0,1,1,1
/OrderService/CreateOrdere914d6a2-e69e-4eb5-ba0d-bca9ed9a1bda,8.770396932959557,8.770396932959557,1000.0,1,1,1
/OrderService/CreateOrdere998b696-3d0b-43fd-b158-78b6c4f28d50,3.418784588575363,3.418784588575363,1000.0,1,1,1
/OrderService/CreateOrdere9e4f957-bcf8-484a-aa1f-87d17e2d182e,3.402009140700102,3.402009140700102,1000.0,1,1,1
/OrderService/CreateOrdereda2a181-131e-46bb-89d2-44a66f1df8bc,2.4541132152080536,2.4541132152080536,1000.0,1,1,1
/OrderService/CreateOrderef4ae6fa-c058-4531-b69e-7307f1a1aa8c,3.2456708140671253,3.2456708140671253,1000.0,1,1,1
/OrderService/CreateOrderef9a6df9-4e13-4b42-96b1-3d129a6ad0f5,10.59130160138011,10.59130160138011,1000.0,1,1,1
/OrderService/CreateOrderf182730d-9a8c-4c85-aae6-35762daee33f,2.764187753200531,2.764187753200531,1000.0,1,1,1
/OrderService/CreateOrderf288e615-833a-4e23-95b2-1f86b14bcd7d,8.228053338825703,8.228053338825703,1000.0,1,1,1
/OrderService/CreateOrderf5b2a7ab-bfad-403c-a48c-1226a2d39581,6.145837251096964,6.145837251096964,1000.0,1,1,1
/OrderService/CreateOrderf609b20e-1f5d-4c06-bf02-98be3d887769,4.9376836977899075,4.9376836977899075,999.0,1,1,1
/OrderService/CreateOrderf74e59c4-f63e-4e63-9b46-74d6a366bbb0,3.440756816416979,3.440756816416979,1000.0,1,1,1
/OrderService/CreateOrderf931fc16-eb97-44dd-a6ef-8a5c8ad50116,4.022570326924324,4.022570326924324,1000.0,1,1,1
/OrderService/CreateOrderfba79cc1-c987-4a06-bf50-60dac71d740f,3.998237196356058,3.998237196356058,1000.0,1,1,1
/OrderService/CreateOrderfe5bb4f9-140c-4775-8f38-c5d0847fafb9,3.963726107031107,3.963726107031107,1000.0,1,1,1
/OrderService/GetOrder0169ac84-28bf-4c64-a54c-fd04fd31e8cf,2.594319637864828,2.594319637864828,3.0,1,1,1
/OrderService/GetOrder0335a210-ec55-4afc-a580-49e03c47669b,2.3622089065611362,2.3622089065611362,3.0,1,1,1
/OrderService/GetOrder04108ade-f7cf-4543-bd0f-d8328309d1ee,2.966835629194975,2.966835629194975,3.0,1,1,1
/OrderService/GetOrder07827c33-3aea-44a2-96b7-c3a0517ad2b7,6.867679767310619,6.867679767310619,3.0,1,1,1
/OrderService/GetOrder0c3d2711-0e09-40a2-858e-9b6a4dc91c38,2.799783833324909,2.799783833324909,3.0,1,1,1
/OrderService/GetOrder0e295bc6-5057-41f5-abf3-565454885d99,3.636462613940239,3.636462613940239,3.0,1,1,1
/OrderService/GetOrder139caabf-24bb-4e13-ab00-8379b8e01cdd,2.9158955439925194,2.9158955439925194,3.0,1,1,1
/OrderService/GetOrder1aa0e6d4-5e27-4ec6-99d7-45efef130c55,6.818973924964666,6.818973924964666,3.0,1,1,1
/OrderService/GetOrder1ba4f292-8218-4eb8-8979-1ea581a60349,3.244803287088871,3.244803287088871,3.0,1,1,1
/OrderService/GetOrder2ada71b9-abdd-49ab-b7f5-f7fd4c6c2b32,2.969331108033657,2.969331108033657,3.0,1,1,1
/OrderService/GetOrder2da3e2bb-80d1-45c7-8ba5-ddcafe15ec9c,2.755975816398859,2.755975816398859,3.0,1,1,1
/OrderService/GetOrder2f9f5ee5-1116-4f2c-80e6-e34cfae082ea,3.654082305729389,3.654082305729389,3.0,1,1,1
/OrderService/GetOrder3041a672-250b-4d14-b37c-2933e852960b,2.194083295762539,2.194083295762539,2.0,1,1,1
/OrderService/GetOrder347fa804-5ace-40a5-8788-4a3cd8ff0b78,4.481963347643614,4.481963347643614,3.0,1,1,1
/OrderService/GetOrder359859c9-3324-4416-b7f9-a40d82e6afcb,2.1074009127914906,2.1074009127914906,3.0,1,1,1
/OrderService/GetOrder3b552291-6d14-4d00-aff0-5e9076717723,2.8301458805799484,2.8301458805799484,2.0,1,1,1
/OrderService/GetOrder4447c94b-4d04-463d-a57c-948cbbb6f4ef,3.5651689395308495,3.5651689395308495,3.0,1,1,1
/OrderService/GetOrder460eb9b0-5d61-4147-a3d9-81b52ae2b5e0,2.6086829602718353,2.6086829602718353,3.0,1,1,1
/OrderService/GetOrder4691e394-a74c-4982-a1a9-42e35cf197bd,2.9622777365148067,2.9622777365148067,3.0,1,1,1
/OrderService/GetOrder46ca9443-c7ae-47f9-befa-eca60226a90d,5.844226107001305,5.844226107001305,3.0,1,1,1
/OrderService/GetOrder4de27779-6957-42a3-980d-66b761589e86,2.7719312347471714,2.7719312347471714,3.0,1,1,1
/OrderService/GetOrder4f8f5fbc-c31e-4ca2-87d1-33298e81d3b5,2.880742773413658,2.880742773413658,2.0,1,1,1
/OrderService/GetOrder50a91e34-8c63-4a63-826f-a0d8eb497967,2.547734882682562,2.547734882682562,3.0,1,1,1
/OrderService/GetOrder5a90bb28-0aab-40b3-904a-93be00707bef,3.1232861801981926,3.1232861801981926,3.0,1,1,1
/OrderService/GetOrder5c034396-ac99-4918-858f-e0ebcdee9ca6,5.7531618513166904,5.7531618513166904,3.0,1,1,1
/OrderService/GetOrder5e6bb918-c0be-4457-8b0c-32eda4e1cbbf,3.52668110281229,3.52668110281229,3.0,1,1,1
/OrderService/GetOrder625e2ffd-c44e-4329-8491-e5a2340587c9,2.6595829986035824,2.6595829986035824,3.0,1,1,1
/OrderService/GetOrder650f0f8e-e59d-46d6-a852-d365828cf0da,2.3185661993920803,2.3185661993920803,2.0,1,1,1
/OrderService/GetOrder66ed9290-8957-4cae-a5e7-0d201af7fff4,2.67602875828743,2.67602875828743,3.0,1,1,1
/OrderService/GetOrder6a473f21-e766-487f-91c1-14ec0c9eac78,4.90914098918438,4.90914098918438,3.0,1,1,1
/OrderService/GetOrder6dd174bc-8fe5-4aca-a3e0-04680e45f476,2.3338571190834045,2.3338571190834045,3.0,1,1,1
/OrderService/GetOrder700caca2-d165-430f-9851-d34a30851983,5.804481916129589,5.804481916129589,3.0,1,1,1
/OrderService/GetOrder752ef359-650a-4002-aef9-748664029d08,2.429740969091654,2.429740969091654,3.0,1,1,1
/OrderService/GetOrder7748d209-05eb-4b5d-b467-e091faeef8ef,4.989041015505791,4.989041015505791,3.0,1,1,1
/OrderService/GetOrder777cec07-98ad-4a8b-bd1c-f749410b7d22,4.685499239712954,4.685499239712954,2.0,1,1,1
/OrderService/GetOrder77a3bc2e-6bfb-4041-9bf0-2073383deb39,4.638846032321453,4.638846032321453,3.0,1,1,1
/OrderService/GetOrder7d0e0611-2a9b-457c-9838-7058e184199b,2.148016821593046,2.148016821593046,3.0,1,1,1
/OrderService/GetOrder7f0a5cf7-0468-47ae-80b0-77e54b3aeeca,4.240135196596384,4.240135196596384,3.0,1,1,1
/OrderService/GetOrder84c451c4-32bd-445b-bae7-bf62ebdcf6a3,2.0138476975262165,2.0138476975262165,3.0,1,1,1
/OrderService/GetOrder8cee9e42-8063-44fc-a1b6-3eda4e1455b1,2.2673988714814186,2.2673988714814186,3.0,1,1,1
/OrderService/GetOrder8cfca81e-4c46-484a-b81c-d40118f734a5,2.662327140569687,2.662327140569687,3.0,1,1,1
/OrderService/GetOrder8e39a829-4bfb-431c-bf23-895c1964a5b3,5.894574802368879,5.894574802368879,3.0,1,1,1
/OrderService/GetOrder8e990923-3e67-4c8c-aca6-985adba9ee4f,1.985813956707716,1.985813956707716,3.0,1,1,1
/OrderService/GetOrder8f2f4227-8fb8-404a-96f3-97ea9b192043,2.920344937592745,2.920344937592745,3.0,1,1,1
/OrderService/GetOrder9b6112d2-8f98-4bd4-a05e-91f5671176b7,3.1100078485906124,3.1100078485906124,3.0,1,1,1
/OrderService/GetOrdera174c701-8479-46be-995d-4b0401f65da3,2.56715202704072,2.56715202704072,3.0,1,1,1
/OrderService/GetOrdera2d91ba3-a041-4984-8a26-649397469437,2.283751964569092,2.283751964569092,3.0,1,1,1
/OrderService/GetOrdera3545b9a-a4be-42f9-943f-4ff1461b48b9,2.201464958488941,2.201464958488941,3.0,1,1,1
/OrderService/GetOrdera3c9b014-4e37-4bbf-bf4d-d5aa5eb2e4e1,2.670557238161564,2.670557238161564,3.0,1,1,1
/OrderService/GetOrdera788b97f-1392-4014-afc7-7b4b3bfabd69,1.8083308823406696,1.8083308823406696,3.0,1,1,1
/OrderService/GetOrderaba1a8e4-cca1-4e23-8264-4fed283e67d1,2.4886680766940117,2.4886680766940117,3.0,1,1,1
/OrderService/GetOrderac1239a8-c017-4247-a7a2-1de9a463b34e,1.9894312135875225,1.9894312135875225,3.0,1,1,1
/OrderService/GetOrderacc551b4-fba1-45eb-b5e3-dfc05c132bd2,3.226127941161394,3.226127941161394,3.0,1,1,1
/OrderService/GetOrderb3e519a5-f387-46ae-aec8-cf17e24be266,2.731604967266321,2.731604967266321,3.0,1,1,1
/OrderService/GetOrderb4f99b20-2b1c-462d-9c83-c4be4fe74e1b,6.241634022444487,6.241634022444487,2.0,1,1,1
/OrderService/GetOrderb8cedd2b-8405-4d99-9319-b141e10f2028,4.3672919273376465,4.3672919273376465,3.0,1,1,1
/OrderService/GetOrderbfb5a34e-9669-4997-bb9b-7a49668a7940,7.558287121355534,7.558287121355534,2.0,1,1,1
/OrderService/GetOrderc2470f28-4eaf-4836-b0cb-c48bef91de49,3.6207158118486404,3.6207158118486404,3.0,1,1,1
/OrderService/GetOrderc32f1c37-f4b2-4ae2-a7a1-34bf7acd8529,3.110818099230528,3.110818099230528,3.0,1,1,1
/OrderService/GetOrderc6f14e62-450e-412d-843a-e7ffbb357640,3.9843381382524967,3.9843381382524967,3.0,1,1,1
/OrderService/GetOrderc7a325ce-9b03-429a-bebf-40be56458308,2.670144662261009,2.670144662261009,3.0,1,1,1
/OrderService/GetOrderc8317000-4f5d-466c-885b-0b20cf3ec0ea,10.006885975599289,10.006885975599289,3.0,1,1,1
/OrderService/GetOrdercb9c6b9e-1498-49ba-a711-b4e690fc1389,2.4130679666996,2.4130679666996,3.0,1,1,1
/OrderService/GetOrderd15e38e3-261f-41a7-8f0d-94c1af564449,2.9527531005442142,2.9527531005442142,3.0,1,1,1
/OrderService/GetOrderd1604dd7-e559-4759-bcf9-2b030fd25ed4,2.205406315624714,2.205406315624714,3.0,1,1,1
/OrderService/GetOrderd3579b33-8fcf-426e-9bcf-64d8302b3cad,2.2834260016679764,2.2834260016679764,3.0,1,1,1
/OrderService/GetOrderd41015a9-ee58-420e-b52b-b90939063532,2.3518139496445656,2.3518139496445656,3.0,1,1,1
/OrderService/GetOrderd4754009-7350-4ba0-b325-ce3b712a0843,3.563434351235628,3.563434351235628,3.0,1,1,1
/OrderService/GetOrderd4c912d4-51b0-4767-bba6-bdf6af724ab6,2.506650984287262,2.506650984287262,3.0,1,1,1
/OrderService/GetOrderd9729514-56e6-4d87-83b4-ccc5a122f42e,3.744938876479864,3.744938876479864,3.0,1,1,1
/OrderService/GetOrderdcd4d114-0bea-4f60-9632-17c185383a95,2.9332442209124565,2.9332442209124565,3.0,1,1,1
/OrderService/GetOrderdf57fbe0-bef1-485c-8554-1ec94ede140a,2.6575690135359764,2.6575690135359764,3.0,1,1,1
/OrderService/GetOrdere236a3ee-af82-422e-a204-fe2a82d869f3,2.3036710917949677,2.3036710917949677,3.0,1,1,1
/OrderService/GetOrdere3740d49-c181-442e-88b1-0e80650e0e8e,2.983708865940571,2.983708865940571,3.0,1,1,1
/OrderService/GetOrdere48cd949-1ddd-4429-8d6f-181c6f42baee,2.408004831522703,2.408004831522703,3.0,1,1,1
/OrderService/GetOrderec8e186e-cf62-42d5-938c-83338f34dbf7,2.565921749919653,2.565921749919653,3.0,1,1,1
/OrderService/GetOrdered74ca07-6b8a-422a-8345-d2f37039b815,2.6729158125817776,2.6729158125817776,3.0,1,1,1
/OrderService/GetOrderf65c524b-61f7-4c16-a41d-2dc55a72ff17,2.5388519279658794,2.5388519279658794,3.0,1,1,1
/OrderService/GetOrderfd5b12ed-c491-4f3e-ac7d-898efe5cec9f,2.44012288749218,2.44012288749218,3.0,1,1,1
/OrderService/GetOrderff4f0124-d7b3-429b-a557-835b045ebcd6,2.6394682936370373,2.6394682936370373,3.0,1,1,1
Aggregated,6.005222987005254,5.0,625.9796875,-1,1,1
