Service,Average Response Time,Medium Response Time,Request Size,Request Type,Frequency,Size
/CatalogService/AddItem2344ff32-8755-43af-af38-edcb13168dd9,12.810345739126205,12.810345739126205,100000.0,1,0,2
/CatalogService/AddItem3b77a97d-b6aa-4fbd-ae4c-697bac663691,12.077552266418934,12.077552266418934,100000.0,1,0,2
/CatalogService/AddItem43f44ff2-4618-488d-b2ee-eac942a06869,10.334668681025505,10.334668681025505,100000.0,1,0,2
/CatalogService/AddItem8cad51b0-a839-45a0-aaa4-94351c76211a,9.924844838678837,9.924844838678837,100000.0,1,0,2
/CatalogService/AddItemaf0a469b-e043-4d7b-906a-b078112cbd5e,10.999594815075397,10.999594815075397,100000.0,1,0,2
/CatalogService/AddItemcaa92147-42e3-4c99-8fe2-e39376d4e933,9.15079889819026,9.15079889819026,100000.0,1,0,2
/CatalogService/AddIteme34375da-6d7b-4de9-9800-96e010a23fc2,10.90094679966569,10.90094679966569,100000.0,1,0,2
/CatalogService/AddIteme96bdad2-446c-4a0d-96e1-ad4a3e0e7ef7,8.92521208152175,8.92521208152175,100000.0,1,0,2
/CatalogService/GetItem079b41e8-d1a0-4a16-993f-6da0090018a7,2.9396950267255306,2.9396950267255306,3.0,1,0,2
/CatalogService/GetItem1f3be51d-1808-4b72-a1e4-19ef440e2752,2.4238782934844494,2.4238782934844494,3.0,1,0,2
/CatalogService/GetItem4f483b65-d806-4021-9845-532876cc81d0,3.3986959606409073,3.3986959606409073,3.0,1,0,2
/CatalogService/GetItem7de35e22-c05b-4473-bf47-e5ae89bd4fa8,3.3968458883464336,3.3968458883464336,3.0,1,0,2
/CatalogService/GetItem9f2236fb-313d-44be-a76e-79fa71aed78b,5.5013918317854404,5.5013918317854404,3.0,1,0,2
/CatalogService/GetItemb5424fc2-dfc7-4f46-9840-7f812bd28e36,2.2329497151076794,2.2329497151076794,3.0,1,0,2
/CatalogService/GetItemd4095813-33bc-4cf6-b843-b330f5c55629,3.099670633673668,3.099670633673668,3.0,1,0,2
/CatalogService/GetIteme3be7c3b-0daf-48e6-90f2-8fa95d41229b,5.578795913606882,5.578795913606882,3.0,1,0,2
/CatalogService/UpdateItem0603a2eb-35d5-48e7-82ec-b9667aac664c,12.454993091523647,12.454993091523647,100000.0,1,0,2
/CatalogService/UpdateItem09a60cb0-87a7-4d84-906f-4465ac3e8a89,12.28980626910925,12.28980626910925,100000.0,1,0,2
/CatalogService/UpdateItem5b8d23b9-26e0-4ad8-b83b-25d42d46f49f,8.65487800911069,8.65487800911069,100000.0,1,0,2
/CatalogService/UpdateItem5f1248c9-3050-4078-ad93-8c41f19a6271,9.840997867286205,9.840997867286205,100000.0,1,0,2
/CatalogService/UpdateItem91ba2228-a2dd-40ef-ba6b-49194525fba7,12.116852682083845,12.116852682083845,100000.0,1,0,2
/CatalogService/UpdateItemb5817ded-0689-4fdf-a215-8019b7830dd9,10.190247092396021,10.190247092396021,100000.0,1,0,2
/CatalogService/UpdateItembe1978a4-950b-4400-a559-b9e97f36644a,10.090631898492575,10.090631898492575,100000.0,1,0,2
/CatalogService/UpdateIteme2714730-1c17-46c7-99e2-2754ff6f54cf,12.455137912184,12.455137912184,100000.0,1,0,2
/CustomerService/CreateCustomer1fc544c5-abdc-4b03-9f4e-449c8d5eeb14,21.50985412299633,21.50985412299633,100000.0,1,0,2
/CustomerService/CreateCustomer2c5db6ea-d1bc-46bd-9214-f54d205d287c,20.643058698624372,20.643058698624372,100000.0,1,0,2
/CustomerService/CreateCustomer45430bc0-01f5-45cb-900f-b13a3911eeee,27.964777778834105,27.964777778834105,100000.0,1,0,2
/CustomerService/CreateCustomer5c8273cc-9fdb-4ce0-95a4-7e9282dc078d,26.846950873732567,26.846950873732567,100000.0,1,0,2
/CustomerService/CreateCustomer752ff9ff-a452-4ca4-8566-583b06f8a3d9,20.823551807552576,20.823551807552576,100000.0,1,0,2
/CustomerService/CreateCustomer9cf70961-304e-4087-9424-73fb4d09da34,25.799931026995182,25.799931026995182,100000.0,1,0,2
/CustomerService/CreateCustomerb6314d6b-167f-4f48-93eb-55ee2645cde4,30.93575406819582,30.93575406819582,100000.0,1,0,2
/CustomerService/CreateCustomerfe655cee-c255-4033-b6e9-4d77812f21b0,30.58491088449955,30.58491088449955,100000.0,1,0,2
/CustomerService/UpdateCustomer2300db66-2eec-4354-84bd-9c0655c082c9,15.659913886338472,15.659913886338472,100000.0,1,0,2
/CustomerService/UpdateCustomer3a104c3d-bd06-4282-b9c2-713c6e535547,16.617071349173784,16.617071349173784,100000.0,1,0,2
/CustomerService/UpdateCustomer3adbe51b-1e4c-4a0b-8827-41572a10b49d,31.09265025705099,31.09265025705099,100000.0,1,0,2
/CustomerService/UpdateCustomer4a039cd0-2fc1-4224-b172-6163f0882158,19.550197757780552,19.550197757780552,100000.0,1,0,2
/CustomerService/UpdateCustomer5b9bbeeb-8a8d-4b0a-b9ea-e21f1a66d539,14.261850621551275,14.261850621551275,100000.0,1,0,2
/CustomerService/UpdateCustomer7345084b-d66a-4bbb-ae32-d0bc10c67776,13.825464062392712,13.825464062392712,100000.0,1,0,2
/CustomerService/UpdateCustomer737693f4-3a7e-455f-bc8d-578fbbdd6efd,33.731827046722174,33.731827046722174,100000.0,1,0,2
/CustomerService/UpdateCustomerc3854d17-b43e-40b8-b45a-e796011b739b,14.234824106097221,14.234824106097221,100000.0,1,0,2
/CustomerService/getCustomer088b3125-c08e-44db-b6ab-cb7872cc8ae6,4.939304199069738,4.939304199069738,2.0,1,0,2
/CustomerService/getCustomer2db7804c-74c2-4ec9-a241-8c3f66e81cd0,4.10744221881032,4.10744221881032,2.0,1,0,2
/CustomerService/getCustomer754b1159-9f91-4bc6-b778-dce2048a5e0a,9.019081015139818,9.019081015139818,2.0,1,0,2
/CustomerService/getCustomer80c5ac22-f23a-4ded-b212-112bf80f1da4,5.335956811904907,5.335956811904907,2.0,1,0,2
/CustomerService/getCustomerb5f05af3-d74e-4bf7-a006-ef7b5dd841bf,4.827594850212336,4.827594850212336,2.0,1,0,2
/CustomerService/getCustomerf3d930df-b05f-42a0-81bf-8d02adc9f4be,3.6759269423782825,3.6759269423782825,2.0,1,0,2
/CustomerService/getCustomerf9639a87-2dd7-4434-ab62-b7fba86ba7b7,7.853488903492689,7.853488903492689,2.0,1,0,2
/CustomerService/getCustomerff2c8741-9a6b-4c6f-988f-16d43a0442d9,3.726289141923189,3.726289141923189,2.0,1,0,2
/OrderService/CreateOrder03da795b-336e-47df-bb0c-0325e0f4fbef,27.399645652621984,27.399645652621984,100000.0,1,0,2
/OrderService/CreateOrder079c64d5-4565-4ff0-8556-c670fcecd301,26.49598242715001,26.49598242715001,100000.0,1,0,2
/OrderService/CreateOrder1444a03d-1202-493b-96f0-5da24eeb92c0,8.927433751523495,8.927433751523495,100000.0,1,0,2
/OrderService/CreateOrder344f2fde-2f6a-4db0-926f-97142dd48b87,9.704731870442629,9.704731870442629,100000.0,1,0,2
/OrderService/CreateOrder85ab8d47-57ce-473e-afea-24c84e72a25b,9.191848337650299,9.191848337650299,100000.0,1,0,2
/OrderService/CreateOrder8f511fa0-1b0a-4747-8d53-ef0a0011eaee,29.669051058590412,29.669051058590412,100000.0,1,0,2
/OrderService/CreateOrder95478e77-b1c9-4c13-a534-5cda2c8ee018,27.67285332083702,27.67285332083702,100000.0,1,0,2
/OrderService/CreateOrderff1f0f9e-488f-4139-864a-64843de6a1db,29.550777282565832,29.550777282565832,100000.0,1,0,2
/OrderService/GetOrder15793a5e-28d3-41f7-8ee4-af0b45aca7e4,3.8375891745090485,3.8375891745090485,2.0,1,0,2
/OrderService/GetOrder23607550-0906-444d-a884-a944a2fb3547,6.885341834276915,6.885341834276915,3.0,1,0,2
/OrderService/GetOrder2cae80a8-a1a5-433d-b5eb-f4b03a633a4a,7.700989954173565,7.700989954173565,3.0,1,0,2
/OrderService/GetOrder3c075fd3-36c9-410a-bdbe-4a0aaed42e64,2.333474811166525,2.333474811166525,3.0,1,0,2
/OrderService/GetOrder59611475-29dd-4358-95a3-c4226af92f9d,1.8925052136182785,1.8925052136182785,3.0,1,0,2
/OrderService/GetOrder8fb3f103-e276-43fe-bb4d-d80366b73fb4,6.313679739832878,6.313679739832878,3.0,1,0,2
/OrderService/GetOrderb9822e70-89b1-4c9e-b774-1069149d0cdf,4.033886827528477,4.033886827528477,3.0,1,0,2
/OrderService/GetOrderee546e90-6ef9-4163-bddf-64b39422adba,5.498068407177925,5.498068407177925,3.0,1,0,2
Aggregated,12.757265067193657,10.0,62500.984375,-1,0,2
