Service,Average Response Time,Medium Response Time,Request Size,Request Type,Frequency,Size
/CatalogService/AddItem12285768-23b6-4ba0-8df9-965728496d2c,11.062207166105509,11.062207166105509,100000.0,1,0,2
/CatalogService/AddItem2704fd4f-7357-40dd-b225-81ded29d047a,8.061130065470934,8.061130065470934,100000.0,1,0,2
/CatalogService/AddItem3471804d-e569-4fdd-9b3b-84c444c08679,9.369805920869112,9.369805920869112,100000.0,1,0,2
/CatalogService/AddItem3fc00515-a781-44a0-9292-bd6abdeff3de,14.700614847242832,14.700614847242832,100000.0,1,0,2
/CatalogService/AddItem5d69aee8-3e70-4f3a-9bdf-3702aac63d18,7.921286858618259,7.921286858618259,100000.0,1,0,2
/CatalogService/AddItem62356efe-6c99-4ef1-bd63-19a46732cdd7,13.870602939277887,13.870602939277887,100000.0,1,0,2
/CatalogService/AddIteme13a8488-4a7e-4471-987f-25f66594260d,9.579119738191366,9.579119738191366,100000.0,1,0,2
/CatalogService/AddItemf86deebf-7626-4a70-806d-f3c1e368442a,12.941423337906599,12.941423337906599,100000.0,1,0,2
/CatalogService/GetItem20250cb5-5dca-4726-a791-55c987260c6a,5.571342073380947,5.571342073380947,3.0,1,0,2
/CatalogService/GetItem5b9e0374-f0cd-4998-bf55-216559a8ca70,12.592753395438194,12.592753395438194,3.0,1,0,2
/CatalogService/GetItem6a5881ed-9ffc-4802-9dea-66182a773618,5.554565228521824,5.554565228521824,3.0,1,0,2
/CatalogService/GetItem7def4799-cf28-40f7-8c90-93211eb2fe33,10.32506674528122,10.32506674528122,3.0,1,0,2
/CatalogService/GetItem872c2af0-1ed1-454d-af55-1cc9b7ea1dfd,6.1392285861074924,6.1392285861074924,3.0,1,0,2
/CatalogService/GetItemb6d3f5ea-e472-416e-9785-7af3bf20206c,9.538662154227495,9.538662154227495,3.0,1,0,2
/CatalogService/GetIteme71f8a0e-1989-4b1b-be1f-5242fbacecf0,5.719132721424103,5.719132721424103,2.0,1,0,2
/CatalogService/GetItemef9234d0-5c63-4bac-a1c6-0f1bf416ff3e,5.278045777231455,5.278045777231455,3.0,1,0,2
/CatalogService/UpdateItem24454dd1-450d-4ee3-9d19-bf9dc4e4d5fb,14.54702066257596,14.54702066257596,100000.0,1,0,2
/CatalogService/UpdateItem416a095e-76a2-4897-a335-d1254c132ee8,8.953969925642014,8.953969925642014,100000.0,1,0,2
/CatalogService/UpdateItem519b6577-bc4f-4189-9c9d-f1ae08b21cf6,14.401044696569443,14.401044696569443,100000.0,1,0,2
/CatalogService/UpdateItem5599fccf-c1b1-416a-b526-9e8add67221c,9.613111149519682,9.613111149519682,100000.0,1,0,2
/CatalogService/UpdateItem5f2db75e-d4d8-45a9-aadc-10c984c33a6a,6.057352293282747,6.057352293282747,100000.0,1,0,2
/CatalogService/UpdateItem8ba42176-dd0f-45ae-b223-478e7360ef2b,17.75822415947914,17.75822415947914,100000.0,1,0,2
/CatalogService/UpdateItemaaf5e782-9124-4345-b57a-733db4765063,10.875297244638205,10.875297244638205,100000.0,1,0,2
/CatalogService/UpdateItemfb4de85d-b5b9-42b8-bb44-45e117532870,20.44773567467928,20.44773567467928,100000.0,1,0,2
/CustomerService/CreateCustomer51d58c9f-27c2-446b-aa22-bbc15174f107,31.04229411110282,31.04229411110282,100000.0,1,0,2
/CustomerService/CreateCustomer69946391-231f-4618-96b0-0be3dd35abc6,18.770290073007345,18.770290073007345,100000.0,1,0,2
/CustomerService/CreateCustomer742ca9b2-ccef-4086-897c-b94904afc56b,26.238090824335814,26.238090824335814,100000.0,1,0,2
/CustomerService/CreateCustomera2cee794-2c39-49d1-b288-90e93c3fcaf7,27.53290580585599,27.53290580585599,100000.0,1,0,2
/CustomerService/CreateCustomerae7271c3-1feb-4002-8ecb-968d73ffeb78,20.57308377698064,20.57308377698064,100000.0,1,0,2
/CustomerService/CreateCustomerb7b1226c-f489-4b8c-93ab-afe59c364637,30.718357302248478,30.718357302248478,100000.0,1,0,2
/CustomerService/CreateCustomereecb41d2-6eec-4c3a-affb-0c5f4b11d0db,33.839249052107334,33.839249052107334,100000.0,1,0,2
/CustomerService/CreateCustomerf099739d-dc79-438b-a8fc-b2e9b3fb1ba6,18.61738134175539,18.61738134175539,100000.0,1,0,2
/CustomerService/UpdateCustomer04af818a-b1ca-4ab5-9793-92647330e2ac,8.713685907423496,8.713685907423496,100000.0,1,0,2
/CustomerService/UpdateCustomer4f8a5683-bfd1-47d0-873a-02172763adb2,13.510589022189379,13.510589022189379,100000.0,1,0,2
/CustomerService/UpdateCustomer84e7c868-8bda-4fce-84ac-1f00428dc92b,15.078801661729813,15.078801661729813,100000.0,1,0,2
/CustomerService/UpdateCustomer938f8937-9ba5-4544-b67a-1a7db634a64d,17.60406792163849,17.60406792163849,100000.0,1,0,2
/CustomerService/UpdateCustomer98c4349e-d0d6-449f-87a2-8cab7f0c2026,10.145593900233507,10.145593900233507,100000.0,1,0,2
/CustomerService/UpdateCustomerb5a8a72e-8a95-4c55-b235-b4243cad9568,10.352735873311758,10.352735873311758,100000.0,1,0,2
/CustomerService/UpdateCustomere9c3dd37-ab99-42c4-8f29-dfaffb294f87,15.172775834798813,15.172775834798813,100000.0,1,0,2
/CustomerService/UpdateCustomerf4d1990e-dfed-4c87-8b3d-7942b317b5fe,25.40725888684392,25.40725888684392,100000.0,1,0,2
/CustomerService/getCustomer25fe0801-478d-431c-8f4f-f5cf816ff821,4.270090255886316,4.270090255886316,2.0,1,0,2
/CustomerService/getCustomer43c5b1f0-dd20-4710-b3d9-f2f618de6dda,4.396437667310238,4.396437667310238,2.0,1,0,2
/CustomerService/getCustomer6df34249-4b5e-4f06-852c-26417eacdeaa,7.8225648030638695,7.8225648030638695,2.0,1,0,2
/CustomerService/getCustomer7ed62065-6ae3-4837-bf7a-32dacde871de,13.811587821692228,13.811587821692228,2.0,1,0,2
/CustomerService/getCustomer9dc6d898-eba1-404e-a8fa-368562b228a1,10.7224159874022,10.7224159874022,2.0,1,0,2
/CustomerService/getCustomera41b5807-e4be-4822-bc76-76074a3962be,3.346743993461132,3.346743993461132,2.0,1,0,2
/CustomerService/getCustomerb413c17c-6b87-44f6-aa76-7a0c51ce5022,8.602777030318975,8.602777030318975,2.0,1,0,2
/CustomerService/getCustomerf3405483-7c0a-43e6-b855-fe7d09b2a007,5.281971767544746,5.281971767544746,2.0,1,0,2
/OrderService/CreateOrder38cbfc23-f6dc-4e43-afc5-289ac00dcd0d,18.950752913951874,18.950752913951874,100000.0,1,0,2
/OrderService/CreateOrder6adcb9fe-d2bc-4643-83e6-02ce98978a09,10.784920770674944,10.784920770674944,100000.0,1,0,2
/OrderService/CreateOrder8d14dcbb-3505-426c-88f9-aa85259f3664,11.820609215646982,11.820609215646982,100000.0,1,0,2
/OrderService/CreateOrder912e8ba3-e1eb-404c-aaa7-f17d3ae5e661,24.863807950168848,24.863807950168848,100000.0,1,0,2
/OrderService/CreateOrder9846608b-f530-4897-95e2-5927457c1041,19.043262116611004,19.043262116611004,100000.0,1,0,2
/OrderService/CreateOrder9b095d04-4dba-4403-94cf-7ca1319dd931,8.554697968065739,8.554697968065739,100000.0,1,0,2
/OrderService/CreateOrderdd8f2827-33b8-40a4-8acc-4b67d232b9a0,24.437434040009975,24.437434040009975,100000.0,1,0,2
/OrderService/CreateOrdereb76f7c3-8efa-44ba-9860-599774e1d30f,27.171099092811346,27.171099092811346,100000.0,1,0,2
/OrderService/GetOrder0df68f38-1c79-4c51-92b8-3fe28142c988,3.5970457829535007,3.5970457829535007,3.0,1,0,2
/OrderService/GetOrder2720e57f-df9e-4202-b007-cac34ac0292c,6.390816997736692,6.390816997736692,3.0,1,0,2
/OrderService/GetOrder44528bff-61cc-4786-9474-17d35c4ae762,2.7943430468440056,2.7943430468440056,2.0,1,0,2
/OrderService/GetOrder4d4b3072-ba93-4c03-b550-9d56e5fc400f,7.6546696946024895,7.6546696946024895,3.0,1,0,2
/OrderService/GetOrder6b788cdd-8aaa-41ac-a597-a29d43acfe02,9.12531279027462,9.12531279027462,3.0,1,0,2
/OrderService/GetOrder702de8ea-96dc-427b-b5a0-9d5c27c6de2b,4.433790221810341,4.433790221810341,2.0,1,0,2
/OrderService/GetOrder95a8ef05-d42f-447d-b139-75e2a06419b6,1.3481257483363152,1.3481257483363152,3.0,1,0,2
/OrderService/GetOrderf2f7f418-1365-4d9a-80fd-720c2c2ef445,2.3534540086984634,2.3534540086984634,2.0,1,0,2
Aggregated,12.746478692861274,10.0,62500.9375,-1,0,2
