Service,Average Response Time,Medium Response Time,Request Size,Request Type,Frequency,Size
/CatalogService/AddItem2c4644ce-005f-4f1d-a459-54550b3a97de,501.88736291602254,501.88736291602254,50.0,1,0,0
/CatalogService/AddItem3160f89b-9af2-4864-848d-3ad688695012,500.6217658519745,500.6217658519745,50.0,1,0,0
/CatalogService/AddItem6cbe6b38-a6b4-4042-8899-78dc4d46d255,499.4089831598103,499.4089831598103,50.0,1,0,0
/CatalogService/AddItem8747bd2a-54d3-40f3-83b7-cf6dba4f7ac2,495.59837905690074,495.59837905690074,50.0,1,0,0
/CatalogService/AddItem9ce48e34-3db8-47bf-ab2d-413aa8ba9e81,10.683080181479454,10.683080181479454,50.0,1,0,0
/CatalogService/AddItema5914486-ab7f-41dd-8e0b-4ff89f6b5969,500.50367088988423,500.50367088988423,50.0,1,0,0
/CatalogService/AddItemf72e835c-4519-4a69-95ef-113ac5863e92,10.702196974307299,10.702196974307299,50.0,1,0,0
/CatalogService/AddItemf7e60f5c-1376-48b9-ade0-6b93cc3c0658,10.592074133455753,10.592074133455753,50.0,1,0,0
/CatalogService/GetItem4f277e00-d204-4fb3-bb22-803c4a5ad149,10.126489214599133,10.126489214599133,3.0,1,0,0
/CatalogService/GetItem8d480cb1-5b80-4100-8652-24d1d4115703,20.554641727358103,20.554641727358103,3.0,1,0,0
/CatalogService/GetItema81cffb4-980c-42fe-9462-a578e9976c82,21.515876054763794,21.515876054763794,3.0,1,0,0
/CatalogService/GetItemc26b7762-fe17-421f-ae6c-7837c545a5f5,20.28937079012394,20.28937079012394,3.0,1,0,0
/CatalogService/GetItemc5e45a7f-a904-4da1-b4c5-10d6182f399b,9.554977994412184,9.554977994412184,3.0,1,0,0
/CatalogService/GetItemd019cb84-87ba-4dd5-b2b5-9bd8a3532a3b,9.069568011909723,9.069568011909723,3.0,1,0,0
/CatalogService/GetItemd15ce32e-0221-452e-933d-bc5755058415,12.118976563215256,12.118976563215256,3.0,1,0,0
/CatalogService/GetItemd7c91475-46d0-4686-807b-ee9dde446732,20.89727809652686,20.89727809652686,3.0,1,0,0
/CatalogService/UpdateItem2054edb2-696f-4b3e-812f-33a2cddc0f6a,17.253814730793238,17.253814730793238,50.0,1,0,0
/CatalogService/UpdateItem2ebf47dc-d901-4811-aa01-0a6fb5f98526,364.9655831977725,364.9655831977725,50.0,1,0,0
/CatalogService/UpdateItem5b885377-0977-41c9-a255-da210d9c6ce1,364.5982248708606,364.5982248708606,50.0,1,0,0
/CatalogService/UpdateItem7dd1d35e-a105-4f25-ba08-d08bd77e7472,365.6755667179823,365.6755667179823,50.0,1,0,0
/CatalogService/UpdateItem871d0120-5cda-44c6-b2ca-5974bf2280b4,366.3396053016186,366.3396053016186,50.0,1,0,0
/CatalogService/UpdateItem91b2fa05-c128-43ba-b6c4-006d2c445c8d,14.986377209424973,14.986377209424973,50.0,1,0,0
/CatalogService/UpdateItemc8449569-2339-4c0a-964e-6dd090c3d202,17.48181926086545,17.48181926086545,50.0,1,0,0
/CatalogService/UpdateItemfa05ce88-7914-47a4-859c-cfbcfa8037eb,365.27351243421435,365.27351243421435,50.0,1,0,0
/CustomerService/CreateCustomer0c793801-eaf1-4202-a964-03bae3f8a86c,26.636237744241953,26.636237744241953,50.0,1,0,0
/CustomerService/CreateCustomer2ca5cc45-faf8-4078-8dfd-6caab23a5414,48.80320280790329,48.80320280790329,50.0,1,0,0
/CustomerService/CreateCustomer612a1865-53b9-452d-88a3-e28512fd767f,24.64596088975668,24.64596088975668,50.0,1,0,0
/CustomerService/CreateCustomer6f00b78b-482d-41ea-b95e-f101463b80a4,49.44052780047059,49.44052780047059,50.0,1,0,0
/CustomerService/CreateCustomerc3a537e9-2698-47d8-bb74-bf8302420f67,50.48401281237602,50.48401281237602,50.0,1,0,0
/CustomerService/CreateCustomercc0b6f4e-5880-454d-9baa-27ffc3aa21b0,51.712853368371725,51.712853368371725,50.0,1,0,0
/CustomerService/CreateCustomerdfa9df0c-5cf7-4942-a1d2-d613a55e6d78,46.49535706266761,46.49535706266761,50.0,1,0,0
/CustomerService/CreateCustomere350e5b4-a6dd-4bed-870b-a868aa4e9817,29.37135472893715,29.37135472893715,50.0,1,0,0
/CustomerService/UpdateCustomer0de74229-eb7a-4a84-89c3-dbf1ac8cd37a,60.919803101569414,60.919803101569414,50.0,1,0,0
/CustomerService/UpdateCustomer431c83c3-0b4b-459e-b2e0-102f1f28efc2,26.376373134553432,26.376373134553432,50.0,1,0,0
/CustomerService/UpdateCustomer6909468b-69a3-439e-9621-eed291841fb8,57.6150706037879,57.6150706037879,50.0,1,0,0
/CustomerService/UpdateCustomer6c63a598-4e77-4b3c-bd27-86e3eb06998f,52.264800760895014,52.264800760895014,50.0,1,0,0
/CustomerService/UpdateCustomer738a2340-49ba-48a9-8589-f815f17bba22,55.29068084433675,55.29068084433675,50.0,1,0,0
/CustomerService/UpdateCustomer8e20b311-c543-459e-8a68-e25cdce9ada6,28.14732538536191,28.14732538536191,50.0,1,0,0
/CustomerService/UpdateCustomera179f9f8-2126-4919-b84b-4ba735f8641e,54.752386175096035,54.752386175096035,50.0,1,0,0
/CustomerService/UpdateCustomere537b26d-9d68-4c72-a4a9-861dade98346,21.98076620697975,21.98076620697975,50.0,1,0,0
/CustomerService/getCustomer03c04133-4a6c-40a9-bf92-a36df7a0194d,24.13913095369935,24.13913095369935,2.0,1,0,0
/CustomerService/getCustomer08e958ee-af58-4732-802e-9d89d545bd1d,24.555454961955547,24.555454961955547,2.0,1,0,0
/CustomerService/getCustomer1ab9b08d-ab7a-445b-bc6e-fa90561c7c26,21.857058629393578,21.857058629393578,2.0,1,0,0
/CustomerService/getCustomer384093de-c955-48ad-8fe3-5a54e8225575,25.241120718419552,25.241120718419552,2.0,1,0,0
/CustomerService/getCustomer6aa5b7d5-6b79-45cd-8160-15c9e5193e5e,21.327057387679815,21.327057387679815,2.0,1,0,0
/CustomerService/getCustomerc27a702a-3751-49bf-a65c-6162a5f180d4,13.52932583540678,13.52932583540678,2.0,1,0,0
/CustomerService/getCustomerd841f99e-f625-4d49-bde2-c81a8eb27aae,10.21411083638668,10.21411083638668,2.0,1,0,0
/CustomerService/getCustomere2f1a1fc-52d7-4f6c-b951-8bd1524e2a1d,10.997829958796501,10.997829958796501,2.0,1,0,0
/OrderService/CreateOrder02563926-b99e-412e-9b46-c4e782798df3,33.45647128298879,33.45647128298879,50.0,1,0,0
/OrderService/CreateOrder2ea147fc-364c-4f18-a967-f449c8715811,45.35346804186702,45.35346804186702,50.0,1,0,0
/OrderService/CreateOrder352f909c-7e35-4f41-9edd-cee6730bb66b,32.38654276356101,32.38654276356101,50.0,1,0,0
/OrderService/CreateOrder68cbe699-f97a-483a-831b-04694ce7e7a8,35.71017784997821,35.71017784997821,50.0,1,0,0
/OrderService/CreateOrdera26e1806-b64f-45a5-8900-a9bd891787d1,28.94343715161085,28.94343715161085,50.0,1,0,0
/OrderService/CreateOrderbf674af1-6e37-49ee-9179-16f1922e6e2e,32.965127378702164,32.965127378702164,50.0,1,0,0
/OrderService/CreateOrderc467759a-7cab-477d-97f3-6d53afc5b99d,32.21218381077051,32.21218381077051,50.0,1,0,0
/OrderService/CreateOrdercea9fb2b-8d02-4d79-8df9-50d5264de719,40.409523993730545,40.409523993730545,50.0,1,0,0
/OrderService/GetOrder245587bd-11fd-4a78-961c-f0df6ccf24e1,42.214324697852135,42.214324697852135,3.0,1,0,0
/OrderService/GetOrder456e651a-3447-4a49-ac6c-a14c1ab2f5da,37.95523988083005,37.95523988083005,3.0,1,0,0
/OrderService/GetOrder489b607e-907f-4a82-91c4-8dfc6acb09bc,43.96547703072429,43.96547703072429,3.0,1,0,0
/OrderService/GetOrder5ce4f3f0-7c64-43e6-8348-6e9bcbc7cca2,43.83256612345576,43.83256612345576,2.0,1,0,0
/OrderService/GetOrder66a2d095-480b-457a-af6b-f484762da549,26.791229378432035,26.791229378432035,3.0,1,0,0
/OrderService/GetOrder74338e7d-452c-4b33-984c-877d69e8032d,37.944399286061525,37.944399286061525,3.0,1,0,0
/OrderService/GetOrder88d45584-1e8c-415e-b11d-a871fede5a1a,43.623650912195444,43.623650912195444,3.0,1,0,0
/OrderService/GetOrder9493ba4c-f2a0-4c5f-8904-56510665f4f5,38.015640806406736,38.015640806406736,3.0,1,0,0
Aggregated,93.17619466310134,32.0,32.234375,-1,0,0
