Service,Average Response Time,Medium Response Time,Request Size,Request Type,Frequency,Size
/CatalogService/AddItem059b5796-b47f-4d96-9f6c-45178a5ffb9f,15.375678893178701,15.375678893178701,1000.0,1,1,1
/CatalogService/AddItem07c51f7a-dde9-4dc4-82c4-37ae57a2179b,14.99639404937625,14.99639404937625,1000.0,1,1,1
/CatalogService/AddItem0a96f6cd-ce4b-49fa-9101-b79644712965,9.909938089549541,9.909938089549541,1000.0,1,1,1
/CatalogService/AddItem0fa0b8d2-3680-4bcc-adc8-430f40d9b42f,5.488753318786621,5.488753318786621,1000.0,1,1,1
/CatalogService/AddItem105977f6-90a1-4e99-bfee-7261ec21735b,9.589971974492073,9.589971974492073,1000.0,1,1,1
/CatalogService/AddItem1350d8c4-8662-4cdd-a78a-a0e9f755be8e,12.89696991443634,12.89696991443634,1000.0,1,1,1
/CatalogService/AddItem16b5fbf7-0d1e-41d3-bda8-8fca729bd47e,10.365743190050125,10.365743190050125,1000.0,1,1,1
/CatalogService/AddItem198a76c6-e29a-4ea7-94cc-61938a320254,10.437640827149153,10.437640827149153,1000.0,1,1,1
/CatalogService/AddItem1eacfc20-15f0-4461-9c29-0cb5ba4c0eab,10.781992226839066,10.781992226839066,1000.0,1,1,1
/CatalogService/AddItem255608b6-b6c8-4587-aada-71e895128ffa,13.442324940115213,13.442324940115213,1000.0,1,1,1
/CatalogService/AddItem2630f804-c28b-4569-ba0f-d9d249353b82,2.058024052530527,2.058024052530527,1000.0,1,1,1
/CatalogService/AddItem301096ea-6957-4954-8d85-7a2f1c59b497,11.201257817447186,11.201257817447186,1000.0,1,1,1
/CatalogService/AddItem30531bee-c8f2-4798-856a-7efd7cc85fa3,11.008516885340214,11.008516885340214,1000.0,1,1,1
/CatalogService/AddItem31e3310b-5024-485a-b39c-757141a49355,11.103837750852108,11.103837750852108,1000.0,1,1,1
/CatalogService/AddItem322cd9d2-9988-47b4-b60e-0b61d1746c86,12.058821972459555,12.058821972459555,1000.0,1,1,1
/CatalogService/AddItem3251e757-4591-4aea-99fa-317c26151366,7.14264577254653,7.14264577254653,1000.0,1,1,1
/CatalogService/AddItem341805e5-0d0e-40a5-8224-cfadc342a510,15.989901963621378,15.989901963621378,1000.0,1,1,1
/CatalogService/AddItem372a34a5-f3d9-4a02-a3d7-5dac9d252776,12.117655016481876,12.117655016481876,1000.0,1,1,1
/CatalogService/AddItem3b4385a2-061e-478b-b101-34af6e450d8e,10.072349105030298,10.072349105030298,1000.0,1,1,1
/CatalogService/AddItem3ddbd6d0-475d-413e-a56e-37c10aa55631,2.791687846183777,2.791687846183777,1000.0,1,1,1
/CatalogService/AddItem431090a8-8ceb-4c4f-b2b3-55e7aad1003d,10.73285797610879,10.73285797610879,1000.0,1,1,1
/CatalogService/AddItem43d14289-c64b-46c9-a7d3-27d211b6882a,9.472850244492292,9.472850244492292,1000.0,1,1,1
/CatalogService/AddItem4d1d953b-a545-4cb8-8be0-5b1d51e25b11,5.392305087298155,5.392305087298155,1000.0,1,1,1
/CatalogService/AddItem4e324396-13a8-411c-af19-e6b288e242aa,10.162460152059793,10.162460152059793,1000.0,1,1,1
/CatalogService/AddItem50943442-0c08-49af-99e5-21229ef71383,8.641261141747236,8.641261141747236,1000.0,1,1,1
/CatalogService/AddItem518f9edc-f037-4be3-854f-9684622f5dc1,2.6923357509076595,2.6923357509076595,1000.0,1,1,1
/CatalogService/AddItem555c6187-0907-4fe8-9ec4-0fe913aabc95,2.235321793705225,2.235321793705225,1000.0,1,1,1
/CatalogService/AddItem5adc4d8a-5e65-492b-95d9-7e655f088cc6,9.11706406623125,9.11706406623125,1000.0,1,1,1
/CatalogService/AddItem5b2bd128-fd43-4dd3-9088-c33b831cfb4e,11.012911330908537,11.012911330908537,1000.0,1,1,1
/CatalogService/AddItem5fa51973-1753-4c9d-8e9a-c9d49f00ea94,10.40578493848443,10.40578493848443,1000.0,1,1,1
/CatalogService/AddItem6288680f-af1b-4c38-86c2-4c2e421fa039,9.540059138089418,9.540059138089418,1000.0,1,1,1
/CatalogService/AddItem64ae52a1-84fa-482e-acec-f5edc59bb656,10.79073129221797,10.79073129221797,1000.0,1,1,1
/CatalogService/AddItem65956c21-1ed2-4270-879c-d31d6403bf35,3.349300939589739,3.349300939589739,1000.0,1,1,1
/CatalogService/AddItem735cd319-80bd-419c-8a08-f438645e0569,9.40824905410409,9.40824905410409,1000.0,1,1,1
/CatalogService/AddItem7442ea0f-5911-4433-be7a-9292312cbdf2,5.569549277424812,5.569549277424812,1000.0,1,1,1
/CatalogService/AddItem745f6c70-9cf9-48b1-af45-6575acf988e6,14.63796989992261,14.63796989992261,1000.0,1,1,1
/CatalogService/AddItem7588e8d9-b9ac-4909-82de-2ba99054add1,2.429377753287554,2.429377753287554,1000.0,1,1,1
/CatalogService/AddItem7620a318-2c09-4585-8fd7-119056645cf1,12.98472099006176,12.98472099006176,1000.0,1,1,1
/CatalogService/AddItem768886a7-f1a8-4aaa-bba0-919337efd9cc,8.007370866835117,8.007370866835117,1000.0,1,1,1
/CatalogService/AddItem7d2f3a98-2286-4aab-b1af-ef1584e00697,7.715810090303421,7.715810090303421,1000.0,1,1,1
/CatalogService/AddItem7dc9e00a-824d-43ed-a130-82f8544cd9b1,5.09992940351367,5.09992940351367,1000.0,1,1,1
/CatalogService/AddItem80dd76cb-caf0-4c3f-90fa-4b13bb8d0ac7,11.3774249330163,11.3774249330163,1000.0,1,1,1
/CatalogService/AddItem874e20bf-81b0-45bb-b9a4-0a93edd233f5,2.850424963980913,2.850424963980913,1000.0,1,1,1
/CatalogService/AddItem8acbc89f-35ee-4298-8169-b1ac5405e85f,12.537055183202028,12.537055183202028,1000.0,1,1,1
/CatalogService/AddItem90298a0a-d91a-474e-a435-3324ec8a79fe,10.000612121075392,10.000612121075392,1000.0,1,1,1
/CatalogService/AddItem924c975a-6fbb-4f96-ab4d-eec939db0a88,9.584351908415556,9.584351908415556,1000.0,1,1,1
/CatalogService/AddItem9813a008-a763-42f6-9480-5bc6975181f8,18.069369718432426,18.069369718432426,1000.0,1,1,1
/CatalogService/AddItem98563da6-3397-4926-b2f6-dabf560442b3,3.625342156738043,3.625342156738043,1000.0,1,1,1
/CatalogService/AddItem9a792426-6573-4e2b-9546-bcc708e096c2,4.541846923530102,4.541846923530102,1000.0,1,1,1
/CatalogService/AddItemaabeb167-b5d5-4bc1-9024-8517b80c13c8,2.7152406983077526,2.7152406983077526,1000.0,1,1,1
/CatalogService/AddItemac681839-d0e6-41a2-8dc8-9ae0ba2292ce,7.523323874920607,7.523323874920607,1000.0,1,1,1
/CatalogService/AddItemba70b1cc-4919-4139-bdb5-6d7744fd7877,8.896694052964449,8.896694052964449,1000.0,1,1,1
/CatalogService/AddItembc9042a5-f8cb-454b-a8a3-d79e72186411,16.35221904143691,16.35221904143691,1000.0,1,1,1
/CatalogService/AddItembe3a8c14-f82f-4630-9782-3aa7e7afec6d,8.68123583495617,8.68123583495617,1000.0,1,1,1
/CatalogService/AddItembf5d99fc-d442-4cbf-b14a-20772acd0d7b,11.39148510992527,11.39148510992527,1000.0,1,1,1
/CatalogService/AddItemc90b5939-51e9-4bf1-ae1e-e4ca9122fffa,9.389166254550219,9.389166254550219,1000.0,1,1,1
/CatalogService/AddItemca07c2a2-97fc-4bf8-b64a-1f022b58dc3e,8.092221338301897,8.092221338301897,1000.0,1,1,1
/CatalogService/AddItemcb017c5c-9509-4b1c-badc-e03138258082,3.141344990581274,3.141344990581274,1000.0,1,1,1
/CatalogService/AddItemcd27096f-cf1e-43f3-bfbc-aaf13590666a,11.317594908177853,11.317594908177853,1000.0,1,1,1
/CatalogService/AddItemcd9b506c-2bd6-45ff-b57d-0ec58e800924,11.535676196217537,11.535676196217537,1000.0,1,1,1
/CatalogService/AddItemcda0423a-f3d0-4dda-9125-d2fee87e7705,8.421635255217552,8.421635255217552,1000.0,1,1,1
/CatalogService/AddItemd4148d88-5ffc-4660-b983-5e0cd39318aa,3.0501489527523518,3.0501489527523518,1000.0,1,1,1
/CatalogService/AddItemdad4547a-075d-4d55-bf8e-59de1c9977da,3.686049021780491,3.686049021780491,1000.0,1,1,1
/CatalogService/AddItemdf965655-7ae7-451c-b7bb-f6de19dbf203,9.093099273741245,9.093099273741245,1000.0,1,1,1
/CatalogService/AddIteme0b0d831-df39-4140-99f7-30f3c580c312,8.243333082646132,8.243333082646132,1000.0,1,1,1
/CatalogService/AddIteme1b2703b-8a60-4b64-8090-58a01c56a2b0,2.46609328314662,2.46609328314662,1000.0,1,1,1
/CatalogService/AddIteme286a8d9-8711-447d-99a0-d11248781013,11.913073249161243,11.913073249161243,1000.0,1,1,1
/CatalogService/AddIteme5e2c945-e7b3-4c24-b846-fb49b934c951,11.272117961198092,11.272117961198092,1000.0,1,1,1
/CatalogService/AddIteme6e2dfb6-b1cd-449b-98c9-307b18eea3cf,3.3020759001374245,3.3020759001374245,1000.0,1,1,1
/CatalogService/AddItemeb10d64a-cb7f-4e37-8c40-97bda0900582,2.035207115113735,2.035207115113735,1000.0,1,1,1
/CatalogService/AddItemec4e8f3d-8123-43dd-be93-fbe724c30029,8.34969524294138,8.34969524294138,1000.0,1,1,1
/CatalogService/AddItemeca5e994-166a-477a-ad26-60d320985d05,3.7801479920744896,3.7801479920744896,1000.0,1,1,1
/CatalogService/AddItemf08b34c6-e5c2-4525-8c8b-6bc4949e4b67,10.91385306790471,10.91385306790471,1000.0,1,1,1
/CatalogService/AddItemf0e6e39a-11a0-4867-8324-949082e1cb6f,9.20647382736206,9.20647382736206,1000.0,1,1,1
/CatalogService/AddItemf53056bd-a97d-40c7-90d4-4049a1fa4b12,9.64560778811574,9.64560778811574,1000.0,1,1,1
/CatalogService/AddItemf97c7e7d-488e-4e33-9718-873ec621651d,10.971631854772568,10.971631854772568,1000.0,1,1,1
/CatalogService/AddItemfb05df18-59b6-4ea1-94a6-0f6d1666f3ce,2.8822720050811768,2.8822720050811768,1000.0,1,1,1
/CatalogService/AddItemfc29ed72-cc91-47d5-bc32-e3a8ab85b480,10.39435202255845,10.39435202255845,1000.0,1,1,1
/CatalogService/AddItemfd48d87a-9227-4c6b-87c3-ca3e5edd1f54,9.464689996093512,9.464689996093512,1000.0,1,1,1
/CatalogService/AddItemff5b4d48-7587-4d49-af42-7c7dbf32dbff,3.133872989565134,3.133872989565134,1000.0,1,1,1
/CatalogService/GetItem01ae80f9-e27e-47c3-bc5e-f6764578e598,4.520929884165525,4.520929884165525,3.0,1,1,1
/CatalogService/GetItem02709610-00ac-4089-bbba-a35e1843d877,3.8624820299446583,3.8624820299446583,3.0,1,1,1
/CatalogService/GetItem03145268-1000-4c26-8d9c-742f628868fe,2.7088471688330173,2.7088471688330173,3.0,1,1,1
/CatalogService/GetItem12065456-7821-4e17-be3f-41a82faeb14c,2.578489948064089,2.578489948064089,3.0,1,1,1
/CatalogService/GetItem13a1af94-ce7e-4cef-afaa-809b04bbbdb7,4.420186392962933,4.420186392962933,3.0,1,1,1
/CatalogService/GetItem1a691eb6-ce3d-41fd-98df-7d60072c9f81,11.085349135100842,11.085349135100842,3.0,1,1,1
/CatalogService/GetItem1c36980c-62b8-4063-a458-13f5b6e0381b,8.978765923529863,8.978765923529863,3.0,1,1,1
/CatalogService/GetItem1d710d12-6429-4436-b383-0a06523246ad,1.6045100055634975,1.6045100055634975,3.0,1,1,1
/CatalogService/GetItem1db292f4-d2f9-416a-8cf8-a6cdbe0907bf,2.3358752951025963,2.3358752951025963,3.0,1,1,1
/CatalogService/GetItem1e676712-326a-49b4-91c0-7241f26147aa,6.403165869414806,6.403165869414806,3.0,1,1,1
/CatalogService/GetItem246fda20-d4ed-4f5a-9fca-1a5b29f745f6,10.666801128536463,10.666801128536463,3.0,1,1,1
/CatalogService/GetItem2ab3281a-8bdb-49ac-a135-42fd75e3f4b8,5.908579099923372,5.908579099923372,3.0,1,1,1
/CatalogService/GetItem2d1b5565-df9d-4530-acd2-a8839f79a472,1.9431030377745628,1.9431030377745628,3.0,1,1,1
/CatalogService/GetItem2ff53942-abff-4532-a4ab-e85189c32160,2.6428699493408203,2.6428699493408203,3.0,1,1,1
/CatalogService/GetItem301a71d8-81ba-424c-9305-adf3ce686845,3.0845198780298233,3.0845198780298233,3.0,1,1,1
/CatalogService/GetItem327a4f7a-eacb-4bd9-be1e-b85047b6c27c,2.6673641987144947,2.6673641987144947,3.0,1,1,1
/CatalogService/GetItem331e5bd0-59e7-490a-828e-ec2da61ef991,9.725136682391167,9.725136682391167,3.0,1,1,1
/CatalogService/GetItem37533d47-9f15-4a54-8a12-1bf4a1cad3fb,5.044523160904646,5.044523160904646,3.0,1,1,1
/CatalogService/GetItem3aebf071-76b8-4ffa-8b31-b93b1f856042,7.710964884608984,7.710964884608984,3.0,1,1,1
/CatalogService/GetItem3f502ca0-17f4-453c-908e-3298e4c0421c,2.0950287580490112,2.0950287580490112,3.0,1,1,1
/CatalogService/GetItem4040ed96-094d-469c-8c9c-c5bf0fc3337d,10.704302694648504,10.704302694648504,3.0,1,1,1
/CatalogService/GetItem414aec83-6778-4b6c-958a-66e318ef207c,3.316687885671854,3.316687885671854,3.0,1,1,1
/CatalogService/GetItem49f2966a-1dcb-4622-ad1c-07e66a29f0db,5.402534268796444,5.402534268796444,3.0,1,1,1
/CatalogService/GetItem4af7b4fa-4ae0-4f8f-9b9c-efe116c56aaa,2.407548949122429,2.407548949122429,3.0,1,1,1
/CatalogService/GetItem53662463-97c2-4431-94b6-69dbae99d82f,2.34435498714447,2.34435498714447,3.0,1,1,1
/CatalogService/GetItem56209277-29c6-4361-955b-57716555f51c,2.361321821808815,2.361321821808815,3.0,1,1,1
/CatalogService/GetItem56e7b011-db85-4edf-8af7-34eabc898232,10.44484507292509,10.44484507292509,3.0,1,1,1
/CatalogService/GetItem5e893d57-f243-46b0-96ee-0f040d2b094d,2.9389369301497936,2.9389369301497936,3.0,1,1,1
/CatalogService/GetItem60ad71e5-004f-4af8-842a-be003b51b676,6.325580645352602,6.325580645352602,3.0,1,1,1
/CatalogService/GetItem60fd97a1-7efe-4bd2-a64e-ee0817c7b4ab,1.9357367418706417,1.9357367418706417,3.0,1,1,1
/CatalogService/GetItem624cafab-8909-407c-af48-9485839da61d,7.475411053746939,7.475411053746939,3.0,1,1,1
/CatalogService/GetItem62fe0d62-82ee-40d6-9c9f-99ec49bea812,3.440988250076771,3.440988250076771,3.0,1,1,1
/CatalogService/GetItem6c5bf76a-c4cf-4116-b986-3b73b934eb27,3.7247687578201294,3.7247687578201294,3.0,1,1,1
/CatalogService/GetItem6f50bddd-a5e8-4086-9097-c1abf61d41e8,2.594773191958666,2.594773191958666,3.0,1,1,1
/CatalogService/GetItem6f616b49-e7a8-4d5b-8a42-3a5effa06fa4,3.454554360359907,3.454554360359907,3.0,1,1,1
/CatalogService/GetItem73c73cbd-eb24-46e2-b03b-2bc1751e8ca5,2.3829140700399876,2.3829140700399876,3.0,1,1,1
/CatalogService/GetItem7911fbf3-29e3-4a8c-9e5e-1b43811d3578,4.720810335129499,4.720810335129499,3.0,1,1,1
/CatalogService/GetItem7acb11da-d121-41ac-8900-f510e66b5455,1.9040405750274658,1.9040405750274658,3.0,1,1,1
/CatalogService/GetItem825b2580-003a-49e6-8ba5-86b6ee80e767,10.917439125478268,10.917439125478268,3.0,1,1,1
/CatalogService/GetItem82a7401b-eec4-4870-9da2-488d163730f8,2.328741829842329,2.328741829842329,3.0,1,1,1
/CatalogService/GetItem86537b78-db09-4a20-823a-3e59feed33b9,1.4682249166071415,1.4682249166071415,2.0,1,1,1
/CatalogService/GetItem8692c6b5-f242-4e32-81bc-d50ae24d0348,13.271816074848175,13.271816074848175,3.0,1,1,1
/CatalogService/GetItem87879bc6-1a90-4e4e-9e3c-ebb484f73605,5.20885456353426,5.20885456353426,3.0,1,1,1
/CatalogService/GetItem888c12a8-da69-4707-acb3-909c297bfa49,1.6696089878678322,1.6696089878678322,3.0,1,1,1
/CatalogService/GetItem89e9a828-2ef0-44fe-a1de-d3aaa5b38f53,1.4134971424937248,1.4134971424937248,3.0,1,1,1
/CatalogService/GetItem8c4fdef6-a7bc-4956-96fc-68febbf9cc48,1.840204931795597,1.840204931795597,3.0,1,1,1
/CatalogService/GetItem8d9b6adc-fcb6-4cfd-b68d-d5e9710ee215,2.2715390659868717,2.2715390659868717,3.0,1,1,1
/CatalogService/GetItem8fb93f2c-b27f-47a2-a928-d8ee0e5660eb,6.413063034415245,6.413063034415245,3.0,1,1,1
/CatalogService/GetItem95d0a50f-bedf-45b0-bc16-70b40fd15158,4.787197802215815,4.787197802215815,3.0,1,1,1
/CatalogService/GetItem98ecc994-a165-40b8-8275-3749debca5fd,2.3438450880348682,2.3438450880348682,3.0,1,1,1
/CatalogService/GetItem9b1ff33f-1f0b-47e6-920a-8cffa5825802,7.580108009278774,7.580108009278774,3.0,1,1,1
/CatalogService/GetItema3a72e0d-a714-419b-87a0-259acfe8a1c4,2.785945311188698,2.785945311188698,2.0,1,1,1
/CatalogService/GetItemb333fe9f-d76a-4816-900b-33247f87ef2e,2.7331900782883167,2.7331900782883167,3.0,1,1,1
/CatalogService/GetItemb5f747ea-0013-4c55-a917-2ddca7394b0d,1.5102638863027096,1.5102638863027096,3.0,1,1,1
/CatalogService/GetItembb9299aa-86e8-4a06-8f40-ce90d1f32a5e,1.4972616918385029,1.4972616918385029,3.0,1,1,1
/CatalogService/GetItembc863148-6816-4c30-8e4e-59eff5ca2803,3.706656862050295,3.706656862050295,3.0,1,1,1
/CatalogService/GetItembcd6978d-5137-45b1-8ff7-6132edbe4052,5.4883798584342,5.4883798584342,3.0,1,1,1
/CatalogService/GetItembfb7e948-e911-4d7e-a9d2-1b14cb4b08a7,2.464453224092722,2.464453224092722,3.0,1,1,1
/CatalogService/GetItemc0740d81-23d8-4a65-a6c6-80c84e208ac8,6.138829048722982,6.138829048722982,3.0,1,1,1
/CatalogService/GetItemc1c35707-a944-4bda-99d9-1fa3ef9d14e7,6.875848863273859,6.875848863273859,2.0,1,1,1
/CatalogService/GetItemc2160131-7ae0-4784-98e1-bf9202a8e05b,2.249168697744608,2.249168697744608,3.0,1,1,1
/CatalogService/GetItemc2f8615a-49de-4ede-af4d-990f19f100ad,5.501110106706619,5.501110106706619,3.0,1,1,1
/CatalogService/GetItemc3d1a0a5-683c-49dd-ac2a-17c6671cc4e2,2.326951827853918,2.326951827853918,3.0,1,1,1
/CatalogService/GetItemc77b04ea-9cb4-4ba4-90bc-75d30e57e911,2.574737649410963,2.574737649410963,3.0,1,1,1
/CatalogService/GetItemd1a00c08-511d-4664-ad48-9bda7d5a56df,1.6966639086604118,1.6966639086604118,3.0,1,1,1
/CatalogService/GetItemd1e0392f-b94f-4902-b2db-16d83b506d78,1.333773136138916,1.333773136138916,3.0,1,1,1
/CatalogService/GetItemd4c297bf-4e2a-4a4e-9c7a-84502971d196,5.322169046849012,5.322169046849012,3.0,1,1,1
/CatalogService/GetItemd8693b01-38ab-4856-9578-62149d532c84,5.10816415771842,5.10816415771842,3.0,1,1,1
/CatalogService/GetItemdf2d72d3-4a5a-4557-af3c-3576c0276029,1.2845462188124657,1.2845462188124657,3.0,1,1,1
/CatalogService/GetIteme0875f23-f823-48fc-b362-04bc369e2eaa,9.168200194835663,9.168200194835663,3.0,1,1,1
/CatalogService/GetIteme305b601-1e35-4999-9f61-be62ce46495c,6.374748889356852,6.374748889356852,3.0,1,1,1
/CatalogService/GetIteme348f32f-d53a-40dc-96b8-2b30b2aeaa9c,2.333597280085087,2.333597280085087,3.0,1,1,1
/CatalogService/GetIteme52b249f-3607-4ea0-8ac7-2ae948d841e0,2.6202411390841007,2.6202411390841007,3.0,1,1,1
/CatalogService/GetIteme6294877-925e-4039-b63e-c39b2ce25342,1.606225036084652,1.606225036084652,3.0,1,1,1
/CatalogService/GetIteme6776502-9037-4d5d-a844-3e53e252d089,2.7207517996430397,2.7207517996430397,3.0,1,1,1
/CatalogService/GetItemecd0a81e-36b9-4983-8e89-2a0d71f29714,6.573828868567944,6.573828868567944,3.0,1,1,1
/CatalogService/GetItemee2088fb-f7b6-4285-b33d-1438cc102255,13.500232249498367,13.500232249498367,3.0,1,1,1
/CatalogService/GetItemf2f44a6b-37c0-4cfa-8d5f-80aed5a319c3,4.304262809455395,4.304262809455395,3.0,1,1,1
/CatalogService/GetItemfc73edd0-17a3-416a-89ab-8515cdb20107,2.397218719124794,2.397218719124794,3.0,1,1,1
/CatalogService/GetItemff543896-b141-4169-8028-efac81abd6e0,5.484646186232567,5.484646186232567,3.0,1,1,1
/CatalogService/UpdateItem00a25ee6-9113-4fb6-bb3f-0cc9e92d1a0d,2.6062270626425743,2.6062270626425743,1000.0,1,1,1
/CatalogService/UpdateItem0439d218-00cc-48ef-97ae-f3dae02b7aac,7.484300062060356,7.484300062060356,1000.0,1,1,1
/CatalogService/UpdateItem0560fb79-c0f1-4a96-8557-23078bd4f597,2.622174099087715,2.622174099087715,1000.0,1,1,1
/CatalogService/UpdateItem071a4b05-f499-4d5b-9e75-0274b8b7f729,10.244784876704216,10.244784876704216,1000.0,1,1,1
/CatalogService/UpdateItem075719be-00e2-4956-9a9a-c0290ad77541,4.203989170491695,4.203989170491695,1000.0,1,1,1
/CatalogService/UpdateItem094892fa-4c24-425d-934a-4d3fcff3009c,3.380945883691311,3.380945883691311,1000.0,1,1,1
/CatalogService/UpdateItem1509e474-e2ef-428b-b368-545a56ad3e85,5.404999945312738,5.404999945312738,1000.0,1,1,1
/CatalogService/UpdateItem16fa70bd-ac80-467a-8a21-6b7d6ff06b72,4.613602999597788,4.613602999597788,1000.0,1,1,1
/CatalogService/UpdateItem17a5de1c-44d1-49b6-9187-5b315fba615e,3.3743176609277725,3.3743176609277725,1000.0,1,1,1
/CatalogService/UpdateItem18f03be2-5dc2-4c54-861c-608c62a658cb,7.40693137049675,7.40693137049675,1000.0,1,1,1
/CatalogService/UpdateItem1d190b71-da6a-4442-b6b8-c5989adfc675,6.802490912377834,6.802490912377834,1000.0,1,1,1
/CatalogService/UpdateItem1dde78f5-118b-4f1d-858b-980482ed7922,8.33019707351923,8.33019707351923,1000.0,1,1,1
/CatalogService/UpdateItem1ff83465-4cd5-443c-abd6-5e03cc47cbbe,5.6361607275903225,5.6361607275903225,1000.0,1,1,1
/CatalogService/UpdateItem202aedca-4502-4d74-b302-aec4bb25078e,2.5786301121115685,2.5786301121115685,1000.0,1,1,1
/CatalogService/UpdateItem229d561f-c396-4f33-a7d3-00846e26f378,3.0167498625814915,3.0167498625814915,1000.0,1,1,1
/CatalogService/UpdateItem255021df-d671-4c12-9d35-e52c5b0d0336,4.814985208213329,4.814985208213329,1000.0,1,1,1
/CatalogService/UpdateItem295b9978-cc60-457d-b235-01c1dcb85999,2.9509547166526318,2.9509547166526318,1000.0,1,1,1
/CatalogService/UpdateItem33949258-bae6-4c5f-982d-238c1aa162fd,3.720959182828665,3.720959182828665,1000.0,1,1,1
/CatalogService/UpdateItem366b5dec-21d4-41db-a01c-cf99ed783f90,7.240332197397947,7.240332197397947,1000.0,1,1,1
/CatalogService/UpdateItem3687b414-1613-4109-84f2-113911e61cf9,7.839064113795757,7.839064113795757,1000.0,1,1,1
/CatalogService/UpdateItem39b58f33-7a9e-4cb0-8d63-82bae2187f29,4.826012067496777,4.826012067496777,1000.0,1,1,1
/CatalogService/UpdateItem3a009a79-bb67-492b-881d-b441bf80d095,3.0260300263762474,3.0260300263762474,1000.0,1,1,1
/CatalogService/UpdateItem3d40e465-40ab-46c9-99b1-b7d7dcd2d9f4,3.153687808662653,3.153687808662653,1000.0,1,1,1
/CatalogService/UpdateItem3fea2637-2534-45bd-8f90-402f2a16b974,4.100420046597719,4.100420046597719,1000.0,1,1,1
/CatalogService/UpdateItem43e62290-b9f4-4e48-96a6-3ab8377d5f4d,4.033822100609541,4.033822100609541,1000.0,1,1,1
/CatalogService/UpdateItem44d06c4f-38ab-4d3b-af97-fff89060f345,5.991630721837282,5.991630721837282,1000.0,1,1,1
/CatalogService/UpdateItem46342f05-1b7b-438f-a1d0-b0893e109c56,4.5639327727258205,4.5639327727258205,1000.0,1,1,1
/CatalogService/UpdateItem4a5a3d4e-1bfa-421d-8bcb-f82c692fcb22,3.914650995284319,3.914650995284319,999.0,1,1,1
/CatalogService/UpdateItem500e46f7-9162-4979-99e2-955cf8ccc5ad,3.4676361829042435,3.4676361829042435,1000.0,1,1,1
/CatalogService/UpdateItem5a30535b-0df6-4852-97dd-455ab8da2e0a,25.370278861373663,25.370278861373663,1000.0,1,1,1
/CatalogService/UpdateItem5b2f09eb-63b6-42ca-a772-9d0f4299677d,10.566221084445715,10.566221084445715,999.0,1,1,1
/CatalogService/UpdateItem604c0edf-7eb7-4f47-aaaa-dd66f3afcc12,2.9779691249132156,2.9779691249132156,1000.0,1,1,1
/CatalogService/UpdateItem65ede2f8-644c-4439-84cd-84745567c232,7.647926919162273,7.647926919162273,1000.0,1,1,1
/CatalogService/UpdateItem66ac0c04-686c-42f5-bfbc-fe6e01f160f4,3.368478734046221,3.368478734046221,1000.0,1,1,1
/CatalogService/UpdateItem6bf2653c-c5ea-4cc4-a301-77d0c688047c,4.2544519528746605,4.2544519528746605,1000.0,1,1,1
/CatalogService/UpdateItem74e0ac94-f611-4945-98b1-72dd0aade1a3,8.481998927891254,8.481998927891254,1000.0,1,1,1
/CatalogService/UpdateItem78cce081-6e6e-478b-a121-410d1d8e28b5,10.484126396477222,10.484126396477222,1000.0,1,1,1
/CatalogService/UpdateItem793683a6-dfc4-4994-89db-add9e65c626b,6.463546305894852,6.463546305894852,1000.0,1,1,1
/CatalogService/UpdateItem7b4067fb-1f87-4b86-bd7b-1ae444902579,14.329465106129646,14.329465106129646,1000.0,1,1,1
/CatalogService/UpdateItem7ce65409-4191-4324-8698-356ebd829445,3.8204900920391083,3.8204900920391083,1000.0,1,1,1
/CatalogService/UpdateItem80a2c551-28b2-454b-85ed-164ddb4f5956,3.404748160392046,3.404748160392046,1000.0,1,1,1
/CatalogService/UpdateItem8b293bb1-8c7b-4e1e-a06a-6660c225d939,5.05302706733346,5.05302706733346,1000.0,1,1,1
/CatalogService/UpdateItem8e86e53f-b297-4bdd-8bae-0d3f8cc2abb4,3.8528949953615665,3.8528949953615665,1000.0,1,1,1
/CatalogService/UpdateItem91dfd192-4726-49c1-a08e-b7e1198293fc,13.956830836832523,13.956830836832523,1000.0,1,1,1
/CatalogService/UpdateItem95d0d5d1-c6f1-462c-86d0-ddb8a27e6a9b,4.158683121204376,4.158683121204376,1000.0,1,1,1
/CatalogService/UpdateItem97a86139-9a90-4974-a224-6d9f1c15f268,3.5189050249755383,3.5189050249755383,1000.0,1,1,1
/CatalogService/UpdateItem9d40363c-3a0a-4489-aef2-90414b5f3709,65.27702091261744,65.27702091261744,1000.0,1,1,1
/CatalogService/UpdateItema8b0ce22-41b7-4e8d-9821-afc46311b5fc,24.5237173512578,24.5237173512578,1000.0,1,1,1
/CatalogService/UpdateItemad264ecd-e2be-4bd2-8916-c9f6549423f8,4.593365825712681,4.593365825712681,1000.0,1,1,1
/CatalogService/UpdateItemb1a4af8e-2230-4275-8e8c-31c787982ef2,6.33262237533927,6.33262237533927,1000.0,1,1,1
/CatalogService/UpdateItemb2419731-8f56-4d9d-96b8-918b24930563,3.0679013580083847,3.0679013580083847,1000.0,1,1,1
/CatalogService/UpdateItemb2c1cc44-3f55-41c5-9b3c-c319b4ccfb0a,8.05389042943716,8.05389042943716,1000.0,1,1,1
/CatalogService/UpdateItemb571bf1c-2406-4c32-b94b-61ebaeba3cae,8.715332020074129,8.715332020074129,1000.0,1,1,1
/CatalogService/UpdateItemb5ac043a-aa9f-4a2f-8e97-ec2afa6bfe95,7.63354217633605,7.63354217633605,1000.0,1,1,1
/CatalogService/UpdateItemb904c280-a75c-45e8-8815-a794f696c370,64.58654813468456,64.58654813468456,1000.0,1,1,1
/CatalogService/UpdateItemba3d824f-d381-40a5-9d8c-ab4c505ffc8a,5.702766124159098,5.702766124159098,1000.0,1,1,1
/CatalogService/UpdateItembd72f8e1-ea3b-4e15-a782-101a2385041f,5.3854286670684814,5.3854286670684814,1000.0,1,1,1
/CatalogService/UpdateItemc1a4c2d0-562b-4a08-8a0c-b3d038d016f9,4.431505687534809,4.431505687534809,1000.0,1,1,1
/CatalogService/UpdateItemc9e70431-36ff-404f-8c69-6a7f5d157235,5.048651248216629,5.048651248216629,1000.0,1,1,1
/CatalogService/UpdateItemca67b930-e879-4a20-b870-cf6a7104a5eb,4.392482805997133,4.392482805997133,1000.0,1,1,1
/CatalogService/UpdateItemcac5d3d6-2bd5-45f1-aef5-c10cdc88b969,8.8993851095438,8.8993851095438,1000.0,1,1,1
/CatalogService/UpdateItemcb43697d-0e87-4895-8824-24c04b4d56d9,2.668180037289858,2.668180037289858,1000.0,1,1,1
/CatalogService/UpdateItemcef4ed07-89c5-4097-890c-3d8157b3add2,4.881374072283506,4.881374072283506,1000.0,1,1,1
/CatalogService/UpdateItemcfaa5a28-52f5-4b58-b9f7-fdf6198ae301,8.740737102925777,8.740737102925777,1000.0,1,1,1
/CatalogService/UpdateItemd466e174-1a16-4280-a6a1-e2291ef4d403,5.143230315297842,5.143230315297842,1000.0,1,1,1
/CatalogService/UpdateItemd6827cc4-76fe-478b-844d-00d46ed17222,4.597303923219442,4.597303923219442,1000.0,1,1,1
/CatalogService/UpdateItemdcd90a35-ebde-42d0-a1bb-355c9169e045,3.693890757858753,3.693890757858753,1000.0,1,1,1
/CatalogService/UpdateIteme0c164e6-cb5a-4a40-9038-fe54e5ea6b89,4.589986987411976,4.589986987411976,1000.0,1,1,1
/CatalogService/UpdateIteme6b34ac1-8269-476b-960a-c6fa714edb4a,9.557454846799374,9.557454846799374,1000.0,1,1,1
/CatalogService/UpdateItemeba8df79-193e-47f9-9219-899cb20a27a4,7.938288152217865,7.938288152217865,1000.0,1,1,1
/CatalogService/UpdateItemec6054aa-76a0-48cf-8477-47482890f058,3.1949258409440517,3.1949258409440517,1000.0,1,1,1
/CatalogService/UpdateItemef572b50-5dcf-4500-822c-2656dda1d856,28.94652495160699,28.94652495160699,999.0,1,1,1
/CatalogService/UpdateItemf003029e-ae32-415a-aff5-6d2c93d82ca4,5.589972250163555,5.589972250163555,1000.0,1,1,1
/CatalogService/UpdateItemf0bba976-577e-4cc6-b185-707e199f6b6f,3.5279719159007072,3.5279719159007072,1000.0,1,1,1
/CatalogService/UpdateItemf1d7ab84-80ec-4c87-9b91-6c5b1ad22aee,3.9100274443626404,3.9100274443626404,1000.0,1,1,1
/CatalogService/UpdateItemf461196d-7e28-4a59-9015-4b9e04d8012c,3.802228718996048,3.802228718996048,1000.0,1,1,1
/CatalogService/UpdateItemf870e5f0-98cd-4573-8dc5-162da918cdbd,10.454764124006033,10.454764124006033,1000.0,1,1,1
/CatalogService/UpdateItemf9d3d416-505b-40c2-adb7-78100e6c7d0b,6.7983269691467285,6.7983269691467285,1000.0,1,1,1
/CatalogService/UpdateItemfe901a43-b93a-4270-ab31-9db010b04785,7.129930891096592,7.129930891096592,1000.0,1,1,1
/CatalogService/UpdateItemff7259a9-4382-41f4-971a-3c5860c57dee,5.038721952587366,5.038721952587366,1000.0,1,1,1
/CustomerService/CreateCustomer0204a5df-678d-424a-9cc2-c3ee17458977,24.7510839253664,24.7510839253664,1000.0,1,1,1
/CustomerService/CreateCustomer030c3ae6-bcb3-4193-99fd-dd7c1d6b0877,6.437030155211687,6.437030155211687,1000.0,1,1,1
/CustomerService/CreateCustomer035fd17b-5daa-48a3-8557-5c1f0612b421,7.801980245858431,7.801980245858431,1000.0,1,1,1
/CustomerService/CreateCustomer03fd9335-a77e-480e-9dad-24713b7001ef,25.762673933058977,25.762673933058977,1000.0,1,1,1
/CustomerService/CreateCustomer077d7758-4678-4920-83c8-c5d41fa63d1d,15.72089595720172,15.72089595720172,1000.0,1,1,1
/CustomerService/CreateCustomer09e3a5d2-647d-4f14-9f8d-1bcf7fd1a8fb,14.44732304662466,14.44732304662466,1000.0,1,1,1
/CustomerService/CreateCustomer0ab80a30-3b43-4d25-8227-252d8abe9817,23.025816306471825,23.025816306471825,1000.0,1,1,1
/CustomerService/CreateCustomer156ed3e6-28cb-4264-a3a1-20fd70469a61,5.211356095969677,5.211356095969677,1000.0,1,1,1
/CustomerService/CreateCustomer17981f92-280d-4717-8aee-9c01a4dbd190,16.565685160458088,16.565685160458088,1000.0,1,1,1
/CustomerService/CreateCustomer20c3cd4e-35fa-4784-a041-2bbc081fabd2,12.759842909872532,12.759842909872532,1000.0,1,1,1
/CustomerService/CreateCustomer236de630-d6a5-4627-acbe-ba8bf69ca683,12.072748970240355,12.072748970240355,1000.0,1,1,1
/CustomerService/CreateCustomer2832faee-0093-4c33-9a82-b12255bd751e,19.741808995604515,19.741808995604515,1000.0,1,1,1
/CustomerService/CreateCustomer36e9a792-fa2c-4a5d-9ba8-b4aa83ff654b,14.86289780586958,14.86289780586958,1000.0,1,1,1
/CustomerService/CreateCustomer373f1b9e-aaf1-4d59-ac2b-e563f6b29761,4.025226924568415,4.025226924568415,1000.0,1,1,1
/CustomerService/CreateCustomer38a2f8d6-d8ec-41c8-907e-ca253907cc69,6.358413025736809,6.358413025736809,1000.0,1,1,1
/CustomerService/CreateCustomer38ea6618-ee7e-4c5f-b1fe-95368e1aec2d,21.49916673079133,21.49916673079133,1000.0,1,1,1
/CustomerService/CreateCustomer39c1134a-39b3-422f-ba88-40f555abd7eb,16.537771094590425,16.537771094590425,1000.0,1,1,1
/CustomerService/CreateCustomer404be94a-c928-43ef-ab7d-79864914fec0,15.613661147654057,15.613661147654057,1000.0,1,1,1
/CustomerService/CreateCustomer44b5c1eb-18d9-4308-9111-b03abcd1b005,15.174760017544031,15.174760017544031,1000.0,1,1,1
/CustomerService/CreateCustomer4560768a-d1ab-46db-8c6d-52e770335433,5.472821183502674,5.472821183502674,1000.0,1,1,1
/CustomerService/CreateCustomer519e07cc-ccfb-4ade-993e-5dc115cb7d5f,7.976706139743328,7.976706139743328,1000.0,1,1,1
/CustomerService/CreateCustomer548c35c4-5915-4b8f-816d-f36a299d5509,22.67276495695114,22.67276495695114,1000.0,1,1,1
/CustomerService/CreateCustomer559b3e9b-3345-4462-af8a-59cf4676ea86,11.509605217725039,11.509605217725039,1000.0,1,1,1
/CustomerService/CreateCustomer55b530bf-e225-4a6a-92f2-1862238bfb33,13.788959011435509,13.788959011435509,1000.0,1,1,1
/CustomerService/CreateCustomer57067d30-5e95-48ae-a901-73a2c5b377a3,7.053660694509745,7.053660694509745,1000.0,1,1,1
/CustomerService/CreateCustomer5ac545af-a3ec-4899-9e7f-e2ffc60b641a,17.748035956174135,17.748035956174135,1000.0,1,1,1
/CustomerService/CreateCustomer5d3cd6a9-c169-43ab-8ddc-92e7a5ed4cad,22.414563223719597,22.414563223719597,1000.0,1,1,1
/CustomerService/CreateCustomer5e301d09-3858-4794-be1d-0e9fef179516,20.181015133857727,20.181015133857727,1000.0,1,1,1
/CustomerService/CreateCustomer6102c45e-d290-4a69-b5a1-b6caddc75587,14.13766574114561,14.13766574114561,1000.0,1,1,1
/CustomerService/CreateCustomer64f4d1a1-850e-43cd-b292-28ff252dc037,21.0506496950984,21.0506496950984,1000.0,1,1,1
/CustomerService/CreateCustomer66082821-bc11-4197-9483-e6944893c3be,17.669491935521364,17.669491935521364,1000.0,1,1,1
/CustomerService/CreateCustomer69aaf86c-32ab-44e6-ba58-29f34f844520,19.0098499879241,19.0098499879241,1000.0,1,1,1
/CustomerService/CreateCustomer704fbfab-c1d4-4940-b0f3-82094a6a76ba,6.22523482888937,6.22523482888937,1000.0,1,1,1
/CustomerService/CreateCustomer78c4850f-95f7-4abf-bb99-e3e2db510f5f,13.751273043453693,13.751273043453693,1000.0,1,1,1
/CustomerService/CreateCustomer80985db9-7a29-473d-a653-d539c183b701,17.01186317950487,17.01186317950487,1000.0,1,1,1
/CustomerService/CreateCustomer81f992f4-9db4-4f06-b5bf-bdbadb14e4ad,19.721559714525938,19.721559714525938,1000.0,1,1,1
/CustomerService/CreateCustomer826681dc-4d11-4b48-a907-2e35f0a716a8,8.90583312138915,8.90583312138915,1000.0,1,1,1
/CustomerService/CreateCustomer82c2eda7-1473-4e90-be84-529238f837a6,25.974713265895844,25.974713265895844,1000.0,1,1,1
/CustomerService/CreateCustomer8b06931c-f7eb-4c59-91e6-a8dc0f948a9f,19.76309483870864,19.76309483870864,1000.0,1,1,1
/CustomerService/CreateCustomer8f907294-5c9f-4706-bde1-f69136dcb7db,17.233076971024275,17.233076971024275,1000.0,1,1,1
/CustomerService/CreateCustomer91a95816-ed78-4772-a625-92b2b1f631c1,17.398163210600615,17.398163210600615,1000.0,1,1,1
/CustomerService/CreateCustomer92d82177-7b5d-4ff8-8557-b0a786045815,22.22970826551318,22.22970826551318,1000.0,1,1,1
/CustomerService/CreateCustomer9743db8d-9179-4f41-8658-1a13dbe9e0b4,7.903365883976221,7.903365883976221,1000.0,1,1,1
/CustomerService/CreateCustomer9a4ded22-caae-4a32-bf84-c944e79cc83d,7.364304270595312,7.364304270595312,1000.0,1,1,1
/CustomerService/CreateCustomer9aa6d747-b81c-47e1-803b-cc639bb0e125,10.562578216195107,10.562578216195107,1000.0,1,1,1
/CustomerService/CreateCustomer9bc2906f-8368-4417-a31e-ee5b1add00bb,5.05923293530941,5.05923293530941,1000.0,1,1,1
/CustomerService/CreateCustomer9c51d148-9e62-4dca-aa90-e48cac26edd4,19.73381405696273,19.73381405696273,1000.0,1,1,1
/CustomerService/CreateCustomer9fa4147a-e8cb-463d-b264-ba8336fc6596,22.551857866346836,22.551857866346836,1000.0,1,1,1
/CustomerService/CreateCustomera0401ee4-2706-4cd5-ae8a-e7eb5ad44081,6.154223810881376,6.154223810881376,1000.0,1,1,1
/CustomerService/CreateCustomera180582c-3f61-4c3d-8462-23a99ab6fe85,21.17046294733882,21.17046294733882,1000.0,1,1,1
/CustomerService/CreateCustomera7ffe5cb-9dd0-443d-9e5a-cfaa42f65bbb,21.658860612660646,21.658860612660646,1000.0,1,1,1
/CustomerService/CreateCustomerab87a002-d6d6-497e-b5ef-2f1b439604bb,22.07630081102252,22.07630081102252,1000.0,1,1,1
/CustomerService/CreateCustomerace460a1-5282-4fd1-8882-164bd81eadd0,21.131668239831924,21.131668239831924,1000.0,1,1,1
/CustomerService/CreateCustomerba1a7950-6ba1-45eb-92db-3ef9fdb39749,6.47950591519475,6.47950591519475,1000.0,1,1,1
/CustomerService/CreateCustomerbe7d561b-a031-4316-8f95-66e10f60e10e,7.466590963304043,7.466590963304043,1000.0,1,1,1
/CustomerService/CreateCustomerbfbfc4fe-a36f-4ca4-8b6e-8cdcca116302,17.11861789226532,17.11861789226532,1000.0,1,1,1
/CustomerService/CreateCustomerc0dd5c6a-628e-44fb-ae97-77d4eac588fd,22.192687261849642,22.192687261849642,1000.0,1,1,1
/CustomerService/CreateCustomerc43d8841-a707-4131-a6f6-56720f06f233,6.114957854151726,6.114957854151726,1000.0,1,1,1
/CustomerService/CreateCustomerc77bdc90-815f-4134-b19a-822ed6c5e338,22.180811036378145,22.180811036378145,1000.0,1,1,1
/CustomerService/CreateCustomerc96800e8-adc5-463c-926d-8cce1945b9f2,21.78018493577838,21.78018493577838,1000.0,1,1,1
/CustomerService/CreateCustomerc9e21b56-6f6b-4e9d-9287-a0dac6620f3b,8.12766794115305,8.12766794115305,1000.0,1,1,1
/CustomerService/CreateCustomerca8cca0d-69c5-46e9-ad17-322db50191d5,14.941778033971786,14.941778033971786,1000.0,1,1,1
/CustomerService/CreateCustomercef78fdd-f586-48eb-b0b5-c7221695db23,14.762167818844318,14.762167818844318,1000.0,1,1,1
/CustomerService/CreateCustomerd241b8aa-b830-45ed-854d-2ee167e1fd5f,4.838008899241686,4.838008899241686,1000.0,1,1,1
/CustomerService/CreateCustomerd2de44e9-16ab-4f4b-9969-0bf38b549ae5,17.643459141254425,17.643459141254425,1000.0,1,1,1
/CustomerService/CreateCustomerd3c115df-485f-4d79-9bf7-95bd40ca738a,14.898659195750952,14.898659195750952,1000.0,1,1,1
/CustomerService/CreateCustomerd7a63d43-59f6-4a2c-b11f-bfc14363d1dc,13.157459907233715,13.157459907233715,1000.0,1,1,1
/CustomerService/CreateCustomerdd8f6df8-9175-4060-8f61-b11a580decf9,19.50226631015539,19.50226631015539,1000.0,1,1,1
/CustomerService/CreateCustomerdef54d80-9886-4081-b1fd-42b76adfa448,18.095164094120264,18.095164094120264,1000.0,1,1,1
/CustomerService/CreateCustomere82840ee-60f1-4fd8-9e82-c1eab0e43bb0,3.9014648646116257,3.9014648646116257,1000.0,1,1,1
/CustomerService/CreateCustomereb697684-8410-4358-a8ac-4dabb656103a,13.588488101959229,13.588488101959229,1000.0,1,1,1
/CustomerService/CreateCustomerec2dee9e-8670-4b5a-a2b6-dc7373ae6349,4.238598980009556,4.238598980009556,1000.0,1,1,1
/CustomerService/CreateCustomered254d3e-d679-4c41-8415-f4ef649637cd,55.48601597547531,55.48601597547531,1000.0,1,1,1
/CustomerService/CreateCustomeref8b8d24-7179-4e36-b021-cc794463a103,16.07048138976097,16.07048138976097,1000.0,1,1,1
/CustomerService/CreateCustomerf4fa7574-e907-41c0-897b-84fe02e5ceb9,20.22012695670128,20.22012695670128,1000.0,1,1,1
/CustomerService/CreateCustomerf511454c-8391-40b6-94e7-589e3dcbacbb,22.087825927883387,22.087825927883387,1000.0,1,1,1
/CustomerService/CreateCustomerf57a34ed-101f-4794-ab6c-ed583b7048a8,29.272476211190224,29.272476211190224,1000.0,1,1,1
/CustomerService/CreateCustomerf64a47ba-ed05-4a46-800b-8fa2199e30a1,17.27290078997612,17.27290078997612,1000.0,1,1,1
/CustomerService/CreateCustomerf84fabfa-868e-467b-b0c9-3a2152d724fd,25.77900607138872,25.77900607138872,1000.0,1,1,1
/CustomerService/CreateCustomerffe43161-1cbb-49ea-99c5-3a84174ccf1d,13.087739236652851,13.087739236652851,1000.0,1,1,1
/CustomerService/UpdateCustomer015de3e2-460d-4391-bfb0-731c183078df,8.813462685793638,8.813462685793638,1000.0,1,1,1
/CustomerService/UpdateCustomer04cc8378-a4f6-407f-8622-6f360a2e79dd,7.645871955901384,7.645871955901384,1000.0,1,1,1
/CustomerService/UpdateCustomer04dd3829-b004-4a3a-ad92-6314ef1edc05,5.8428640477359295,5.8428640477359295,1000.0,1,1,1
/CustomerService/UpdateCustomer07ffe4b3-7f43-4fb9-95ad-cb106b0c4f10,7.338168099522591,7.338168099522591,1000.0,1,1,1
/CustomerService/UpdateCustomer0d86ed4d-59c9-40cf-83f7-ceb2e0045a71,6.110592745244503,6.110592745244503,1000.0,1,1,1
/CustomerService/UpdateCustomer190aef75-7a9b-42e3-8e25-04b2600a1f1a,6.133519113063812,6.133519113063812,1000.0,1,1,1
/CustomerService/UpdateCustomer1aa95d78-2254-4f90-a130-fc4eec721ad3,7.005756255239248,7.005756255239248,1000.0,1,1,1
/CustomerService/UpdateCustomer1c7ff1e6-2817-435f-b4b1-7db460c55b99,10.73796721175313,10.73796721175313,1000.0,1,1,1
/CustomerService/UpdateCustomer1c869e6e-cd50-4a79-802b-8b8a3221efc3,5.297574680298567,5.297574680298567,1000.0,1,1,1
/CustomerService/UpdateCustomer1ea9763a-32ac-4896-80d6-ffc4620eb033,5.409205798059702,5.409205798059702,1000.0,1,1,1
/CustomerService/UpdateCustomer2870ec79-6a10-49a6-9665-8fd9f11c668b,6.4216903410851955,6.4216903410851955,1000.0,1,1,1
/CustomerService/UpdateCustomer2a0d4929-897b-46c4-b6e0-b9252711b0f8,6.349274888634682,6.349274888634682,1000.0,1,1,1
/CustomerService/UpdateCustomer2bf1cfba-4aec-48ec-be4b-9db0d743a294,6.33984012529254,6.33984012529254,1000.0,1,1,1
/CustomerService/UpdateCustomer2ce8c02a-03aa-48c5-bb85-f1382220a473,8.413099218159914,8.413099218159914,1000.0,1,1,1
/CustomerService/UpdateCustomer2f522e67-f9e3-457e-991d-cdce99af95a6,5.495048128068447,5.495048128068447,1000.0,1,1,1
/CustomerService/UpdateCustomer2f578882-980a-438a-be2f-1c3b353aaac6,6.579335778951645,6.579335778951645,1000.0,1,1,1
/CustomerService/UpdateCustomer3515fc6d-3827-4a1b-9ea8-fec0acc78d43,7.296598982065916,7.296598982065916,1000.0,1,1,1
/CustomerService/UpdateCustomer3636d5e0-bb50-4bf2-8612-486741b62dc4,6.998036988079548,6.998036988079548,1000.0,1,1,1
/CustomerService/UpdateCustomer36d166c7-fd67-4ee1-918c-dfc2d2221490,5.553435999900103,5.553435999900103,1000.0,1,1,1
/CustomerService/UpdateCustomer39ee0060-297a-4ce6-89ed-02d6805fe374,6.736423820257187,6.736423820257187,1000.0,1,1,1
/CustomerService/UpdateCustomer3f6b46be-ed75-447b-b5d7-d6ec413bf1f3,7.700940128415823,7.700940128415823,1000.0,1,1,1
/CustomerService/UpdateCustomer42f69bf2-6808-4407-aae6-f79a244f8846,7.61837512254715,7.61837512254715,1000.0,1,1,1
/CustomerService/UpdateCustomer4413963d-4eb2-4cd2-b6c9-b10ed9ea1765,12.578723020851612,12.578723020851612,1000.0,1,1,1
/CustomerService/UpdateCustomer47bdd097-7a18-4f00-b99c-52c651c2f8a3,4.613715223968029,4.613715223968029,1000.0,1,1,1
/CustomerService/UpdateCustomer4a74a574-be47-40f9-aa8f-fac4d2ae460b,6.435457617044449,6.435457617044449,1000.0,1,1,1
/CustomerService/UpdateCustomer4b1f50e6-25a0-4d94-a2c6-c4d02d20a29c,3.918261732906103,3.918261732906103,1000.0,1,1,1
/CustomerService/UpdateCustomer4c2b4b0d-8f45-4f54-ab0a-a373864e16ac,6.486123893409967,6.486123893409967,1000.0,1,1,1
/CustomerService/UpdateCustomer53492ade-c60b-4953-8381-6c168a8f78dc,6.372430827468634,6.372430827468634,1000.0,1,1,1
/CustomerService/UpdateCustomer5799bba2-9922-4d4c-8b79-82d54571df9d,6.639291997998953,6.639291997998953,1000.0,1,1,1
/CustomerService/UpdateCustomer5e63d1ae-4c2d-4f06-8aee-144fd3582379,7.543761283159256,7.543761283159256,1000.0,1,1,1
/CustomerService/UpdateCustomer6ca86a8b-e3c5-4b8c-87a1-00b9fccb7747,5.207090172916651,5.207090172916651,1000.0,1,1,1
/CustomerService/UpdateCustomer6e956f39-51f2-446f-b938-a8358cb0b5d6,4.313949961215258,4.313949961215258,1000.0,1,1,1
/CustomerService/UpdateCustomer74e7d1f2-c6d7-4089-9201-3fee963a488c,6.757346913218498,6.757346913218498,1000.0,1,1,1
/CustomerService/UpdateCustomer76eb970d-ec84-4249-a175-1d884a18a98a,6.113784853368998,6.113784853368998,1000.0,1,1,1
/CustomerService/UpdateCustomer79f25e0a-a896-4b9e-8409-e0459323fb61,7.508197799324989,7.508197799324989,1000.0,1,1,1
/CustomerService/UpdateCustomer7dd4002c-431c-4631-8c1b-a79ccf1d3dc0,5.816881079226732,5.816881079226732,1000.0,1,1,1
/CustomerService/UpdateCustomer80b92918-a379-41ea-bd3b-e8a722fa1235,6.584679242223501,6.584679242223501,1000.0,1,1,1
/CustomerService/UpdateCustomer811b6d3c-4e17-4450-819a-6675ee4cc43f,5.093930289149284,5.093930289149284,1000.0,1,1,1
/CustomerService/UpdateCustomer84ace841-7751-44c3-8571-f6accc159edc,11.740780901163816,11.740780901163816,1000.0,1,1,1
/CustomerService/UpdateCustomer85ac8f42-6abc-468c-8f31-3b4255750f7e,6.217273883521557,6.217273883521557,1000.0,1,1,1
/CustomerService/UpdateCustomer88f28fc1-9385-464c-a586-2f7bf3b17c00,3.546458203345537,3.546458203345537,1000.0,1,1,1
/CustomerService/UpdateCustomer8932a891-bc0b-4efa-be4b-44b60b7e3ae7,6.0970839112997055,6.0970839112997055,1000.0,1,1,1
/CustomerService/UpdateCustomer8a067eda-11ef-446a-beb8-64239f67921c,6.243448238819838,6.243448238819838,1000.0,1,1,1
/CustomerService/UpdateCustomer8bcb582f-974e-4890-b8b8-5a8e515f16be,7.835593074560165,7.835593074560165,1000.0,1,1,1
/CustomerService/UpdateCustomer8ca1ed24-d032-4e2b-ab0b-a7ea62c1f240,4.451485816389322,4.451485816389322,1000.0,1,1,1
/CustomerService/UpdateCustomer8f039f95-ed6a-42ed-b02f-e72534c42c9b,8.07648291811347,8.07648291811347,1000.0,1,1,1
/CustomerService/UpdateCustomer959968ff-141e-4dc3-aeb0-bf7cb07e898a,5.770725663751364,5.770725663751364,1000.0,1,1,1
/CustomerService/UpdateCustomera3b5aed9-69e2-4e3d-b9cb-07f725853c7a,10.580119211226702,10.580119211226702,1000.0,1,1,1
/CustomerService/UpdateCustomera3df2f55-1694-4e33-a124-713645ecce4f,9.195166174322367,9.195166174322367,1000.0,1,1,1
/CustomerService/UpdateCustomera428bddd-5ca0-4b03-a4f4-aa68ec9f57ea,9.297132026404142,9.297132026404142,1000.0,1,1,1
/CustomerService/UpdateCustomera6e394bd-8f1d-478b-ab6e-d8d1d6dca094,5.685749929398298,5.685749929398298,1000.0,1,1,1
/CustomerService/UpdateCustomeraa11236c-aa33-40b2-9dd0-2f815a033523,7.049330975860357,7.049330975860357,1000.0,1,1,1
/CustomerService/UpdateCustomeraa80623f-fad5-4d2a-ad5f-a53fd6ba2ca1,7.218177895992994,7.218177895992994,1000.0,1,1,1
/CustomerService/UpdateCustomerac59c1e3-218a-4e2f-948f-98e06d66e36f,5.696573760360479,5.696573760360479,1000.0,1,1,1
/CustomerService/UpdateCustomerad5f2e87-7c5d-479e-8a3b-47673ef11ccd,6.041513755917549,6.041513755917549,1000.0,1,1,1
/CustomerService/UpdateCustomerb0d12848-d5b6-41e2-a05e-88832a9fd59a,6.332299206405878,6.332299206405878,1000.0,1,1,1
/CustomerService/UpdateCustomerb5fa3e82-a61a-40b9-bf78-470ac0cbb2e7,6.737910211086273,6.737910211086273,1000.0,1,1,1
/CustomerService/UpdateCustomerb6bbe0a8-e57d-4739-9c53-69e96439ac50,6.597855128347874,6.597855128347874,1000.0,1,1,1
/CustomerService/UpdateCustomerb919b685-0894-414a-a3e7-e67189b4b085,26.442944072186947,26.442944072186947,1000.0,1,1,1
/CustomerService/UpdateCustomerbad5ea13-3cbf-40de-93f9-723c9aed5545,6.7241257056593895,6.7241257056593895,1000.0,1,1,1
/CustomerService/UpdateCustomerbb3fe07e-17b9-4fae-98e6-d67976f705de,5.5593932047486305,5.5593932047486305,1000.0,1,1,1
/CustomerService/UpdateCustomerbf36edf4-867a-4680-8cd7-b97435af9951,5.775486119091511,5.775486119091511,1000.0,1,1,1
/CustomerService/UpdateCustomerc4969a31-2809-42e9-88d3-a97282341acf,5.6390236131846905,5.6390236131846905,1000.0,1,1,1
/CustomerService/UpdateCustomerc9f8de2b-bd19-41dc-80c4-1c00a180182a,5.9768506325781345,5.9768506325781345,1000.0,1,1,1
/CustomerService/UpdateCustomercacae4b0-ba09-4943-9c70-dcaf7423fa64,6.821617949754,6.821617949754,1000.0,1,1,1
/CustomerService/UpdateCustomerd0b7df07-6370-4dfb-9b64-d9e28fc1ccd3,4.7715515829622746,4.7715515829622746,1000.0,1,1,1
/CustomerService/UpdateCustomerd1afa8b9-4fa7-4e6f-903d-e4c6ce329483,7.230731192976236,7.230731192976236,1000.0,1,1,1
/CustomerService/UpdateCustomerd6e7ff04-02e1-40a5-9b6b-fa554a2d4768,4.853114951401949,4.853114951401949,1000.0,1,1,1
/CustomerService/UpdateCustomerd957157d-fb1b-4b35-83a6-f9b37cdab2d4,8.166420739144087,8.166420739144087,1000.0,1,1,1
/CustomerService/UpdateCustomerda128fe1-a341-4a0f-968c-d829c4147db4,6.38251518830657,6.38251518830657,1000.0,1,1,1
/CustomerService/UpdateCustomerdeb9c499-9b29-43a7-8f1d-edf394a4f064,7.386685814708471,7.386685814708471,1000.0,1,1,1
/CustomerService/UpdateCustomere32a2836-6466-4fdc-be69-277531edc021,5.921549163758755,5.921549163758755,1000.0,1,1,1
/CustomerService/UpdateCustomere44630b4-85fa-4409-af43-b620474a75d4,10.816793888807297,10.816793888807297,1000.0,1,1,1
/CustomerService/UpdateCustomere553e989-bc4f-42ac-822f-59d4cb6e734a,11.648107320070267,11.648107320070267,1000.0,1,1,1
/CustomerService/UpdateCustomered21c477-73e0-49a1-8992-74b9558c2c10,5.239340011030436,5.239340011030436,1000.0,1,1,1
/CustomerService/UpdateCustomereea8fdb4-50b5-46f1-a181-bd5594d42dc6,6.8667191080749035,6.8667191080749035,1000.0,1,1,1
/CustomerService/UpdateCustomerf0be6e94-cf6f-4b9c-86a3-074af3cc24f9,7.222234737128019,7.222234737128019,1000.0,1,1,1
/CustomerService/UpdateCustomerf345740d-fa82-4e2e-82a7-efd00b7d55fd,7.123249117285013,7.123249117285013,1000.0,1,1,1
/CustomerService/UpdateCustomerfbea3292-32dc-4c62-ab4f-c270ce0b2d86,7.774336729198694,7.774336729198694,1000.0,1,1,1
/CustomerService/UpdateCustomerfe2f0869-f0fb-44c8-8040-e5c6e82903b2,6.352148950099945,6.352148950099945,1000.0,1,1,1
/CustomerService/getCustomer01cc55c1-d3bd-4506-a5f7-38d582f0849a,7.778434082865715,7.778434082865715,2.0,1,1,1
/CustomerService/getCustomer0673fd48-1d20-4ad4-be18-32e7bb2c90ac,3.4090718254446983,3.4090718254446983,2.0,1,1,1
/CustomerService/getCustomer0aef6e45-e4c9-4294-900e-38ac90bd3d31,2.5104968808591366,2.5104968808591366,2.0,1,1,1
/CustomerService/getCustomer0b3554f4-71ac-4f38-b85c-f111d7d27d62,4.534280393272638,4.534280393272638,2.0,1,1,1
/CustomerService/getCustomer1266a295-f11f-46e2-b762-355000e97023,2.7274317108094692,2.7274317108094692,2.0,1,1,1
/CustomerService/getCustomer18df6442-ecf3-4205-9a3c-41e46edb561d,36.9824985973537,36.9824985973537,2.0,1,1,1
/CustomerService/getCustomer255cde20-4ba8-49ba-9f03-81137a5121d0,38.44692790880799,38.44692790880799,2.0,1,1,1
/CustomerService/getCustomer26b098b7-9843-4260-8d30-f983ea17e7dd,1.242038793861866,1.242038793861866,2.0,1,1,1
/CustomerService/getCustomer27918bd4-db38-4c3a-8b8f-c1301fdb3b9f,2.2320058196783066,2.2320058196783066,2.0,1,1,1
/CustomerService/getCustomer282c3093-264f-4ffb-ab7a-1aa574ed6b9a,2.826913259923458,2.826913259923458,2.0,1,1,1
/CustomerService/getCustomer2c15e716-83df-4919-bf4f-76027df67d7f,2.5817700661718845,2.5817700661718845,2.0,1,1,1
/CustomerService/getCustomer2dcfb573-7ef4-465a-bec1-8339edec8c63,3.2098060473799706,3.2098060473799706,2.0,1,1,1
/CustomerService/getCustomer2fab2304-6269-48de-81a8-8337fa033ed5,3.478129394352436,3.478129394352436,2.0,1,1,1
/CustomerService/getCustomer34c133f7-aefc-414f-8013-d39ca97e923f,3.09967715293169,3.09967715293169,2.0,1,1,1
/CustomerService/getCustomer36a3154d-cff3-4661-9f9a-39f6deac9a7d,1.8081110902130604,1.8081110902130604,2.0,1,1,1
/CustomerService/getCustomer37c3c7ae-8649-4e53-ac1a-2b0c59173a91,1.562739722430706,1.562739722430706,2.0,1,1,1
/CustomerService/getCustomer382f590d-896a-49a1-b2d7-a4f464e0ecdb,3.2665510661900043,3.2665510661900043,2.0,1,1,1
/CustomerService/getCustomer3ebb564e-066c-4b09-8a74-7ca843eeb4ed,2.8155981563031673,2.8155981563031673,2.0,1,1,1
/CustomerService/getCustomer43308634-f7a6-4c47-8c3f-5a85558783e1,36.35502001270652,36.35502001270652,2.0,1,1,1
/CustomerService/getCustomer4a5ed6b2-fdec-4374-ab50-602c70e7afe7,3.2211649231612682,3.2211649231612682,2.0,1,1,1
/CustomerService/getCustomer4a81eecc-223d-4192-a3e9-888718eb3034,1.9856072030961514,1.9856072030961514,2.0,1,1,1
/CustomerService/getCustomer51c368db-b40c-49a7-a2ee-bc7b13e01fd8,2.440730109810829,2.440730109810829,2.0,1,1,1
/CustomerService/getCustomer51ee99e4-7455-4dbc-a818-87e6474ba79d,2.2254139184951782,2.2254139184951782,2.0,1,1,1
/CustomerService/getCustomer52d2c39c-d99b-4dd7-88d6-d6e7a58e17f2,3.7798420526087284,3.7798420526087284,2.0,1,1,1
/CustomerService/getCustomer533b443a-bf62-4d29-a797-63a36a39a9af,1.7964639700949192,1.7964639700949192,2.0,1,1,1
/CustomerService/getCustomer573c3584-c92f-4701-950b-6ddc22accb31,2.0217187702655792,2.0217187702655792,2.0,1,1,1
/CustomerService/getCustomer629f72ab-44cd-41c7-ae88-fe9b7420a105,4.563638009130955,4.563638009130955,2.0,1,1,1
/CustomerService/getCustomer630e730f-2f28-4d3b-930e-a67c738876ed,2.7076788246631622,2.7076788246631622,2.0,1,1,1
/CustomerService/getCustomer6d077955-bdba-44d7-9058-4ab2bec2b9bf,2.5843712501227856,2.5843712501227856,2.0,1,1,1
/CustomerService/getCustomer704da643-f43e-4111-9699-915e5d6def88,3.0383532866835594,3.0383532866835594,2.0,1,1,1
/CustomerService/getCustomer784e6d30-a7d2-4589-90cc-ebf6642fcc2b,1.606294885277748,1.606294885277748,2.0,1,1,1
/CustomerService/getCustomer7b134676-28f7-40cf-b71d-6c009340b605,4.081388004124165,4.081388004124165,2.0,1,1,1
/CustomerService/getCustomer7b95ff14-89b6-4d44-b70e-dd1e5a826b11,1.375366933643818,1.375366933643818,2.0,1,1,1
/CustomerService/getCustomer7e2458cf-4a0c-4094-a0c0-450c4fbdfa85,3.725178074091673,3.725178074091673,2.0,1,1,1
/CustomerService/getCustomer801b6114-aa45-47b9-b75a-b9f428735cc9,2.0515872165560722,2.0515872165560722,2.0,1,1,1
/CustomerService/getCustomer8553c86c-f9df-4e02-a2b9-6330a044f28c,7.702154107391834,7.702154107391834,2.0,1,1,1
/CustomerService/getCustomer88cc9efd-9636-446c-9ce3-9300f4e4a31c,1.6453973948955536,1.6453973948955536,2.0,1,1,1
/CustomerService/getCustomer88d5f56d-1f44-4e9d-a2df-d852c57d108d,3.76893300563097,3.76893300563097,2.0,1,1,1
/CustomerService/getCustomer8bf91bcb-82a0-4e73-8ce4-014685ebda76,4.350768867880106,4.350768867880106,2.0,1,1,1
/CustomerService/getCustomer8c25a974-9c8b-4ab1-a674-8018bb47e6fc,2.495307009667158,2.495307009667158,2.0,1,1,1
/CustomerService/getCustomer92e4e144-4d2a-4887-963a-821fe7401dbd,3.4675057977437973,3.4675057977437973,2.0,1,1,1
/CustomerService/getCustomer943bd221-3e8a-451c-ba98-22685f96f20a,3.312536049634218,3.312536049634218,2.0,1,1,1
/CustomerService/getCustomer9afaa14a-b304-4ea0-bcfc-5ae18c78e53a,3.954051062464714,3.954051062464714,2.0,1,1,1
/CustomerService/getCustomera48ab1de-3d75-489d-a148-a09de2e165f6,3.2389769330620766,3.2389769330620766,2.0,1,1,1
/CustomerService/getCustomera5150fbb-cb20-4816-b61b-808f359d19ce,4.402396269142628,4.402396269142628,2.0,1,1,1
/CustomerService/getCustomera6c2338e-c4de-4d01-ac9f-2ef7a11e61ab,2.123801037669182,2.123801037669182,2.0,1,1,1
/CustomerService/getCustomera87f04b6-eacd-4ae0-8db1-178e463cdbd9,3.8441061042249203,3.8441061042249203,2.0,1,1,1
/CustomerService/getCustomerabc195cc-998a-4d55-ab55-8dbef67641d6,4.41094022244215,4.41094022244215,2.0,1,1,1
/CustomerService/getCustomerabc998c6-2a8c-4aba-9b63-b94a921cb2fd,4.155268892645836,4.155268892645836,2.0,1,1,1
/CustomerService/getCustomeraf37c035-fa79-47c8-9fd0-2b1d8c2b3f0d,7.658039685338736,7.658039685338736,2.0,1,1,1
/CustomerService/getCustomeraf3a0740-9d7f-4016-b61a-1a3a6fa4d5e6,3.515370190143585,3.515370190143585,2.0,1,1,1
/CustomerService/getCustomerb32d5a84-cd54-4f51-ac70-4c01a83cb069,2.333160024136305,2.333160024136305,2.0,1,1,1
/CustomerService/getCustomerb6e35dcd-57d1-4cf1-9438-60d7715123d6,1.8914318643510342,1.8914318643510342,2.0,1,1,1
/CustomerService/getCustomerba6c45fa-d870-43a9-b64f-10de99946c42,2.194749191403389,2.194749191403389,2.0,1,1,1
/CustomerService/getCustomerc6fdabd9-118a-4469-ac6b-ae9c944d885d,2.9343818314373493,2.9343818314373493,2.0,1,1,1
/CustomerService/getCustomerca6347f7-8ec4-45c3-8285-7e0a571d52ec,4.044428002089262,4.044428002089262,2.0,1,1,1
/CustomerService/getCustomercb5f041d-d953-4bc4-8165-ed2ac7a171fd,4.830754362046719,4.830754362046719,2.0,1,1,1
/CustomerService/getCustomercc1f67d1-0496-4915-abe5-763a6c121cef,2.3087868466973305,2.3087868466973305,2.0,1,1,1
/CustomerService/getCustomercf13d341-f068-4fda-843b-751354bea428,2.7193590067327023,2.7193590067327023,2.0,1,1,1
/CustomerService/getCustomercfee2edd-ae4f-478a-9c6f-2935f700561d,2.566413953900337,2.566413953900337,2.0,1,1,1
/CustomerService/getCustomerd2de0ce2-67ea-47db-9665-fd7ef1e8baba,2.2620810195803642,2.2620810195803642,2.0,1,1,1
/CustomerService/getCustomerd42b57dd-1824-46d2-8e2b-e789ab247e68,2.1544117480516434,2.1544117480516434,2.0,1,1,1
/CustomerService/getCustomerd6071f5e-0c3b-44e6-9567-666768763431,1.2486288323998451,1.2486288323998451,2.0,1,1,1
/CustomerService/getCustomerd728f085-9877-4bd7-b2c6-a8781d87b223,2.5992090813815594,2.5992090813815594,2.0,1,1,1
/CustomerService/getCustomerd7742e37-8ccb-420a-b4a8-fce0feb4d0bf,2.9448107816278934,2.9448107816278934,2.0,1,1,1
/CustomerService/getCustomerd8ccd705-3991-4c48-82f0-d97f351196fa,1.6982778906822205,1.6982778906822205,2.0,1,1,1
/CustomerService/getCustomerdd72865f-8f8e-41bb-b1a7-d3a906b1c424,3.7162629887461662,3.7162629887461662,2.0,1,1,1
/CustomerService/getCustomere5c6643f-1a6f-4fc0-afc3-e461f2f608b9,3.7416918203234673,3.7416918203234673,2.0,1,1,1
/CustomerService/getCustomere7409c58-dc10-4f70-86b6-6b3c90118607,3.562299069017172,3.562299069017172,2.0,1,1,1
/CustomerService/getCustomere76718d1-07b2-454f-84a0-fd3cf2e0ca32,3.05858813226223,3.05858813226223,2.0,1,1,1
/CustomerService/getCustomere7c63bc0-33f9-4309-9e2b-085882cd2e32,2.5624255649745464,2.5624255649745464,2.0,1,1,1
/CustomerService/getCustomere90f02c8-4368-42c6-97b4-093bf7123c4c,7.329999934881926,7.329999934881926,2.0,1,1,1
/CustomerService/getCustomereafbed1d-2f25-464b-a56c-cebb9ec6bd95,1.4807037077844143,1.4807037077844143,2.0,1,1,1
/CustomerService/getCustomereb09b124-88bc-4b65-9fe6-9f383cda62fb,11.231327429413795,11.231327429413795,2.0,1,1,1
/CustomerService/getCustomerec5cffcd-7264-464f-9922-4592b785b615,2.596680074930191,2.596680074930191,2.0,1,1,1
/CustomerService/getCustomerf12edc69-16cc-4471-8a5c-62ca1ded06d5,2.657882869243622,2.657882869243622,2.0,1,1,1
/CustomerService/getCustomerf32df54b-85f1-417c-9c65-ad21dd0902b5,2.8635230846703053,2.8635230846703053,2.0,1,1,1
/CustomerService/getCustomerf50779b5-f660-4b90-8604-78282fb6deb8,2.8915749862790108,2.8915749862790108,2.0,1,1,1
/CustomerService/getCustomerf75694f7-e831-46f1-9e2a-3e34c7d3a9f6,2.4714386090636253,2.4714386090636253,2.0,1,1,1
/CustomerService/getCustomerfb51cbf4-9e34-49e8-b695-a75cfd3d54ab,3.6607831716537476,3.6607831716537476,2.0,1,1,1
/OrderService/CreateOrder0313ac53-14d6-441b-8bb2-c184df9bdc46,9.262144099920988,9.262144099920988,1000.0,1,1,1
/OrderService/CreateOrder04349ad2-d8ad-48c3-97e3-a02256cf3d89,14.052991289645433,14.052991289645433,1000.0,1,1,1
/OrderService/CreateOrder05bf0b60-cd92-49bb-885d-7154566df7ee,4.312331322580576,4.312331322580576,1000.0,1,1,1
/OrderService/CreateOrder0695f133-5f69-4e50-8339-64f1b5618e02,4.9311029724776745,4.9311029724776745,1000.0,1,1,1
/OrderService/CreateOrder07574e53-048a-4aff-9de9-62a8bf7d29bb,3.282759804278612,3.282759804278612,1000.0,1,1,1
/OrderService/CreateOrder146b0b11-0115-4937-8bfd-87c0ffdce5ed,7.161044981330633,7.161044981330633,1000.0,1,1,1
/OrderService/CreateOrder1473e161-0460-459e-b77c-df367d44a8a1,8.942516054958105,8.942516054958105,1000.0,1,1,1
/OrderService/CreateOrder165f566c-23fa-4b14-a237-4ba143687469,7.686917670071125,7.686917670071125,1000.0,1,1,1
/OrderService/CreateOrder19220194-15d6-4e6a-ba0e-39417b912e25,11.445712763816118,11.445712763816118,1000.0,1,1,1
/OrderService/CreateOrder1c0ef5b0-1b71-4391-a6b7-c51128d2234f,2.3504700511693954,2.3504700511693954,1000.0,1,1,1
/OrderService/CreateOrder1ce476ef-8d7c-474e-97d4-e39b1b44f562,19.564787857234478,19.564787857234478,1000.0,1,1,1
/OrderService/CreateOrder25d0d93e-8b7b-4d97-b575-a1678f894307,2.2376501001417637,2.2376501001417637,1000.0,1,1,1
/OrderService/CreateOrder2686edd2-ea26-41cb-80bf-a5fc50265568,8.990892209112644,8.990892209112644,1000.0,1,1,1
/OrderService/CreateOrder29dffcd0-add1-4130-a8de-b50942b14c29,4.7397189773619175,4.7397189773619175,1000.0,1,1,1
/OrderService/CreateOrder2aef0da2-bd58-494a-a85a-6952a8531325,1.589127816259861,1.589127816259861,1000.0,1,1,1
/OrderService/CreateOrder2b46d3ee-0002-4ae0-8cd8-531210429591,4.0865507908165455,4.0865507908165455,1000.0,1,1,1
/OrderService/CreateOrder2d6b6b4e-f881-4dc7-861b-7ecaa32caf70,2.653026022017002,2.653026022017002,1000.0,1,1,1
/OrderService/CreateOrder30cb07e2-3607-4c21-890c-7cdf3222e2b4,18.59541703015566,18.59541703015566,1000.0,1,1,1
/OrderService/CreateOrder3373abb1-7c06-4a6f-8b2a-794a1279de63,2.968787681311369,2.968787681311369,1000.0,1,1,1
/OrderService/CreateOrder352c02e8-8fa6-47ba-b559-09051d1e2c89,9.072809014469385,9.072809014469385,1000.0,1,1,1
/OrderService/CreateOrder38743966-52fe-4960-a441-188ab24ecaea,3.7916130386292934,3.7916130386292934,1000.0,1,1,1
/OrderService/CreateOrder3b22b398-19ec-444a-b7b7-06539bb2809c,2.430784050375223,2.430784050375223,1000.0,1,1,1
/OrderService/CreateOrder3c004ba3-b2dd-4ff6-8f9c-ae87feb14d31,12.67317309975624,12.67317309975624,1000.0,1,1,1
/OrderService/CreateOrder3cb4798f-4669-46c6-820a-655bf45db751,2.7511739172041416,2.7511739172041416,1000.0,1,1,1
/OrderService/CreateOrder3e76c0a3-8a2f-4e54-a419-2b43c09dc49a,4.689535591751337,4.689535591751337,1000.0,1,1,1
/OrderService/CreateOrder3ec92b8c-1950-4054-b881-67f1c44fe24e,2.7290163561701775,2.7290163561701775,1000.0,1,1,1
/OrderService/CreateOrder4163f809-8d01-4101-84c6-494c9cfed4ba,6.428266875445843,6.428266875445843,1000.0,1,1,1
/OrderService/CreateOrder43bbcce6-8811-474a-8bf0-4f434f5d2d33,18.625016789883375,18.625016789883375,1000.0,1,1,1
/OrderService/CreateOrder4477ceb4-2b48-43be-800f-161e2eecee50,2.8109638951718807,2.8109638951718807,1000.0,1,1,1
/OrderService/CreateOrder48a9a180-63a6-45c4-921d-491218564cba,15.05808811634779,15.05808811634779,1000.0,1,1,1
/OrderService/CreateOrder4dd263e2-5b24-451c-ad36-8dd95ce9a2d1,27.73122303187847,27.73122303187847,1000.0,1,1,1
/OrderService/CreateOrder528efba6-ee0d-4a7a-ab31-daec58715ba5,6.714984774589539,6.714984774589539,1000.0,1,1,1
/OrderService/CreateOrder539852f5-614e-48fd-a91d-acd5dc42bb4b,3.0961567535996437,3.0961567535996437,1000.0,1,1,1
/OrderService/CreateOrder542193d8-86b4-4c60-a7b3-a49c937bfc32,3.200399689376354,3.200399689376354,1000.0,1,1,1
/OrderService/CreateOrder57dad6a3-ed71-4bc1-b131-41a869aefd5a,1.8739169463515282,1.8739169463515282,1000.0,1,1,1
/OrderService/CreateOrder5e1f6c4a-1fd7-4d6e-bf6d-40ac67774ca6,2.340306993573904,2.340306993573904,1000.0,1,1,1
/OrderService/CreateOrder5f1271c0-1396-4488-8a27-45bf413201be,11.276599019765854,11.276599019765854,1000.0,1,1,1
/OrderService/CreateOrder680b36ee-a927-475b-9303-8fefaf8ad220,3.2054707407951355,3.2054707407951355,1000.0,1,1,1
/OrderService/CreateOrder68665841-2907-4616-8359-0fa61ea83211,14.823080971837044,14.823080971837044,1000.0,1,1,1
/OrderService/CreateOrder6929b6f4-c244-456a-9d3f-a563446f5318,9.157090913504362,9.157090913504362,1000.0,1,1,1
/OrderService/CreateOrder6b3aa1ac-b02a-4ebd-a798-5274fecaae37,16.13478036597371,16.13478036597371,1000.0,1,1,1
/OrderService/CreateOrder6e6c1d05-f4fe-4ecd-ab1f-e1c59b689108,3.331898245960474,3.331898245960474,999.0,1,1,1
/OrderService/CreateOrder72675439-8506-42cc-96b6-afb78824bad9,5.97506994381547,5.97506994381547,1000.0,1,1,1
/OrderService/CreateOrder759b0444-4cd8-434f-82b4-0fbc48d02493,2.7479459531605244,2.7479459531605244,1000.0,1,1,1
/OrderService/CreateOrder7764b4be-2a7c-4eab-a212-773e51035207,2.740931697189808,2.740931697189808,1000.0,1,1,1
/OrderService/CreateOrder7f2e1bea-e510-4a01-9949-8afda6e38466,2.6807300746440887,2.6807300746440887,1000.0,1,1,1
/OrderService/CreateOrder7fe9a037-da97-43e4-a757-cffc82825828,3.352927975356579,3.352927975356579,999.0,1,1,1
/OrderService/CreateOrder81679970-47e6-413f-ba4e-6c2026884943,2.5137593038380146,2.5137593038380146,1000.0,1,1,1
/OrderService/CreateOrder881a651b-7016-4ae6-abbc-f544fd0428cc,3.05107980966568,3.05107980966568,1000.0,1,1,1
/OrderService/CreateOrder8c489ebd-66e5-4b5e-a7cb-4f5ac0639f40,19.84338089823723,19.84338089823723,1000.0,1,1,1
/OrderService/CreateOrder8f25edb0-6b0c-41ae-9fef-21d0a58d0a89,2.7695680037140846,2.7695680037140846,1000.0,1,1,1
/OrderService/CreateOrder90a7a67e-49ae-42c9-8588-d1d0d86e296b,3.0054207891225815,3.0054207891225815,1000.0,1,1,1
/OrderService/CreateOrder96462988-c046-4228-964f-dcfbd5a1f0fc,2.434943336993456,2.434943336993456,1000.0,1,1,1
/OrderService/CreateOrder97c4ebec-af33-4d8d-a485-7a69ae649c23,2.7401000261306763,2.7401000261306763,1000.0,1,1,1
/OrderService/CreateOrder99526349-705a-4509-a8e3-b39d8bb10024,1.7787599936127663,1.7787599936127663,1000.0,1,1,1
/OrderService/CreateOrder99950fb1-c44f-4283-a39a-962b138362ab,3.6284318193793297,3.6284318193793297,1000.0,1,1,1
/OrderService/CreateOrder9ae84c86-6192-44ce-ba56-7a49328f36bf,2.0384318195283413,2.0384318195283413,1000.0,1,1,1
/OrderService/CreateOrder9c8b7e0c-2289-4fb3-b395-603c7f62ee26,9.822368156164885,9.822368156164885,1000.0,1,1,1
/OrderService/CreateOrdera5a44e61-4cae-4c30-a898-78b0b92f61b3,2.3492341861128807,2.3492341861128807,1000.0,1,1,1
/OrderService/CreateOrdera62da15f-8748-4a7d-aa32-462a3055bdbc,3.3820979297161102,3.3820979297161102,1000.0,1,1,1
/OrderService/CreateOrdera69f2799-b2ff-4c69-b1cc-7141e752b59c,3.637246321886778,3.637246321886778,1000.0,1,1,1
/OrderService/CreateOrderaec63bdb-a398-416b-9c77-ac83bad15bd8,29.7876400873065,29.7876400873065,1000.0,1,1,1
/OrderService/CreateOrderb5d4c605-d7c0-4adb-8f6e-ec91cc30cfbb,2.49733729287982,2.49733729287982,1000.0,1,1,1
/OrderService/CreateOrderbbc54770-1cd4-4c37-8df5-6ddb5cb5a8f2,2.5726770982146263,2.5726770982146263,1000.0,1,1,1
/OrderService/CreateOrderbe125a70-3bde-40ee-85f1-1d1090b95785,15.23985294625163,15.23985294625163,1000.0,1,1,1
/OrderService/CreateOrderc7daa6a6-aefc-4d42-8a20-2a6b087c0f5a,6.050402298569679,6.050402298569679,1000.0,1,1,1
/OrderService/CreateOrderccffb770-8210-438a-85dd-5efede2b1890,4.419893026351929,4.419893026351929,1000.0,1,1,1
/OrderService/CreateOrderce4665a9-ef2d-490f-93d4-ba836aef385f,2.1003508009016514,2.1003508009016514,1000.0,1,1,1
/OrderService/CreateOrderd50ed655-2c38-4c38-b197-19825c1aa2f4,2.2856630384922028,2.2856630384922028,1000.0,1,1,1
/OrderService/CreateOrderd6eb85b0-2681-4639-9bc7-af445d0fbe52,3.450289834290743,3.450289834290743,1000.0,1,1,1
/OrderService/CreateOrderd761fe43-47ac-4ced-90eb-3ca342288132,3.259971272200346,3.259971272200346,1000.0,1,1,1
/OrderService/CreateOrdere10e094d-17e6-4f35-b016-e63d20c53819,1.8919510766863823,1.8919510766863823,1000.0,1,1,1
/OrderService/CreateOrdere586e5aa-cf7f-4d77-ac52-ddbbcee0df94,2.7224509976804256,2.7224509976804256,1000.0,1,1,1
/OrderService/CreateOrdere8b10c40-02da-4d2a-ac42-1baa7c0b9853,2.399461343884468,2.399461343884468,1000.0,1,1,1
/OrderService/CreateOrdere9e40e39-df61-47e6-80e6-eb94c06701ac,2.516580745577812,2.516580745577812,1000.0,1,1,1
/OrderService/CreateOrderec369fdd-304b-48a6-b1cd-1af9e6ea72c5,24.315189104527235,24.315189104527235,1000.0,1,1,1
/OrderService/CreateOrderf71ba434-e394-446c-9365-92a64c917c68,2.584445755928755,2.584445755928755,1000.0,1,1,1
/OrderService/CreateOrderfbe4988e-a105-4b39-8be4-6d4fc5d9859b,32.25814225152135,32.25814225152135,1000.0,1,1,1
/OrderService/CreateOrderfd243ba8-a742-4de9-845c-47eb04ff2efe,2.8252839110791683,2.8252839110791683,1000.0,1,1,1
/OrderService/CreateOrderfe3f3011-41bf-409b-a9eb-6a8f5d81021b,2.5815172120928764,2.5815172120928764,1000.0,1,1,1
/OrderService/GetOrder031a43e1-b748-4aac-8f0c-fb3721bdcd0c,1.944412011653185,1.944412011653185,3.0,1,1,1
/OrderService/GetOrder0710466b-8a5d-4e98-900c-d8a502a8c3f2,4.426531959325075,4.426531959325075,3.0,1,1,1
/OrderService/GetOrder0898c86f-fbdd-4cc6-adef-5e4d471cd09f,1.7678700387477875,1.7678700387477875,3.0,1,1,1
/OrderService/GetOrder0bfa9199-66a6-4295-93fc-4c72124feb22,1.3698171824216843,1.3698171824216843,3.0,1,1,1
/OrderService/GetOrder10b9dd87-63e9-4bc5-92b1-cefbdbf467ce,0.8537638932466507,0.8537638932466507,2.0,1,1,1
/OrderService/GetOrder135cf27f-dd51-4842-a8cd-e2ea7b16c4f5,2.897090744227171,2.897090744227171,3.0,1,1,1
/OrderService/GetOrder14be316b-2202-43de-869a-09d1229dc5b8,22.798024117946625,22.798024117946625,3.0,1,1,1
/OrderService/GetOrder198bcfef-0a84-4bad-ba20-5864547301da,3.5402080975472927,3.5402080975472927,3.0,1,1,1
/OrderService/GetOrder1f7d0e61-2fc5-47d8-a361-2d4902c0db80,2.2068656980991364,2.2068656980991364,3.0,1,1,1
/OrderService/GetOrder21df82bd-bb38-45fb-9d2c-b0b59fdde00a,1.893546897917986,1.893546897917986,3.0,1,1,1
/OrderService/GetOrder2229bd42-8912-4b09-95b1-3f1a5dc7d291,11.223354376852512,11.223354376852512,2.0,1,1,1
/OrderService/GetOrder239e3009-b6e2-45bb-9299-7205db3dfdf4,1.9123395904898643,1.9123395904898643,3.0,1,1,1
/OrderService/GetOrder2dc7dca5-1b6a-4000-9667-43bac69346aa,3.51705402135849,3.51705402135849,3.0,1,1,1
/OrderService/GetOrder2e180e28-834a-4570-bada-fcf044274599,27.8297932818532,27.8297932818532,3.0,1,1,1
/OrderService/GetOrder2f6a1504-041b-4a05-904c-20f0a152608a,1.3763830065727234,1.3763830065727234,3.0,1,1,1
/OrderService/GetOrder30f31251-094d-45f4-a61e-0beebafc6349,3.247565124183893,3.247565124183893,3.0,1,1,1
/OrderService/GetOrder3cac5166-89a8-447c-80b8-5817cc157d00,2.718642819672823,2.718642819672823,3.0,1,1,1
/OrderService/GetOrder3cd59870-878a-46f0-8714-058f06149d40,1.8768450245261192,1.8768450245261192,3.0,1,1,1
/OrderService/GetOrder3e87895a-3903-49d6-8012-148d118133a9,1.8224511295557022,1.8224511295557022,3.0,1,1,1
/OrderService/GetOrder47ce939a-f958-40ae-97df-19e3e94f110a,1.608910970389843,1.608910970389843,3.0,1,1,1
/OrderService/GetOrder49db068a-8dc9-455a-93e7-ea5bb5d88013,2.0488910377025604,2.0488910377025604,3.0,1,1,1
/OrderService/GetOrder5174b14f-9561-4311-a646-788ece575cc0,1.2982683256268501,1.2982683256268501,3.0,1,1,1
/OrderService/GetOrder54a0851c-cb61-4b39-9982-a8fbddb19f62,1.767795067280531,1.767795067280531,3.0,1,1,1
/OrderService/GetOrder55e848f7-c1c8-4451-8db3-f022ffb239ff,1.7392360605299473,1.7392360605299473,3.0,1,1,1
/OrderService/GetOrder5958ebc0-5f7f-41fd-a71e-281f0c03bbb8,1.487306784838438,1.487306784838438,3.0,1,1,1
/OrderService/GetOrder5a3d7cfb-4c86-4fea-8238-19ade6f54b5f,1.901737879961729,1.901737879961729,3.0,1,1,1
/OrderService/GetOrder653e64e4-4b2d-4b77-82ef-7a612028a87c,2.6635141111910343,2.6635141111910343,3.0,1,1,1
/OrderService/GetOrder698fe8cd-5c83-40c3-9b56-a4379f7be738,25.507200974971056,25.507200974971056,3.0,1,1,1
/OrderService/GetOrder69a450de-2aab-467b-be6e-1041b6576332,22.807541768997908,22.807541768997908,3.0,1,1,1
/OrderService/GetOrder732ebfe8-e565-4eb5-bfcc-b78a14584bdb,2.2119167260825634,2.2119167260825634,3.0,1,1,1
/OrderService/GetOrder7404a20c-c068-4a98-a056-881083fffb1b,1.9219489768147469,1.9219489768147469,3.0,1,1,1
/OrderService/GetOrder780a4695-daef-4ef5-8597-6ea38e375f40,1.490302849560976,1.490302849560976,3.0,1,1,1
/OrderService/GetOrder782f30bb-f860-4ea2-bf89-c319e3c8de6c,2.0681535825133324,2.0681535825133324,3.0,1,1,1
/OrderService/GetOrder79c6f9f3-09bc-4146-a01b-71835cc7166b,3.4657889045774937,3.4657889045774937,3.0,1,1,1
/OrderService/GetOrder7cc17c8d-5de3-44e7-9d59-38f92a2e808f,5.491197109222412,5.491197109222412,3.0,1,1,1
/OrderService/GetOrder7d68d71e-3cf6-4a2e-b28d-5491b63c2c0d,3.5490798763930798,3.5490798763930798,3.0,1,1,1
/OrderService/GetOrder80447aed-944e-4dd6-a49f-f20341110a4a,3.8157938979566097,3.8157938979566097,3.0,1,1,1
/OrderService/GetOrder8276d851-bdab-4ae1-a6c2-afae416040fc,13.569731265306473,13.569731265306473,3.0,1,1,1
/OrderService/GetOrder848b9d50-34be-40bf-a153-df6fe61645c3,1.1071190237998962,1.1071190237998962,3.0,1,1,1
/OrderService/GetOrder8a8e747c-c2e2-4385-9b0b-27f44c9d8673,1.439001876860857,1.439001876860857,3.0,1,1,1
/OrderService/GetOrder8aa4a145-e6fd-4ff0-959c-00b4d3399b7c,3.471928182989359,3.471928182989359,3.0,1,1,1
/OrderService/GetOrder8df10be4-ef1b-4fad-a17d-4752aa104434,26.94398583844304,26.94398583844304,3.0,1,1,1
/OrderService/GetOrder8f31250a-09c9-4212-bd2a-108dcbf7932e,2.3043700493872166,2.3043700493872166,3.0,1,1,1
/OrderService/GetOrder924009a4-ab48-459e-bbab-85512ef98e31,1.2088799849152565,1.2088799849152565,3.0,1,1,1
/OrderService/GetOrder96ecbd6b-3f10-4d71-b585-bd4de706f6ca,1.1136294342577457,1.1136294342577457,3.0,1,1,1
/OrderService/GetOrder9c0b30f2-6a17-43a8-8adf-ee6f40d7e5c6,2.2183451801538467,2.2183451801538467,3.0,1,1,1
/OrderService/GetOrder9caebbb3-5d9d-49ea-9033-07179fe32849,1.8905219621956348,1.8905219621956348,3.0,1,1,1
/OrderService/GetOrdera07e8e87-a101-48fc-bf59-e1e3c0ea5ab5,1.6997470520436764,1.6997470520436764,3.0,1,1,1
/OrderService/GetOrdera3486278-ebaa-48c7-8363-896cd121cfb7,1.7383680678904057,1.7383680678904057,3.0,1,1,1
/OrderService/GetOrdera45588de-3471-45f8-b423-9d1808a88cea,2.0612087100744247,2.0612087100744247,2.0,1,1,1
/OrderService/GetOrdera87a0345-5c26-4e4d-8555-ae5dde7b6d2f,1.9176751375198364,1.9176751375198364,3.0,1,1,1
/OrderService/GetOrderb4f20000-8a72-4378-8564-56519f0069c6,14.842787757515907,14.842787757515907,3.0,1,1,1
/OrderService/GetOrderb504c9c5-807f-4c44-b1d9-029f681e5428,1.6912692226469517,1.6912692226469517,2.0,1,1,1
/OrderService/GetOrderb792f57c-0eeb-4115-9e61-9cfea6826813,1.8101539462804794,1.8101539462804794,3.0,1,1,1
/OrderService/GetOrderbe93036d-db00-4415-bc3a-d3f645211ff7,2.0124008879065514,2.0124008879065514,3.0,1,1,1
/OrderService/GetOrderc66d6971-4a76-43f6-a0b5-7eea378b334a,1.453534234315157,1.453534234315157,3.0,1,1,1
/OrderService/GetOrderc72aa8e7-1323-47fc-8aa9-41f3ceba0c4b,1.2660590000450611,1.2660590000450611,3.0,1,1,1
/OrderService/GetOrderc97e7156-0681-4818-bc15-e7d12aacb999,5.356529727578163,5.356529727578163,3.0,1,1,1
/OrderService/GetOrderc98841b0-1a89-4c64-a203-7e1bc32eb62a,2.102531027048826,2.102531027048826,3.0,1,1,1
/OrderService/GetOrderd04c5263-3c30-47d5-96d0-d43159734cb2,1.5066261403262615,1.5066261403262615,3.0,1,1,1
/OrderService/GetOrderd10e1657-c740-4854-a889-dc2fdd82fbd6,2.307478804141283,2.307478804141283,3.0,1,1,1
/OrderService/GetOrderd472afc6-8f17-4b89-adf7-ed64c492fce8,13.397624716162682,13.397624716162682,3.0,1,1,1
/OrderService/GetOrderd5befb52-0d1d-4db4-b7a8-4f11d5eadca8,9.969203732907772,9.969203732907772,3.0,1,1,1
/OrderService/GetOrderd60682e6-fc8d-46c0-81aa-7a1db896409d,4.392019007354975,4.392019007354975,3.0,1,1,1
/OrderService/GetOrderd85bb90e-0e82-4ecf-87c8-4c9e874c7e91,1.8932661041617393,1.8932661041617393,2.0,1,1,1
/OrderService/GetOrderdc5020df-e546-43cb-ac75-7eacf63175fb,1.395480241626501,1.395480241626501,3.0,1,1,1
/OrderService/GetOrderdd0e861b-7086-4433-8981-6c7a7bdf1e50,2.052686642855406,2.052686642855406,3.0,1,1,1
/OrderService/GetOrdere18fbf9e-9290-4991-ad41-032b6d80a63a,3.4319208934903145,3.4319208934903145,3.0,1,1,1
/OrderService/GetOrdere5401690-fb87-49da-a67e-210661dea57a,1.2494241818785667,1.2494241818785667,2.0,1,1,1
/OrderService/GetOrdere7de5e3b-f279-485e-88e9-ed0256d0f277,1.7764316871762276,1.7764316871762276,3.0,1,1,1
/OrderService/GetOrdere80bfe5a-db3f-42b1-86b6-57fbad61bd13,1.7070178873836994,1.7070178873836994,3.0,1,1,1
/OrderService/GetOrderea780d46-c9f5-483c-80cd-20c94dd10ccf,1.647737342864275,1.647737342864275,2.0,1,1,1
/OrderService/GetOrderee8776ee-d2c4-4ccd-bf54-591ddf049bb5,1.888129860162735,1.888129860162735,3.0,1,1,1
/OrderService/GetOrderef4764c1-2905-4382-b462-a6a12951b707,4.477217793464661,4.477217793464661,3.0,1,1,1
/OrderService/GetOrderf13c1fbf-b184-4618-9f98-8b00453af996,2.6965257711708546,2.6965257711708546,3.0,1,1,1
/OrderService/GetOrderf6c0a4e3-e81b-4fab-a866-a56831cc508b,1.3866210356354713,1.3866210356354713,3.0,1,1,1
/OrderService/GetOrderf7ae9b43-e7c3-45e6-8aba-eb077e389f60,1.8781926482915878,1.8781926482915878,3.0,1,1,1
/OrderService/GetOrderf8ed05bc-feb5-4a97-a8c9-7a780661e5bc,3.084803931415081,3.084803931415081,3.0,1,1,1
/OrderService/GetOrderfb36cc80-44c6-495e-9f3c-2482aa526676,2.2812606766819954,2.2812606766819954,3.0,1,1,1
/OrderService/GetOrderfc57e0e6-3025-4475-961a-63ab91e55c5a,2.661418169736862,2.661418169736862,2.0,1,1,1
Aggregated,7.442205713596195,5.0,625.975,-1,1,1
