Service,Average Response Time,Medium Response Time,Request Size,Request Type,Frequency,Size
/CatalogService/AddItem0210a327-ee4c-4593-862f-af4ac638662b,4.166990984231234,4.166990984231234,50.0,1,1,0
/CatalogService/AddItem021d805c-1432-4bd4-b7ac-0fd78fa1e30c,2.9621589928865433,2.9621589928865433,50.0,1,1,0
/CatalogService/AddItem0425202e-e7dd-47db-9d07-f6c362a779a1,3.258094657212496,3.258094657212496,50.0,1,1,0
/CatalogService/AddItem07479dc5-eb0d-4862-9139-9e92dc87731c,4.385406617075205,4.385406617075205,50.0,1,1,0
/CatalogService/AddItem0dbcfb77-0709-450f-ba4e-eee2cf73528f,3.1954622827470303,3.1954622827470303,50.0,1,1,0
/CatalogService/AddItem0eb186b0-0cc6-4f90-8fe3-76059adcb5b1,3.492269665002823,3.492269665002823,50.0,1,1,0
/CatalogService/AddItem0f35c0fd-8b14-440f-9c2a-27356bcea5cc,3.5264911130070686,3.5264911130070686,50.0,1,1,0
/CatalogService/AddItem19e360b8-2a6e-4f30-9bed-d99a4d1bad91,4.667091183364391,4.667091183364391,50.0,1,1,0
/CatalogService/AddItem1ec59460-b7a1-4453-9e52-ece2e037ee7f,3.0341180972754955,3.0341180972754955,50.0,1,1,0
/CatalogService/AddItem20746f13-db7d-4f19-8436-841aeac19027,3.35629191249609,3.35629191249609,50.0,1,1,0
/CatalogService/AddItem235c8be4-27f9-449b-a211-28fcb74c8157,2.8075031004846096,2.8075031004846096,50.0,1,1,0
/CatalogService/AddItem2825d43d-f38d-4c6e-9a16-7e746907ad44,4.63849725201726,4.63849725201726,50.0,1,1,0
/CatalogService/AddItem29db68d7-a421-4c1d-a061-42d4296efd9a,5.114045925438404,5.114045925438404,50.0,1,1,0
/CatalogService/AddItem2b7da971-335f-440f-afc8-53df29e9a92e,4.986443091183901,4.986443091183901,50.0,1,1,0
/CatalogService/AddItem2c90bcf7-0676-4e66-abad-08b0d0c5f2f7,2.9763621278107166,2.9763621278107166,50.0,1,1,0
/CatalogService/AddItem2f112ccd-e855-409a-919e-797bb740f8ae,3.903212957084179,3.903212957084179,50.0,1,1,0
/CatalogService/AddItem3703a74c-8f8b-48a9-9c65-492adb0a2587,3.9430437609553337,3.9430437609553337,50.0,1,1,0
/CatalogService/AddItem3d2dcfaa-096d-49c2-b344-34be8eeb8798,4.134660121053457,4.134660121053457,50.0,1,1,0
/CatalogService/AddItem4182ecf1-de99-4b61-ba26-2a4db89618a3,6.547111086547375,6.547111086547375,50.0,1,1,0
/CatalogService/AddItem41ceab64-d262-48b1-b09b-cd6abfa32cbf,4.769441206008196,4.769441206008196,50.0,1,1,0
/CatalogService/AddItem443d87a2-b0c1-445c-8cfa-59427f2640ea,2.4796626530587673,2.4796626530587673,50.0,1,1,0
/CatalogService/AddItem46585a24-b820-4651-b840-ce29d669f73d,5.02848019823432,5.02848019823432,50.0,1,1,0
/CatalogService/AddItem4e8b1997-f005-446c-8482-5a5392ff2a52,3.25825996696949,3.25825996696949,50.0,1,1,0
/CatalogService/AddItem4f3df5d6-2fb2-45e7-9562-a6b600f2226f,4.909583833068609,4.909583833068609,50.0,1,1,0
/CatalogService/AddItem57e6c09a-5b6b-4950-8184-f70efa6c00ea,3.2392661087214947,3.2392661087214947,50.0,1,1,0
/CatalogService/AddItem59c1d963-0b72-49c8-b4a0-50a2a445e1ef,4.8150718212127686,4.8150718212127686,50.0,1,1,0
/CatalogService/AddItem5e925f55-508b-453e-b6dc-a297bebd5eb2,3.9262156933546066,3.9262156933546066,50.0,1,1,0
/CatalogService/AddItem5e93cbf9-af55-4b4b-b6ad-a0257bf175ad,9.194017853587866,9.194017853587866,50.0,1,1,0
/CatalogService/AddItem6066bf43-96a3-4257-9133-3d11c0efeeb9,4.477113950997591,4.477113950997591,50.0,1,1,0
/CatalogService/AddItem616647fc-34e5-4a21-9968-0db18969d6b7,3.7643187679350376,3.7643187679350376,50.0,1,1,0
/CatalogService/AddItem68886dbe-9922-4586-bd3f-2797b70bf7af,3.444827161729336,3.444827161729336,50.0,1,1,0
/CatalogService/AddItem69bdf4d7-0630-4b2c-969f-9b559d7a639c,3.593010827898979,3.593010827898979,50.0,1,1,0
/CatalogService/AddItem71a3ddae-fa79-4be7-b555-175a6e118255,5.277764052152634,5.277764052152634,50.0,1,1,0
/CatalogService/AddItem74a5469a-8322-405e-b86b-d658f549845e,5.970421712845564,5.970421712845564,50.0,1,1,0
/CatalogService/AddItem7bf79042-1791-43a0-96e3-c86189b06879,3.9364658296108246,3.9364658296108246,50.0,1,1,0
/CatalogService/AddItem81fbcd4c-86b2-4c7e-b5a4-56157d8caeb7,4.292647819966078,4.292647819966078,50.0,1,1,0
/CatalogService/AddItem8288766c-3925-4f55-963e-4ae69f3a76b1,5.147087853401899,5.147087853401899,50.0,1,1,0
/CatalogService/AddItem836ca61c-60e6-4a9c-aa55-c5901e17a160,4.504104610532522,4.504104610532522,50.0,1,1,0
/CatalogService/AddItem86bb5dc0-9ef3-4b52-b359-f86993888f01,3.8363137282431126,3.8363137282431126,50.0,1,1,0
/CatalogService/AddItem87737fa3-8ca9-4d68-9052-48f8ef7cf179,4.988983739167452,4.988983739167452,50.0,1,1,0
/CatalogService/AddItem8a9a360f-7fe4-41bc-bfd4-68636e5582b3,3.163111861795187,3.163111861795187,50.0,1,1,0
/CatalogService/AddItem8b98ba51-7d35-4d33-b244-74c46744569d,4.105467814952135,4.105467814952135,50.0,1,1,0
/CatalogService/AddItem8e0176af-a566-4018-a11a-8dbb24cebca8,5.235622636973858,5.235622636973858,50.0,1,1,0
/CatalogService/AddItem8ef46dc6-9750-4cd5-9c38-2af72dfef137,4.410667810589075,4.410667810589075,50.0,1,1,0
/CatalogService/AddItem8f8b6fe2-b0ca-43e9-9bbb-a62abdda913a,6.036743056029081,6.036743056029081,50.0,1,1,0
/CatalogService/AddItem90f423df-f2de-4fb0-9c62-47445cfd2192,8.663238026201725,8.663238026201725,50.0,1,1,0
/CatalogService/AddItem91e67e08-2609-4085-a731-385a32ad998f,4.7030760906636715,4.7030760906636715,50.0,1,1,0
/CatalogService/AddItem92e7a0a0-bec1-4cf1-a0c6-6b78af721d82,4.977985750883818,4.977985750883818,50.0,1,1,0
/CatalogService/AddItem9617e42c-ad7e-47de-ba43-0ab33e5f426b,2.683423925191164,2.683423925191164,50.0,1,1,0
/CatalogService/AddItem9cef6067-9088-41a5-9d7c-4f164ec84d15,2.62638833373785,2.62638833373785,50.0,1,1,0
/CatalogService/AddItem9eb6259f-51fa-420c-9c3b-0178cf7e1cd3,4.203121177852154,4.203121177852154,50.0,1,1,0
/CatalogService/AddItema32c97bc-4753-4c84-86b6-b3080ca3cbe0,9.769325610250235,9.769325610250235,50.0,1,1,0
/CatalogService/AddItema9f2289e-6250-4a49-aa5b-b915149377d8,4.646782297641039,4.646782297641039,50.0,1,1,0
/CatalogService/AddItemb00c0088-e335-4fd9-b0f1-5d62c44a347e,3.521176055073738,3.521176055073738,50.0,1,1,0
/CatalogService/AddItemb1cd5085-e3eb-4ffd-a8ee-cfc02c68341f,4.0754759684205055,4.0754759684205055,50.0,1,1,0
/CatalogService/AddItemb58c2edf-c32c-494a-803c-405f7679c3f5,7.499887607991695,7.499887607991695,50.0,1,1,0
/CatalogService/AddItemb5a9bec0-238d-4732-a323-e7fcc050b718,2.342621795833111,2.342621795833111,50.0,1,1,0
/CatalogService/AddItemb6565501-6fcf-46f0-a581-33a654aad041,5.34711591899395,5.34711591899395,50.0,1,1,0
/CatalogService/AddItemb94909b1-bcdc-4cfb-b594-fd83566db630,8.872912731021643,8.872912731021643,50.0,1,1,0
/CatalogService/AddItembbda20f9-7e53-4359-92ac-9fe4b2065a36,4.493823274970055,4.493823274970055,50.0,1,1,0
/CatalogService/AddItembcb06a3c-1a51-4a7e-a65f-db122e843a82,2.899712882936001,2.899712882936001,50.0,1,1,0
/CatalogService/AddItembe5e4289-f59f-4ba0-8e0e-5ead88298a0d,4.512481391429901,4.512481391429901,50.0,1,1,0
/CatalogService/AddItembe9f34b2-fc2c-459f-95aa-4486136aa82f,4.275579005479813,4.275579005479813,50.0,1,1,0
/CatalogService/AddItemc0b37f39-7588-4882-bf5a-102b5bcbf373,4.973161965608597,4.973161965608597,50.0,1,1,0
/CatalogService/AddItemc261b597-eb92-4b3b-82a6-fe7dd89805f6,8.332967758178711,8.332967758178711,50.0,1,1,0
/CatalogService/AddItemc4c76fdd-0f78-4d82-8f0e-1fbe9b72cdbb,4.801308736205101,4.801308736205101,50.0,1,1,0
/CatalogService/AddItemceb5195b-87b8-4e03-8311-4d1ef227b2fd,8.47925292328,8.47925292328,50.0,1,1,0
/CatalogService/AddItemcee2f6c4-669f-44b7-be03-13d0e9090a65,6.5559991635382175,6.5559991635382175,50.0,1,1,0
/CatalogService/AddItemcf4a62c5-6994-4845-b395-1a5596fad87d,4.043010994791985,4.043010994791985,50.0,1,1,0
/CatalogService/AddItemcfb7b517-20a5-45ad-809d-890f6fd2f438,4.432986956089735,4.432986956089735,50.0,1,1,0
/CatalogService/AddItemd78bdb57-f9be-4a2b-b107-c06eac1d5cea,5.458303261548281,5.458303261548281,50.0,1,1,0
/CatalogService/AddItemd7cc2a56-e3a7-46a1-95b6-baa86fe50d79,4.923478234559298,4.923478234559298,50.0,1,1,0
/CatalogService/AddItemd8c6b231-b243-4faf-811e-5886995f135e,2.573341131210327,2.573341131210327,50.0,1,1,0
/CatalogService/AddItemdbe9418f-676b-49fb-83a7-138d0ec0757f,3.6050756461918354,3.6050756461918354,50.0,1,1,0
/CatalogService/AddIteme46f00e5-1bf9-4e13-a213-b255bb45a9bd,3.8179787807166576,3.8179787807166576,50.0,1,1,0
/CatalogService/AddItemeb1315c2-38e3-4fc1-8742-198ec8c3f196,4.9842530861496925,4.9842530861496925,50.0,1,1,0
/CatalogService/AddItemebb0c58d-c6e3-45c8-b2b1-d1b68d7f42b4,5.918344017118216,5.918344017118216,50.0,1,1,0
/CatalogService/AddItemfae4cb88-61ae-4bf3-9bc0-699896a4c826,2.896674908697605,2.896674908697605,50.0,1,1,0
/CatalogService/AddItemfee2942f-f51d-435d-a238-d90db5df61aa,10.2082509547472,10.2082509547472,50.0,1,1,0
/CatalogService/AddItemffe53cea-885a-448d-a2b2-1b854fd73f77,10.352007113397121,10.352007113397121,50.0,1,1,0
/CatalogService/GetItem05331533-552a-4102-8305-ea1e91bd44e1,2.834433689713478,2.834433689713478,3.0,1,1,0
/CatalogService/GetItem0c1bf1fe-577a-4c0b-964c-d9da633bcd7b,3.0128569342195988,3.0128569342195988,3.0,1,1,0
/CatalogService/GetItem0d794470-067a-477f-9255-417be5254a27,5.115334875881672,5.115334875881672,3.0,1,1,0
/CatalogService/GetItem13fac6ee-a2ac-4fcf-8454-e3efaf1d6823,6.169294007122517,6.169294007122517,3.0,1,1,0
/CatalogService/GetItem15911677-481d-4ec9-a631-3e92b6b71e57,4.643928725272417,4.643928725272417,3.0,1,1,0
/CatalogService/GetItem1b9cd96e-8c23-482a-a224-2bece723038b,5.825696978718042,5.825696978718042,3.0,1,1,0
/CatalogService/GetItem1e449a38-614e-43f6-8cac-f2f646ee5c34,3.995297010987997,3.995297010987997,3.0,1,1,0
/CatalogService/GetItem274387bf-9df4-4bdf-a6a4-2871bae02131,4.738207906484604,4.738207906484604,2.0,1,1,0
/CatalogService/GetItem29826b0a-84b5-4e44-88b3-20e4510adfcf,4.055744037032127,4.055744037032127,3.0,1,1,0
/CatalogService/GetItem2c0fe36c-c319-481b-9d53-540bfc112016,2.387644723057747,2.387644723057747,3.0,1,1,0
/CatalogService/GetItem32bf44ba-986b-4058-b9fc-14d8da9ab427,5.918854381889105,5.918854381889105,3.0,1,1,0
/CatalogService/GetItem34a80652-dbb2-45ea-b46d-c6afba222656,4.17398801073432,4.17398801073432,3.0,1,1,0
/CatalogService/GetItem3739eb0a-f8a2-45b1-92c5-0ba55c50f889,4.223858937621117,4.223858937621117,3.0,1,1,0
/CatalogService/GetItem381664e4-6816-4a06-964e-78086df23468,3.1537311151623726,3.1537311151623726,3.0,1,1,0
/CatalogService/GetItem384b2c84-22df-4295-8ab0-8e9e88ede02d,5.255979020148516,5.255979020148516,3.0,1,1,0
/CatalogService/GetItem42630db4-bb28-41cc-b26b-264ee5462cb7,3.93083319067955,3.93083319067955,3.0,1,1,0
/CatalogService/GetItem4332fd20-3dbf-4c52-a9a0-ae29c61f2cd3,3.1631430611014366,3.1631430611014366,3.0,1,1,0
/CatalogService/GetItem4408e83e-4996-4c4e-9400-5dcff1946f5d,8.008315227925777,8.008315227925777,3.0,1,1,0
/CatalogService/GetItem470a61a2-d93f-40a5-8e9f-80284d22189d,3.2637612894177437,3.2637612894177437,3.0,1,1,0
/CatalogService/GetItem47180250-35ac-4c88-b37c-52bfd2abc722,3.064163029193878,3.064163029193878,3.0,1,1,0
/CatalogService/GetItem487bf542-f961-46fe-a992-9caa2c8dc335,7.585338782519102,7.585338782519102,3.0,1,1,0
/CatalogService/GetItem4a61e51e-7451-4d7a-bc57-85349b0b883d,5.101867951452732,5.101867951452732,3.0,1,1,0
/CatalogService/GetItem5917a326-fdbb-44c8-bf87-539fa54a9e8b,3.5407342948019505,3.5407342948019505,3.0,1,1,0
/CatalogService/GetItem5b04e0b9-1b66-4738-996f-79ef919231f4,2.720378804951906,2.720378804951906,3.0,1,1,0
/CatalogService/GetItem5cb6727f-15d1-4a6c-a906-22fcce4c037d,5.755860824137926,5.755860824137926,3.0,1,1,0
/CatalogService/GetItem5d8a5353-c4f2-4485-9345-1154a4eb1dc1,2.417018637061119,2.417018637061119,3.0,1,1,0
/CatalogService/GetItem621e33aa-7a25-46a0-8af5-b61d07ade9a3,5.061703268438578,5.061703268438578,3.0,1,1,0
/CatalogService/GetItem645c8b19-5bde-49a4-bc89-7d2ef3358372,3.3873729407787323,3.3873729407787323,3.0,1,1,0
/CatalogService/GetItem646e2888-cf98-45b0-874c-561f878c4d24,4.406532738357782,4.406532738357782,3.0,1,1,0
/CatalogService/GetItem649db7f2-a448-4d6b-956d-23d870581864,3.493325784802437,3.493325784802437,3.0,1,1,0
/CatalogService/GetItem659d8745-ea39-48d0-8ff9-cd90a9d1fac6,5.999735090881586,5.999735090881586,3.0,1,1,0
/CatalogService/GetItem6bc9bcc1-fbd0-4fe1-a64e-75a8ea44c876,2.909169066697359,2.909169066697359,3.0,1,1,0
/CatalogService/GetItem6c9c4dd8-4f5a-42a2-913e-bf9579dc75dc,6.439310032874346,6.439310032874346,3.0,1,1,0
/CatalogService/GetItem7523c7d8-84a4-4947-a484-85319619aaab,5.093961022794247,5.093961022794247,3.0,1,1,0
/CatalogService/GetItem7651dce6-a8a9-4033-a35e-9c09cfe5ce90,9.989251848310232,9.989251848310232,2.0,1,1,0
/CatalogService/GetItem79035a79-3879-41d7-8ddc-62968084de62,6.306333001703024,6.306333001703024,3.0,1,1,0
/CatalogService/GetItem800db192-3868-43dc-b33d-f828deb7f42d,6.664542015641928,6.664542015641928,3.0,1,1,0
/CatalogService/GetItem84043318-cbe4-4f39-aaa9-84029b8605d5,2.9258509166538715,2.9258509166538715,3.0,1,1,0
/CatalogService/GetItem86f0a89a-d6c7-4d0a-bc58-23e911423c04,8.520416915416718,8.520416915416718,3.0,1,1,0
/CatalogService/GetItem8c3a03fd-0ee2-419b-9a57-67a24e41bb8f,14.135297853499651,14.135297853499651,3.0,1,1,0
/CatalogService/GetItem90008693-6baa-4acd-a720-686e997c45ae,5.7387216947972775,5.7387216947972775,3.0,1,1,0
/CatalogService/GetItem93a0892c-1852-4052-95d9-95ebdbcfe3b6,6.77146902307868,6.77146902307868,3.0,1,1,0
/CatalogService/GetItem960d0e7f-a2ca-47e2-8dca-f22f47701734,5.3690229542553425,5.3690229542553425,3.0,1,1,0
/CatalogService/GetItem98d9ad45-1435-495b-8a16-7f0ace9ac0bd,3.9860098622739315,3.9860098622739315,3.0,1,1,0
/CatalogService/GetItem98e8368e-3e2f-46cd-8618-2e6953bd9176,7.710952777415514,7.710952777415514,3.0,1,1,0
/CatalogService/GetItem99f9e295-d214-460c-98f9-74447afff67b,2.85185594111681,2.85185594111681,3.0,1,1,0
/CatalogService/GetItem9bdbbf2d-7ddd-4d6e-a756-b75627606dbc,6.666380912065506,6.666380912065506,3.0,1,1,0
/CatalogService/GetItem9cafd943-3e85-4b3e-ac61-b3f85e7e7bdf,4.561939276754856,4.561939276754856,3.0,1,1,0
/CatalogService/GetItem9e303dad-7968-4993-b129-e223cc26626d,3.3277771435678005,3.3277771435678005,3.0,1,1,0
/CatalogService/GetItem9e924de1-e298-4ae4-8c49-736d0c3fac20,1.897621899843216,1.897621899843216,3.0,1,1,0
/CatalogService/GetItem9ec3eaa5-208b-4b74-8a2c-b170f8e3b86d,7.017231546342373,7.017231546342373,3.0,1,1,0
/CatalogService/GetItem9fa36b41-a09c-49f8-beb3-4b0e5e33010b,5.237029865384102,5.237029865384102,3.0,1,1,0
/CatalogService/GetItema313efb5-309d-49da-84ac-3fc52600ef4a,3.401653841137886,3.401653841137886,3.0,1,1,0
/CatalogService/GetItema74d0ae9-775c-4122-9657-827728a1816c,2.615754958242178,2.615754958242178,3.0,1,1,0
/CatalogService/GetItema874b713-ddbf-47f7-9929-456327ff0598,3.235161304473877,3.235161304473877,3.0,1,1,0
/CatalogService/GetItemaf7277b7-9c92-48e2-ad4b-ff60ae3e4a0f,5.39527228102088,5.39527228102088,3.0,1,1,0
/CatalogService/GetItemb42237c0-1e23-4117-aa21-894f409c1783,10.466570034623146,10.466570034623146,3.0,1,1,0
/CatalogService/GetItemb7edab19-f14c-4405-9881-aca9dcd05459,1.6862130723893642,1.6862130723893642,3.0,1,1,0
/CatalogService/GetItemba982daf-378a-454d-b7cd-4b418f96d655,4.841900896281004,4.841900896281004,3.0,1,1,0
/CatalogService/GetItembca21f73-b449-4fd4-ab21-291a724be6f0,2.1905479952692986,2.1905479952692986,3.0,1,1,0
/CatalogService/GetItembeedb8f7-de4e-4033-ab6c-76ad9cd18219,2.6843249797821045,2.6843249797821045,3.0,1,1,0
/CatalogService/GetItembfdf1e8a-a3db-45b8-8bf7-68e117e60410,2.342446707189083,2.342446707189083,3.0,1,1,0
/CatalogService/GetItemc0424e3a-cf56-4911-a852-27caaba28449,3.6710421554744244,3.6710421554744244,3.0,1,1,0
/CatalogService/GetItemc83e0323-70fb-4036-b950-a87c3e3b788c,6.620290689170361,6.620290689170361,3.0,1,1,0
/CatalogService/GetItemd7695cca-34f8-49c5-8ef1-3cbe0ad6b905,2.454706933349371,2.454706933349371,3.0,1,1,0
/CatalogService/GetItemdbdf38f0-0b20-4860-988e-e767f36d09ef,5.031973123550415,5.031973123550415,3.0,1,1,0
/CatalogService/GetItemdc25beb4-4a88-4e0f-8f43-67e00cc0f36b,8.125059772282839,8.125059772282839,3.0,1,1,0
/CatalogService/GetItemddba7615-64bd-467a-ab8d-9fa700ba8954,7.21721863374114,7.21721863374114,2.0,1,1,0
/CatalogService/GetIteme11c556e-f874-418e-8e3e-62c3d43896fa,3.1366823241114616,3.1366823241114616,3.0,1,1,0
/CatalogService/GetIteme3b89f52-42e8-4dfa-91d3-ff82020c647a,3.4481589682400227,3.4481589682400227,3.0,1,1,0
/CatalogService/GetIteme95a09fa-9980-44f1-93de-682084794353,2.1596341393887997,2.1596341393887997,3.0,1,1,0
/CatalogService/GetItemea22da34-a8ed-47ba-881f-e2d89703a1dc,7.847276981920004,7.847276981920004,3.0,1,1,0
/CatalogService/GetItemeee587cf-7f97-4c2b-b17e-83e6d78a5c16,3.6240452900528908,3.6240452900528908,3.0,1,1,0
/CatalogService/GetItemf136f534-7aca-493e-8bd8-2b1801a83f75,4.015545826405287,4.015545826405287,3.0,1,1,0
/CatalogService/GetItemf206c980-17ae-42f5-9309-f896f64305f8,3.7848660722374916,3.7848660722374916,3.0,1,1,0
/CatalogService/GetItemf2fe426f-0635-4554-bbe2-019031601c7c,3.2292273826897144,3.2292273826897144,3.0,1,1,0
/CatalogService/GetItemf344dcd7-a7d0-466f-b97d-3f934a7698fe,4.817376844584942,4.817376844584942,3.0,1,1,0
/CatalogService/GetItemf927c623-b586-495c-81d7-4993d035303c,2.8746062889695168,2.8746062889695168,3.0,1,1,0
/CatalogService/GetItemfa4bd5f0-818f-4e90-9d35-684547e57f68,4.686444997787476,4.686444997787476,3.0,1,1,0
/CatalogService/GetItemfd22c427-865a-48d2-ad46-a4f49c462f74,1.7875870689749718,1.7875870689749718,3.0,1,1,0
/CatalogService/UpdateItem036f3dcb-6c54-4801-b447-bd5806fd8430,4.829111974686384,4.829111974686384,50.0,1,1,0
/CatalogService/UpdateItem0810e0c1-9bc1-45e0-bf22-66da82e42345,6.149464286863804,6.149464286863804,50.0,1,1,0
/CatalogService/UpdateItem0e9d3ef4-b62e-422f-90f6-ed3aaf05e5ef,8.33167228847742,8.33167228847742,50.0,1,1,0
/CatalogService/UpdateItem1013ad03-b8f0-4b71-ad18-781bb12c7246,11.002338957041502,11.002338957041502,50.0,1,1,0
/CatalogService/UpdateItem124163a0-2aa4-45e4-ac1f-7f3f2a567b57,8.56012525036931,8.56012525036931,50.0,1,1,0
/CatalogService/UpdateItem15067411-fd47-4a34-a6f9-1eab0ca0fc1d,14.590129256248474,14.590129256248474,50.0,1,1,0
/CatalogService/UpdateItem176cd2ab-8e38-4046-90f0-44f9891725a9,3.712987992912531,3.712987992912531,50.0,1,1,0
/CatalogService/UpdateItem1ae50b65-79ae-4b71-b409-d3f9bd466620,5.881899036467075,5.881899036467075,50.0,1,1,0
/CatalogService/UpdateItem22ad0f33-681c-43c7-b402-7de51f96dea6,5.508849862962961,5.508849862962961,50.0,1,1,0
/CatalogService/UpdateItem273787e6-c6b4-4d0a-b027-374d71447898,9.967517107725143,9.967517107725143,50.0,1,1,0
/CatalogService/UpdateItem27dc8293-a427-4981-8b68-cc7c6c6892f6,10.594347957521677,10.594347957521677,50.0,1,1,0
/CatalogService/UpdateItem27f3e0da-dc43-4664-87d9-3c28165ab554,5.662997718900442,5.662997718900442,50.0,1,1,0
/CatalogService/UpdateItem2cb08738-a361-4171-9abd-44adeff53814,7.507099770009518,7.507099770009518,50.0,1,1,0
/CatalogService/UpdateItem32587aff-5c9a-444a-8b35-229b912def23,8.56044190004468,8.56044190004468,50.0,1,1,0
/CatalogService/UpdateItem3308eb52-a214-486b-b9fe-7e3fa6205504,4.075481090694666,4.075481090694666,49.0,1,1,0
/CatalogService/UpdateItem35479b9c-d6b8-40ee-9a9c-42fb46cde66b,4.39881905913353,4.39881905913353,50.0,1,1,0
/CatalogService/UpdateItem37e19a60-f018-4d3a-a2f8-0faab2e38c42,10.931365191936493,10.931365191936493,50.0,1,1,0
/CatalogService/UpdateItem381c1ad5-e760-43ba-be7a-d214ca730739,10.985842905938625,10.985842905938625,50.0,1,1,0
/CatalogService/UpdateItem39da022d-af2f-4cf3-8840-973fb00735c1,5.993618164211512,5.993618164211512,50.0,1,1,0
/CatalogService/UpdateItem3d7b3df9-f6b7-46cf-a957-27db6305140a,6.387655157595873,6.387655157595873,50.0,1,1,0
/CatalogService/UpdateItem3e9bce02-3e0b-4095-a24b-f2ae6b821c57,4.802371840924025,4.802371840924025,50.0,1,1,0
/CatalogService/UpdateItem4433e233-a60f-404c-aabb-1fea68bbe8ae,8.705079089850187,8.705079089850187,50.0,1,1,0
/CatalogService/UpdateItem44da65f8-1942-450c-89c5-6f5ba4db6c49,5.5715166963636875,5.5715166963636875,50.0,1,1,0
/CatalogService/UpdateItem4b4e7dec-8a47-4710-b5de-cc401077a362,4.514016211032867,4.514016211032867,50.0,1,1,0
/CatalogService/UpdateItem51c67e0f-5295-4e4f-a0d4-14eaa3b089fb,11.446347925812006,11.446347925812006,50.0,1,1,0
/CatalogService/UpdateItem52e07a45-f2e8-4d77-a5d4-68060da5a5d8,4.957227036356926,4.957227036356926,50.0,1,1,0
/CatalogService/UpdateItem56bcbafc-7ee2-4f5c-b677-a5c7ad87c172,4.12334967404604,4.12334967404604,50.0,1,1,0
/CatalogService/UpdateItem58a60ca5-baf8-4863-9492-375892e01e7c,11.551534291356802,11.551534291356802,50.0,1,1,0
/CatalogService/UpdateItem58ee2684-b079-492a-beee-5da7d43532d9,8.000769186764956,8.000769186764956,50.0,1,1,0
/CatalogService/UpdateItem5cbd4aa3-46ec-47e4-89d2-8c476b71ce65,3.3900244161486626,3.3900244161486626,50.0,1,1,0
/CatalogService/UpdateItem66d7591d-98d7-4fe6-980d-0a78dfb7e4de,5.328413099050522,5.328413099050522,50.0,1,1,0
/CatalogService/UpdateItem68176bf8-c805-4d6e-90bb-520b1f132fcb,14.931737910956144,14.931737910956144,50.0,1,1,0
/CatalogService/UpdateItem6866b317-af6a-47c8-86cb-2cbe679c7eea,6.395686883479357,6.395686883479357,50.0,1,1,0
/CatalogService/UpdateItem693000df-5b81-4f67-acde-d0b408047b16,7.179225329309702,7.179225329309702,50.0,1,1,0
/CatalogService/UpdateItem6da2df38-42d7-4c2f-b509-570316472588,3.1782961450517178,3.1782961450517178,50.0,1,1,0
/CatalogService/UpdateItem71d7511c-4be6-4c20-a23b-b4ddf1e92c08,6.354427430778742,6.354427430778742,50.0,1,1,0
/CatalogService/UpdateItem72bd28bb-7a0b-46a3-bab5-2cbd5ab2303d,5.025155376642942,5.025155376642942,50.0,1,1,0
/CatalogService/UpdateItem774e23f5-ca5f-4cac-8b92-4570df170b4a,9.92864090949297,9.92864090949297,50.0,1,1,0
/CatalogService/UpdateItem7bde3d80-0f5f-4de9-8aa1-669f785a4a67,5.482969805598259,5.482969805598259,50.0,1,1,0
/CatalogService/UpdateItem7dc6593a-1b1c-4e54-83c0-9e9a26346645,6.468615029007196,6.468615029007196,50.0,1,1,0
/CatalogService/UpdateItem87227c1b-509b-4199-b49d-3d334ecb135e,6.743334699422121,6.743334699422121,50.0,1,1,0
/CatalogService/UpdateItem8c3daa06-3322-499b-a42b-c17bf134afdf,10.74384804815054,10.74384804815054,50.0,1,1,0
/CatalogService/UpdateItem944d6167-7896-4fde-8397-685a5680ed70,5.972109735012054,5.972109735012054,50.0,1,1,0
/CatalogService/UpdateItem9717f3c3-f36f-41df-92d4-a0639ef02148,11.991113889962435,11.991113889962435,50.0,1,1,0
/CatalogService/UpdateItem9b9dcc82-2314-49dd-976c-42035340af65,5.681764800101519,5.681764800101519,50.0,1,1,0
/CatalogService/UpdateItem9bb23a7f-a425-453a-9bfd-1035d5ffaa8f,10.93084691092372,10.93084691092372,50.0,1,1,0
/CatalogService/UpdateItem9ef07f5a-c358-45d5-8a15-905cf7ebf8e9,6.329844705760479,6.329844705760479,49.0,1,1,0
/CatalogService/UpdateItem9fb15933-ad37-4b84-9d8f-e568455dc2ee,6.576707120984793,6.576707120984793,50.0,1,1,0
/CatalogService/UpdateItema1605a8b-2afb-4309-9d12-265c72741b50,7.678424008190632,7.678424008190632,50.0,1,1,0
/CatalogService/UpdateItema653f8c2-2ec0-4f4a-a4d9-c3d367818586,5.59427123516798,5.59427123516798,50.0,1,1,0
/CatalogService/UpdateItema6807b7e-d9de-4e64-a2df-5c90e29b3748,4.996221978217363,4.996221978217363,50.0,1,1,0
/CatalogService/UpdateItema787f94c-c6d4-449c-b411-7686a59bcd2b,4.969135392457247,4.969135392457247,50.0,1,1,0
/CatalogService/UpdateItema9e18e57-b301-43bc-bb6f-46d141b63226,8.4377471357584,8.4377471357584,50.0,1,1,0
/CatalogService/UpdateItemb32087f1-5288-4dbb-8d74-62d9f3884eab,12.426604051142931,12.426604051142931,50.0,1,1,0
/CatalogService/UpdateItembe5c0b32-3d64-48b9-872d-a9d52ac4cb4b,7.877918891608715,7.877918891608715,50.0,1,1,0
/CatalogService/UpdateItemc018675b-9f83-4641-be94-60982ee9bf02,7.998988032341003,7.998988032341003,50.0,1,1,0
/CatalogService/UpdateItemcb9e028d-3712-4e33-b1a8-3222c9a9d5bf,5.565327126532793,5.565327126532793,50.0,1,1,0
/CatalogService/UpdateItemcba50f4f-d2bf-4b75-b1af-67dd0e7b5534,10.913658887147903,10.913658887147903,50.0,1,1,0
/CatalogService/UpdateItemd33ccdad-06b8-4128-8e4a-e6c43e62bda5,9.794533252716064,9.794533252716064,50.0,1,1,0
/CatalogService/UpdateItemd55e8e98-1c84-4570-aca8-89ddb4c63256,4.924781154841185,4.924781154841185,50.0,1,1,0
/CatalogService/UpdateItemd58caf58-611c-44af-aedc-83ff199f511d,7.096456829458475,7.096456829458475,50.0,1,1,0
/CatalogService/UpdateItemd704d2ab-f827-4924-b575-381697007a48,8.731718175113201,8.731718175113201,50.0,1,1,0
/CatalogService/UpdateIteme1c8c9fc-b2fc-4958-87eb-17a6138025e6,5.8248830027878284,5.8248830027878284,50.0,1,1,0
/CatalogService/UpdateIteme64ffbcd-e5e8-4c72-92d8-fe2f3729a39f,12.287556193768978,12.287556193768978,50.0,1,1,0
/CatalogService/UpdateIteme8db3388-30b9-457c-9de5-b27a151b82ab,6.097470875829458,6.097470875829458,50.0,1,1,0
/CatalogService/UpdateIteme9dad7ea-4154-41fd-bc44-5195dd1839bf,4.822069313377142,4.822069313377142,50.0,1,1,0
/CatalogService/UpdateItemeab54f8e-c767-4c6e-a4b3-177f3d6a02e0,14.464274048805237,14.464274048805237,50.0,1,1,0
/CatalogService/UpdateItemecd35761-3498-45d6-8242-6887aac17241,7.634441833943129,7.634441833943129,50.0,1,1,0
/CatalogService/UpdateItemedb7ce3c-c090-46db-92d5-c5bb720c5db2,13.016390148550272,13.016390148550272,50.0,1,1,0
/CatalogService/UpdateItemedd3d1f9-4b2b-48fc-bc5f-66fd53849f91,4.859265871345997,4.859265871345997,49.0,1,1,0
/CatalogService/UpdateItemeef423b7-8c76-4980-a550-737dcd38d9c6,4.266171250492334,4.266171250492334,50.0,1,1,0
/CatalogService/UpdateItemefe80dbe-405e-4f2d-8cc7-2b984ff544a3,3.7920870818197727,3.7920870818197727,50.0,1,1,0
/CatalogService/UpdateItemf0c44bfb-7884-4ce7-b667-14ca1a43f35b,5.1787192933261395,5.1787192933261395,50.0,1,1,0
/CatalogService/UpdateItemf3a81255-f335-4c27-a3a2-08e6bb99661a,6.135477684438229,6.135477684438229,50.0,1,1,0
/CatalogService/UpdateItemf3f234d1-e49a-4c00-a7c7-efd50d4a5eb0,9.912860114127398,9.912860114127398,50.0,1,1,0
/CatalogService/UpdateItemf861d257-0101-44c5-bf16-a65f74859a2f,7.7699399553239346,7.7699399553239346,50.0,1,1,0
/CatalogService/UpdateItemfa3afb90-46fd-4329-80ae-2306616056f2,5.884929094463587,5.884929094463587,50.0,1,1,0
/CatalogService/UpdateItemfb3e10e2-407d-43f5-a05f-92a809b38cc4,5.883217789232731,5.883217789232731,50.0,1,1,0
/CatalogService/UpdateItemfc103617-59ef-40d6-8421-e2b863abb630,17.351141199469566,17.351141199469566,50.0,1,1,0
/CatalogService/UpdateItemfcd37063-c412-4675-b1a9-4ca10ecde070,5.17728878185153,5.17728878185153,50.0,1,1,0
/CustomerService/CreateCustomer0221eb3e-b3c5-4d96-a3e6-511a0ecd8aa3,5.173981189727783,5.173981189727783,50.0,1,1,0
/CustomerService/CreateCustomer0a1ad41d-ed6d-4ad4-9ada-d9fae90affe0,5.573145113885403,5.573145113885403,50.0,1,1,0
/CustomerService/CreateCustomer0bd80e50-f789-4dcb-86bc-adefb7664b1c,11.511782184243202,11.511782184243202,50.0,1,1,0
/CustomerService/CreateCustomer11ca7703-c900-4bb1-9e9b-a0a32b080341,8.586131036281586,8.586131036281586,50.0,1,1,0
/CustomerService/CreateCustomer1231067e-0164-4cc4-bb46-e5db64b4ec83,16.54077786952257,16.54077786952257,50.0,1,1,0
/CustomerService/CreateCustomer163ec5ca-d692-4d5d-a75b-2eca46a8e17d,6.319897715002298,6.319897715002298,50.0,1,1,0
/CustomerService/CreateCustomer18b0ff27-1824-4388-8b25-d5cc332bb71a,5.972944665700197,5.972944665700197,50.0,1,1,0
/CustomerService/CreateCustomer18c63ef7-8768-483e-a002-56d732fc1c5a,10.178091004490852,10.178091004490852,50.0,1,1,0
/CustomerService/CreateCustomer1a65ec06-4e95-4e0b-be45-8f9e9701a1eb,8.797523099929094,8.797523099929094,50.0,1,1,0
/CustomerService/CreateCustomer1c59e0b2-8ab1-4f74-a5f6-c32d570656b1,5.635370034724474,5.635370034724474,50.0,1,1,0
/CustomerService/CreateCustomer2438f07a-b64f-4d67-8f28-a72b19ec129d,6.133819930255413,6.133819930255413,50.0,1,1,0
/CustomerService/CreateCustomer28816ca0-88fd-41d1-af75-714cb6ad65f9,5.534084048122168,5.534084048122168,50.0,1,1,0
/CustomerService/CreateCustomer2d31007f-70e5-44f0-a597-6ff43c2c6573,5.218770820647478,5.218770820647478,50.0,1,1,0
/CustomerService/CreateCustomer2d3b6ae7-54d8-4b5d-8aec-62f967a66995,6.4332070760428905,6.4332070760428905,50.0,1,1,0
/CustomerService/CreateCustomer2fc0d6ab-a776-4d85-8183-604e8592ffa1,5.459893029183149,5.459893029183149,50.0,1,1,0
/CustomerService/CreateCustomer3010b4d8-7796-46f2-ad2f-014b2d3c642b,11.347238905727863,11.347238905727863,50.0,1,1,0
/CustomerService/CreateCustomer31973df9-462f-444e-86e6-da6ed3af9715,5.988762713968754,5.988762713968754,50.0,1,1,0
/CustomerService/CreateCustomer3387e306-67bc-4cfa-a9e2-354f54fe2f59,8.99550225585699,8.99550225585699,50.0,1,1,0
/CustomerService/CreateCustomer348ec715-b46e-4c82-b3b7-db87c66e2c1c,6.251104641705751,6.251104641705751,50.0,1,1,0
/CustomerService/CreateCustomer3bffd38f-521c-4d25-9278-33786f42e1d8,6.027491297572851,6.027491297572851,50.0,1,1,0
/CustomerService/CreateCustomer4201b730-8e4f-48e9-b1fe-defc09eb7f43,5.832022987306118,5.832022987306118,50.0,1,1,0
/CustomerService/CreateCustomer4480df48-ea82-4cf3-a479-0c1e4066ab22,5.751321092247963,5.751321092247963,50.0,1,1,0
/CustomerService/CreateCustomer4d55ccb6-687a-4098-ba18-f15f0016bf49,17.221981193870306,17.221981193870306,50.0,1,1,0
/CustomerService/CreateCustomer5045aae1-9c15-4646-b4f0-43a042c070e8,5.325709003955126,5.325709003955126,50.0,1,1,0
/CustomerService/CreateCustomer511ae655-1e57-4f77-9c0f-ac30af49b94e,3.3019427210092545,3.3019427210092545,50.0,1,1,0
/CustomerService/CreateCustomer52d386b8-8f2b-4ea7-9a8f-a19067b4fb33,10.659628082066774,10.659628082066774,50.0,1,1,0
/CustomerService/CreateCustomer54a1f550-ccdc-4bd7-a761-80670e077dee,5.913358181715012,5.913358181715012,50.0,1,1,0
/CustomerService/CreateCustomer622bea8a-37d2-47f9-ad96-f79268a1e3e8,5.94570767134428,5.94570767134428,50.0,1,1,0
/CustomerService/CreateCustomer6453dc9f-de52-4d35-b7d9-448823891a6f,11.246276088058949,11.246276088058949,50.0,1,1,0
/CustomerService/CreateCustomer650a1ef4-4cc3-4e3d-8abe-00779438d24c,6.212291773408651,6.212291773408651,50.0,1,1,0
/CustomerService/CreateCustomer658d5030-127b-4771-a7ef-6a23afef75e4,5.503097083419561,5.503097083419561,50.0,1,1,0
/CustomerService/CreateCustomer674261ea-f493-49e9-a214-1a06eb4e2fb6,5.456578452140093,5.456578452140093,50.0,1,1,0
/CustomerService/CreateCustomer67ab0e47-8ab2-4c40-a13c-55f410fc062d,4.059077240526676,4.059077240526676,50.0,1,1,0
/CustomerService/CreateCustomer6a532306-01eb-4aa9-ac89-a2e9805462ec,6.512769032269716,6.512769032269716,50.0,1,1,0
/CustomerService/CreateCustomer74384ee3-3ba3-4429-abdb-18c967d930f2,9.508400224149227,9.508400224149227,50.0,1,1,0
/CustomerService/CreateCustomer760a6262-cbaa-4a0a-b66a-ada3941e820e,6.106153130531311,6.106153130531311,50.0,1,1,0
/CustomerService/CreateCustomer77a905a2-ee37-4aee-b221-7c7b23a2534f,15.680985059589148,15.680985059589148,50.0,1,1,0
/CustomerService/CreateCustomer7dd6f8cf-388f-4afc-9715-a9fb40303d51,6.141230929642916,6.141230929642916,50.0,1,1,0
/CustomerService/CreateCustomer82fb8674-9489-468c-82f2-85ef9d9acacd,6.233328953385353,6.233328953385353,50.0,1,1,0
/CustomerService/CreateCustomer84f613f3-6474-4c4e-98a7-54982a1e1e63,10.863529983907938,10.863529983907938,50.0,1,1,0
/CustomerService/CreateCustomer8a731c4c-40d9-4979-8d7d-5823b9f4fc84,16.050964128226042,16.050964128226042,50.0,1,1,0
/CustomerService/CreateCustomer8d9bf713-cbc1-44e3-b46d-425d9b2c0667,5.15136681497097,5.15136681497097,50.0,1,1,0
/CustomerService/CreateCustomer8e9a997d-16aa-40dd-b641-ee4ac67b836a,11.049260850995779,11.049260850995779,50.0,1,1,0
/CustomerService/CreateCustomer8ec4aba9-fbc5-48a9-9d65-f0b4ee098336,10.447881184518337,10.447881184518337,50.0,1,1,0
/CustomerService/CreateCustomer9116635e-cc4b-441a-9d04-ea651ab48736,11.699672788381577,11.699672788381577,50.0,1,1,0
/CustomerService/CreateCustomer9222f88d-2b49-4cc5-9718-81a3afebfa9a,9.004679974168539,9.004679974168539,50.0,1,1,0
/CustomerService/CreateCustomer93b0c885-c31a-4dd2-b009-756ceb05822c,5.194362252950668,5.194362252950668,50.0,1,1,0
/CustomerService/CreateCustomer9dc43a7f-b7a0-41e8-a766-847455ee8d34,6.339379120618105,6.339379120618105,50.0,1,1,0
/CustomerService/CreateCustomer9fcc10b7-279d-4b64-8528-8062d52c2d24,9.556439239531755,9.556439239531755,50.0,1,1,0
/CustomerService/CreateCustomera1a76d07-7525-4300-a49a-192471c3683b,9.314583148807287,9.314583148807287,50.0,1,1,0
/CustomerService/CreateCustomera46dce34-f509-4817-b248-eb22c9170a4b,19.253197126090527,19.253197126090527,50.0,1,1,0
/CustomerService/CreateCustomera67e8abb-3811-4042-8737-65adc83143be,6.389731075614691,6.389731075614691,50.0,1,1,0
/CustomerService/CreateCustomera72e5b88-69fe-488e-b6fc-0df61bee2e16,12.427146080881357,12.427146080881357,50.0,1,1,0
/CustomerService/CreateCustomera7d3ff99-d900-4444-8d7e-c30516f32927,18.45532190054655,18.45532190054655,50.0,1,1,0
/CustomerService/CreateCustomeraafae787-9ccf-481b-9674-2325e2b0e6b2,6.348281167447567,6.348281167447567,50.0,1,1,0
/CustomerService/CreateCustomerabef9c11-3d2c-4779-9c40-c31def7f5a71,11.42219128087163,11.42219128087163,50.0,1,1,0
/CustomerService/CreateCustomerac1699c8-e4d3-4f25-ad43-fff3d3057595,5.541711114346981,5.541711114346981,50.0,1,1,0
/CustomerService/CreateCustomerb0e38dd9-695b-4c9e-9ebf-b25860edc39d,10.76201070100069,10.76201070100069,50.0,1,1,0
/CustomerService/CreateCustomerb314b425-cc0b-4a03-8438-1f10f039961c,11.409217026084661,11.409217026084661,50.0,1,1,0
/CustomerService/CreateCustomerb48da8ef-a2ca-4e1d-b628-68eaa9abe376,5.109070334583521,5.109070334583521,50.0,1,1,0
/CustomerService/CreateCustomerb7ccabce-2078-4803-8f2a-fd21dbd269cc,5.349305924028158,5.349305924028158,50.0,1,1,0
/CustomerService/CreateCustomerba8ef554-f24e-403e-99ec-4fda1ac68900,7.960414048284292,7.960414048284292,50.0,1,1,0
/CustomerService/CreateCustomerc6c9ad10-a341-4028-bb98-a0b71f5e8b03,18.922913819551468,18.922913819551468,50.0,1,1,0
/CustomerService/CreateCustomerd0fa8cd6-004f-4444-8092-2da40d022def,8.856046013534069,8.856046013534069,50.0,1,1,0
/CustomerService/CreateCustomerd31c2395-32e3-4306-9c76-f2c609bccf46,6.5122367814183235,6.5122367814183235,50.0,1,1,0
/CustomerService/CreateCustomerd469a53c-cfcb-47bc-b4db-7e8ead64805d,8.087356109172106,8.087356109172106,50.0,1,1,0
/CustomerService/CreateCustomerd4a8bb86-cdfa-4477-af42-3ef2def8f32e,16.873333603143692,16.873333603143692,50.0,1,1,0
/CustomerService/CreateCustomerd8bd3f0e-7227-4413-96c0-77d8cdbe52f9,11.180148925632238,11.180148925632238,50.0,1,1,0
/CustomerService/CreateCustomere54ae2c5-1e97-40a1-b48e-6e0f797bf951,3.584823105484247,3.584823105484247,50.0,1,1,0
/CustomerService/CreateCustomere736b765-e1c9-4098-a1af-98223f255454,4.391286056488752,4.391286056488752,50.0,1,1,0
/CustomerService/CreateCustomerea6fd7ef-db67-4e51-9dcf-43214b618c64,16.62405487149954,16.62405487149954,50.0,1,1,0
/CustomerService/CreateCustomerebc0ca7d-68bc-48eb-8d1f-07f7bdb06714,10.062879882752895,10.062879882752895,50.0,1,1,0
/CustomerService/CreateCustomerec50b2f7-e59e-4cdf-84c6-5b0fedfc15d5,13.019111938774586,13.019111938774586,50.0,1,1,0
/CustomerService/CreateCustomered97e4ae-5b1a-4cd9-b926-aaf0fcc82644,6.31377100944519,6.31377100944519,50.0,1,1,0
/CustomerService/CreateCustomerf18c4394-65cd-4bbe-b400-c3ec4761da3f,11.190866120159626,11.190866120159626,50.0,1,1,0
/CustomerService/CreateCustomerf5c89eb4-1e73-4c99-a9c8-b75d0b00ecfb,6.476616021245718,6.476616021245718,50.0,1,1,0
/CustomerService/CreateCustomerf999e3d3-469f-48d9-b440-3da506719f61,11.360099073499441,11.360099073499441,50.0,1,1,0
/CustomerService/CreateCustomerfbd367a3-313c-44f9-acb1-8eaa337eb94e,11.455370113253593,11.455370113253593,50.0,1,1,0
/CustomerService/CreateCustomerfcc173d2-e88b-4a55-ab2d-daf24ac88889,8.357552345842123,8.357552345842123,50.0,1,1,0
/CustomerService/CreateCustomerfff37837-6e54-4c66-a347-cd389e427115,7.096605841070414,7.096605841070414,50.0,1,1,0
/CustomerService/UpdateCustomer00c2ec9e-7588-416f-b4ae-c9ba9e7170e5,18.484388012439013,18.484388012439013,50.0,1,1,0
/CustomerService/UpdateCustomer0d83c034-11e4-499f-9fea-bc3eeb4d04f0,5.458982195705175,5.458982195705175,50.0,1,1,0
/CustomerService/UpdateCustomer0e70d199-689d-4694-945f-b37149fe8ded,11.657936964184046,11.657936964184046,50.0,1,1,0
/CustomerService/UpdateCustomer106e3ec7-3502-47dd-a977-803c85e64bdc,10.361667722463608,10.361667722463608,50.0,1,1,0
/CustomerService/UpdateCustomer137be5d4-e0c2-4e52-9464-73f3edc6bca6,17.263717018067837,17.263717018067837,50.0,1,1,0
/CustomerService/UpdateCustomer1660fd0c-91c7-4d6d-aaf3-ef6e9293f141,22.574087604880333,22.574087604880333,50.0,1,1,0
/CustomerService/UpdateCustomer1f28fd7e-bd9a-4f39-a009-b653de530b0c,12.867073062807322,12.867073062807322,50.0,1,1,0
/CustomerService/UpdateCustomer2057f44e-6d98-49a4-909d-d116df7d99fa,28.254227247089148,28.254227247089148,50.0,1,1,0
/CustomerService/UpdateCustomer2201eaed-02cf-4bdf-8860-8355fd650da6,9.329043328762054,9.329043328762054,50.0,1,1,0
/CustomerService/UpdateCustomer29fd69db-2116-49d6-9446-94acc7a73323,13.946941122412682,13.946941122412682,50.0,1,1,0
/CustomerService/UpdateCustomer2f84db75-7814-4922-ba0d-08fbc75d0cb3,11.555038392543793,11.555038392543793,50.0,1,1,0
/CustomerService/UpdateCustomer311ed378-2804-4b65-92df-ab534d035ad9,7.745161186903715,7.745161186903715,50.0,1,1,0
/CustomerService/UpdateCustomer325f4934-7be2-44b7-9931-11222d60bfce,10.851874947547913,10.851874947547913,50.0,1,1,0
/CustomerService/UpdateCustomer36d05737-45bb-4d0a-b1a3-b1dcf42e3214,5.344927776604891,5.344927776604891,50.0,1,1,0
/CustomerService/UpdateCustomer38e21fb5-359f-43e8-9b5a-2577bcbbf31c,6.020281929522753,6.020281929522753,50.0,1,1,0
/CustomerService/UpdateCustomer3a7ff2bd-172b-4d14-af0b-014915ea5f71,6.521919276565313,6.521919276565313,50.0,1,1,0
/CustomerService/UpdateCustomer3ce5b858-b3f3-4014-9483-c585d1943c9f,18.368009012192488,18.368009012192488,50.0,1,1,0
/CustomerService/UpdateCustomer3e67f750-ecf3-4f69-86b9-66592aee18a1,6.337557919323444,6.337557919323444,50.0,1,1,0
/CustomerService/UpdateCustomer3e7d0249-cd3e-4bba-a6ce-58b45862bf76,27.89290063083172,27.89290063083172,50.0,1,1,0
/CustomerService/UpdateCustomer4437e809-52f2-4e14-a7a3-aa80dc5f6465,11.87336165457964,11.87336165457964,50.0,1,1,0
/CustomerService/UpdateCustomer4636bcc9-9186-4f04-bc00-802c4951ba3a,14.339606277644634,14.339606277644634,50.0,1,1,0
/CustomerService/UpdateCustomer4b473ec5-5602-4240-9ea6-25975ee43c69,12.491586152464151,12.491586152464151,50.0,1,1,0
/CustomerService/UpdateCustomer4e9410ee-78af-4d66-927d-299d17732885,11.01704128086567,11.01704128086567,50.0,1,1,0
/CustomerService/UpdateCustomer513a86cc-8f96-40e7-8fff-3d26e6acab20,6.329105701297522,6.329105701297522,50.0,1,1,0
/CustomerService/UpdateCustomer51eb82f0-e83b-4c0c-888e-12b82b92391c,11.920201126486063,11.920201126486063,50.0,1,1,0
/CustomerService/UpdateCustomer55e99050-18ac-4b24-984d-708fe59edc5a,5.12041337788105,5.12041337788105,50.0,1,1,0
/CustomerService/UpdateCustomer59730ff9-6b5e-4a8c-a842-687f5c47c43e,26.523509062826633,26.523509062826633,50.0,1,1,0
/CustomerService/UpdateCustomer5adcb970-bf0d-4cbb-9536-0c23fe9fcb2b,12.566032819449902,12.566032819449902,50.0,1,1,0
/CustomerService/UpdateCustomer5b9fc484-091c-432f-b4b7-2573ca7cd04a,12.533239088952541,12.533239088952541,50.0,1,1,0
/CustomerService/UpdateCustomer64509278-e956-4ce4-8730-e7d6589ab52c,18.023259937763214,18.023259937763214,50.0,1,1,0
/CustomerService/UpdateCustomer65060318-6025-44b5-846c-a889e1a90474,18.182234838604927,18.182234838604927,50.0,1,1,0
/CustomerService/UpdateCustomer68d86bf8-3f6e-4952-abcb-9d431d91e9c8,28.625148814171553,28.625148814171553,50.0,1,1,0
/CustomerService/UpdateCustomer6bab1aa0-3a3d-4878-9ab2-2b284aab828e,16.90329611301422,16.90329611301422,50.0,1,1,0
/CustomerService/UpdateCustomer6da05df6-7312-4f9f-a6ba-ec5dc9577b98,6.768778897821903,6.768778897821903,50.0,1,1,0
/CustomerService/UpdateCustomer6e10f436-ac01-40a7-849c-049bda97cae1,18.18710519000888,18.18710519000888,50.0,1,1,0
/CustomerService/UpdateCustomer6eb40d82-3eff-4d79-907e-a23509a77770,28.76068325713277,28.76068325713277,50.0,1,1,0
/CustomerService/UpdateCustomer6eed4c96-6454-4ac6-bab1-8053389f8359,8.568780962377787,8.568780962377787,50.0,1,1,0
/CustomerService/UpdateCustomer723523b6-694b-45da-b9de-a82fcf39be00,7.919135969132185,7.919135969132185,50.0,1,1,0
/CustomerService/UpdateCustomer78bbda07-120c-4eab-a2b2-9a7553577839,5.880627781152725,5.880627781152725,50.0,1,1,0
/CustomerService/UpdateCustomer79715af4-6c58-47c3-a5c1-55260c472238,8.183721918612719,8.183721918612719,50.0,1,1,0
/CustomerService/UpdateCustomer7f5fcdc5-80a8-4801-8683-7a5986c659f9,11.621913872659206,11.621913872659206,50.0,1,1,0
/CustomerService/UpdateCustomer850d4bd7-da8d-40b7-a336-c4e22627c152,23.08893157169223,23.08893157169223,50.0,1,1,0
/CustomerService/UpdateCustomer88222800-1469-4a6a-918f-04f4bfd7986f,7.446511182934046,7.446511182934046,50.0,1,1,0
/CustomerService/UpdateCustomer8f4aa8c3-d845-4f89-a592-b8a3b604a3f4,9.137292858213186,9.137292858213186,50.0,1,1,0
/CustomerService/UpdateCustomer919e0263-d3d0-4266-a062-df4c1e83f806,10.203899815678596,10.203899815678596,50.0,1,1,0
/CustomerService/UpdateCustomer93497c1d-affe-440b-a917-33c3d63eac71,6.285602226853371,6.285602226853371,50.0,1,1,0
/CustomerService/UpdateCustomer9844a3c5-17ab-4ce9-a5f5-63156d4e2160,22.8987168520689,22.8987168520689,50.0,1,1,0
/CustomerService/UpdateCustomer9b6d0376-2498-43fd-ab57-440f5bc7ade5,10.438093915581703,10.438093915581703,50.0,1,1,0
/CustomerService/UpdateCustomer9b9ddff5-2727-40b8-93c8-11b9a1292874,8.387863170355558,8.387863170355558,50.0,1,1,0
/CustomerService/UpdateCustomer9d7aac4e-1b9f-4d83-8422-1a4a4eb87d23,42.13834693655372,42.13834693655372,50.0,1,1,0
/CustomerService/UpdateCustomera6840f8f-d2b9-425d-a226-da4d5be4be53,20.80793585628271,20.80793585628271,50.0,1,1,0
/CustomerService/UpdateCustomera713cd36-ef3e-4877-8c8d-77d5d1193506,12.456795666366816,12.456795666366816,50.0,1,1,0
/CustomerService/UpdateCustomera73f697d-2aac-4777-82c6-5b6689bc6565,8.718634024262428,8.718634024262428,50.0,1,1,0
/CustomerService/UpdateCustomerac1517bf-7c87-49d8-90c8-4173d9cc11fe,9.736941196024418,9.736941196024418,50.0,1,1,0
/CustomerService/UpdateCustomerb25066fa-388b-4c43-8f1b-6a5d6fdfbf73,6.253595929592848,6.253595929592848,50.0,1,1,0
/CustomerService/UpdateCustomerb30af0b8-cf91-4c43-bfc2-d3333b71567a,11.433114763349295,11.433114763349295,50.0,1,1,0
/CustomerService/UpdateCustomerb33d712c-de46-4899-9a0a-1aa38f1ea30e,6.855614949017763,6.855614949017763,50.0,1,1,0
/CustomerService/UpdateCustomerb49438ed-6e21-4202-843e-07edfffe0549,5.586368963122368,5.586368963122368,50.0,1,1,0
/CustomerService/UpdateCustomerbaec36a1-6c44-4524-9169-f143701317bb,10.098019149154425,10.098019149154425,50.0,1,1,0
/CustomerService/UpdateCustomerc190d2b4-9781-416a-945f-0fdb5d658dce,11.33088581264019,11.33088581264019,50.0,1,1,0
/CustomerService/UpdateCustomerc71c45ea-90fc-4907-97a7-214e423a6471,4.175480920821428,4.175480920821428,50.0,1,1,0
/CustomerService/UpdateCustomerc9adadb5-b034-4928-83db-15f5491232c2,7.740988861769438,7.740988861769438,50.0,1,1,0
/CustomerService/UpdateCustomerc9e9552b-0f43-4a6f-af8e-8ebecf321cba,8.5502490401268,8.5502490401268,50.0,1,1,0
/CustomerService/UpdateCustomerca9c0901-4b44-4d33-a6e5-56c7c3bf3881,14.114747289568186,14.114747289568186,50.0,1,1,0
/CustomerService/UpdateCustomercb413be9-38a4-4bde-b353-4201c8c3cdf2,13.999098911881447,13.999098911881447,50.0,1,1,0
/CustomerService/UpdateCustomercd628a8a-08e4-4916-b7ee-2687e2ceb161,12.656482867896557,12.656482867896557,50.0,1,1,0
/CustomerService/UpdateCustomerce3f6e57-be9f-4f6b-9603-6b5bf2075826,23.462535813450813,23.462535813450813,50.0,1,1,0
/CustomerService/UpdateCustomercf561f9c-509d-49a1-8674-7a2f682ecfe7,10.596137959510088,10.596137959510088,50.0,1,1,0
/CustomerService/UpdateCustomerd6c5fdef-d4f8-4647-b9d8-3e3ebc53a379,11.525901965796947,11.525901965796947,50.0,1,1,0
/CustomerService/UpdateCustomerd8384c66-30ea-4061-a5dd-1b54bdf7040f,4.899234045296907,4.899234045296907,50.0,1,1,0
/CustomerService/UpdateCustomerdc7ff503-df21-4a3b-8213-29f637451370,11.70200016349554,11.70200016349554,50.0,1,1,0
/CustomerService/UpdateCustomere0eddc21-3425-48ed-9edf-ced9330e6f54,11.865504086017609,11.865504086017609,50.0,1,1,0
/CustomerService/UpdateCustomere15ab07a-bc78-4443-a34d-34cb62984d2f,16.91495720297098,16.91495720297098,50.0,1,1,0
/CustomerService/UpdateCustomere281e73a-a07d-43c4-aaf7-016dd0cdd307,5.600085016340017,5.600085016340017,50.0,1,1,0
/CustomerService/UpdateCustomere93fc6de-ab2e-4a8e-8c9d-60e685c4bb5f,8.288929238915443,8.288929238915443,50.0,1,1,0
/CustomerService/UpdateCustomered1b7783-bb55-4e13-a1e1-7af743858b2e,6.951070856302977,6.951070856302977,50.0,1,1,0
/CustomerService/UpdateCustomered36311c-5826-45c4-8475-4f98e1db8dd2,25.763692799955606,25.763692799955606,50.0,1,1,0
/CustomerService/UpdateCustomerf2dacef9-e716-4a89-a5cc-25b9db591b50,9.833372663706541,9.833372663706541,50.0,1,1,0
/CustomerService/UpdateCustomerf429073b-a3d4-47b9-b1b3-12c7c61a0311,8.655301295220852,8.655301295220852,50.0,1,1,0
/CustomerService/UpdateCustomerf7006cf3-210f-4009-a5b2-3350874b5557,6.3725123181939125,6.3725123181939125,50.0,1,1,0
/CustomerService/getCustomer00cdd6f1-140a-4deb-80ea-3f7e3aec7876,8.216614834964275,8.216614834964275,2.0,1,1,0
/CustomerService/getCustomer030f28ce-4052-48cc-8e74-534f1cfc3547,4.254711791872978,4.254711791872978,2.0,1,1,0
/CustomerService/getCustomer0d4f8277-9319-47b4-bb6e-6667df859e72,2.423057798296213,2.423057798296213,2.0,1,1,0
/CustomerService/getCustomer0e690ef8-23aa-426c-bed7-2e9c477055ac,4.6588461846113205,4.6588461846113205,2.0,1,1,0
/CustomerService/getCustomer120a6ec9-8a6c-431b-af77-8e60fdaea240,4.096647724509239,4.096647724509239,2.0,1,1,0
/CustomerService/getCustomer13c27511-7228-4fbc-8db4-d754463abf16,6.263752933591604,6.263752933591604,2.0,1,1,0
/CustomerService/getCustomer14e2fc91-17de-4008-9970-17bdbc95b1ac,2.8441068716347218,2.8441068716347218,2.0,1,1,0
/CustomerService/getCustomer1717e67c-3cfa-4861-8f92-797726281760,3.096227068454027,3.096227068454027,2.0,1,1,0
/CustomerService/getCustomer1751dbe6-4457-4f7c-a252-fb51d19822a9,3.5345940850675106,3.5345940850675106,2.0,1,1,0
/CustomerService/getCustomer1dfe84b4-c328-4270-8850-6e70a1a35963,4.883411806076765,4.883411806076765,2.0,1,1,0
/CustomerService/getCustomer2063a0f7-10a5-4ceb-bf4f-b36e3c3553f3,8.663713932037354,8.663713932037354,2.0,1,1,0
/CustomerService/getCustomer23dbc4f9-179d-4910-bae8-1030885b8a11,23.113403003662825,23.113403003662825,2.0,1,1,0
/CustomerService/getCustomer29f08e60-988e-41d1-92e4-11c354396ae7,4.904712084680796,4.904712084680796,2.0,1,1,0
/CustomerService/getCustomer2e06e835-045c-4c8a-b1a3-3aa7c7944412,2.4694381281733513,2.4694381281733513,2.0,1,1,0
/CustomerService/getCustomer350c4a3e-cbfa-4c53-a90f-33575c615077,8.061254862695932,8.061254862695932,2.0,1,1,0
/CustomerService/getCustomer38a52377-6a22-4a05-8dd4-f7d322eeed14,3.485094290226698,3.485094290226698,2.0,1,1,0
/CustomerService/getCustomer38c66db6-d590-47f2-a023-d2fc4cd59218,3.017629962414503,3.017629962414503,2.0,1,1,0
/CustomerService/getCustomer395ce771-d586-4001-9efc-04577d423492,6.57128170132637,6.57128170132637,2.0,1,1,0
/CustomerService/getCustomer3bd90c57-a166-4239-833b-f0b153e4c88b,2.511648926883936,2.511648926883936,2.0,1,1,0
/CustomerService/getCustomer3eb42a69-af69-4932-82cb-6173414ab442,2.071922179311514,2.071922179311514,2.0,1,1,0
/CustomerService/getCustomer3ed2d26e-333c-4809-9711-b926c178aa16,3.09873279184103,3.09873279184103,2.0,1,1,0
/CustomerService/getCustomer42d78af0-74b0-42b8-933b-783fb2a80ee4,2.9516839422285557,2.9516839422285557,2.0,1,1,0
/CustomerService/getCustomer462864c6-4a8f-411f-ac63-97db319551fe,7.117283996194601,7.117283996194601,2.0,1,1,0
/CustomerService/getCustomer468fc950-97ff-4712-ada1-34d7b8fd5b4c,2.529570832848549,2.529570832848549,2.0,1,1,0
/CustomerService/getCustomer4ad23a3f-35ef-41f8-9aaf-eeec1ec3cf7a,2.78360303491354,2.78360303491354,2.0,1,1,0
/CustomerService/getCustomer4af0f98b-029d-4db7-8ec8-1e639ba6760d,8.809381164610386,8.809381164610386,2.0,1,1,0
/CustomerService/getCustomer4e75eda6-a1b3-4e01-a403-ebf1c3848612,2.2611930035054684,2.2611930035054684,2.0,1,1,0
/CustomerService/getCustomer505af7b5-18ee-4545-8e32-0d1d0fb0aaa2,2.4436269886791706,2.4436269886791706,2.0,1,1,0
/CustomerService/getCustomer53bb5025-c74b-4b6b-a2b5-9bf6d78fb4af,2.251463010907173,2.251463010907173,2.0,1,1,0
/CustomerService/getCustomer5ad81422-3a7e-46ca-b571-1cfbb80736d3,8.134085219353437,8.134085219353437,2.0,1,1,0
/CustomerService/getCustomer5db19bdf-9311-4d87-828c-27d20adcc724,9.260552935302258,9.260552935302258,2.0,1,1,0
/CustomerService/getCustomer5dfc3f42-6497-41f9-975e-fc99132300d2,6.856414023786783,6.856414023786783,2.0,1,1,0
/CustomerService/getCustomer5e69a13d-ccd6-4b6b-b301-0d3509b0a922,6.319900043308735,6.319900043308735,2.0,1,1,0
/CustomerService/getCustomer62f1dbe9-868c-47b3-8312-4fa526aad96d,3.02566634491086,3.02566634491086,2.0,1,1,0
/CustomerService/getCustomer6587093a-8d90-455a-8cbf-11a2b0dbb914,9.470856748521328,9.470856748521328,2.0,1,1,0
/CustomerService/getCustomer662f8d4c-b6b5-42d7-a607-6164870eb064,2.0019481889903545,2.0019481889903545,2.0,1,1,0
/CustomerService/getCustomer6978ca9f-ad5b-4b8d-8404-2b4b715a8053,2.9388200491666794,2.9388200491666794,2.0,1,1,0
/CustomerService/getCustomer6eb04368-b094-4449-a877-c2ead8fa3198,8.510683197528124,8.510683197528124,2.0,1,1,0
/CustomerService/getCustomer74a915e7-9eb2-4087-8970-0dd06d23729e,10.694430209696293,10.694430209696293,2.0,1,1,0
/CustomerService/getCustomer74d856a1-dc30-464e-b17f-6d74795ab8b9,6.829290185123682,6.829290185123682,2.0,1,1,0
/CustomerService/getCustomer76f675a8-248c-4fc5-b64f-51fee14fe7f4,4.588000942021608,4.588000942021608,2.0,1,1,0
/CustomerService/getCustomer7c2bdeca-8532-4598-a14c-13c161104592,3.417565021663904,3.417565021663904,2.0,1,1,0
/CustomerService/getCustomer7cc452f7-547c-47ae-ae5a-ac6ffb759790,6.467338185757399,6.467338185757399,2.0,1,1,0
/CustomerService/getCustomer7ee89241-fea3-48bc-986e-559dec2665e2,3.2328851521015167,3.2328851521015167,2.0,1,1,0
/CustomerService/getCustomer80d385c7-a9a8-4d3c-bda1-96cc6631cbef,4.818869289010763,4.818869289010763,2.0,1,1,0
/CustomerService/getCustomer8655ab71-6d48-4768-8028-2c577dcc636b,9.201189037412405,9.201189037412405,2.0,1,1,0
/CustomerService/getCustomer8ad5d70e-7336-4fbd-b31c-60371d5158f6,5.603706929832697,5.603706929832697,2.0,1,1,0
/CustomerService/getCustomer8fa3f698-64f3-4edb-8c74-058584f8eaa9,8.204101119190454,8.204101119190454,2.0,1,1,0
/CustomerService/getCustomer923d9f59-9b8a-4143-937e-9566bed3e78c,3.7280316464602947,3.7280316464602947,2.0,1,1,0
/CustomerService/getCustomer94124bea-e5e4-4194-bfcd-6c6ea1874f97,17.548755276948214,17.548755276948214,2.0,1,1,0
/CustomerService/getCustomer95e9284d-8652-486d-9f9a-0b8367cf9bf3,2.8705219738185406,2.8705219738185406,2.0,1,1,0
/CustomerService/getCustomer96f880b3-981b-4ccb-b2ef-449bd751696a,8.760615717619658,8.760615717619658,2.0,1,1,0
/CustomerService/getCustomer97f33348-bf79-42b7-b4c1-22af32a75564,6.0594589449465275,6.0594589449465275,2.0,1,1,0
/CustomerService/getCustomer999b06c1-ece9-420e-8751-25db306b83ae,7.1924543008208275,7.1924543008208275,2.0,1,1,0
/CustomerService/getCustomer9a0b8d83-6943-4f3d-9653-20f3ef3c9abd,8.54222010821104,8.54222010821104,2.0,1,1,0
/CustomerService/getCustomer9ddda37b-f573-44d8-b3fd-b2b500840d0c,7.445276249200106,7.445276249200106,2.0,1,1,0
/CustomerService/getCustomer9e2daeee-9453-4f10-b809-af06438edfda,3.464082255959511,3.464082255959511,2.0,1,1,0
/CustomerService/getCustomera2997963-304a-4e8a-b20a-8e9fd0068ed5,3.409435972571373,3.409435972571373,2.0,1,1,0
/CustomerService/getCustomeraa0636ef-5fef-4a45-90aa-230fc96bc7d2,5.5829607881605625,5.5829607881605625,2.0,1,1,0
/CustomerService/getCustomeracd26025-9dad-4c18-bd77-4387e90d770e,7.982624229043722,7.982624229043722,2.0,1,1,0
/CustomerService/getCustomerb85ab784-7d90-476c-ab76-ffd1c7cccf66,9.189615026116371,9.189615026116371,2.0,1,1,0
/CustomerService/getCustomerb8ce73d4-ae66-49af-847c-b7b07889eff4,5.344707984477282,5.344707984477282,2.0,1,1,0
/CustomerService/getCustomerbacded36-a355-4b24-85eb-372e042a87a5,9.159720037132502,9.159720037132502,2.0,1,1,0
/CustomerService/getCustomerbe4c458f-1988-4d24-8587-e70aad50670d,4.4915080070495605,4.4915080070495605,2.0,1,1,0
/CustomerService/getCustomerbee157cb-95d5-498e-a579-ba97ea46bc58,3.7878588773310184,3.7878588773310184,2.0,1,1,0
/CustomerService/getCustomerc18ee5c2-dbd7-4f85-8224-9c8762b9de88,4.013595636934042,4.013595636934042,2.0,1,1,0
/CustomerService/getCustomerc3791aff-2cb2-4132-aa1a-1cd9c06722aa,8.253807667642832,8.253807667642832,2.0,1,1,0
/CustomerService/getCustomerc39fe4e7-121e-4e4e-bc02-888d0642889f,3.3776317723095417,3.3776317723095417,2.0,1,1,0
/CustomerService/getCustomerc7243cd9-1850-48b6-a66d-114d9601c160,5.083867814391851,5.083867814391851,2.0,1,1,0
/CustomerService/getCustomerca838627-91d2-4d7d-a051-86c01f17c6a7,3.207593224942684,3.207593224942684,2.0,1,1,0
/CustomerService/getCustomercdb59726-e589-4737-b4b9-684342750de1,3.6295680329203606,3.6295680329203606,2.0,1,1,0
/CustomerService/getCustomerd6cf8f1a-4319-4b27-a2c5-365e02455f86,6.053308956325054,6.053308956325054,2.0,1,1,0
/CustomerService/getCustomerdc20a3a4-f44f-4767-a784-d15c15863822,3.3675427548587322,3.3675427548587322,2.0,1,1,0
/CustomerService/getCustomerea00b828-b544-4371-83c3-e74c40828dea,9.742445312440395,9.742445312440395,2.0,1,1,0
/CustomerService/getCustomeree9afdb7-6e36-4411-af1b-b1fc6c14541f,9.183874819427729,9.183874819427729,2.0,1,1,0
/CustomerService/getCustomeref2c8cfb-75c0-47d9-8154-f9c97cac9268,8.2669616676867,8.2669616676867,2.0,1,1,0
/CustomerService/getCustomerf54ecf30-dfce-4f5d-8b3e-8de4c7047a97,7.109249942004681,7.109249942004681,2.0,1,1,0
/CustomerService/getCustomerf558b37c-f591-4571-8370-4337d5a63517,2.1625030785799026,2.1625030785799026,2.0,1,1,0
/CustomerService/getCustomerf8e6dcb9-11a6-4ec3-9b15-f3dca61735fb,8.233217056840658,8.233217056840658,2.0,1,1,0
/CustomerService/getCustomerff2247ef-8e42-44a6-b682-ab3b37fbc023,5.91809768229723,5.91809768229723,2.0,1,1,0
/OrderService/CreateOrder01ccf592-86c5-4ca0-9412-5191105f8231,4.239503759890795,4.239503759890795,50.0,1,1,0
/OrderService/CreateOrder01d52dfc-aaa8-460b-ad7b-a7267d4ac43e,4.287598188966513,4.287598188966513,50.0,1,1,0
/OrderService/CreateOrder01fa58e6-52e5-405d-8e0f-a51f604ca570,3.4704888239502907,3.4704888239502907,50.0,1,1,0
/OrderService/CreateOrder02605405-78bd-455a-9ade-6b2b629c6ffb,3.5563320852816105,3.5563320852816105,50.0,1,1,0
/OrderService/CreateOrder12216b67-4aaf-4dd7-9972-0fa49e90123a,4.901806823909283,4.901806823909283,50.0,1,1,0
/OrderService/CreateOrder18bdedd0-555c-4997-8f76-841f4fa43fdb,3.5115275532007217,3.5115275532007217,50.0,1,1,0
/OrderService/CreateOrder1b004c98-1764-4b8b-9b19-b854afa8ba1d,5.093085113912821,5.093085113912821,50.0,1,1,0
/OrderService/CreateOrder1dcfbc86-1ac7-45ca-ae9d-cad2d139072e,4.307922907173634,4.307922907173634,50.0,1,1,0
/OrderService/CreateOrder23343f3c-848d-4f5f-8d19-e41f638623c1,4.891964141279459,4.891964141279459,50.0,1,1,0
/OrderService/CreateOrder25b6c7bf-f751-49a7-b6d5-79b67320f363,4.476787988096476,4.476787988096476,50.0,1,1,0
/OrderService/CreateOrder2ed431db-8258-4555-8fb6-739c401df9e0,3.865729086101055,3.865729086101055,50.0,1,1,0
/OrderService/CreateOrder300331d8-ed9e-4cbc-8807-df44bb87a82b,4.199097864329815,4.199097864329815,50.0,1,1,0
/OrderService/CreateOrder31752e8c-6d76-45b1-bce6-d794244813d8,3.3863061107695103,3.3863061107695103,50.0,1,1,0
/OrderService/CreateOrder33c8a9c2-1895-4816-b99d-ee66678eb6a1,2.65613105148077,2.65613105148077,50.0,1,1,0
/OrderService/CreateOrder34c74142-df53-4d2c-857f-d4e96ce0b577,10.51721815019846,10.51721815019846,50.0,1,1,0
/OrderService/CreateOrder37bebf9a-b422-4ce6-ad6a-b5508947c2bc,5.0131590105593204,5.0131590105593204,50.0,1,1,0
/OrderService/CreateOrder37f60f17-9149-43cb-ba67-d3d923a5d477,3.825587220489979,3.825587220489979,50.0,1,1,0
/OrderService/CreateOrder40d4bac4-2f38-4a91-b620-3371cd2e50fe,6.553154904395342,6.553154904395342,50.0,1,1,0
/OrderService/CreateOrder46f0b90f-b43e-4b9c-ac63-7c7802902c75,4.712067078799009,4.712067078799009,50.0,1,1,0
/OrderService/CreateOrder4c6d0ecc-c6ab-4f8e-8734-adc08a1d8c40,4.671554081141949,4.671554081141949,50.0,1,1,0
/OrderService/CreateOrder54911ee1-8abc-403b-b944-1ad29ad14697,2.991707995533943,2.991707995533943,50.0,1,1,0
/OrderService/CreateOrder5830f60f-88a9-4b52-a658-9794975d248d,4.74144471809268,4.74144471809268,50.0,1,1,0
/OrderService/CreateOrder5858ca4f-98c2-4ad2-8973-50a517e42d13,4.382006824016571,4.382006824016571,50.0,1,1,0
/OrderService/CreateOrder59f940db-405e-402f-be37-9ab609a62738,4.865707363933325,4.865707363933325,50.0,1,1,0
/OrderService/CreateOrder5f1c43a6-1153-4d3c-b60a-94e7ed49328e,3.5489890724420547,3.5489890724420547,50.0,1,1,0
/OrderService/CreateOrder60a947db-4f36-4fed-8729-3c00ee91c185,4.3664248660206795,4.3664248660206795,50.0,1,1,0
/OrderService/CreateOrder65deff73-93a7-424c-b259-c5a9b55ca0f2,3.7099658511579037,3.7099658511579037,50.0,1,1,0
/OrderService/CreateOrder66468f5c-542d-47b4-9367-a36eb3ac6eb7,5.218946374952793,5.218946374952793,50.0,1,1,0
/OrderService/CreateOrder6dbe3d2d-f746-4d34-8f69-6133786247a3,2.925703302025795,2.925703302025795,50.0,1,1,0
/OrderService/CreateOrder6dc52b2f-4a3e-40a2-abb4-7e936da75db0,4.244242329150438,4.244242329150438,50.0,1,1,0
/OrderService/CreateOrder7185c1d5-5327-4352-b79e-78745f6ae37a,4.515592940151691,4.515592940151691,50.0,1,1,0
/OrderService/CreateOrder766a959e-e736-46c7-a908-7bc19f36afbd,4.282396286725998,4.282396286725998,50.0,1,1,0
/OrderService/CreateOrder7b7d015c-67a7-4461-a0fa-89979bc4a2d3,5.738644860684872,5.738644860684872,50.0,1,1,0
/OrderService/CreateOrder7d72a9b7-2f86-4cda-bd8f-2a683833068a,4.4329906813800335,4.4329906813800335,50.0,1,1,0
/OrderService/CreateOrder7e9aa5a2-249a-4794-a30b-83d64700915a,4.670178983360529,4.670178983360529,50.0,1,1,0
/OrderService/CreateOrder824e7fec-b560-45f3-a461-1bface6a7519,2.819797955453396,2.819797955453396,50.0,1,1,0
/OrderService/CreateOrder84e47ead-3496-46b8-bba9-dace1d17e880,4.8942482098937035,4.8942482098937035,50.0,1,1,0
/OrderService/CreateOrder85d9c349-2fa4-4f7a-8f65-2942c9a7bfd1,4.081029910594225,4.081029910594225,50.0,1,1,0
/OrderService/CreateOrder8bb5d06a-35c2-45da-b287-fd53bfc3976b,3.9293039590120316,3.9293039590120316,50.0,1,1,0
/OrderService/CreateOrder8bee6834-be26-4b56-a149-10fbaf4e42ae,3.5549690946936607,3.5549690946936607,50.0,1,1,0
/OrderService/CreateOrder96488abe-f671-4e86-87b7-65d38973048e,4.539450164884329,4.539450164884329,50.0,1,1,0
/OrderService/CreateOrder995f1599-26cc-4021-9f18-573b9fc39276,4.471723921597004,4.471723921597004,50.0,1,1,0
/OrderService/CreateOrder999d0bb6-c1fe-4822-b182-92a4a6cb69f2,3.0322722159326077,3.0322722159326077,50.0,1,1,0
/OrderService/CreateOrder99b6c272-967b-472d-8b7d-3e08bbdffa68,6.610250100493431,6.610250100493431,50.0,1,1,0
/OrderService/CreateOrder9a3db31d-dd55-4f3c-bc66-3b9dc7fae5c3,3.213917836546898,3.213917836546898,50.0,1,1,0
/OrderService/CreateOrder9a5c0078-1309-4d1e-8d8c-0afa5b73cc08,6.541979964822531,6.541979964822531,50.0,1,1,0
/OrderService/CreateOrder9ac1bdbe-6878-46ea-a1c2-da97bd19a0cb,4.543373826891184,4.543373826891184,50.0,1,1,0
/OrderService/CreateOrder9ebb3f09-b337-421d-bee1-eaa8b73115b9,3.87851195409894,3.87851195409894,50.0,1,1,0
/OrderService/CreateOrdera0f46dbe-9f3c-4cc1-95ca-16aeccc11427,3.599537070840597,3.599537070840597,50.0,1,1,0
/OrderService/CreateOrdera6ca3328-61ca-40ea-91cc-f7707eb73d28,9.40281292423606,9.40281292423606,50.0,1,1,0
/OrderService/CreateOrdera7a3bc26-cd54-45ae-8cb7-0a73e80964bf,8.161926176398993,8.161926176398993,50.0,1,1,0
/OrderService/CreateOrderafc50928-25bd-4db5-83ba-f74a4f68f8f1,4.126918036490679,4.126918036490679,50.0,1,1,0
/OrderService/CreateOrderb4ef2cf3-03e9-48bf-8705-a23e5a8f6164,4.260530695319176,4.260530695319176,50.0,1,1,0
/OrderService/CreateOrderb500a80c-8a17-4084-b44a-152c6d88bce9,4.783994983881712,4.783994983881712,50.0,1,1,0
/OrderService/CreateOrderb645b184-7ffd-4c9a-b780-931a7a63746a,3.9763939566910267,3.9763939566910267,50.0,1,1,0
/OrderService/CreateOrderb8b44b9a-efac-4f7a-8626-4d050f775f25,3.6171916872262955,3.6171916872262955,50.0,1,1,0
/OrderService/CreateOrderbc5de2f2-221a-4d28-b381-75f8dcdd8dad,2.712007611989975,2.712007611989975,50.0,1,1,0
/OrderService/CreateOrderbcdf7a4c-300c-4b60-9dbc-94f82b7bac16,2.725502010434866,2.725502010434866,50.0,1,1,0
/OrderService/CreateOrderbfd64e83-92dd-44f8-b708-b8d95a4d5e34,9.42000187933445,9.42000187933445,49.0,1,1,0
/OrderService/CreateOrderc52ee56d-04ce-410a-a0f1-4fe7829012ff,4.392825998365879,4.392825998365879,50.0,1,1,0
/OrderService/CreateOrderc7f43675-d194-4358-ace2-c41a0ea4c2a3,4.073884803801775,4.073884803801775,50.0,1,1,0
/OrderService/CreateOrderc9492352-f6c4-467a-aa69-6b14eee8df0e,3.911001142114401,3.911001142114401,50.0,1,1,0
/OrderService/CreateOrdercf7de0ce-4f93-4052-8cef-ebb61628c62f,4.814579151570797,4.814579151570797,50.0,1,1,0
/OrderService/CreateOrderd23aba9f-4286-40a2-96ea-5895a5c4fc65,4.541210830211639,4.541210830211639,50.0,1,1,0
/OrderService/CreateOrderd98d28a5-cf1b-4c77-9030-6d919e775a9e,3.5645258612930775,3.5645258612930775,50.0,1,1,0
/OrderService/CreateOrderdd7af866-b8a4-49aa-bf46-8f2957e188ec,4.059356637299061,4.059356637299061,50.0,1,1,0
/OrderService/CreateOrderdd89ed6c-74e0-4d90-9088-717c0a4908ca,3.7293052300810814,3.7293052300810814,50.0,1,1,0
/OrderService/CreateOrderde5ab4ae-330f-49f8-8dfe-fb7c1aa36b04,5.777164362370968,5.777164362370968,50.0,1,1,0
/OrderService/CreateOrderdecb5300-b49f-4da3-8e88-998db2271e8e,6.16093585267663,6.16093585267663,49.0,1,1,0
/OrderService/CreateOrdere2c4f2d8-3995-411d-86d8-e7ab261d8921,4.464922938495874,4.464922938495874,50.0,1,1,0
/OrderService/CreateOrdere404553f-8a10-4a96-977c-3d6865b1792b,4.537741187959909,4.537741187959909,50.0,1,1,0
/OrderService/CreateOrdere9c0ee84-b0a1-4ed8-b8d8-dcff39471238,4.727455787360668,4.727455787360668,50.0,1,1,0
/OrderService/CreateOrdereb54d05a-d87b-44be-a4de-98cae1c0a6ca,4.494839813560247,4.494839813560247,50.0,1,1,0
/OrderService/CreateOrderf086b0a7-1271-46ef-90ef-3c6303be5e18,4.5944093726575375,4.5944093726575375,50.0,1,1,0
/OrderService/CreateOrderf2a53287-62f4-43ac-b7c1-cb2b2e2e5d8b,6.246737204492092,6.246737204492092,50.0,1,1,0
/OrderService/CreateOrderf7ab2353-ace0-4f2f-9ced-300fc80cd94d,6.718937307596207,6.718937307596207,50.0,1,1,0
/OrderService/CreateOrderfba65a3d-e8e6-4ee8-8777-0e385427ee97,3.660024143755436,3.660024143755436,50.0,1,1,0
/OrderService/CreateOrderff4644aa-cd13-4ad1-a248-96e31c5b00ea,4.687371663749218,4.687371663749218,50.0,1,1,0
/OrderService/CreateOrderff84e627-dd48-4077-979e-e83f9b69418d,4.439493175595999,4.439493175595999,50.0,1,1,0
/OrderService/CreateOrderffcbb38c-ed32-41b1-8378-d5f4b739615e,3.782905638217926,3.782905638217926,50.0,1,1,0
/OrderService/GetOrder0b2e0cf0-ddac-434b-9a31-0c8042ea7751,1.6156933270394802,1.6156933270394802,3.0,1,1,0
/OrderService/GetOrder0b2f8fca-bf49-4352-b3df-3bae79c39c79,6.518058013170958,6.518058013170958,3.0,1,1,0
/OrderService/GetOrder0c8200d8-1f81-4a8e-9863-7d4a654933c7,1.9355961121618748,1.9355961121618748,3.0,1,1,0
/OrderService/GetOrder0f619618-fc0c-4b9f-9615-466c8807b6da,2.7862917631864548,2.7862917631864548,3.0,1,1,0
/OrderService/GetOrder1530afc1-94aa-4824-a33e-2f0d994a0978,2.8154179453849792,2.8154179453849792,3.0,1,1,0
/OrderService/GetOrder15a90a33-b9f4-40cd-bf4a-0af7378ce2c4,4.440727178007364,4.440727178007364,3.0,1,1,0
/OrderService/GetOrder179e6285-eba3-4fe0-91e4-4b09d90780af,2.1465690806508064,2.1465690806508064,2.0,1,1,0
/OrderService/GetOrder1e47a014-473c-4634-900b-08c32fbcc173,3.0768602155148983,3.0768602155148983,2.0,1,1,0
/OrderService/GetOrder21e1b8ef-4cd5-48ac-ac69-97495ac5fcc6,3.1568529084324837,3.1568529084324837,3.0,1,1,0
/OrderService/GetOrder28316480-8dcd-43ef-8274-de47d784aa53,1.720900647342205,1.720900647342205,3.0,1,1,0
/OrderService/GetOrder28471465-b39b-4ed0-be66-75da46559d5f,2.093222923576832,2.093222923576832,3.0,1,1,0
/OrderService/GetOrder31c6ef43-da1c-4d19-9d0c-4ee299d6f5be,3.998132888227701,3.998132888227701,3.0,1,1,0
/OrderService/GetOrder3219968a-1677-4d10-b445-80fcfe6b1b8d,2.4923067539930344,2.4923067539930344,2.0,1,1,0
/OrderService/GetOrder333d45c4-7529-400f-9200-62fcc3af67d3,2.7749408036470413,2.7749408036470413,3.0,1,1,0
/OrderService/GetOrder3585d15a-2fd6-4c5c-8f70-43d57f55a1de,1.625813078135252,1.625813078135252,3.0,1,1,0
/OrderService/GetOrder3b23a558-d598-4c13-ac11-30bf566083cb,3.6670533008873463,3.6670533008873463,3.0,1,1,0
/OrderService/GetOrder3d6a3f14-7ee3-479b-9679-a5787bf2fe96,2.6785670779645443,2.6785670779645443,3.0,1,1,0
/OrderService/GetOrder3e7a1dea-f0cd-4cc2-93c1-0c5f10716d73,4.50564082711935,4.50564082711935,2.0,1,1,0
/OrderService/GetOrder3ec7c9f8-a10e-4d5f-ac1b-f30fad999753,1.2852158397436142,1.2852158397436142,3.0,1,1,0
/OrderService/GetOrder41f1ab48-2620-4ad7-ab7b-204353ef091f,4.159389995038509,4.159389995038509,3.0,1,1,0
/OrderService/GetOrder43ff3052-709b-4876-ae60-8e2d1e1d3a16,2.5689671747386456,2.5689671747386456,3.0,1,1,0
/OrderService/GetOrder4518f2ee-6870-43d7-bd01-898505600d7b,2.3983349092304707,2.3983349092304707,3.0,1,1,0
/OrderService/GetOrder45270a4f-6a53-461e-bdcc-aab7eb0fbe5f,2.8649186715483665,2.8649186715483665,3.0,1,1,0
/OrderService/GetOrder46d6afbb-457b-45a8-834f-9283808a2ba9,5.965044721961021,5.965044721961021,3.0,1,1,0
/OrderService/GetOrder56366d3c-c064-4042-9540-93247d1b912c,2.8241220861673355,2.8241220861673355,3.0,1,1,0
/OrderService/GetOrder5670848d-8d0a-4044-838a-3a69c411ebe3,3.571460023522377,3.571460023522377,3.0,1,1,0
/OrderService/GetOrder5d004434-466f-4a87-9011-a57d38655eab,3.0746962875127792,3.0746962875127792,3.0,1,1,0
/OrderService/GetOrder608749f2-5245-4efb-b0d0-c8bf6585e674,2.6876069605350494,2.6876069605350494,3.0,1,1,0
/OrderService/GetOrder67316a0b-95bd-4c85-bc88-ab8cde03331b,2.0027621649205685,2.0027621649205685,2.0,1,1,0
/OrderService/GetOrder6ac4a37a-994a-459f-9a4e-35a2367146ec,2.366047352552414,2.366047352552414,3.0,1,1,0
/OrderService/GetOrder6aec6c0a-19d5-4196-9295-ebecba3c72a2,3.5899761132895947,3.5899761132895947,3.0,1,1,0
/OrderService/GetOrder73267ade-fbaf-46c1-8bd7-ffe81c4bb1ff,2.049865201115608,2.049865201115608,3.0,1,1,0
/OrderService/GetOrder7a017c3d-b9d7-4aaa-87eb-8bb93050409a,2.929571084678173,2.929571084678173,3.0,1,1,0
/OrderService/GetOrder7ba543ce-5baf-4cf2-b1bf-e1f801ef3fea,2.6436736807227135,2.6436736807227135,3.0,1,1,0
/OrderService/GetOrder80408264-91fb-4bbc-87c0-e6f3b502d405,2.6356433518230915,2.6356433518230915,3.0,1,1,0
/OrderService/GetOrder8ef6e637-4567-44c1-b07f-030466ab4e90,3.001817036420107,3.001817036420107,3.0,1,1,0
/OrderService/GetOrder932105c9-4a10-43bf-9b0a-f77863f2f233,1.868635881692171,1.868635881692171,3.0,1,1,0
/OrderService/GetOrder9a2d5926-8996-4c7a-a0fd-257a3d405c26,3.2922751270234585,3.2922751270234585,3.0,1,1,0
/OrderService/GetOrder9d137914-a756-4a99-9a7e-dc16a0dd80b0,2.3600347340106964,2.3600347340106964,3.0,1,1,0
/OrderService/GetOrdera3d4b9d2-c1e7-4328-af98-6bd8648ce3f2,3.6465171724557877,3.6465171724557877,3.0,1,1,0
/OrderService/GetOrdera426d0ae-6d75-468d-969f-ddf1e854e254,1.8191956914961338,1.8191956914961338,3.0,1,1,0
/OrderService/GetOrdera5ad9199-85cb-4c17-aa5d-5ca9c449edb8,3.061330411583185,3.061330411583185,3.0,1,1,0
/OrderService/GetOrdera6e1d1d6-2a6b-4adf-8282-50afabae9871,2.736438065767288,2.736438065767288,3.0,1,1,0
/OrderService/GetOrdera7ef4bda-0f76-45c1-90e3-71128871a1af,2.6200260035693645,2.6200260035693645,3.0,1,1,0
/OrderService/GetOrdera9ddb081-a6db-42d3-aa65-88e71e171728,2.735402900725603,2.735402900725603,3.0,1,1,0
/OrderService/GetOrderacaaef4b-9853-40e7-90ad-a299f350bd40,2.6232884265482426,2.6232884265482426,3.0,1,1,0
/OrderService/GetOrderaf7b2107-3123-4eb8-8af0-99296c9ff57e,4.968065768480301,4.968065768480301,2.0,1,1,0
/OrderService/GetOrderaffdf121-548d-4350-a798-fc4a5c8a61f1,2.9302616603672504,2.9302616603672504,3.0,1,1,0
/OrderService/GetOrderb7a3e770-69ef-44bc-8ab4-5f955b516079,10.346277616918087,10.346277616918087,3.0,1,1,0
/OrderService/GetOrderb9c18486-df9d-44d2-89bd-27ce70ff63db,4.346177913248539,4.346177913248539,3.0,1,1,0
/OrderService/GetOrderc131d3f7-08e1-4b55-bcbe-e613d6f56d71,2.5178459472954273,2.5178459472954273,3.0,1,1,0
/OrderService/GetOrderc151559d-b564-420f-86fe-c5996ff22bca,1.9973092712461948,1.9973092712461948,3.0,1,1,0
/OrderService/GetOrderc43dc282-8e07-4fad-b864-f5ecae48c37a,2.1775728091597557,2.1775728091597557,3.0,1,1,0
/OrderService/GetOrderc51f1e5f-3bd6-4d14-b472-4035fcb95dbd,3.7863440811634064,3.7863440811634064,3.0,1,1,0
/OrderService/GetOrderc545beaf-3c38-4efd-a8de-ff37bbc1bb48,2.1720388904213905,2.1720388904213905,3.0,1,1,0
/OrderService/GetOrderc684494a-aa4c-4ba5-b9b5-643a3f17e70c,2.219666726887226,2.219666726887226,3.0,1,1,0
/OrderService/GetOrderca37723d-aeb6-46c8-a1c5-dcf3c0357059,2.231242135167122,2.231242135167122,3.0,1,1,0
/OrderService/GetOrdercae275c6-7171-4355-a480-c07e8b563380,2.636468969285488,2.636468969285488,3.0,1,1,0
/OrderService/GetOrdercd131e69-e619-4aae-80b2-2a08073f5dfb,2.706014085561037,2.706014085561037,3.0,1,1,0
/OrderService/GetOrderce4a3fa7-908d-4596-86a8-ad224e91d71c,1.743400003761053,1.743400003761053,2.0,1,1,0
/OrderService/GetOrdercef46b8f-3e2f-4f69-a2c1-e26824e66244,2.7254540473222733,2.7254540473222733,3.0,1,1,0
/OrderService/GetOrderd3b72173-4e2d-42c4-b38c-ffc97c4d7e61,2.4477331899106503,2.4477331899106503,3.0,1,1,0
/OrderService/GetOrderd5337d56-636a-4021-8415-44c31d1b33c4,2.7092983946204185,2.7092983946204185,3.0,1,1,0
/OrderService/GetOrderd67a1558-de1e-4cc0-8b14-945445aa760c,2.5063930079340935,2.5063930079340935,3.0,1,1,0
/OrderService/GetOrderda716408-ca19-407d-866f-5a04f1a2a320,5.585127044469118,5.585127044469118,3.0,1,1,0
/OrderService/GetOrderda86b650-040a-4216-b7b5-9d6e10df2bce,2.510362770408392,2.510362770408392,3.0,1,1,0
/OrderService/GetOrderdf85b8e1-de3b-4905-bb3d-59da0f282584,1.8277699127793312,1.8277699127793312,3.0,1,1,0
/OrderService/GetOrderdf89c69e-061f-4aba-b2f5-c3ba1e33cdc0,2.9159090481698513,2.9159090481698513,3.0,1,1,0
/OrderService/GetOrdere14e9748-aa97-4af0-8ad6-9642ce4603fe,2.400497905910015,2.400497905910015,3.0,1,1,0
/OrderService/GetOrdere384559c-75af-49a5-ada4-29362bfcb4dc,2.627274952828884,2.627274952828884,3.0,1,1,0
/OrderService/GetOrdere499579d-3db2-4607-90b9-e5a38bab1b73,3.0353041365742683,3.0353041365742683,3.0,1,1,0
/OrderService/GetOrdere82771bc-5dc2-4229-a174-de33f746a184,3.113652113825083,3.113652113825083,3.0,1,1,0
/OrderService/GetOrderefe3e6b5-6fdd-4040-a87d-e6e3cc4abf68,4.5274547301232815,4.5274547301232815,3.0,1,1,0
/OrderService/GetOrderf0bca551-e590-4bac-a29e-743f0fcbe321,2.619449980556965,2.619449980556965,3.0,1,1,0
/OrderService/GetOrderf8b71f52-a408-4ad3-89ad-7a433428f1dd,2.1920688450336456,2.1920688450336456,3.0,1,1,0
/OrderService/GetOrderf8cefaa9-f03d-4681-a569-48d78b491dce,4.912899807095528,4.912899807095528,2.0,1,1,0
/OrderService/GetOrderf976d53a-b65e-4a5c-b307-bfea996e908f,2.8905547223985195,2.8905547223985195,3.0,1,1,0
/OrderService/GetOrderf9c8875e-6d7a-4cc1-8864-830e4433336d,2.4171951226890087,2.4171951226890087,3.0,1,1,0
/OrderService/GetOrderfa07f817-4577-4167-9467-0a7699b14310,5.3473650477826595,5.3473650477826595,2.0,1,1,0
/OrderService/GetOrderff8edae7-64a3-4cd2-a0f5-f5aab4bda92c,2.3598773404955864,2.3598773404955864,3.0,1,1,0
Aggregated,6.491481964621926,5.0,32.2234375,-1,1,0
