Service,Average Response Time,Medium Response Time,Request Size,Request Type,Frequency,Size
/CatalogService/AddItem025e2d56-39c9-4a22-a7c3-f6c44bc611ba,18.956684041768312,18.956684041768312,100000.0,1,0,2
/CatalogService/AddItem2b3875c4-16f4-4c9e-9477-845ecc62c43e,8.981531020253897,8.981531020253897,100000.0,1,0,2
/CatalogService/AddItem3747785d-5bbd-4025-bbee-18bdadc9899e,17.772621009498835,17.772621009498835,100000.0,1,0,2
/CatalogService/AddItem74cc6811-cc99-45c1-8b83-95acd834c133,20.758602302521467,20.758602302521467,100000.0,1,0,2
/CatalogService/AddItem77a3784f-a49f-48a6-838e-834dfa6d4a2e,19.46209231391549,19.46209231391549,100000.0,1,0,2
/CatalogService/AddItem90f1f56a-acce-4333-a3e8-9aa788b8efd5,10.766047984361649,10.766047984361649,100000.0,1,0,2
/CatalogService/AddItem9db58ba4-d9ee-4865-aaa7-a9a91d09d1f7,12.568511068820953,12.568511068820953,100000.0,1,0,2
/CatalogService/AddItemea1efeea-798d-4dc3-bc81-46f4ee370dbb,19.293564837425947,19.293564837425947,100000.0,1,0,2
/CatalogService/GetItem1618eaf2-4a4c-426e-99c2-e75da54d240a,5.8825952000916,5.8825952000916,3.0,1,0,2
/CatalogService/GetItem35ca3ceb-c705-4a6a-a077-ab97d8daaf41,4.5505850575864315,4.5505850575864315,3.0,1,0,2
/CatalogService/GetItem6e1712b7-f094-494e-9f51-bab950aec230,6.503686308860779,6.503686308860779,3.0,1,0,2
/CatalogService/GetItem8fecb6af-d9d1-49f7-a2a3-e7c005d90704,3.7895007990300655,3.7895007990300655,3.0,1,0,2
/CatalogService/GetItem93f2e942-5f7e-4b67-a101-c01626ad4208,6.300985813140869,6.300985813140869,3.0,1,0,2
/CatalogService/GetItema37d300a-89d8-4090-b023-69a67ded841c,5.7588256895542145,5.7588256895542145,3.0,1,0,2
/CatalogService/GetIteme28d25ca-c37f-4a14-b6de-fa25459df5ad,4.810374230146408,4.810374230146408,3.0,1,0,2
/CatalogService/GetItemefd70cef-18cc-40b9-a4ec-700d8a8690d7,6.404600106179714,6.404600106179714,3.0,1,0,2
/CatalogService/UpdateItem02dd51e9-f270-4a62-8184-772f31616e1a,8.403860963881016,8.403860963881016,100000.0,1,0,2
/CatalogService/UpdateItem121f563a-5f9e-4f0c-a260-248d887bc04e,9.212255012243986,9.212255012243986,100000.0,1,0,2
/CatalogService/UpdateItem1255c667-c7dd-4cc1-adc7-b2755b1c1222,5.734207108616829,5.734207108616829,100000.0,1,0,2
/CatalogService/UpdateItem763b0b52-5014-458b-9d32-396fb5bb58d9,5.514341872185469,5.514341872185469,100000.0,1,0,2
/CatalogService/UpdateItem9f1cd992-73ec-48cf-b3d1-640a20aec500,10.036136955022812,10.036136955022812,99999.0,1,0,2
/CatalogService/UpdateItemcfa34fcf-6606-4e71-b18b-e0e4f5a4c88f,4.895235877484083,4.895235877484083,100000.0,1,0,2
/CatalogService/UpdateItemdb30298a-9e2b-424b-a9a8-ad8844c0512a,15.36030787974596,15.36030787974596,99999.0,1,0,2
/CatalogService/UpdateItemf7d278eb-a2ce-4d86-a27a-6acf78e24143,8.637749124318361,8.637749124318361,100000.0,1,0,2
/CustomerService/CreateCustomer0355fa63-02ec-4ac1-bf85-7b1a996f78ea,38.527330849319696,38.527330849319696,100000.0,1,0,2
/CustomerService/CreateCustomer097e51e7-bed9-4044-84cd-08acf6067724,26.551018003374338,26.551018003374338,100000.0,1,0,2
/CustomerService/CreateCustomer19681126-efab-4a9c-8b24-a3558c7b0246,39.65599089860916,39.65599089860916,100000.0,1,0,2
/CustomerService/CreateCustomer66c94823-0dc4-4b51-9636-58b2a51897a4,29.175526928156614,29.175526928156614,100000.0,1,0,2
/CustomerService/CreateCustomer7d59f42b-d4f9-4711-baff-f79ad3558fdd,29.55031208693981,29.55031208693981,100000.0,1,0,2
/CustomerService/CreateCustomera0bb715f-69d7-4707-8723-a817c5f835bc,38.35324011743069,38.35324011743069,100000.0,1,0,2
/CustomerService/CreateCustomerabc63db0-574e-46e5-9ae1-5c4dbba4fe17,32.202953938394785,32.202953938394785,100000.0,1,0,2
/CustomerService/CreateCustomerc940e105-b2be-4158-89b4-39aba9926f81,37.56395587697625,37.56395587697625,100000.0,1,0,2
/CustomerService/UpdateCustomer38fba3b4-e2fb-42d5-9e64-d437c8df24a1,21.7272462323308,21.7272462323308,100000.0,1,0,2
/CustomerService/UpdateCustomer58318e27-fd23-408b-a225-79a87f4aaade,11.49978768080473,11.49978768080473,100000.0,1,0,2
/CustomerService/UpdateCustomer59866d82-465d-487b-b758-fb091e26da99,8.457249961793423,8.457249961793423,100000.0,1,0,2
/CustomerService/UpdateCustomer6a65f738-2f26-4b09-a989-90e5cd8f8229,16.51790225878358,16.51790225878358,100000.0,1,0,2
/CustomerService/UpdateCustomer92b8d394-4352-4a18-9804-2b3034138547,9.503333829343319,9.503333829343319,100000.0,1,0,2
/CustomerService/UpdateCustomera2c92e7f-8e0f-4dd3-8ea6-012b90745491,10.888763703405857,10.888763703405857,100000.0,1,0,2
/CustomerService/UpdateCustomerae0317fd-cd2b-4afb-9284-4bd02617912a,11.122347321361303,11.122347321361303,100000.0,1,0,2
/CustomerService/UpdateCustomerc4c3f490-01b3-4555-8689-107960190df8,29.494203627109528,29.494203627109528,100000.0,1,0,2
/CustomerService/getCustomer1a79436f-c578-47c9-9712-6ce0a76b0345,2.5257738307118416,2.5257738307118416,2.0,1,0,2
/CustomerService/getCustomer55f96687-65d9-480d-bfec-ee06d916f411,3.182732965797186,3.182732965797186,2.0,1,0,2
/CustomerService/getCustomer68915da3-a643-4d12-93f6-83d5b570ee8d,11.932048946619034,11.932048946619034,2.0,1,0,2
/CustomerService/getCustomer6e1c63cc-2337-4995-9f27-3495832a304f,13.108245097100735,13.108245097100735,2.0,1,0,2
/CustomerService/getCustomer9cdbaf97-e456-48fc-b99f-d321941143d3,10.922889690846205,10.922889690846205,2.0,1,0,2
/CustomerService/getCustomera5504712-236e-491e-a42b-248cecc28ad5,3.064344637095928,3.064344637095928,2.0,1,0,2
/CustomerService/getCustomerde5e242c-6295-4cf1-95e8-40326f77fe25,2.9651490040123463,2.9651490040123463,2.0,1,0,2
/CustomerService/getCustomerfbc5a621-677f-41d6-8aaf-6644e2b0c4c5,14.633161015808582,14.633161015808582,2.0,1,0,2
/OrderService/CreateOrder06b0926f-ce3d-42c9-b14e-d2aa00f56c91,7.757015991955996,7.757015991955996,100000.0,1,0,2
/OrderService/CreateOrder2a08c5b3-1562-4466-96db-8c67e7f78f28,14.339666347950697,14.339666347950697,100000.0,1,0,2
/OrderService/CreateOrder5438241f-a2db-4cb0-8c3d-5965b3d96cb9,4.618471022695303,4.618471022695303,100000.0,1,0,2
/OrderService/CreateOrder92cb7533-6e4d-4d70-b9d2-9bd6bead2f89,11.986592318862677,11.986592318862677,100000.0,1,0,2
/OrderService/CreateOrderd80f8d15-f3bd-47be-b0a6-c667c89ed10c,7.0691038854420185,7.0691038854420185,100000.0,1,0,2
/OrderService/CreateOrderde1e3b9d-7066-4c8d-8ebe-d7f1118fb29e,10.862029623240232,10.862029623240232,100000.0,1,0,2
/OrderService/CreateOrderf6018aaf-ae90-42a6-80ad-f96c6fe8e6ec,11.075831949710846,11.075831949710846,100000.0,1,0,2
/OrderService/CreateOrderf839e07b-87cb-401f-9607-d227d8225bf6,6.356451660394669,6.356451660394669,99999.0,1,0,2
/OrderService/GetOrder4ac5c410-0913-4136-b83a-cebabd04b53e,3.948560915887356,3.948560915887356,3.0,1,0,2
/OrderService/GetOrder506659f9-5a28-4b44-a58c-7bd352f93ed9,1.5974119305610657,1.5974119305610657,3.0,1,0,2
/OrderService/GetOrder9c2df3ab-21ac-449b-b219-1f84ad778594,2.9280218295753,2.9280218295753,3.0,1,0,2
/OrderService/GetOrdera09a8eaf-266f-4d21-83db-e93aefca11e5,5.240825936198235,5.240825936198235,3.0,1,0,2
/OrderService/GetOrdera64caa88-5c69-4fc4-a84a-47e58274bfda,2.243122085928917,2.243122085928917,3.0,1,0,2
/OrderService/GetOrderbd11016f-3d6e-41ec-9a38-a48d87d38167,2.944506239145994,2.944506239145994,3.0,1,0,2
/OrderService/GetOrderd77decc1-e643-4e71-8bdb-f63a568d6d50,3.018102142959833,3.018102142959833,3.0,1,0,2
/OrderService/GetOrderedc32e57-fde7-4d6b-9cba-c6b75fd4f8c3,3.9472170174121857,3.9472170174121857,2.0,1,0,2
Aggregated,12.397083468385972,9.0,62500.9375,-1,0,2
