Service,Average Response Time,Medium Response Time,Request Size,Request Type,Frequency,Size
/CatalogService/AddItem069e88d7-6175-49fc-9e66-2f3ba4c64e3e,8.360760286450386,8.360760286450386,1000.0,1,0,1
/CatalogService/AddItem1b4d4711-a040-41ce-b04b-6ed3278cf8aa,3.380004782229662,3.380004782229662,1000.0,1,0,1
/CatalogService/AddItem392deffe-46b7-4412-9829-216d9967278b,8.113089017570019,8.113089017570019,1000.0,1,0,1
/CatalogService/AddItem5fa5991a-5f7f-4d73-b619-c3d591f12278,6.554477848112583,6.554477848112583,1000.0,1,0,1
/CatalogService/AddItem60f28d19-6364-4492-a117-8077086d526d,9.134442079812288,9.134442079812288,1000.0,1,0,1
/CatalogService/AddItem63caf660-6097-4450-a4e3-3f84c51285aa,6.834633182734251,6.834633182734251,1000.0,1,0,1
/CatalogService/AddItema3726e62-14bb-417e-b4aa-a15606efa358,5.800194106996059,5.800194106996059,1000.0,1,0,1
/CatalogService/AddItemdf478a9f-af90-4caa-952f-3813e68ff74f,7.249654270708561,7.249654270708561,1000.0,1,0,1
/CatalogService/GetItem0161ebf4-e3a9-4001-9406-bde016503a79,4.228593315929174,4.228593315929174,3.0,1,0,1
/CatalogService/GetItem0dcba771-82ad-4de8-a117-c4e8ec4bbb21,3.7005674093961716,3.7005674093961716,3.0,1,0,1
/CatalogService/GetItem765eaf19-1d17-4c60-aa41-bfb8d02d0883,4.2179604060947895,4.2179604060947895,3.0,1,0,1
/CatalogService/GetItema4d1b1b3-c423-4527-8f16-149d5532ade4,4.129721783101559,4.129721783101559,3.0,1,0,1
/CatalogService/GetItemc5233ff7-5673-4395-988e-de635b45ab35,3.9385692216455936,3.9385692216455936,3.0,1,0,1
/CatalogService/GetItemd5ce39d2-d5ef-4257-9b3d-92eff903c844,3.8393959403038025,3.8393959403038025,3.0,1,0,1
/CatalogService/GetItemdff5fd66-b5d2-4334-90f4-ee1f993b0a65,8.631600998342037,8.631600998342037,3.0,1,0,1
/CatalogService/GetIteme9132fee-b120-475f-bf03-ad7f8da8bfcd,4.746859893202782,4.746859893202782,3.0,1,0,1
/CatalogService/UpdateItem1045e6d4-bdcb-4270-aed3-67e80c3c1e5e,5.7983980514109135,5.7983980514109135,1000.0,1,0,1
/CatalogService/UpdateItem49fee512-59a7-402f-a6e8-6831bc68475a,6.776201073080301,6.776201073080301,1000.0,1,0,1
/CatalogService/UpdateItem802eb20d-d387-43f5-b6ca-74f392c8ac51,4.612998105585575,4.612998105585575,1000.0,1,0,1
/CatalogService/UpdateItem92d6abf0-53e6-42e4-9fa0-4a80e262be9e,4.551270045340061,4.551270045340061,1000.0,1,0,1
/CatalogService/UpdateItem934e1e3d-d5ef-441e-b502-2bd4956f80cb,6.702797021716833,6.702797021716833,1000.0,1,0,1
/CatalogService/UpdateItem97b4ad4a-3a79-408b-8f68-e7c3fed0e2cf,4.638719838112593,4.638719838112593,1000.0,1,0,1
/CatalogService/UpdateItema3cbf4a2-60a4-4c53-ae21-441b18f5d9da,4.289162345230579,4.289162345230579,1000.0,1,0,1
/CatalogService/UpdateItemab34fd09-f090-48bb-9b9f-04fd4e08f9ab,7.761517073959112,7.761517073959112,999.0,1,0,1
/CustomerService/CreateCustomer05d77d04-1a43-4137-a1fa-21fa47b87440,18.927577883005142,18.927577883005142,1000.0,1,0,1
/CustomerService/CreateCustomer21a0a3b2-e3f6-45da-ac40-388ff337b895,24.086439050734043,24.086439050734043,1000.0,1,0,1
/CustomerService/CreateCustomer2258cdc1-35d5-49f4-91ca-c008e714b04d,24.855985771864653,24.855985771864653,1000.0,1,0,1
/CustomerService/CreateCustomer2b1d1049-d838-422a-99ef-b63c2396a16a,17.500233836472034,17.500233836472034,1000.0,1,0,1
/CustomerService/CreateCustomer2f0ef597-85a3-4440-ad50-8f430ddb1fb1,23.46735494211316,23.46735494211316,1000.0,1,0,1
/CustomerService/CreateCustomer766919d2-fa42-42d5-b7a8-f81722533d27,22.973505780100822,22.973505780100822,1000.0,1,0,1
/CustomerService/CreateCustomeraa98a949-1690-4dda-be3d-81cbee5727ea,22.53422187641263,22.53422187641263,1000.0,1,0,1
/CustomerService/CreateCustomerb7bc41ad-a6fd-466d-9236-f3981ae4550a,17.356985714286566,17.356985714286566,1000.0,1,0,1
/CustomerService/UpdateCustomer192665a2-3c2e-4948-a0c1-ea31bdf83c73,6.54603773728013,6.54603773728013,1000.0,1,0,1
/CustomerService/UpdateCustomer4248daf1-5b6e-4994-9671-6a8e12952153,15.585389919579029,15.585389919579029,1000.0,1,0,1
/CustomerService/UpdateCustomer53d3548e-e3ef-4d91-9687-f703fe9aa262,9.555918164551258,9.555918164551258,1000.0,1,0,1
/CustomerService/UpdateCustomer6fb3b80f-46ef-44bc-81c2-99058848ef41,6.132930982857943,6.132930982857943,1000.0,1,0,1
/CustomerService/UpdateCustomer7a17be20-53ab-47fb-8e99-400d34ba0afb,8.86350916698575,8.86350916698575,1000.0,1,0,1
/CustomerService/UpdateCustomeracb4e254-eb7c-48e6-a3a4-fc56395b3a74,5.582370795309544,5.582370795309544,1000.0,1,0,1
/CustomerService/UpdateCustomerb902de46-4de4-41ae-a52b-6c9aaebec388,7.808519992977381,7.808519992977381,1000.0,1,0,1
/CustomerService/UpdateCustomerdaae6843-af34-45cf-bc8a-51ecf445a758,11.187769006937742,11.187769006937742,1000.0,1,0,1
/CustomerService/getCustomer13e3a6b3-a362-4ab7-9e17-ea5f37dc9014,3.5102711990475655,3.5102711990475655,2.0,1,0,1
/CustomerService/getCustomer149e0095-ca27-4afc-8c46-58aab3ff0ed0,7.695755921304226,7.695755921304226,2.0,1,0,1
/CustomerService/getCustomer2ccce288-cc26-409b-8139-4c20b5f8a720,7.739817723631859,7.739817723631859,2.0,1,0,1
/CustomerService/getCustomer4a33eb60-4a13-4c4e-82a4-fb3321ba4450,5.18549932166934,5.18549932166934,2.0,1,0,1
/CustomerService/getCustomer7080f983-730a-4a73-ab10-b492d19b3f58,2.8526559472084045,2.8526559472084045,2.0,1,0,1
/CustomerService/getCustomer7ad3668d-6947-435e-b0ce-ffd109fc985a,2.2015199065208435,2.2015199065208435,2.0,1,0,1
/CustomerService/getCustomera59d1467-9d0a-4418-86b9-4b92b36e0837,3.717206884175539,3.717206884175539,2.0,1,0,1
/CustomerService/getCustomera9bc8a78-949f-4c36-a9be-d4b9b6db0a7f,3.2895258627831936,3.2895258627831936,2.0,1,0,1
/OrderService/CreateOrder0f720be3-3f89-4ff4-a927-a3236b165fe3,46.22005810961127,46.22005810961127,1000.0,1,0,1
/OrderService/CreateOrder2a3afbcb-3e41-47bb-bb3a-89a355dc7303,51.089833956211805,51.089833956211805,1000.0,1,0,1
/OrderService/CreateOrder3302d34d-3fca-42df-9b60-d59a1102e6ee,48.96059399470687,48.96059399470687,1000.0,1,0,1
/OrderService/CreateOrder4c8f981b-fcbc-4454-840e-a23e219eec2d,3.204803913831711,3.204803913831711,1000.0,1,0,1
/OrderService/CreateOrdera84fd67a-cbef-4b2e-99a7-ca56138ed808,45.72969861328602,45.72969861328602,1000.0,1,0,1
/OrderService/CreateOrderaa2db6a4-f614-4f9f-a398-78c9ce8c2d3b,52.05370998010039,52.05370998010039,1000.0,1,0,1
/OrderService/CreateOrdereaa92892-5d50-4432-854b-8afa993b42b1,4.4396668672561646,4.4396668672561646,1000.0,1,0,1
/OrderService/CreateOrderfb8d9220-afcb-4008-ba32-5d4677aa4cab,2.968394197523594,2.968394197523594,1000.0,1,0,1
/OrderService/GetOrder064f564c-7ebf-485c-bfc4-50f3eeced8ea,2.0407536067068577,2.0407536067068577,3.0,1,0,1
/OrderService/GetOrder24b31871-f798-4ff8-bc5a-0748f966c600,5.911124870181084,5.911124870181084,3.0,1,0,1
/OrderService/GetOrder2764e79a-9e76-44fc-8891-cd715eacb8d2,4.757092334330082,4.757092334330082,3.0,1,0,1
/OrderService/GetOrder386ab217-eea0-49c6-943b-04079fde60e9,2.836558036506176,2.836558036506176,2.0,1,0,1
/OrderService/GetOrderaaac8618-7e02-4092-8dbb-b8889470bc56,8.03621206432581,8.03621206432581,3.0,1,0,1
/OrderService/GetOrderbd583e31-c8f0-443f-b511-9c67eaecbba7,1.4138389378786087,1.4138389378786087,3.0,1,0,1
/OrderService/GetOrderf1a27f5c-9826-4b89-8fdb-5c6c051fe996,2.352815121412277,2.352815121412277,3.0,1,0,1
/OrderService/GetOrderfd05e545-d9b6-41f3-b8be-76a65aa1927e,3.5130558535456657,3.5130558535456657,3.0,1,0,1
Aggregated,10.979325030348264,6.0,625.96875,-1,0,1
