Service,Average Response Time,Medium Response Time,Request Size,Request Type,Frequency,Size
/CatalogService/AddItem132c1292-2ff8-40cb-aa2b-569f7480f9d3,30.542920343577862,30.542920343577862,50.0,1,0,0
/CatalogService/AddItem432a4b93-7881-4402-af17-332ad7d46dfd,13.781641144305468,13.781641144305468,50.0,1,0,0
/CatalogService/AddItem98950ca3-27bc-47f8-b32b-675ff8431367,10.958687867969275,10.958687867969275,50.0,1,0,0
/CatalogService/AddItemb198066d-bb22-460e-a1ec-842eb01599d7,8.757899980992079,8.757899980992079,50.0,1,0,0
/CatalogService/AddItembf294c3d-6059-43dc-9b7a-65694009eaed,30.17211379483342,30.17211379483342,50.0,1,0,0
/CatalogService/AddItemc14169d7-83cb-4a5a-beeb-561a4de6b724,31.030637212097645,31.030637212097645,50.0,1,0,0
/CatalogService/AddItemce09709c-4df0-488e-bf47-faaec14c7ed8,5.304574966430664,5.304574966430664,50.0,1,0,0
/CatalogService/AddItemd36e0e73-df30-4fb8-847d-2569ed07a22f,12.957429978996515,12.957429978996515,50.0,1,0,0
/CatalogService/GetItem05e4dc02-04af-4c55-a0ea-d1b43780ce0d,4.254747182130814,4.254747182130814,3.0,1,0,0
/CatalogService/GetItem2a371ee7-3984-4cf5-95d8-feb4b5b18c4c,4.599521867930889,4.599521867930889,3.0,1,0,0
/CatalogService/GetItem33edde66-7d2d-4939-ab24-22084ddf41b6,3.430882003158331,3.430882003158331,3.0,1,0,0
/CatalogService/GetItem34d5f438-e9db-4d39-9af2-c875f676fe49,4.901107866317034,4.901107866317034,3.0,1,0,0
/CatalogService/GetItem55ac514a-93c3-4c05-8f09-36d4d1dc3011,4.4281696900725365,4.4281696900725365,3.0,1,0,0
/CatalogService/GetItem933d2af2-dac4-4ce8-9bcb-c794ca3f37e7,3.702873829752207,3.702873829752207,3.0,1,0,0
/CatalogService/GetItem951c309b-a2ff-4a1e-ac2d-2ea47f343c9e,4.351355135440826,4.351355135440826,3.0,1,0,0
/CatalogService/GetItemc15164a3-8398-4ee9-bfa6-3c7f852aba58,3.741237800568342,3.741237800568342,3.0,1,0,0
/CatalogService/UpdateItem48da8dcc-61f6-4cc3-9f59-2d7e0d5e54a3,3.470675554126501,3.470675554126501,50.0,1,0,0
/CatalogService/UpdateItem787d1f69-8ab3-46a6-8689-d60e5344feff,4.7286879271268845,4.7286879271268845,50.0,1,0,0
/CatalogService/UpdateItem92d19b0a-9506-4de9-8eb9-7ac6f0408d7a,8.437099400907755,8.437099400907755,50.0,1,0,0
/CatalogService/UpdateItem9950092a-c550-47e1-9fd4-d998c19531a5,6.20751827955246,6.20751827955246,50.0,1,0,0
/CatalogService/UpdateItem9e0ce99d-a1c9-43e6-91c1-5cd60c9ebfcf,29.78502307087183,29.78502307087183,50.0,1,0,0
/CatalogService/UpdateItemb73d5ac7-7ffa-4bc1-b170-e5d1d459c28e,26.2939790263772,26.2939790263772,50.0,1,0,0
/CatalogService/UpdateItemccb83e07-ea1d-4ed2-8c5a-547ee6712454,4.286358132958412,4.286358132958412,50.0,1,0,0
/CatalogService/UpdateItemce02a003-974d-45fe-94dd-ff10cb54066b,4.431791137903929,4.431791137903929,50.0,1,0,0
/CustomerService/CreateCustomer012bc084-93d4-4cae-8627-d3b5da3018ac,26.494701858609915,26.494701858609915,50.0,1,0,0
/CustomerService/CreateCustomer203794ca-e6bb-4e3f-9a1d-00d82713f51c,16.29510009661317,16.29510009661317,50.0,1,0,0
/CustomerService/CreateCustomera9c53879-e795-4015-9c11-35b0631a663b,20.10605623945594,20.10605623945594,50.0,1,0,0
/CustomerService/CreateCustomerb44dfd58-bfa5-45ab-a548-4aba27c4eb67,17.647572327405214,17.647572327405214,50.0,1,0,0
/CustomerService/CreateCustomerc775fed2-963a-4105-a92d-d83d6b1178c6,23.46883900463581,23.46883900463581,50.0,1,0,0
/CustomerService/CreateCustomerdbb0fe39-8b68-4a9a-a4b5-4a495bd4607a,23.540359921753407,23.540359921753407,50.0,1,0,0
/CustomerService/CreateCustomere66c262e-138e-43af-92b3-00badb93fb2e,15.233282931149006,15.233282931149006,50.0,1,0,0
/CustomerService/CreateCustomerfada52c3-bba1-4df8-aaf6-a6b293d711c3,22.299894597381353,22.299894597381353,50.0,1,0,0
/CustomerService/UpdateCustomer1152bec8-81db-4655-b3c5-66f3d8f0d3b5,10.59369696304202,10.59369696304202,50.0,1,0,0
/CustomerService/UpdateCustomer2a31c75f-10a9-4433-8fb3-0d69bcbd6228,19.68979276716709,19.68979276716709,50.0,1,0,0
/CustomerService/UpdateCustomer33740668-aa04-45b4-932c-c99c15eb3f10,7.226272951811552,7.226272951811552,50.0,1,0,0
/CustomerService/UpdateCustomer5a95b72d-1f7c-4a87-8439-884ed658d15d,10.382110718637705,10.382110718637705,50.0,1,0,0
/CustomerService/UpdateCustomer9088f74b-d2bd-4bab-96a3-db2c02ad3cdd,13.119226787239313,13.119226787239313,50.0,1,0,0
/CustomerService/UpdateCustomerdecdff26-0e87-4493-b9d3-33b59ce24eae,6.474202033132315,6.474202033132315,50.0,1,0,0
/CustomerService/UpdateCustomerea1be505-f3e4-4f06-ba40-a433743a18d1,15.759066678583622,15.759066678583622,50.0,1,0,0
/CustomerService/UpdateCustomerec6d36f6-789e-4ab2-b2ab-b31e995aad8e,9.228331036865711,9.228331036865711,50.0,1,0,0
/CustomerService/getCustomer1bb04a72-dbef-4d75-b7ed-93dba4e5bbf1,7.25381588563323,7.25381588563323,2.0,1,0,0
/CustomerService/getCustomer2576b12f-6447-4568-ad0f-97cf28e464dd,12.226416729390621,12.226416729390621,2.0,1,0,0
/CustomerService/getCustomer53df60b9-c762-4e95-9df0-99bc87708ae8,5.7930839248001575,5.7930839248001575,2.0,1,0,0
/CustomerService/getCustomer6786fbd1-6c0c-4b9a-abbc-67ed4fce3715,4.208012018352747,4.208012018352747,2.0,1,0,0
/CustomerService/getCustomer6f876f73-b2d6-48e5-89cc-8cdc45e286f5,7.179709151387215,7.179709151387215,2.0,1,0,0
/CustomerService/getCustomerbeb6c7ac-74a7-4952-9b6d-bf2dd345acd7,4.602398723363876,4.602398723363876,2.0,1,0,0
/CustomerService/getCustomerd65df49d-42b5-4065-8f8d-b5bde644319c,2.789624035358429,2.789624035358429,2.0,1,0,0
/CustomerService/getCustomerfce95428-0083-415c-afbb-e7ed11c6c1d3,7.123894058167934,7.123894058167934,2.0,1,0,0
/OrderService/CreateOrder08931e6e-61f6-4be6-a5b3-0f197bb88b0b,11.182369198650122,11.182369198650122,50.0,1,0,0
/OrderService/CreateOrder1c8fa51b-1a85-43e8-a56c-8736d1629919,5.127005744725466,5.127005744725466,50.0,1,0,0
/OrderService/CreateOrder298d9cb9-6e2e-416e-af3d-0c88d1d342dd,31.15785587579012,31.15785587579012,50.0,1,0,0
/OrderService/CreateOrder45dec452-eaa2-40b1-9563-64eac8e0a48f,25.334015022963285,25.334015022963285,49.0,1,0,0
/OrderService/CreateOrder46033d60-62d1-4967-94ec-22ffa52ee603,5.504303611814976,5.504303611814976,50.0,1,0,0
/OrderService/CreateOrder9dead93c-8bc4-4237-82a3-8e856b670776,5.824299994856119,5.824299994856119,50.0,1,0,0
/OrderService/CreateOrderb8fb4617-1fee-4dc4-85c7-f0cee500ea75,30.290636233985424,30.290636233985424,50.0,1,0,0
/OrderService/CreateOrderddd3db15-5e3d-465d-b9b9-e461d9fbd6c8,33.77026505768299,33.77026505768299,50.0,1,0,0
/OrderService/GetOrder127c155f-f973-4dc1-902f-385fe18bdaf4,4.038302693516016,4.038302693516016,3.0,1,0,0
/OrderService/GetOrder464f06b1-4f90-411f-853a-5f68732200d6,2.6834788732230663,2.6834788732230663,3.0,1,0,0
/OrderService/GetOrder50a6c45b-acf4-451d-8737-0061e012c0fc,2.381854224950075,2.381854224950075,3.0,1,0,0
/OrderService/GetOrder56db5cf0-2752-4e61-aa89-4c00d7f722e6,3.485732711851597,3.485732711851597,3.0,1,0,0
/OrderService/GetOrder6995773f-5a15-4a9e-9ff2-fc263f51724b,2.9251030646264553,2.9251030646264553,3.0,1,0,0
/OrderService/GetOrder8393fa1e-365b-4912-81af-658df68a8f17,3.052963875234127,3.052963875234127,3.0,1,0,0
/OrderService/GetOrder96f8c9af-a190-4f25-861f-af193e762f37,4.534048028290272,4.534048028290272,3.0,1,0,0
/OrderService/GetOrderdffb19ee-b9ab-4441-8335-e411ae969555,20.70032386109233,20.70032386109233,3.0,1,0,0
Aggregated,11.957577386056073,7.0,32.234375,-1,0,0
