Service,Average Response Time,Medium Response Time,Request Size,Request Type,Frequency,Size
/CatalogService/AddItem081b7fdb-98ca-4ce4-be63-d3c38c3428c7,2.347229979932308,2.347229979932308,1000.0,1,1,1
/CatalogService/AddItem1242551d-433c-4d54-862e-ba705c75f0c9,8.033419027924538,8.033419027924538,1000.0,1,1,1
/CatalogService/AddItem14902aaa-05c7-4ff6-95c7-38b5736dc51c,12.7869239076972,12.7869239076972,1000.0,1,1,1
/CatalogService/AddItem156b906a-807c-45de-9c2a-fb325434a7c8,11.615931056439877,11.615931056439877,1000.0,1,1,1
/CatalogService/AddItem16af952d-215d-4552-b094-12a42af9a7b5,17.414533998817205,17.414533998817205,1000.0,1,1,1
/CatalogService/AddItem191b1377-ff47-4ca5-baf4-590bd59fd623,2.880387008190155,2.880387008190155,1000.0,1,1,1
/CatalogService/AddItem1b0c1e76-3a5d-4c06-a036-74a3297cf88c,14.580986928194761,14.580986928194761,1000.0,1,1,1
/CatalogService/AddItem1d568d48-509c-4047-9862-d75be51c8743,14.547646045684814,14.547646045684814,1000.0,1,1,1
/CatalogService/AddItem1fba60d8-f38e-4ae5-9579-c314c0cec721,19.410730339586735,19.410730339586735,1000.0,1,1,1
/CatalogService/AddItem2075026b-557f-4819-8f47-53f27f88dc80,13.427172787487507,13.427172787487507,1000.0,1,1,1
/CatalogService/AddItem2800dd4d-dbc7-4d10-86e9-855abdcd552f,3.4166439436376095,3.4166439436376095,1000.0,1,1,1
/CatalogService/AddItem2e5d3dca-17de-47f9-86c4-ad8ffd8dedde,17.4698606133461,17.4698606133461,1000.0,1,1,1
/CatalogService/AddItem33111e8b-e848-4089-a988-5eeac9d2026b,11.944056954234838,11.944056954234838,1000.0,1,1,1
/CatalogService/AddItem33af2848-9869-44bd-bc78-d552c5289641,3.106093965470791,3.106093965470791,1000.0,1,1,1
/CatalogService/AddItem3598a123-4391-4c23-90da-4a7b11779f60,10.544102173298597,10.544102173298597,1000.0,1,1,1
/CatalogService/AddItem36e97253-1fcc-47cd-98a3-f06dab011502,9.881587699055672,9.881587699055672,1000.0,1,1,1
/CatalogService/AddItem3d678c72-e6c2-466d-ab3e-7f3a3f1976ae,2.8412318788468838,2.8412318788468838,1000.0,1,1,1
/CatalogService/AddItem3e17eb08-125a-41a8-a619-0b7d6be1dc27,2.5570709258317947,2.5570709258317947,1000.0,1,1,1
/CatalogService/AddItem41adee2c-7d4d-4569-8ce7-c9b774a155f7,9.616516064852476,9.616516064852476,1000.0,1,1,1
/CatalogService/AddItem42e68f0e-633b-410a-8e85-25e0ac6f02ee,6.455176044255495,6.455176044255495,1000.0,1,1,1
/CatalogService/AddItem42fa217b-b394-481c-b492-93dee7b23b9e,11.318986769765615,11.318986769765615,1000.0,1,1,1
/CatalogService/AddItem43801d94-1a3a-4ebc-b39a-bd7a3abdd576,7.838623132556677,7.838623132556677,1000.0,1,1,1
/CatalogService/AddItem462e1c66-452a-4a6f-9c3b-d490dca30313,32.715929206460714,32.715929206460714,1000.0,1,1,1
/CatalogService/AddItem4f8c4fdb-062b-43ba-bbb2-96bcb8291187,9.796684142202139,9.796684142202139,1000.0,1,1,1
/CatalogService/AddItem5674a38e-e396-4da0-bc19-9d2791a073cd,5.795399192720652,5.795399192720652,1000.0,1,1,1
/CatalogService/AddItem5e7657e4-9acd-4f23-80e0-9be3aceff5aa,2.4623023346066475,2.4623023346066475,1000.0,1,1,1
/CatalogService/AddItem643af788-fe87-4e82-895e-8a22fe891064,9.729489218443632,9.729489218443632,1000.0,1,1,1
/CatalogService/AddItem64ce440d-4857-4cb7-9cee-97de35979745,9.623100981116295,9.623100981116295,1000.0,1,1,1
/CatalogService/AddItem65681cf4-320d-45da-b86c-146de0ad5f9a,9.410395286977291,9.410395286977291,1000.0,1,1,1
/CatalogService/AddItem6d0fb0a9-4def-46ec-a26d-f7bd8f9ff469,3.480904269963503,3.480904269963503,1000.0,1,1,1
/CatalogService/AddItem6f470cf3-f751-4852-9cf7-bb4401aa2fe4,9.159876964986324,9.159876964986324,1000.0,1,1,1
/CatalogService/AddItem6f6a6a4f-308a-416d-aab5-33ad42adace8,11.728591285645962,11.728591285645962,1000.0,1,1,1
/CatalogService/AddItem70c831e6-6503-40aa-8ad9-77e5cdc9d2de,9.926879312843084,9.926879312843084,1000.0,1,1,1
/CatalogService/AddItem7b258232-12bc-49ce-b0c8-d182f5e9ad17,11.34234992787242,11.34234992787242,1000.0,1,1,1
/CatalogService/AddItem7cccb8a6-747c-4984-8dec-08d1e94a42c2,8.619432803243399,8.619432803243399,1000.0,1,1,1
/CatalogService/AddItem825c3e77-9c3d-459f-89db-67d68bf99468,8.974063210189342,8.974063210189342,1000.0,1,1,1
/CatalogService/AddItem8437dad8-e822-4a50-b651-8b3d89b4a420,11.747953947633505,11.747953947633505,1000.0,1,1,1
/CatalogService/AddItem84cf778a-58eb-43ae-b25d-9f72144741f2,19.71485698595643,19.71485698595643,1000.0,1,1,1
/CatalogService/AddItem8548aaf7-0ec6-44a8-858b-7683a97e3a8d,2.3129559122025967,2.3129559122025967,1000.0,1,1,1
/CatalogService/AddItem870fc41f-690f-41d1-b112-f3ef20992ef3,20.598276052623987,20.598276052623987,1000.0,1,1,1
/CatalogService/AddItem87e3b34f-e8ad-4e70-8caa-31a3bd46bca0,3.450192976742983,3.450192976742983,1000.0,1,1,1
/CatalogService/AddItem88464d52-8525-4771-84a1-8267a33d04f9,8.82907398045063,8.82907398045063,1000.0,1,1,1
/CatalogService/AddItem8ad093c9-e3a0-478e-963e-068c5cdff5f4,10.108679998666048,10.108679998666048,1000.0,1,1,1
/CatalogService/AddItem8d9b644e-48d6-4784-be9b-7f0a703570ba,11.511074379086494,11.511074379086494,1000.0,1,1,1
/CatalogService/AddItem8fa7cc0e-9dbd-4429-8dac-74ef7ba98680,10.236292146146297,10.236292146146297,1000.0,1,1,1
/CatalogService/AddItem92d0d558-55c8-416d-8c8e-7a88004c42ac,8.540787268429995,8.540787268429995,1000.0,1,1,1
/CatalogService/AddItem9330e72d-bed7-4b0f-887f-7715f48284bd,10.421392973512411,10.421392973512411,1000.0,1,1,1
/CatalogService/AddItem9384ad6c-c24e-438e-ab38-107e9cfc09ec,6.928838789463043,6.928838789463043,1000.0,1,1,1
/CatalogService/AddItem95445841-844a-405c-be5e-1adfdf046c41,10.58904780074954,10.58904780074954,1000.0,1,1,1
/CatalogService/AddItem95507134-913a-4d12-9361-77a8c2ecfda4,8.959065191447735,8.959065191447735,1000.0,1,1,1
/CatalogService/AddItem96df7139-0c47-4e98-98c4-80702d712397,10.614347644150257,10.614347644150257,1000.0,1,1,1
/CatalogService/AddItem983a3db9-bf07-4886-9ffe-66879b357b6d,7.129217963665724,7.129217963665724,1000.0,1,1,1
/CatalogService/AddItem985ed9ce-3ca0-4667-8881-67ed285f7602,8.197967894375324,8.197967894375324,1000.0,1,1,1
/CatalogService/AddItema0a98722-6488-40eb-b611-366a569b5bec,5.477046128362417,5.477046128362417,1000.0,1,1,1
/CatalogService/AddItema4ad9aa9-9ba3-4b65-9f0a-7caba82a5d85,2.7000210247933865,2.7000210247933865,1000.0,1,1,1
/CatalogService/AddItema874d6e1-7be9-49d2-9182-11bf0ffc7f8c,15.10537089779973,15.10537089779973,1000.0,1,1,1
/CatalogService/AddItema91d5b80-2bb0-4425-a726-9c67232fcf1f,13.181999791413546,13.181999791413546,1000.0,1,1,1
/CatalogService/AddItemabfdb158-bb0b-408f-9961-7ecd4cccd157,3.1406553462147713,3.1406553462147713,1000.0,1,1,1
/CatalogService/AddItemae8f19b5-f85b-41ca-b21b-26eba035f951,9.541039355099201,9.541039355099201,1000.0,1,1,1
/CatalogService/AddItemb30e112d-df0a-46ca-8350-7f6fa3d7aa3e,16.052293125540018,16.052293125540018,1000.0,1,1,1
/CatalogService/AddItemb3155860-c45d-4992-b82e-c8dba1e95143,8.756571915000677,8.756571915000677,1000.0,1,1,1
/CatalogService/AddItemb603e79a-7274-47d0-907c-ede5a0d80671,10.663432069122791,10.663432069122791,1000.0,1,1,1
/CatalogService/AddItemb632e1e6-b023-4e22-b6db-c6bd6719fc40,10.145599022507668,10.145599022507668,1000.0,1,1,1
/CatalogService/AddItembb346f36-ad9c-4d7a-95d9-3d76a2316d65,9.970746003091335,9.970746003091335,1000.0,1,1,1
/CatalogService/AddItembc9590f4-a9a9-458a-982e-77cb76e042f4,9.650409687310457,9.650409687310457,1000.0,1,1,1
/CatalogService/AddItembd1be8a9-3948-49e2-b81f-cac475f56713,2.920426893979311,2.920426893979311,1000.0,1,1,1
/CatalogService/AddItembfb162d6-b95a-43ff-9cfb-37fee3665af9,2.424907870590687,2.424907870590687,1000.0,1,1,1
/CatalogService/AddItemd254b68c-47ae-448a-a181-1e4fe011ac13,10.263456963002682,10.263456963002682,1000.0,1,1,1
/CatalogService/AddItemd7118200-b98b-478c-8892-ec7cb8c938ec,10.588902980089188,10.588902980089188,1000.0,1,1,1
/CatalogService/AddItemdd5da8b0-1154-465c-a0b5-6cfbe71328a6,2.8558149933815002,2.8558149933815002,1000.0,1,1,1
/CatalogService/AddIteme51b1594-2176-421a-acb0-a8e63998fc88,3.7739379331469536,3.7739379331469536,1000.0,1,1,1
/CatalogService/AddIteme649be01-6a67-4b9a-8cd5-444bb347ea21,20.990754012018442,20.990754012018442,1000.0,1,1,1
/CatalogService/AddIteme7e3aa53-9f61-40c3-a8f3-2828edd12578,9.561324026435614,9.561324026435614,1000.0,1,1,1
/CatalogService/AddItemeabf680f-068a-47ec-9004-c2562116cd76,2.6901671662926674,2.6901671662926674,1000.0,1,1,1
/CatalogService/AddItemebd80a44-3f6c-46c6-bbea-bd33d0738bab,11.898427736014128,11.898427736014128,1000.0,1,1,1
/CatalogService/AddItemeee0c78c-f868-4d0e-a32c-5f6942a71858,9.80083318427205,9.80083318427205,1000.0,1,1,1
/CatalogService/AddItemf5297184-97e6-43d9-815f-38f8a34a8e36,2.033892087638378,2.033892087638378,1000.0,1,1,1
/CatalogService/AddItemf54eb293-f7d6-476b-8606-cafb613a4ecc,10.278298053890467,10.278298053890467,1000.0,1,1,1
/CatalogService/AddItemfb37d620-ab79-4c65-9867-d7827be1730a,10.015533305704594,10.015533305704594,1000.0,1,1,1
/CatalogService/AddItemff46b699-e923-4ca5-bf1e-ef8eb289df57,14.9063840508461,14.9063840508461,1000.0,1,1,1
/CatalogService/GetItem0866586a-5e78-41a6-9502-99d233f74e3b,2.0749452523887157,2.0749452523887157,3.0,1,1,1
/CatalogService/GetItem08ec7e4d-db0b-438e-8dd7-828f871bbcf9,6.098373793065548,6.098373793065548,3.0,1,1,1
/CatalogService/GetItem0a133365-31b2-44b8-a37f-7ea86d34c206,2.4820417165756226,2.4820417165756226,3.0,1,1,1
/CatalogService/GetItem0aa4af6b-548c-4e61-a734-d7d77ba48e02,5.021007265895605,5.021007265895605,3.0,1,1,1
/CatalogService/GetItem0b7fd01b-774c-49ba-b609-91738c21f689,2.3399190977215767,2.3399190977215767,3.0,1,1,1
/CatalogService/GetItem0eb21c89-3aa0-47b7-8648-bf93d6960532,2.4350001476705074,2.4350001476705074,3.0,1,1,1
/CatalogService/GetItem11e189d8-dbf7-475a-ad1b-c7b9e2be76b3,2.677684184163809,2.677684184163809,3.0,1,1,1
/CatalogService/GetItem1413e23c-fb4f-4287-b8ff-440ade088a7d,3.2217842526733875,3.2217842526733875,3.0,1,1,1
/CatalogService/GetItem16247b46-bf6f-4641-a623-e24c981f77b8,3.9525157772004604,3.9525157772004604,3.0,1,1,1
/CatalogService/GetItem17a9fc6b-b0b3-4157-b0eb-80370fcad114,3.342634066939354,3.342634066939354,3.0,1,1,1
/CatalogService/GetItem243044ec-0496-4bb1-aeb6-d5f52cda083f,1.9392650574445724,1.9392650574445724,3.0,1,1,1
/CatalogService/GetItem2667f5d0-effb-471b-a177-d8c7ee0f1924,5.19126420840621,5.19126420840621,3.0,1,1,1
/CatalogService/GetItem299fae55-5176-4e38-975e-3722dd867f9f,4.59760706871748,4.59760706871748,3.0,1,1,1
/CatalogService/GetItem2dd1a655-0ee3-466d-9f25-3bff871c78c5,1.6571730375289917,1.6571730375289917,3.0,1,1,1
/CatalogService/GetItem2f058a1a-c374-4567-bdf4-eaa5e8b40200,1.619037240743637,1.619037240743637,3.0,1,1,1
/CatalogService/GetItem3520f8a7-043f-4ab9-a217-4488914b98d5,3.9770668372511864,3.9770668372511864,3.0,1,1,1
/CatalogService/GetItem3c3a358c-fe24-45cd-a347-4b091368a72c,6.446778308600187,6.446778308600187,3.0,1,1,1
/CatalogService/GetItem3c99363b-7983-4992-9f40-9d82e632148f,5.8157313615083694,5.8157313615083694,3.0,1,1,1
/CatalogService/GetItem41b0a95e-c36e-4d46-8a77-b8a12390149a,4.432633053511381,4.432633053511381,3.0,1,1,1
/CatalogService/GetItem42642f29-f337-4374-80c4-8630375a4765,5.87928993627429,5.87928993627429,3.0,1,1,1
/CatalogService/GetItem432d7b41-7da7-4243-a4db-68dfcdea4d74,2.533399034291506,2.533399034291506,3.0,1,1,1
/CatalogService/GetItem463412e0-a0e2-42e8-b727-215c5f391d25,4.786924924701452,4.786924924701452,3.0,1,1,1
/CatalogService/GetItem4639fe22-19ce-4328-b99c-44c295ef2eb4,4.813072737306356,4.813072737306356,3.0,1,1,1
/CatalogService/GetItem4be9a178-ecfa-481b-9494-4bfc50cf6aa1,2.6169391348958015,2.6169391348958015,3.0,1,1,1
/CatalogService/GetItem544ef333-da86-4b44-b51f-d429e8311cb5,4.658056888729334,4.658056888729334,3.0,1,1,1
/CatalogService/GetItem54fb03c8-fbd4-43b1-9453-146652426e3f,2.6613902300596237,2.6613902300596237,3.0,1,1,1
/CatalogService/GetItem56c11679-0472-492e-a448-8642e03896e5,3.9722779765725136,3.9722779765725136,3.0,1,1,1
/CatalogService/GetItem584300b2-1c2b-4e86-a4f1-507c80927470,5.064479075372219,5.064479075372219,3.0,1,1,1
/CatalogService/GetItem5933e017-22e8-47cf-a7d7-6ce156c0fe16,2.381333149969578,2.381333149969578,3.0,1,1,1
/CatalogService/GetItem5963bfd2-3dfb-4fb4-86da-6e49d833d79b,4.08965814858675,4.08965814858675,3.0,1,1,1
/CatalogService/GetItem5a20894a-a0c2-4f76-b1f0-43e0b4da28f9,5.515411961823702,5.515411961823702,3.0,1,1,1
/CatalogService/GetItem5a439079-a8b9-4f5d-95be-707ad342a0a2,14.16155369952321,14.16155369952321,3.0,1,1,1
/CatalogService/GetItem62649378-be31-46b6-bd3b-88e8392e6cb7,6.131571251899004,6.131571251899004,3.0,1,1,1
/CatalogService/GetItem6316089d-f290-4bfe-9ec5-2ac81186a9de,1.9632806070148945,1.9632806070148945,3.0,1,1,1
/CatalogService/GetItem66659e26-7370-43e7-bff5-e20fea7080db,2.552509307861328,2.552509307861328,3.0,1,1,1
/CatalogService/GetItem67935042-f838-44b6-b674-f2f80bdd4c2d,1.6651349142193794,1.6651349142193794,3.0,1,1,1
/CatalogService/GetItem6a310d76-6cd8-48a3-9172-1f1e785bf71d,1.8991371616721153,1.8991371616721153,3.0,1,1,1
/CatalogService/GetItem6ab52d5e-70d3-4de4-8257-599a9ce28df9,2.2417367435991764,2.2417367435991764,3.0,1,1,1
/CatalogService/GetItem6ce02598-7951-4302-8683-e486c8dcc485,4.125214647501707,4.125214647501707,3.0,1,1,1
/CatalogService/GetItem7340c3fb-ddf0-44ae-a4f4-34d8d4fe92e8,2.4389061145484447,2.4389061145484447,3.0,1,1,1
/CatalogService/GetItem74203818-0bb5-4516-bca4-e8d2aa7a5630,5.913859698921442,5.913859698921442,3.0,1,1,1
/CatalogService/GetItem7a697a3f-e1af-4cd5-b465-7d33eebc6cb6,6.427096668630838,6.427096668630838,3.0,1,1,1
/CatalogService/GetItem7ac7e379-affd-4ae2-9bf2-19063511347c,6.461197976022959,6.461197976022959,3.0,1,1,1
/CatalogService/GetItem7b2edb53-16f4-48f2-8ff6-df078e8dec06,1.9152350723743439,1.9152350723743439,3.0,1,1,1
/CatalogService/GetItem7c0fa1ea-5780-4d61-9fac-4f7f29bf16e2,3.627627156674862,3.627627156674862,2.0,1,1,1
/CatalogService/GetItem80aca91c-16b4-4c7e-9c03-fd90493bd4a7,1.79701903834939,1.79701903834939,3.0,1,1,1
/CatalogService/GetItem81642723-e843-4e01-9983-f7fb52239554,1.6907630488276482,1.6907630488276482,3.0,1,1,1
/CatalogService/GetItem82de50a2-8e68-4d49-bad0-ed94ba231b5e,1.6892822459340096,1.6892822459340096,3.0,1,1,1
/CatalogService/GetItem871995e8-d1b3-4e87-942d-ec51ca15e8d6,3.1245811842381954,3.1245811842381954,3.0,1,1,1
/CatalogService/GetItem95981642-65d2-4539-9fe1-149139cced34,4.950481001287699,4.950481001287699,3.0,1,1,1
/CatalogService/GetItem96a29a63-323a-4f49-aa71-ebff45280a57,2.6307539083063602,2.6307539083063602,3.0,1,1,1
/CatalogService/GetItema2e603d6-fc33-47ed-9e3c-46b360cec7f5,2.2957930341362953,2.2957930341362953,3.0,1,1,1
/CatalogService/GetItema384576b-46c2-4364-9f7d-e216119fbbee,5.924536846578121,5.924536846578121,3.0,1,1,1
/CatalogService/GetItema44a4320-f20c-49d7-9529-296305073d8f,3.670868929475546,3.670868929475546,3.0,1,1,1
/CatalogService/GetItema4dab29e-fb4e-4ea2-ba73-74af307f64e0,4.955129697918892,4.955129697918892,3.0,1,1,1
/CatalogService/GetItema8690648-7391-4d94-853f-b4bc53b8da49,5.898940376937389,5.898940376937389,3.0,1,1,1
/CatalogService/GetItemaa254617-7247-4938-8be3-07442ffe15e1,2.6074768975377083,2.6074768975377083,3.0,1,1,1
/CatalogService/GetItemaa32f482-540f-415c-8e98-4dfac433724f,4.0910509414970875,4.0910509414970875,3.0,1,1,1
/CatalogService/GetItemb320a757-468d-4206-925b-0e813a53aed8,2.2446010261774063,2.2446010261774063,3.0,1,1,1
/CatalogService/GetItemb3dbb47c-cea6-4762-bda2-78cddf2d2aca,8.879290893673897,8.879290893673897,3.0,1,1,1
/CatalogService/GetItemb4813a6b-6d6c-4c75-9d18-f2c572824e54,2.6737903244793415,2.6737903244793415,3.0,1,1,1
/CatalogService/GetItemb5c9f032-aae8-445a-8b4e-64d5c21c8516,6.768919061869383,6.768919061869383,3.0,1,1,1
/CatalogService/GetItemb627f079-db5d-413f-9928-f1c4f151527f,2.798170782625675,2.798170782625675,3.0,1,1,1
/CatalogService/GetItemb9880803-ef7a-4693-bcbb-679fb92916ba,4.689313936978579,4.689313936978579,3.0,1,1,1
/CatalogService/GetItemc8dc273d-c717-4599-ad06-6935f8f689b1,3.3368179574608803,3.3368179574608803,3.0,1,1,1
/CatalogService/GetItemc8f92a8c-9eef-48e6-82d5-b8902d454c82,3.095968160778284,3.095968160778284,3.0,1,1,1
/CatalogService/GetItemc96d06c8-018b-4a42-868d-8f9ed8fd21a1,5.830178037285805,5.830178037285805,3.0,1,1,1
/CatalogService/GetItemc9a281cc-fca1-4dbc-8532-892eda59d66e,6.024497095495462,6.024497095495462,3.0,1,1,1
/CatalogService/GetItemcd096a67-bc9b-4bdf-829d-3d069f64cd75,4.4136750511825085,4.4136750511825085,3.0,1,1,1
/CatalogService/GetItemdc192cb5-7eb6-44c2-b694-cba5541345db,5.832698196172714,5.832698196172714,3.0,1,1,1
/CatalogService/GetItemdf183853-5d6a-4524-a32c-98562ee66437,1.7625191248953342,1.7625191248953342,3.0,1,1,1
/CatalogService/GetItemdf62a254-5e9d-4715-b0c0-59f31d87023e,2.2344416938722134,2.2344416938722134,3.0,1,1,1
/CatalogService/GetIteme062cb47-4ab0-40a9-8742-d4ab2141bec8,2.8225919231772423,2.8225919231772423,3.0,1,1,1
/CatalogService/GetIteme4049aea-f96e-42d7-9951-b4ddf6be0b6f,5.446110852062702,5.446110852062702,3.0,1,1,1
/CatalogService/GetItemec50b0b3-b8f3-4195-9b68-227e04c83648,5.19847497344017,5.19847497344017,3.0,1,1,1
/CatalogService/GetItemf0e16e06-e6bc-41de-8079-57bf08687d22,2.3630191572010517,2.3630191572010517,3.0,1,1,1
/CatalogService/GetItemf442f510-3683-49a1-8400-29a545abf159,2.9350388795137405,2.9350388795137405,3.0,1,1,1
/CatalogService/GetItemf5c571cb-9fd5-47ce-a7cc-ccd5dc140c5d,2.318277023732662,2.318277023732662,3.0,1,1,1
/CatalogService/GetItemfb7ae0e1-8388-4415-9c02-3a0720da0b30,1.5966268256306648,1.5966268256306648,3.0,1,1,1
/CatalogService/GetItemfc72a1be-c45d-44fb-903b-610dc761df0b,3.09470621868968,3.09470621868968,3.0,1,1,1
/CatalogService/UpdateItem0433d838-3e68-4faa-8c43-6c5eb866db02,5.487280897796154,5.487280897796154,1000.0,1,1,1
/CatalogService/UpdateItem0db4ce6b-9392-42c0-9b9c-25675c286c4f,3.3352961763739586,3.3352961763739586,1000.0,1,1,1
/CatalogService/UpdateItem0e41582c-e3f4-4ad3-ba2e-29d04298446f,2.862366382032633,2.862366382032633,1000.0,1,1,1
/CatalogService/UpdateItem0f8f9e19-d82a-4ff5-8edc-621f132028c5,2.561293076723814,2.561293076723814,1000.0,1,1,1
/CatalogService/UpdateItem10615974-0dc5-4b6a-8044-b20637112712,3.144192975014448,3.144192975014448,1000.0,1,1,1
/CatalogService/UpdateItem20ae0e06-7e17-4d25-904b-bddc83569d52,3.120513167232275,3.120513167232275,1000.0,1,1,1
/CatalogService/UpdateItem22e5db80-6dcf-4e51-a129-be5b192cbdc7,3.418060950934887,3.418060950934887,1000.0,1,1,1
/CatalogService/UpdateItem233a68d6-0d24-472a-89fd-357c169e9066,8.177818730473518,8.177818730473518,1000.0,1,1,1
/CatalogService/UpdateItem23466f20-3ad1-49a4-acad-897ea51827f6,2.433197107166052,2.433197107166052,1000.0,1,1,1
/CatalogService/UpdateItem26d9fe94-78a4-45af-8ce3-be993acd4039,4.1114999912679195,4.1114999912679195,1000.0,1,1,1
/CatalogService/UpdateItem2746f110-ea19-4b01-8d59-979008c4d1e3,8.385385852307081,8.385385852307081,1000.0,1,1,1
/CatalogService/UpdateItem29ac2be7-e171-414b-a137-c3c8257fca38,2.991766668856144,2.991766668856144,1000.0,1,1,1
/CatalogService/UpdateItem2f6dd0ed-0e42-4d2b-94e1-c05cd0bb8b14,4.748991224914789,4.748991224914789,1000.0,1,1,1
/CatalogService/UpdateItem396bd25b-44d9-4bae-987f-375ede612a51,9.156681131571531,9.156681131571531,1000.0,1,1,1
/CatalogService/UpdateItem47a9a434-f9b7-4663-9137-862e3b116141,4.829468671232462,4.829468671232462,1000.0,1,1,1
/CatalogService/UpdateItem4ca282f2-fb15-41a0-b608-26802c0ae0f8,6.2363026663661,6.2363026663661,1000.0,1,1,1
/CatalogService/UpdateItem51657fec-6c8f-49b8-89b1-fcc7b571d6bc,15.485453885048628,15.485453885048628,1000.0,1,1,1
/CatalogService/UpdateItem51f8e0c9-1a31-439f-954d-c66f40174537,4.695963114500046,4.695963114500046,999.0,1,1,1
/CatalogService/UpdateItem556955d8-75c1-4ebe-857b-229f0c93ea76,4.510965198278427,4.510965198278427,1000.0,1,1,1
/CatalogService/UpdateItem5e60406e-fc15-45b2-941a-79f9bb0c62ee,6.655081175267696,6.655081175267696,1000.0,1,1,1
/CatalogService/UpdateItem6445758c-270d-4534-80ea-4c998ff84554,5.102821625769138,5.102821625769138,1000.0,1,1,1
/CatalogService/UpdateItem69bdcd7b-68eb-4e95-aac8-786d14ccb83b,8.998197969049215,8.998197969049215,1000.0,1,1,1
/CatalogService/UpdateItem6a629e35-a49c-4bcf-a0c5-520ba83d6d81,6.634082645177841,6.634082645177841,1000.0,1,1,1
/CatalogService/UpdateItem6c189596-8d09-4994-9ad9-387fb07fee36,5.205685738474131,5.205685738474131,999.0,1,1,1
/CatalogService/UpdateItem6c9c29ba-7a7b-4065-b67b-bad70cf755ff,3.3926470205187798,3.3926470205187798,1000.0,1,1,1
/CatalogService/UpdateItem6d19a4b4-c34c-4a24-a3ae-4b8f35397b88,3.82970180362463,3.82970180362463,1000.0,1,1,1
/CatalogService/UpdateItem71784862-82d5-45ce-bc1f-6b41ee4757dc,3.480922896414995,3.480922896414995,1000.0,1,1,1
/CatalogService/UpdateItem74c54cbe-d7bd-4912-a4cd-ff73dc521d41,4.840736743062735,4.840736743062735,1000.0,1,1,1
/CatalogService/UpdateItem7b3454d5-cb68-4f1b-a7c9-9808db556a4a,8.511326741427183,8.511326741427183,1000.0,1,1,1
/CatalogService/UpdateItem7cd0698a-9214-4950-a585-40898f1771dc,4.623795859515667,4.623795859515667,1000.0,1,1,1
/CatalogService/UpdateItem87651def-b776-4615-9816-79c936abf4af,3.144481685012579,3.144481685012579,1000.0,1,1,1
/CatalogService/UpdateItem8b81c2a7-38df-4d86-ae97-f7f9f0363a4d,4.901964217424393,4.901964217424393,1000.0,1,1,1
/CatalogService/UpdateItem8be4a002-df5a-43dd-a9e4-dccd22341573,7.521531078964472,7.521531078964472,1000.0,1,1,1
/CatalogService/UpdateItem8d393ed1-12f7-4a0e-a6fc-88381dafaf6b,4.312972072511911,4.312972072511911,1000.0,1,1,1
/CatalogService/UpdateItem9062d420-5b21-4d3d-9382-8d4aad57f4e9,6.473612040281296,6.473612040281296,1000.0,1,1,1
/CatalogService/UpdateItem90e944b6-4535-4af3-b44f-0484f022f89e,3.3601392060518265,3.3601392060518265,1000.0,1,1,1
/CatalogService/UpdateItem926ba47b-7567-4e5a-8599-eb501f14e62f,3.882531076669693,3.882531076669693,1000.0,1,1,1
/CatalogService/UpdateItem938ecbcc-db4c-4041-bee2-dc2c50a81341,5.603001918643713,5.603001918643713,1000.0,1,1,1
/CatalogService/UpdateItem9a4b0924-a364-449d-9a42-a3d0c6afc2e2,5.527784116566181,5.527784116566181,1000.0,1,1,1
/CatalogService/UpdateItem9bfce0e9-1f05-4142-bd3c-ac01d027022c,2.935918979346752,2.935918979346752,1000.0,1,1,1
/CatalogService/UpdateItem9e866822-3d49-4564-98fb-13929be3d27a,5.174610763788223,5.174610763788223,1000.0,1,1,1
/CatalogService/UpdateItema20b7c4b-973c-4a13-b82a-53761ec352ec,4.468367900699377,4.468367900699377,1000.0,1,1,1
/CatalogService/UpdateItema72418b3-8511-4f80-9290-8f2cf6173c6a,4.39551891759038,4.39551891759038,1000.0,1,1,1
/CatalogService/UpdateItema9572b90-7208-4838-a184-ac50c93ae948,8.472512010484934,8.472512010484934,1000.0,1,1,1
/CatalogService/UpdateItemafca0572-f0aa-433c-ade1-0d0111f8ce39,2.796635963022709,2.796635963022709,1000.0,1,1,1
/CatalogService/UpdateItemb059417d-4f20-4634-ab6b-2e40c9f11f58,6.406010128557682,6.406010128557682,1000.0,1,1,1
/CatalogService/UpdateItemb21b3b84-2b31-4224-bc63-ed37948c0f2e,4.533235915005207,4.533235915005207,1000.0,1,1,1
/CatalogService/UpdateItemb261f91d-db74-4037-8be6-6b0c31474a39,3.242228180170059,3.242228180170059,1000.0,1,1,1
/CatalogService/UpdateItemb474b403-584b-449d-9bf3-bcb61c045061,3.7706783041357994,3.7706783041357994,1000.0,1,1,1
/CatalogService/UpdateItemb4ae0116-8954-4234-8365-c789b5985931,3.324090037494898,3.324090037494898,1000.0,1,1,1
/CatalogService/UpdateItemb63c032f-9e53-4a76-b692-1c6944892ea6,8.513169828802347,8.513169828802347,1000.0,1,1,1
/CatalogService/UpdateItemc4bd2433-bd73-4984-b984-9c535d7a0fac,4.228887148201466,4.228887148201466,1000.0,1,1,1
/CatalogService/UpdateItemc554b887-0fba-4a4f-a45d-a89ff46b6204,4.786327015608549,4.786327015608549,1000.0,1,1,1
/CatalogService/UpdateItemc70e0728-bba6-49c2-8b3f-7d105c9f124c,3.728241194039583,3.728241194039583,1000.0,1,1,1
/CatalogService/UpdateItemc74bba5a-f279-40b6-bc15-7cb76a4653dd,3.575886134058237,3.575886134058237,1000.0,1,1,1
/CatalogService/UpdateItemc9306780-d847-4d15-8a9f-be353b5d1ed0,6.291275378316641,6.291275378316641,1000.0,1,1,1
/CatalogService/UpdateItemcb108a92-1483-4781-baf7-5608669558b5,3.25206620618701,3.25206620618701,1000.0,1,1,1
/CatalogService/UpdateItemd1e5300c-8275-4897-993f-3966101e8c22,8.538790047168732,8.538790047168732,1000.0,1,1,1
/CatalogService/UpdateItemd3dc8a91-7d22-40db-b11c-507a04b824a1,6.184851285070181,6.184851285070181,1000.0,1,1,1
/CatalogService/UpdateItemd42c22f1-9ac2-484b-b023-edfa81b34ffd,3.745035734027624,3.745035734027624,1000.0,1,1,1
/CatalogService/UpdateItemd4385b71-41fe-4b5b-b65b-463744a44395,3.123996313661337,3.123996313661337,1000.0,1,1,1
/CatalogService/UpdateItemd60feeba-d288-4e2b-b845-9544592b4589,5.6620510295033455,5.6620510295033455,1000.0,1,1,1
/CatalogService/UpdateItemd8c6364a-7a08-433c-91cb-8c0b59bbe35a,3.974923864006996,3.974923864006996,1000.0,1,1,1
/CatalogService/UpdateItemd988a589-ec55-447f-afee-3f27939de7ca,7.285547908395529,7.285547908395529,1000.0,1,1,1
/CatalogService/UpdateIteme02e32c3-9252-40a8-8c0b-70bf59a11d25,7.1366108022630215,7.1366108022630215,1000.0,1,1,1
/CatalogService/UpdateIteme8c542a3-86e7-44d0-b607-cc2947d0ca12,8.59576603397727,8.59576603397727,1000.0,1,1,1
/CatalogService/UpdateIteme9a60795-589e-455b-ad3e-a7d33b688697,4.6454970724880695,4.6454970724880695,1000.0,1,1,1
/CatalogService/UpdateIteme9eab066-c35b-432a-b54a-0a8923a46b62,3.6305589601397514,3.6305589601397514,1000.0,1,1,1
/CatalogService/UpdateItemed1b0f88-535f-4c7a-8859-f9e337b1a9ae,3.84567491710186,3.84567491710186,1000.0,1,1,1
/CatalogService/UpdateItemefd969ee-c9c0-4b0b-b8a2-5257f7456286,2.6310631074011326,2.6310631074011326,1000.0,1,1,1
/CatalogService/UpdateItemf1e6d669-df68-4bb6-b39f-a7c91e88aa1b,3.1139831990003586,3.1139831990003586,1000.0,1,1,1
/CatalogService/UpdateItemf3a1953c-bd3c-4e94-828c-b19b23445de0,2.5505581870675087,2.5505581870675087,1000.0,1,1,1
/CatalogService/UpdateItemf4e4dff1-8a75-476b-96f3-f061b73d968c,4.329640883952379,4.329640883952379,1000.0,1,1,1
/CatalogService/UpdateItemf5b0af91-1c8b-417e-aaa7-8c9ae43f199f,7.769966963678598,7.769966963678598,1000.0,1,1,1
/CatalogService/UpdateItemf81cc3bb-b27f-4d77-b03d-fcb219aca5d0,7.972629275172949,7.972629275172949,999.0,1,1,1
/CatalogService/UpdateItemf983cf9a-57d8-43c0-bd67-7f4f07b87913,6.0750809498131275,6.0750809498131275,1000.0,1,1,1
/CatalogService/UpdateItemfbfe86f4-ba70-4a97-b0a5-bdca9ec99d3e,3.704348113387823,3.704348113387823,1000.0,1,1,1
/CatalogService/UpdateItemfc2e998a-1f4e-493d-bcea-c5ae5c15251f,6.5576620399951935,6.5576620399951935,1000.0,1,1,1
/CatalogService/UpdateItemff40237f-9944-45de-8040-b2bad91cedec,3.403646871447563,3.403646871447563,1000.0,1,1,1
/CatalogService/UpdateItemffcbb266-2881-4e66-9f30-021daf944cfe,3.0354741029441357,3.0354741029441357,1000.0,1,1,1
/CustomerService/CreateCustomer012a770e-2b37-4c21-b206-3526ee1e8cb1,15.19991597160697,15.19991597160697,1000.0,1,1,1
/CustomerService/CreateCustomer01e444fa-b224-48d9-b32a-2de409de5b51,9.595268871635199,9.595268871635199,1000.0,1,1,1
/CustomerService/CreateCustomer057e2df3-df39-4a11-ae10-ff751738b3c4,14.148237649351358,14.148237649351358,1000.0,1,1,1
/CustomerService/CreateCustomer08db1628-3c26-40c5-8221-cefc29f87a37,13.62755335867405,13.62755335867405,1000.0,1,1,1
/CustomerService/CreateCustomer0b09213a-71fb-405e-b7a6-6d8a5730cb85,11.495550163090229,11.495550163090229,1000.0,1,1,1
/CustomerService/CreateCustomer0cdd331b-7f0a-4b3a-b599-88d144f942d1,14.994459692388773,14.994459692388773,1000.0,1,1,1
/CustomerService/CreateCustomer0d91c899-60a5-4f04-8dcc-ee4b12c855a9,15.321807004511356,15.321807004511356,1000.0,1,1,1
/CustomerService/CreateCustomer0f4af605-a3a1-4ab1-a3d8-022add85281c,23.059760686010122,23.059760686010122,1000.0,1,1,1
/CustomerService/CreateCustomer1169eaf5-2324-417d-b295-7466e2aa398d,20.92185663059354,20.92185663059354,1000.0,1,1,1
/CustomerService/CreateCustomer12c01d45-8ac4-4cb7-b105-9f90c0a2ab89,5.36543782800436,5.36543782800436,1000.0,1,1,1
/CustomerService/CreateCustomer134dd87f-f3c5-4f24-86bb-fcfa8220144e,20.068462938070297,20.068462938070297,1000.0,1,1,1
/CustomerService/CreateCustomer17a14c19-32fe-4a5a-9847-4b4c9315441c,11.750585865229368,11.750585865229368,1000.0,1,1,1
/CustomerService/CreateCustomer2c71df9e-b821-45d5-a9c0-a5d91239bd04,5.56550920009613,5.56550920009613,1000.0,1,1,1
/CustomerService/CreateCustomer2fb10290-b252-4172-bd9f-b87636b3ebf8,15.380144119262695,15.380144119262695,1000.0,1,1,1
/CustomerService/CreateCustomer30baa0bc-80a9-41c4-b7fc-1140dbbf834c,19.569868687540293,19.569868687540293,1000.0,1,1,1
/CustomerService/CreateCustomer368783a7-9c9c-41ef-9dee-48a3d2779508,5.919209215790033,5.919209215790033,1000.0,1,1,1
/CustomerService/CreateCustomer381cda94-e6c1-423c-a4b2-e9c70100f603,23.727995809167624,23.727995809167624,1000.0,1,1,1
/CustomerService/CreateCustomer3a8593b0-6308-4895-b623-7b77e635ea17,24.476198945194483,24.476198945194483,1000.0,1,1,1
/CustomerService/CreateCustomer44bfbe12-d523-43db-98fa-c693c842088c,12.218750081956387,12.218750081956387,1000.0,1,1,1
/CustomerService/CreateCustomer44f8dbb7-a01c-491d-93f7-2515e59d1877,13.043641112744808,13.043641112744808,1000.0,1,1,1
/CustomerService/CreateCustomer46cdfb05-98ef-4d9c-bbec-0172af3fc6df,4.1008261032402515,4.1008261032402515,1000.0,1,1,1
/CustomerService/CreateCustomer477c028f-edf9-4975-9c26-8e1655e078c0,12.415213044732809,12.415213044732809,1000.0,1,1,1
/CustomerService/CreateCustomer49a013b8-7b2f-4065-8769-f1a9dcce72fc,20.819549914449453,20.819549914449453,1000.0,1,1,1
/CustomerService/CreateCustomer4a9dfe9d-f668-41c7-8446-f84e805413d8,20.13543387874961,20.13543387874961,1000.0,1,1,1
/CustomerService/CreateCustomer4cf57d71-aa32-4169-b621-6cb978dd2ae1,6.384695414453745,6.384695414453745,1000.0,1,1,1
/CustomerService/CreateCustomer4ddf1666-d7f4-4db2-b75c-b9e01d3ed816,12.438853736966848,12.438853736966848,1000.0,1,1,1
/CustomerService/CreateCustomer51094297-12c5-47ac-b12f-1e5e9b9b2d7b,23.142514750361443,23.142514750361443,1000.0,1,1,1
/CustomerService/CreateCustomer52db6b68-3adc-4a84-9bd6-6fabf8d183ca,13.111221138387918,13.111221138387918,1000.0,1,1,1
/CustomerService/CreateCustomer5569416a-711e-4fc9-84bc-8b80ae39a7d8,19.158688373863697,19.158688373863697,1000.0,1,1,1
/CustomerService/CreateCustomer574d0708-ec2e-48e3-9400-6577a9f64635,6.975497584789991,6.975497584789991,1000.0,1,1,1
/CustomerService/CreateCustomer58009218-900d-405c-b2e8-2a1facd08d49,21.102925296872854,21.102925296872854,1000.0,1,1,1
/CustomerService/CreateCustomer58f45100-8207-4545-9356-faecd2e4fd8d,15.561118256300688,15.561118256300688,1000.0,1,1,1
/CustomerService/CreateCustomer5a53c835-1122-4d8d-9b4f-adb1e9923954,13.960490934550762,13.960490934550762,1000.0,1,1,1
/CustomerService/CreateCustomer5a697310-c0b8-4b4c-9d0d-179d809e6b9c,14.432366006076336,14.432366006076336,1000.0,1,1,1
/CustomerService/CreateCustomer5aa1efad-6455-4043-aa4b-dce02cddb692,15.150466002523899,15.150466002523899,1000.0,1,1,1
/CustomerService/CreateCustomer5b966247-6230-4123-8e5c-60dc427255e8,20.09372878819704,20.09372878819704,1000.0,1,1,1
/CustomerService/CreateCustomer5d202b66-af86-4bc6-a2d2-4b9ad6375987,20.222214981913567,20.222214981913567,1000.0,1,1,1
/CustomerService/CreateCustomer5f71dbbb-9d45-4bc5-831e-9e2f3060870e,15.1039301417768,15.1039301417768,1000.0,1,1,1
/CustomerService/CreateCustomer639d2226-8780-4ff6-9a2b-5247fc15e3db,11.069854721426964,11.069854721426964,1000.0,1,1,1
/CustomerService/CreateCustomer63d5d5cf-9480-46b2-93d1-028a7380df84,5.70879178121686,5.70879178121686,1000.0,1,1,1
/CustomerService/CreateCustomer696a3f67-9b5e-4cee-a24a-1408e5d0fd66,15.841021668165922,15.841021668165922,1000.0,1,1,1
/CustomerService/CreateCustomer70149cf4-1ce8-42de-97f3-14a2dc37b01f,13.754953630268574,13.754953630268574,1000.0,1,1,1
/CustomerService/CreateCustomer71f12327-143f-4a5e-bb71-d124f989da9c,7.9169259406626225,7.9169259406626225,1000.0,1,1,1
/CustomerService/CreateCustomer7402f901-a254-40e4-a506-4de8349a18e4,10.558794252574444,10.558794252574444,1000.0,1,1,1
/CustomerService/CreateCustomer74f84f96-a94e-42a8-9a98-5fadb66a71c7,18.55852408334613,18.55852408334613,1000.0,1,1,1
/CustomerService/CreateCustomer808bb86c-eef0-4515-a79e-518e51ef2982,4.292645025998354,4.292645025998354,1000.0,1,1,1
/CustomerService/CreateCustomer8abb8181-3eb6-4c10-bf63-50c9551313b7,6.655929610133171,6.655929610133171,1000.0,1,1,1
/CustomerService/CreateCustomer8d05ecc8-3351-4de0-ae56-4a424b1f0304,4.242542665451765,4.242542665451765,1000.0,1,1,1
/CustomerService/CreateCustomer903e0564-a092-4324-822e-d975ed1ad6f1,15.843955799937248,15.843955799937248,1000.0,1,1,1
/CustomerService/CreateCustomer91b49ebc-6133-44f9-83f5-a3bb753deb37,12.837741058319807,12.837741058319807,1000.0,1,1,1
/CustomerService/CreateCustomer9356eea7-270c-4a2e-af2d-27516cbfbacb,24.219872895628214,24.219872895628214,1000.0,1,1,1
/CustomerService/CreateCustomer9834a470-c85e-4af1-ad65-fa72a2d864aa,18.124368973076344,18.124368973076344,1000.0,1,1,1
/CustomerService/CreateCustomer9a590db0-dc6f-43a0-8e65-18667b8d3d03,18.537946976721287,18.537946976721287,1000.0,1,1,1
/CustomerService/CreateCustomer9c114473-3028-46cf-b99c-06d80551283a,11.135011911392212,11.135011911392212,1000.0,1,1,1
/CustomerService/CreateCustomer9c4610d2-9bd0-48c9-ac6c-c979887c6ba9,14.227589126676321,14.227589126676321,1000.0,1,1,1
/CustomerService/CreateCustomera4becd32-1191-41eb-bcce-1191c148009a,15.71705099195242,15.71705099195242,1000.0,1,1,1
/CustomerService/CreateCustomera5a2737c-2323-425f-8a92-5fdedb8e5b58,11.944388970732689,11.944388970732689,1000.0,1,1,1
/CustomerService/CreateCustomera601fe32-65ab-4aa1-b82c-5a1b9de1e79f,4.916048143059015,4.916048143059015,1000.0,1,1,1
/CustomerService/CreateCustomeraab6df1b-545d-45ba-96fe-fc6be4839c49,21.95725217461586,21.95725217461586,1000.0,1,1,1
/CustomerService/CreateCustomeraf422dbd-6195-4c50-9047-9273f1f273a3,6.556399166584015,6.556399166584015,1000.0,1,1,1
/CustomerService/CreateCustomerb4cc35c1-a708-4476-82d5-7eb93ec60a2e,14.765912666916847,14.765912666916847,1000.0,1,1,1
/CustomerService/CreateCustomerb7e98b69-86ae-4856-94ff-c42db32aa1c5,10.084706824272871,10.084706824272871,1000.0,1,1,1
/CustomerService/CreateCustomerba36861e-b4ef-4a13-a665-93f06d4fa875,10.049722623080015,10.049722623080015,1000.0,1,1,1
/CustomerService/CreateCustomerbe153cdb-cd23-4389-9a64-ccc459936deb,12.672966811805964,12.672966811805964,1000.0,1,1,1
/CustomerService/CreateCustomerc07a6ed9-c328-485d-b69b-23ad5bd4173e,25.37735365331173,25.37735365331173,1000.0,1,1,1
/CustomerService/CreateCustomerc224564d-20db-45c0-ac31-f42035c266b3,22.34681509435177,22.34681509435177,1000.0,1,1,1
/CustomerService/CreateCustomerc23368b9-06f5-4d32-ae31-099d9ccd01e1,10.047449730336666,10.047449730336666,1000.0,1,1,1
/CustomerService/CreateCustomerc29eb820-6beb-4d90-be94-198ee49a814b,10.220936965197325,10.220936965197325,1000.0,1,1,1
/CustomerService/CreateCustomerc8247476-5582-4823-a92e-8379dd9f240c,12.814694084227085,12.814694084227085,1000.0,1,1,1
/CustomerService/CreateCustomerc949097b-2c04-4186-b48c-e8fd5a575445,15.771340113133192,15.771340113133192,1000.0,1,1,1
/CustomerService/CreateCustomerca059c86-72d1-4378-9f1e-149b5ac1dcb0,8.770804852247238,8.770804852247238,1000.0,1,1,1
/CustomerService/CreateCustomercc3f57c2-3a83-496c-9945-d652989915f0,3.6895088851451874,3.6895088851451874,1000.0,1,1,1
/CustomerService/CreateCustomerd6a9da52-d7e2-4aa1-82ee-f89073205241,19.092950969934464,19.092950969934464,1000.0,1,1,1
/CustomerService/CreateCustomerd762c3f0-80ec-4fc1-bcbe-fe207da1cc79,5.108291748911142,5.108291748911142,1000.0,1,1,1
/CustomerService/CreateCustomerda9c8a20-2718-4bee-9fd7-227a5fdb9775,18.7664357945323,18.7664357945323,1000.0,1,1,1
/CustomerService/CreateCustomere928fb70-f490-4fc3-9311-9f135e132884,6.8947141990065575,6.8947141990065575,1000.0,1,1,1
/CustomerService/CreateCustomerf0cff465-356c-4374-abf3-fa9e08671ef5,14.491627924144268,14.491627924144268,1000.0,1,1,1
/CustomerService/CreateCustomerf84568a5-fc8d-425b-b19d-3cfea821a39b,14.138402882963419,14.138402882963419,1000.0,1,1,1
/CustomerService/CreateCustomerfa2df0b8-c055-4e3f-b4eb-2501812508bd,22.389586083590984,22.389586083590984,1000.0,1,1,1
/CustomerService/CreateCustomerfc5b435c-7978-4aa1-b567-8c27e50a9404,9.587600361555815,9.587600361555815,1000.0,1,1,1
/CustomerService/UpdateCustomer02b22044-449b-4b79-a684-c88202396651,12.129297945648432,12.129297945648432,1000.0,1,1,1
/CustomerService/UpdateCustomer02e80d30-21e3-450e-8087-db636e675e15,6.516946945339441,6.516946945339441,1000.0,1,1,1
/CustomerService/UpdateCustomer02fe1541-5798-4a51-828d-742619414abd,4.93462523445487,4.93462523445487,1000.0,1,1,1
/CustomerService/UpdateCustomer0351ef65-9875-4439-af05-5843f78fbcff,11.959678027778864,11.959678027778864,1000.0,1,1,1
/CustomerService/UpdateCustomer03904cae-56b6-4c55-8eb1-540c013510b3,4.653184209018946,4.653184209018946,1000.0,1,1,1
/CustomerService/UpdateCustomer05fd0943-aa59-4be1-976f-948d85c409fb,7.367744110524654,7.367744110524654,1000.0,1,1,1
/CustomerService/UpdateCustomer061a3ccc-7187-47be-8aef-57e3c37322ce,5.262556951493025,5.262556951493025,1000.0,1,1,1
/CustomerService/UpdateCustomer134bc1da-b2c9-49fd-a021-189920c0670d,8.282362017780542,8.282362017780542,1000.0,1,1,1
/CustomerService/UpdateCustomer13d79a1e-3d12-49b4-b343-696ce2bae396,5.780649837106466,5.780649837106466,1000.0,1,1,1
/CustomerService/UpdateCustomer1b3c8a5d-ed75-40b5-a224-aeb0873699cc,7.438632193952799,7.438632193952799,1000.0,1,1,1
/CustomerService/UpdateCustomer1cc68964-1e30-44d3-b3b5-5810090deac8,6.180826108902693,6.180826108902693,1000.0,1,1,1
/CustomerService/UpdateCustomer23024a7a-0bb9-4186-99b9-3b9c91511cac,6.59974617883563,6.59974617883563,1000.0,1,1,1
/CustomerService/UpdateCustomer23a1bb3e-a456-4c48-9554-549614edeb35,5.31114311888814,5.31114311888814,1000.0,1,1,1
/CustomerService/UpdateCustomer26a19b04-337d-463a-b7c4-6830e496c324,4.573069047182798,4.573069047182798,1000.0,1,1,1
/CustomerService/UpdateCustomer2d0610dd-8be1-4204-aa8d-bc9431eba558,5.557894241064787,5.557894241064787,1000.0,1,1,1
/CustomerService/UpdateCustomer31f525cb-d5fd-4227-981b-b6bb3208dff7,6.006733048707247,6.006733048707247,1000.0,1,1,1
/CustomerService/UpdateCustomer32933f4a-4560-4675-9dcc-c0dd28df8714,5.976471118628979,5.976471118628979,1000.0,1,1,1
/CustomerService/UpdateCustomer37e26232-8fde-49fc-acb6-ef2d7725b9c7,13.144201133400202,13.144201133400202,1000.0,1,1,1
/CustomerService/UpdateCustomer3abb548a-7b21-4dd1-8b1d-6e20b69b2b5c,6.540375761687756,6.540375761687756,1000.0,1,1,1
/CustomerService/UpdateCustomer3f92df45-3800-4b12-930c-b1e7ea706af1,7.1741631254553795,7.1741631254553795,1000.0,1,1,1
/CustomerService/UpdateCustomer4237d7df-179b-4ded-9c89-46c81e44ec13,6.634572986513376,6.634572986513376,1000.0,1,1,1
/CustomerService/UpdateCustomer43d77f38-b7ef-4930-b1ab-b3b766f24155,8.423648308962584,8.423648308962584,1000.0,1,1,1
/CustomerService/UpdateCustomer45030374-1c3a-4437-8a55-a4b32291bd7d,6.378253921866417,6.378253921866417,1000.0,1,1,1
/CustomerService/UpdateCustomer4f2c9c32-a265-471b-bbb4-de271beb3e66,5.2247061394155025,5.2247061394155025,1000.0,1,1,1
/CustomerService/UpdateCustomer4fc3ca9e-c3bd-4a58-bada-38f45ada7a01,5.441220942884684,5.441220942884684,1000.0,1,1,1
/CustomerService/UpdateCustomer5205fc66-d1f3-49ce-91fb-a71ba6cd1e92,5.945619661360979,5.945619661360979,1000.0,1,1,1
/CustomerService/UpdateCustomer52abbc22-5f73-4a66-9c8a-0b06150c5994,6.280721630901098,6.280721630901098,1000.0,1,1,1
/CustomerService/UpdateCustomer555b46fc-6c93-4f55-aa15-5cc92f448f37,6.411250215023756,6.411250215023756,1000.0,1,1,1
/CustomerService/UpdateCustomer562a23a3-9c22-4d80-bacb-74472c3b5ab2,8.41837516054511,8.41837516054511,1000.0,1,1,1
/CustomerService/UpdateCustomer5d165989-8c1d-4ba7-b46c-b553170ff091,20.746591966599226,20.746591966599226,1000.0,1,1,1
/CustomerService/UpdateCustomer5ed589db-d233-4ecf-becf-aba6c2eb6568,5.07463188841939,5.07463188841939,1000.0,1,1,1
/CustomerService/UpdateCustomer5fb81f93-bb2f-40ae-90da-aacee6829691,4.334032069891691,4.334032069891691,1000.0,1,1,1
/CustomerService/UpdateCustomer63c3a03e-e302-4f69-97b9-c640ac865ded,5.214679054915905,5.214679054915905,1000.0,1,1,1
/CustomerService/UpdateCustomer6b206c63-718c-4978-a8fc-b4d541bd732a,5.595108959823847,5.595108959823847,1000.0,1,1,1
/CustomerService/UpdateCustomer6efa79d9-163a-4b1c-b7f4-24b4fa88dc42,5.957532208412886,5.957532208412886,1000.0,1,1,1
/CustomerService/UpdateCustomer6f382fbd-707c-4017-9492-8e5c5be2149e,7.050789892673492,7.050789892673492,1000.0,1,1,1
/CustomerService/UpdateCustomer718a9044-de5c-42ca-8f4f-1ce686909df8,7.917267270386219,7.917267270386219,1000.0,1,1,1
/CustomerService/UpdateCustomer72d786d9-3acb-47dc-b80b-ef966e105988,5.662034265697002,5.662034265697002,1000.0,1,1,1
/CustomerService/UpdateCustomer732bff78-80b0-4d87-bb0b-e7b3607ddd62,8.0462577752769,8.0462577752769,1000.0,1,1,1
/CustomerService/UpdateCustomer738a41c7-82fd-48fe-98ca-f54d733ecf11,5.43336383998394,5.43336383998394,1000.0,1,1,1
/CustomerService/UpdateCustomer7456932c-1ef8-4a7c-b8a6-a7c65a63cd59,7.535882294178009,7.535882294178009,1000.0,1,1,1
/CustomerService/UpdateCustomer77e7f449-b94c-4e04-a189-8b28b4959eae,5.814713891595602,5.814713891595602,1000.0,1,1,1
/CustomerService/UpdateCustomer7a9f6c32-d707-4b87-8ff4-ea1d78ee121a,7.9819029197096825,7.9819029197096825,1000.0,1,1,1
/CustomerService/UpdateCustomer7e1831d7-57cc-4f63-85ea-2188c9da42d4,17.5272598862648,17.5272598862648,1000.0,1,1,1
/CustomerService/UpdateCustomer83e69da0-090e-4121-9dce-61f6e52fff6c,4.624309949576855,4.624309949576855,1000.0,1,1,1
/CustomerService/UpdateCustomer85e74b6a-28d4-4109-b83f-47390fe54171,5.958244204521179,5.958244204521179,1000.0,1,1,1
/CustomerService/UpdateCustomer882001ed-9f03-40e4-9de2-39658df5a356,7.62869231402874,7.62869231402874,1000.0,1,1,1
/CustomerService/UpdateCustomer8a9de32f-7f9e-4c74-8e7e-9192b684daae,5.494485143572092,5.494485143572092,1000.0,1,1,1
/CustomerService/UpdateCustomer933114f4-3253-43c8-98db-b28360ddf450,9.321042336523533,9.321042336523533,1000.0,1,1,1
/CustomerService/UpdateCustomer956d80fc-979f-45b0-8254-5b0a4093d14c,7.3316628113389015,7.3316628113389015,1000.0,1,1,1
/CustomerService/UpdateCustomer9909e1c4-a5bd-4591-ba65-863c68ee30e6,8.446610998362303,8.446610998362303,1000.0,1,1,1
/CustomerService/UpdateCustomer99ba4346-e94b-4e07-9e29-82edd2dde9cc,4.5155491679906845,4.5155491679906845,1000.0,1,1,1
/CustomerService/UpdateCustomera04d39bd-d871-40fa-bb05-cc227a40e253,7.491077296435833,7.491077296435833,1000.0,1,1,1
/CustomerService/UpdateCustomera04dd1e8-5d05-48eb-9855-e4837f351662,6.105521228164434,6.105521228164434,1000.0,1,1,1
/CustomerService/UpdateCustomera2922955-4e76-4381-a521-5399265a484a,4.8944721929728985,4.8944721929728985,1000.0,1,1,1
/CustomerService/UpdateCustomera6bd34ac-6bf7-4fe2-afed-d9bd37cff1cb,7.061618845909834,7.061618845909834,1000.0,1,1,1
/CustomerService/UpdateCustomerb1779fda-567b-4780-8485-f5cb92c24ab2,5.012474954128265,5.012474954128265,1000.0,1,1,1
/CustomerService/UpdateCustomerb3d84d96-3d8e-48ef-872c-b81e2f7db906,12.51825736835599,12.51825736835599,1000.0,1,1,1
/CustomerService/UpdateCustomerb88ab30f-6b92-4af9-b8e9-be1621ec2c1c,6.381866056472063,6.381866056472063,1000.0,1,1,1
/CustomerService/UpdateCustomerb9adde77-8fb9-49e2-b87d-7ab9b199ab64,7.956576067954302,7.956576067954302,1000.0,1,1,1
/CustomerService/UpdateCustomerbdf20bac-1867-4e11-82d9-85cf451d61a8,15.77645493671298,15.77645493671298,1000.0,1,1,1
/CustomerService/UpdateCustomerbe6db343-1085-4667-a546-767f7640d408,6.84061786159873,6.84061786159873,1000.0,1,1,1
/CustomerService/UpdateCustomerbff8cb7d-69fe-495d-8508-b8542986baa3,10.464586783200502,10.464586783200502,1000.0,1,1,1
/CustomerService/UpdateCustomerc1a7a690-4031-4dda-b63d-a323c1d08494,6.546196062117815,6.546196062117815,1000.0,1,1,1
/CustomerService/UpdateCustomerc1c559bb-3fc9-49b9-bf4e-d972da27f2fa,8.620718028396368,8.620718028396368,1000.0,1,1,1
/CustomerService/UpdateCustomerc267c0da-ff2b-461a-b283-35786d66a403,8.844551164656878,8.844551164656878,1000.0,1,1,1
/CustomerService/UpdateCustomerc32b8bdf-f946-4404-8654-617339522466,6.567137781530619,6.567137781530619,1000.0,1,1,1
/CustomerService/UpdateCustomerc5942487-c95b-4f32-8a11-c1ea69759025,5.442389287054539,5.442389287054539,1000.0,1,1,1
/CustomerService/UpdateCustomercaa2828c-9b1c-4417-9356-98bda50ecd48,6.144683808088303,6.144683808088303,1000.0,1,1,1
/CustomerService/UpdateCustomercb4fca69-cc14-4dd3-b2b8-f0bfa1a26e5f,9.213550016283989,9.213550016283989,1000.0,1,1,1
/CustomerService/UpdateCustomercbe9167c-5d1e-4d22-a344-1751547fb48f,7.142629940062761,7.142629940062761,1000.0,1,1,1
/CustomerService/UpdateCustomerd132e8ef-7958-4ac1-b53c-35a1ae96ab82,6.300725974142551,6.300725974142551,1000.0,1,1,1
/CustomerService/UpdateCustomerd2498a37-6d7c-4f7e-bcb5-efad85e786a5,4.642877262085676,4.642877262085676,1000.0,1,1,1
/CustomerService/UpdateCustomere0df9683-6ba8-4a76-a93a-d39af1ee6b1f,6.456722039729357,6.456722039729357,1000.0,1,1,1
/CustomerService/UpdateCustomere8e36207-d4b0-4967-ae88-3dbe1ac2c166,4.808377008885145,4.808377008885145,1000.0,1,1,1
/CustomerService/UpdateCustomerea864c05-a018-4165-aa7b-6822a6795b47,12.611315120011568,12.611315120011568,1000.0,1,1,1
/CustomerService/UpdateCustomerec388e37-3428-46ad-be00-62ede410bf9f,4.622467793524265,4.622467793524265,1000.0,1,1,1
/CustomerService/UpdateCustomerf3a40d0a-1227-479e-85a9-027fb3e693fc,6.269115023314953,6.269115023314953,1000.0,1,1,1
/CustomerService/UpdateCustomerf3c53c11-1001-4399-8d98-ba9ef9a46b4b,5.646896082907915,5.646896082907915,1000.0,1,1,1
/CustomerService/UpdateCustomerf8990102-7623-487d-b5ab-d75848fcfa9e,4.790219012647867,4.790219012647867,1000.0,1,1,1
/CustomerService/getCustomer024056be-7ec3-4364-a0ce-09f2df5b5bab,3.1378520652651787,3.1378520652651787,2.0,1,1,1
/CustomerService/getCustomer0440e225-2d49-4446-b2f9-fa247ce208fd,3.099188208580017,3.099188208580017,2.0,1,1,1
/CustomerService/getCustomer05d23090-ab28-4276-ac20-35cac81445ca,4.18223487213254,4.18223487213254,2.0,1,1,1
/CustomerService/getCustomer09625a75-8eef-45fb-9396-dec2b2cbb60f,3.5228519700467587,3.5228519700467587,2.0,1,1,1
/CustomerService/getCustomer0e66c72d-202c-475f-81cb-613d8f48686a,3.444267902523279,3.444267902523279,2.0,1,1,1
/CustomerService/getCustomer0f6d13d7-9df4-4038-b393-e4ff4b2ddd5f,1.5278998762369156,1.5278998762369156,2.0,1,1,1
/CustomerService/getCustomer0fd7db70-4887-44c7-945a-9366c833e5a4,2.1337857469916344,2.1337857469916344,2.0,1,1,1
/CustomerService/getCustomer149547c2-6e0d-406c-b6f4-c184345f30bd,2.7754860930144787,2.7754860930144787,2.0,1,1,1
/CustomerService/getCustomer188eb289-0c3b-4d96-9e65-4eced8654e28,2.57631903514266,2.57631903514266,2.0,1,1,1
/CustomerService/getCustomer1a5c53b0-70a7-4acf-a695-2e148b42e798,2.582805696874857,2.582805696874857,2.0,1,1,1
/CustomerService/getCustomer1a6801b0-dfaf-45ea-97ed-6190807e91ea,2.2403919138014317,2.2403919138014317,2.0,1,1,1
/CustomerService/getCustomer1b6ef31a-2b8e-4e56-ac31-8b03f7743557,2.980899065732956,2.980899065732956,2.0,1,1,1
/CustomerService/getCustomer1ebc5340-41b0-4ae1-a9e6-6a7af9892927,2.801619004458189,2.801619004458189,2.0,1,1,1
/CustomerService/getCustomer1f68d353-a6f5-4411-9537-145a8e09ab00,2.4017691612243652,2.4017691612243652,2.0,1,1,1
/CustomerService/getCustomer23cd2962-a68e-4501-bb51-8f0a0c705d6a,2.3218183778226376,2.3218183778226376,2.0,1,1,1
/CustomerService/getCustomer273c442e-b4b7-47bb-8a59-f1c0ec2881bd,2.3538758978247643,2.3538758978247643,2.0,1,1,1
/CustomerService/getCustomer284797e8-1ab2-4c83-b32e-9ef913ebe910,2.1984949707984924,2.1984949707984924,2.0,1,1,1
/CustomerService/getCustomer2f81d2df-d534-43e8-b085-1dcb4379cd44,2.4568806402385235,2.4568806402385235,2.0,1,1,1
/CustomerService/getCustomer454e7b54-19b3-4b4f-b82e-e9d05428731d,3.9667501114308834,3.9667501114308834,2.0,1,1,1
/CustomerService/getCustomer4553c0ab-e5c8-480e-bb96-4bb30242a016,2.933843992650509,2.933843992650509,2.0,1,1,1
/CustomerService/getCustomer48170509-c388-42f6-b3a5-c24d00356b36,3.2372716814279556,3.2372716814279556,2.0,1,1,1
/CustomerService/getCustomer4d4b6f5c-2d93-4fbc-a761-9d975fe671c6,2.9357909224927425,2.9357909224927425,2.0,1,1,1
/CustomerService/getCustomer549dbba9-6356-4740-89b5-7698d7ef47bb,2.8669480234384537,2.8669480234384537,2.0,1,1,1
/CustomerService/getCustomer562be7f2-2064-4e85-804b-7ca89c9d0b77,2.6802490465343,2.6802490465343,2.0,1,1,1
/CustomerService/getCustomer56ba5911-9d61-411d-8e90-0d38b7e1ef22,3.0409088358283043,3.0409088358283043,2.0,1,1,1
/CustomerService/getCustomer57b487f5-5370-414a-bcd9-049ec2bff930,5.697980988770723,5.697980988770723,2.0,1,1,1
/CustomerService/getCustomer58ba14d5-d186-4534-8389-141361e7e056,3.9503099396824837,3.9503099396824837,2.0,1,1,1
/CustomerService/getCustomer591d4344-89f9-4752-b6a5-2b4adb8d2790,2.9015326872467995,2.9015326872467995,2.0,1,1,1
/CustomerService/getCustomer5a5953d0-3f54-4d9b-8b05-0d11a609222c,2.6434450410306454,2.6434450410306454,2.0,1,1,1
/CustomerService/getCustomer5efc8a19-d92b-465c-b7ce-5d2e4e292c56,2.809709869325161,2.809709869325161,2.0,1,1,1
/CustomerService/getCustomer613ff2e0-87ca-4412-a8ad-84aabe25b2e6,2.8545167297124863,2.8545167297124863,2.0,1,1,1
/CustomerService/getCustomer622c24a9-674a-4274-b6fa-0f37a22cbacd,2.4285432882606983,2.4285432882606983,2.0,1,1,1
/CustomerService/getCustomer65325ae7-c764-4d27-b6af-49e4b59af619,1.5337113291025162,1.5337113291025162,2.0,1,1,1
/CustomerService/getCustomer6905b06e-769e-4aa8-a564-8216fbf722fb,2.73238867521286,2.73238867521286,2.0,1,1,1
/CustomerService/getCustomer6aa9f2f3-562d-4c9f-a43d-0dc1c933f2dd,30.757958069443703,30.757958069443703,2.0,1,1,1
/CustomerService/getCustomer72b400f0-3651-4f80-b7ff-1d3b2022f06a,4.453063942492008,4.453063942492008,2.0,1,1,1
/CustomerService/getCustomer745355c0-b017-4f76-aa44-be15487a8a88,2.4095200933516026,2.4095200933516026,2.0,1,1,1
/CustomerService/getCustomer74fdbf0f-737a-4eb9-8695-c0d2d266efb5,1.6393070109188557,1.6393070109188557,2.0,1,1,1
/CustomerService/getCustomer7724c3ee-61b0-4cc5-9a26-82010c3f60e4,2.6978938840329647,2.6978938840329647,2.0,1,1,1
/CustomerService/getCustomer77283d55-169c-4b13-99a9-8cbc6b9bc97a,2.5288639590144157,2.5288639590144157,2.0,1,1,1
/CustomerService/getCustomer7ed7eda7-971e-4c3b-a75c-d88ff90c5f29,3.4621600061655045,3.4621600061655045,2.0,1,1,1
/CustomerService/getCustomer806706bf-6536-4d78-9b72-b0bab33e93ad,2.4099298752844334,2.4099298752844334,2.0,1,1,1
/CustomerService/getCustomer82199509-d0be-4032-b51a-99a898521052,3.766280133277178,3.766280133277178,2.0,1,1,1
/CustomerService/getCustomer853975f0-168a-4ed9-b321-f9666eacf6bb,3.090975806117058,3.090975806117058,2.0,1,1,1
/CustomerService/getCustomer898c7fd1-8768-4320-ae18-af66858b2a09,2.7982830069959164,2.7982830069959164,2.0,1,1,1
/CustomerService/getCustomer89bc1929-901b-4186-b508-d51899be46e1,2.264284063130617,2.264284063130617,2.0,1,1,1
/CustomerService/getCustomer90502809-a16b-4768-b0b8-00207380d711,2.5794473476707935,2.5794473476707935,2.0,1,1,1
/CustomerService/getCustomer915d11ec-a919-41b2-858b-77651f8e16e2,1.7481842078268528,1.7481842078268528,2.0,1,1,1
/CustomerService/getCustomer93160f9f-1008-49f5-ad51-9521b256a7cb,3.3208979293704033,3.3208979293704033,2.0,1,1,1
/CustomerService/getCustomer98395a6b-8130-46e5-8c9f-db2ab184df7a,3.4111160784959793,3.4111160784959793,2.0,1,1,1
/CustomerService/getCustomer9acb36a6-fc3c-4311-8ced-3b0031098bb7,2.2941897623240948,2.2941897623240948,2.0,1,1,1
/CustomerService/getCustomera49bff20-e82b-4683-88cb-1acab9722641,4.483943339437246,4.483943339437246,2.0,1,1,1
/CustomerService/getCustomera7399a2f-584f-468e-91d9-73782b28257a,3.6316709592938423,3.6316709592938423,2.0,1,1,1
/CustomerService/getCustomera73fc10f-9c76-454c-a5c1-0b2b8221146b,7.793074939399958,7.793074939399958,2.0,1,1,1
/CustomerService/getCustomera91d805d-4724-4dd0-91a2-243e7461c00c,3.0369791202247143,3.0369791202247143,2.0,1,1,1
/CustomerService/getCustomerab3c3007-ac9e-46a2-af87-d96f76fb72f4,3.1142071820795536,3.1142071820795536,2.0,1,1,1
/CustomerService/getCustomerb7ca314f-20bf-4f23-aab6-39ae9dbe1182,2.216008957475424,2.216008957475424,2.0,1,1,1
/CustomerService/getCustomerbaa473aa-a9e0-41fd-a188-2cb9e488aaf5,7.24014500156045,7.24014500156045,2.0,1,1,1
/CustomerService/getCustomerbac644ca-0fbd-4cfe-a886-5b6b12f6bb01,5.768554750829935,5.768554750829935,2.0,1,1,1
/CustomerService/getCustomerbbc278a0-f404-4a3f-b593-03cc16128052,2.0809615962207317,2.0809615962207317,2.0,1,1,1
/CustomerService/getCustomerbe8406f3-e2c1-42bb-92f2-bf22be188944,2.286388073116541,2.286388073116541,2.0,1,1,1
/CustomerService/getCustomerc1df802f-b36d-4911-b927-702098aa42bd,3.0159899033606052,3.0159899033606052,2.0,1,1,1
/CustomerService/getCustomerc48244e0-a8cb-431b-83b5-0a82654f92fa,2.292240969836712,2.292240969836712,2.0,1,1,1
/CustomerService/getCustomerca6d2a6f-d9e2-4b56-9b40-143c1c414c65,4.003285896033049,4.003285896033049,2.0,1,1,1
/CustomerService/getCustomercefd7275-6a2f-4c9d-bceb-cc617e5a9a4b,2.4106623604893684,2.4106623604893684,2.0,1,1,1
/CustomerService/getCustomerd070d4a6-ea42-4b09-a33b-8d77aae10634,3.579466138035059,3.579466138035059,2.0,1,1,1
/CustomerService/getCustomerd0d3751b-f06c-4ce7-8929-ba5052e635ef,2.376282587647438,2.376282587647438,2.0,1,1,1
/CustomerService/getCustomerd5068ef1-b045-4da5-ad22-167d4a98ff6e,3.1651901081204414,3.1651901081204414,2.0,1,1,1
/CustomerService/getCustomerd780b6fd-683b-437a-a112-83168a812e79,3.0127777718007565,3.0127777718007565,2.0,1,1,1
/CustomerService/getCustomerdc3f10aa-ef16-4672-92e4-7989a0307f96,2.078295685350895,2.078295685350895,2.0,1,1,1
/CustomerService/getCustomerdd82b955-c69e-47de-a6ea-01e3530baf93,3.8525150157511234,3.8525150157511234,2.0,1,1,1
/CustomerService/getCustomere4306218-1f91-41d9-9b43-b6086bddd87b,6.805768236517906,6.805768236517906,2.0,1,1,1
/CustomerService/getCustomere603593a-6856-467e-86f8-d4cd0426adc5,3.5225157625973225,3.5225157625973225,2.0,1,1,1
/CustomerService/getCustomere98d0537-2d75-4ab7-92e2-ad8e8c8c75bf,3.5343673080205917,3.5343673080205917,2.0,1,1,1
/CustomerService/getCustomered3e5af5-1aff-4c7f-832c-b85063da364f,2.544010989367962,2.544010989367962,2.0,1,1,1
/CustomerService/getCustomerf3f90701-55d5-478e-a915-08a05b1b2876,2.6864977553486824,2.6864977553486824,2.0,1,1,1
/CustomerService/getCustomerf7d34f8e-e0b2-48f6-a3f1-2bc68cc4cf2e,3.2239770516753197,3.2239770516753197,2.0,1,1,1
/CustomerService/getCustomerf960d47c-0d91-433e-b775-895565a7ae22,2.4979859590530396,2.4979859590530396,2.0,1,1,1
/CustomerService/getCustomerfa92dda9-2232-4ddf-ac42-dc5c2ef7f8a8,3.0519813299179077,3.0519813299179077,2.0,1,1,1
/CustomerService/getCustomerfc73be84-ce3f-4ed0-8788-81705df75793,2.2060452029109,2.2060452029109,2.0,1,1,1
/OrderService/CreateOrder02c32ecd-0f8c-4120-8ba2-bcbe9e6968b5,2.2495328448712826,2.2495328448712826,1000.0,1,1,1
/OrderService/CreateOrder068d249a-b979-4c3e-9046-e077d0c1061d,2.49131815508008,2.49131815508008,1000.0,1,1,1
/OrderService/CreateOrder0814a90b-2a9f-4d55-b865-c4bfb2c6391e,2.235566731542349,2.235566731542349,1000.0,1,1,1
/OrderService/CreateOrder0add16c2-5455-4215-a2c3-13f7558b7948,2.7484488673508167,2.7484488673508167,1000.0,1,1,1
/OrderService/CreateOrder0b405066-7961-42ab-80a4-ac86ccd9f63b,3.028595820069313,3.028595820069313,1000.0,1,1,1
/OrderService/CreateOrder0c873c27-80c5-45d2-9cd0-1ae7ed95c0c3,2.653381787240505,2.653381787240505,1000.0,1,1,1
/OrderService/CreateOrder10d59381-4b2e-460c-8247-4cfd8fa8265b,3.275772091001272,3.275772091001272,1000.0,1,1,1
/OrderService/CreateOrder1225cad9-f7d3-44ff-9f90-42498bda8477,1.7607137560844421,1.7607137560844421,1000.0,1,1,1
/OrderService/CreateOrder12b12ef3-d0ce-4987-b9ae-b51444f3e82d,2.7043428272008896,2.7043428272008896,1000.0,1,1,1
/OrderService/CreateOrder14b430c7-50c3-4739-81ef-ed682f9bdedb,3.36605217307806,3.36605217307806,1000.0,1,1,1
/OrderService/CreateOrder17078595-1514-4dff-b8e4-7d28a908af5b,4.718175157904625,4.718175157904625,1000.0,1,1,1
/OrderService/CreateOrder17a6431c-ca30-43de-bb97-87fdbdf09c11,3.9651766419410706,3.9651766419410706,1000.0,1,1,1
/OrderService/CreateOrder1b179695-0014-4861-8894-fc09e7155090,2.3408234119415283,2.3408234119415283,1000.0,1,1,1
/OrderService/CreateOrder20532a80-7a2b-4a76-885e-6aa08fee5428,2.6901261880993843,2.6901261880993843,1000.0,1,1,1
/OrderService/CreateOrder22f7d39d-ce3f-44af-bc1b-52d4a502dd76,2.4043461307883263,2.4043461307883263,1000.0,1,1,1
/OrderService/CreateOrder23a1bcf6-0c9d-4b31-b9f7-ec4ea3aa682d,2.9144668951630592,2.9144668951630592,1000.0,1,1,1
/OrderService/CreateOrder23a55a01-5f4a-4a08-994c-b4a6b10316e4,5.945050157606602,5.945050157606602,1000.0,1,1,1
/OrderService/CreateOrder274d11d2-94bd-4013-9f0b-4d01df235f2f,2.295602113008499,2.295602113008499,1000.0,1,1,1
/OrderService/CreateOrder28b40c0f-0562-4b2f-9e92-e79649863743,5.35155925899744,5.35155925899744,1000.0,1,1,1
/OrderService/CreateOrder2be4cad1-7a00-435f-9bb3-91a00ef409cd,5.77664515003562,5.77664515003562,1000.0,1,1,1
/OrderService/CreateOrder2e154f93-f214-42d9-9516-8da3691541a4,5.371060222387314,5.371060222387314,1000.0,1,1,1
/OrderService/CreateOrder2f5960a6-e492-4460-b272-ab39b1468cb0,2.261010929942131,2.261010929942131,1000.0,1,1,1
/OrderService/CreateOrder302c27b7-9dea-4178-9476-19463f7eb665,3.8007129915058613,3.8007129915058613,1000.0,1,1,1
/OrderService/CreateOrder349648a3-244d-4989-9fc5-3cc9bd0fd5d1,20.13311069458723,20.13311069458723,1000.0,1,1,1
/OrderService/CreateOrder3b8bf776-7581-4cc5-b45d-f586e0184933,3.478594124317169,3.478594124317169,1000.0,1,1,1
/OrderService/CreateOrder3c39ee7b-4dc8-4246-b68a-26c274354263,3.637711051851511,3.637711051851511,1000.0,1,1,1
/OrderService/CreateOrder3c715c66-03e4-45ea-85d5-6970e03e004d,2.268318086862564,2.268318086862564,999.0,1,1,1
/OrderService/CreateOrder3c80aaca-3665-48f3-bb10-3ec132f37bdd,13.72834388166666,13.72834388166666,1000.0,1,1,1
/OrderService/CreateOrder3ef3fd22-a0c1-46ee-b5fd-f1474557beb7,3.0298600904643536,3.0298600904643536,1000.0,1,1,1
/OrderService/CreateOrder46ee483d-02e6-4fc1-af51-04b4347a37d8,2.64549907296896,2.64549907296896,1000.0,1,1,1
/OrderService/CreateOrder47ad325e-bf75-40b3-bf26-963b77d8cd30,2.081268932670355,2.081268932670355,1000.0,1,1,1
/OrderService/CreateOrder5428b12b-7149-4062-bab1-9ebc2fee979c,2.038166858255863,2.038166858255863,1000.0,1,1,1
/OrderService/CreateOrder55fb688c-675a-4aea-b209-26822be3fb43,2.6771239936351776,2.6771239936351776,1000.0,1,1,1
/OrderService/CreateOrder57ca0fe2-ac48-4b5e-89b5-18f115d0397d,5.415492691099644,5.415492691099644,1000.0,1,1,1
/OrderService/CreateOrder57df938b-20d8-4a4c-a09e-7f78d59eff78,4.899047780781984,4.899047780781984,1000.0,1,1,1
/OrderService/CreateOrder580d6620-ee1d-4ba1-8a1a-07ddd62d0a01,2.6782830245792866,2.6782830245792866,1000.0,1,1,1
/OrderService/CreateOrder58e65367-6d8f-4623-abc0-484712fa44e9,4.087216220796108,4.087216220796108,1000.0,1,1,1
/OrderService/CreateOrder5f633998-5aae-4bcc-ab1a-301b54a16328,2.102751284837723,2.102751284837723,1000.0,1,1,1
/OrderService/CreateOrder612332a0-b02e-480c-bb2a-52c1bb229eec,3.5769231617450714,3.5769231617450714,1000.0,1,1,1
/OrderService/CreateOrder62b655c6-03cb-48a8-b986-79e8e1b97222,3.4302729181945324,3.4302729181945324,1000.0,1,1,1
/OrderService/CreateOrder62da51d7-8a92-4f44-aaea-bdb957a60124,6.8790502846241,6.8790502846241,1000.0,1,1,1
/OrderService/CreateOrder67eed547-704e-4d2f-a318-951dd35fd5e8,6.350409239530563,6.350409239530563,1000.0,1,1,1
/OrderService/CreateOrder694f60c2-73a2-4d2b-bb1b-fbc9dfb14069,3.060099668800831,3.060099668800831,1000.0,1,1,1
/OrderService/CreateOrder736a3e25-1b97-46b5-a0d4-8f1c05c4436e,2.343480009585619,2.343480009585619,1000.0,1,1,1
/OrderService/CreateOrder74e1d23e-78e7-4acd-95d5-40fa7f4cba98,12.787051033228636,12.787051033228636,1000.0,1,1,1
/OrderService/CreateOrder752564e9-798c-42bd-9974-f8772e87d5ad,2.403929363936186,2.403929363936186,1000.0,1,1,1
/OrderService/CreateOrder7627eb85-fd89-4750-aa14-0ef326516aed,2.372782677412033,2.372782677412033,1000.0,1,1,1
/OrderService/CreateOrder80cad5b3-ac88-44a2-8824-4af438f24e8a,5.1835947670042515,5.1835947670042515,1000.0,1,1,1
/OrderService/CreateOrder8511eea7-4fe2-4f43-ba34-3b6352126d8d,2.6242858730256557,2.6242858730256557,1000.0,1,1,1
/OrderService/CreateOrder85912942-8ffc-478a-b0f8-44e60926fb20,2.475823275744915,2.475823275744915,1000.0,1,1,1
/OrderService/CreateOrder86daeaec-a9cf-4058-a03b-e1a64187c58a,4.749455023556948,4.749455023556948,1000.0,1,1,1
/OrderService/CreateOrder8f57e977-4741-40d5-98a1-e1fd8a89bf45,2.465515863150358,2.465515863150358,999.0,1,1,1
/OrderService/CreateOrder8f8fc379-4c2e-4c45-9056-a64aea03e106,3.7929299287497997,3.7929299287497997,1000.0,1,1,1
/OrderService/CreateOrder977e1a06-32a9-48c7-b60a-9e91410c4164,2.536008134484291,2.536008134484291,1000.0,1,1,1
/OrderService/CreateOrder9d083663-2bc3-4ea8-9cae-b83c9514b162,2.625613007694483,2.625613007694483,1000.0,1,1,1
/OrderService/CreateOrder9ee7ee3f-6c03-4e82-9e06-5d5688477ca5,3.3910730853676796,3.3910730853676796,1000.0,1,1,1
/OrderService/CreateOrder9fb5a32f-a0d2-4893-ac8b-a28567736103,2.61891121044755,2.61891121044755,1000.0,1,1,1
/OrderService/CreateOrdera248beb3-d516-461d-8793-2ce93c8028be,2.0412448793649673,2.0412448793649673,1000.0,1,1,1
/OrderService/CreateOrdera3e06840-c784-4c4c-b706-f89806dc1014,3.0807112343609333,3.0807112343609333,1000.0,1,1,1
/OrderService/CreateOrderaa524fcc-d537-4b04-920b-c3bdf6a5268f,1.7302208580076694,1.7302208580076694,1000.0,1,1,1
/OrderService/CreateOrderac1909a7-c2ff-497f-ad4f-09f067b13ea5,3.4212833270430565,3.4212833270430565,1000.0,1,1,1
/OrderService/CreateOrderafc5192f-f1bd-44bb-94c7-5449870bf554,3.2703308388590813,3.2703308388590813,1000.0,1,1,1
/OrderService/CreateOrderb2e2ac1f-55a8-494a-9523-40c2464ed182,2.9963948763906956,2.9963948763906956,1000.0,1,1,1
/OrderService/CreateOrderbeca6197-1ca4-4ada-a029-b778aa95c64e,13.286872301250696,13.286872301250696,1000.0,1,1,1
/OrderService/CreateOrderc19f71ee-6afa-4b07-8514-9b90a6a860aa,7.168039213865995,7.168039213865995,1000.0,1,1,1
/OrderService/CreateOrderc55e8506-7f01-441f-934f-cff39cc07e41,2.9246723279356956,2.9246723279356956,1000.0,1,1,1
/OrderService/CreateOrderc6d72575-052b-447e-b5ec-2225e41170c8,6.060030311346054,6.060030311346054,1000.0,1,1,1
/OrderService/CreateOrdercd7d0ea5-6b4e-4170-8429-34e995ac9089,10.547711048275232,10.547711048275232,1000.0,1,1,1
/OrderService/CreateOrderd1539bb0-1036-468b-856c-6b79b1acd4cc,7.684666197746992,7.684666197746992,1000.0,1,1,1
/OrderService/CreateOrderd16f6b78-4a38-4d36-93ef-ce8ecf561abc,2.91967811062932,2.91967811062932,1000.0,1,1,1
/OrderService/CreateOrderd357c1fa-6c5f-4f2c-8757-0a68c09513ae,2.9486892744898796,2.9486892744898796,1000.0,1,1,1
/OrderService/CreateOrderd6ae398c-856e-43bb-a221-6cc537ba2d2d,2.8686937876045704,2.8686937876045704,1000.0,1,1,1
/OrderService/CreateOrderd81359b8-34e0-4178-95a5-a1cf38da7515,2.113505732268095,2.113505732268095,1000.0,1,1,1
/OrderService/CreateOrderd8e6d0df-6b01-4146-a336-97834f81540b,2.728039864450693,2.728039864450693,1000.0,1,1,1
/OrderService/CreateOrderddd94433-f5e3-4072-9659-340fa604124f,2.7688806876540184,2.7688806876540184,1000.0,1,1,1
/OrderService/CreateOrderdeea81fb-ae2d-49a8-b398-f339d539bc09,1.4615687541663647,1.4615687541663647,1000.0,1,1,1
/OrderService/CreateOrdere84655d2-86aa-4650-855b-72c1914d233f,5.322144366800785,5.322144366800785,1000.0,1,1,1
/OrderService/CreateOrderf0f3db5d-9f08-462e-8e70-ee3b8502fcfc,3.413761965930462,3.413761965930462,1000.0,1,1,1
/OrderService/CreateOrderfb5eabe5-c5ed-4c19-bfa4-3d5a04cb7a5c,4.508520010858774,4.508520010858774,1000.0,1,1,1
/OrderService/CreateOrderfccae520-d414-4c32-9ea5-40cbb3b32de3,5.2231247536838055,5.2231247536838055,1000.0,1,1,1
/OrderService/GetOrder03905c74-0e60-4c98-a0b0-ce7f9cd4ce9f,2.0526982843875885,2.0526982843875885,3.0,1,1,1
/OrderService/GetOrder0d025ed9-3ac6-4aa7-be16-5b07562eb01f,2.2536045871675014,2.2536045871675014,3.0,1,1,1
/OrderService/GetOrder0ea89754-3aef-4ac1-8dfc-f6db2c829013,1.4891712926328182,1.4891712926328182,3.0,1,1,1
/OrderService/GetOrder107c8519-5a14-4d61-a3fb-45e2f049fbdc,2.745120320469141,2.745120320469141,2.0,1,1,1
/OrderService/GetOrder12f29029-6abc-4afd-98b5-31a5ef1ba742,16.99202600866556,16.99202600866556,3.0,1,1,1
/OrderService/GetOrder1aa21d17-c5b4-42fc-8b01-ce040a6cd379,1.7200489528477192,1.7200489528477192,3.0,1,1,1
/OrderService/GetOrder1c7d2403-d6ce-4d48-bfa6-c220076e961a,2.7329069562256336,2.7329069562256336,3.0,1,1,1
/OrderService/GetOrder248fe98b-41af-4232-a4af-d56dc239dc4d,4.601277876645327,4.601277876645327,3.0,1,1,1
/OrderService/GetOrder25786c46-c23d-480a-bc27-885f6f0e5389,1.4892909675836563,1.4892909675836563,3.0,1,1,1
/OrderService/GetOrder2a5c50b3-4898-4b69-96dc-a64b19d41138,1.8959082663059235,1.8959082663059235,2.0,1,1,1
/OrderService/GetOrder2b36485c-90cd-44a9-984e-c1f1d02993d5,2.0907381549477577,2.0907381549477577,3.0,1,1,1
/OrderService/GetOrder2c948158-4e13-4f3f-a25f-3a7f628651aa,2.8128940612077713,2.8128940612077713,3.0,1,1,1
/OrderService/GetOrder2d1790ec-7a8f-4c09-b5f2-2247d07b55e4,1.392900012433529,1.392900012433529,3.0,1,1,1
/OrderService/GetOrder2e09b399-f61a-49b4-b2b6-d04ed56ff188,1.751800999045372,1.751800999045372,3.0,1,1,1
/OrderService/GetOrder2f10d17f-9474-4d57-b2b6-df0b873ec2a7,1.783591229468584,1.783591229468584,3.0,1,1,1
/OrderService/GetOrder319afe1b-83e8-490f-89bc-a049c749ba0e,1.9962671212852001,1.9962671212852001,3.0,1,1,1
/OrderService/GetOrder31c08f4f-9fc6-42a6-8f75-c2549467ab78,2.3061512038111687,2.3061512038111687,3.0,1,1,1
/OrderService/GetOrder39a8175d-1589-4583-8218-744d7713cbad,2.515136729925871,2.515136729925871,3.0,1,1,1
/OrderService/GetOrder3b232ac8-aa3d-465e-b9e6-6694bd90ca42,3.263232298195362,3.263232298195362,2.0,1,1,1
/OrderService/GetOrder3e783a77-fcd5-47a0-bcc4-62bee34b0b25,2.235261257737875,2.235261257737875,3.0,1,1,1
/OrderService/GetOrder3ee15767-44ec-427b-bc0c-1c5e24a31fab,1.7361072823405266,1.7361072823405266,3.0,1,1,1
/OrderService/GetOrder3f795507-72b5-4e76-af21-cfa00e45d694,1.7941351979970932,1.7941351979970932,3.0,1,1,1
/OrderService/GetOrder42feee87-9847-4038-8355-ccc46c6a5c9a,1.9376249983906746,1.9376249983906746,3.0,1,1,1
/OrderService/GetOrder432460a6-64e0-4692-9cff-7086215a3350,2.0686681382358074,2.0686681382358074,3.0,1,1,1
/OrderService/GetOrder4490b0a4-c696-4207-aaa5-fd7237377cd2,1.469421200454235,1.469421200454235,3.0,1,1,1
/OrderService/GetOrder450724e0-0c0a-40f1-b583-ea7105f72397,1.808161847293377,1.808161847293377,3.0,1,1,1
/OrderService/GetOrder45e9948a-28ce-4fb1-928c-b9612c3cb5cf,2.474195323884487,2.474195323884487,3.0,1,1,1
/OrderService/GetOrder4769f91d-78bb-4eb8-bbac-8c353730969c,1.740149687975645,1.740149687975645,3.0,1,1,1
/OrderService/GetOrder48cdbbb9-8a92-4f2e-9ff7-be55f67289b3,1.7887027934193611,1.7887027934193611,3.0,1,1,1
/OrderService/GetOrder5292cc7f-4e99-4d1e-b4e4-310c1fa84edb,5.794438999146223,5.794438999146223,2.0,1,1,1
/OrderService/GetOrder5444800b-6f96-48d6-bc60-9e6613f38c21,12.255261186510324,12.255261186510324,3.0,1,1,1
/OrderService/GetOrder58512701-c958-445b-8b22-7483c498d1bc,4.479120951145887,4.479120951145887,3.0,1,1,1
/OrderService/GetOrder5b4bae78-c932-4ee7-843d-ca45be072306,1.2941560707986355,1.2941560707986355,3.0,1,1,1
/OrderService/GetOrder5e0e25e5-6293-49ba-b30d-9d2c1035193f,2.297281287610531,2.297281287610531,2.0,1,1,1
/OrderService/GetOrder618018c7-ceb7-4070-b225-d20fbea9dd0c,3.1340192072093487,3.1340192072093487,2.0,1,1,1
/OrderService/GetOrder62c1754f-6064-4a2f-8bcc-dbe80398f61e,4.370154347270727,4.370154347270727,3.0,1,1,1
/OrderService/GetOrder68a9db0d-babf-4edc-b989-bf61eee1da46,2.450925763696432,2.450925763696432,2.0,1,1,1
/OrderService/GetOrder68b56afb-ff91-4309-a680-b7efb3def624,2.0084232091903687,2.0084232091903687,3.0,1,1,1
/OrderService/GetOrder68fe372b-6055-488d-9381-5a148aca7575,1.2311679311096668,1.2311679311096668,3.0,1,1,1
/OrderService/GetOrder6e50cbce-6354-4382-a69e-5fef8f79c99b,1.6275267116725445,1.6275267116725445,3.0,1,1,1
/OrderService/GetOrder709f8949-9a86-4e27-b52b-c493ea7137ac,1.4680521562695503,1.4680521562695503,2.0,1,1,1
/OrderService/GetOrder761ae5ad-62b1-40f3-bf23-62cad36d5a42,1.7909002490341663,1.7909002490341663,3.0,1,1,1
/OrderService/GetOrder829cd760-76eb-42a1-a232-072047bbdd55,2.27756192907691,2.27756192907691,3.0,1,1,1
/OrderService/GetOrder8314f44f-031f-45d1-85d2-3621d429919f,2.057452220469713,2.057452220469713,3.0,1,1,1
/OrderService/GetOrder885a5caa-c2f9-4258-b270-cadbbc2da034,1.7065801657736301,1.7065801657736301,3.0,1,1,1
/OrderService/GetOrder88a4e4a2-aa3e-4440-9e8c-2a9743760d69,1.9234349019825459,1.9234349019825459,3.0,1,1,1
/OrderService/GetOrder936d0c92-42f0-4dd5-aa52-f2673a054e0f,1.885975245386362,1.885975245386362,3.0,1,1,1
/OrderService/GetOrder99c0a6bb-cdd2-4740-9bab-7146498d81d3,3.8411496207118034,3.8411496207118034,2.0,1,1,1
/OrderService/GetOrder9d22724f-a1dc-408b-b391-57d740ccf315,2.388001885265112,2.388001885265112,3.0,1,1,1
/OrderService/GetOrder9e717cee-7344-4a05-a2f6-2a996375b965,1.3865958899259567,1.3865958899259567,2.0,1,1,1
/OrderService/GetOrder9f0655a0-7d36-4416-bd0b-455884d63b43,5.273245740681887,5.273245740681887,3.0,1,1,1
/OrderService/GetOrder9fd2f3fb-9367-465a-bf08-1cd53bda03e8,1.5030503273010254,1.5030503273010254,3.0,1,1,1
/OrderService/GetOrdera1907eea-7c0f-4602-9343-09f02b6f68cd,1.8601510673761368,1.8601510673761368,3.0,1,1,1
/OrderService/GetOrdera34691bb-8291-4a11-8b1d-4c0d4ea805af,2.4945680052042007,2.4945680052042007,2.0,1,1,1
/OrderService/GetOrdera6518fa5-9ce4-4ff0-a86d-99b4934a3cbf,1.3481099158525467,1.3481099158525467,3.0,1,1,1
/OrderService/GetOrdera6774675-dc0e-4bbe-af2a-dfabb914a70c,5.0904229283332825,5.0904229283332825,3.0,1,1,1
/OrderService/GetOrdera6a49cde-db35-4efa-a8f2-9721835763ab,1.5501459129154682,1.5501459129154682,2.0,1,1,1
/OrderService/GetOrderad67f2d3-f7bf-4a42-9fc9-51b6f8d8813f,1.6354131512343884,1.6354131512343884,3.0,1,1,1
/OrderService/GetOrderaff6f39d-f601-4e46-9dfb-a85c2fc44cc7,1.6535399481654167,1.6535399481654167,3.0,1,1,1
/OrderService/GetOrderb1c0c260-b38d-46e1-bf0b-ffbce20532c5,1.4475318603217602,1.4475318603217602,3.0,1,1,1
/OrderService/GetOrderb30ec95e-3f0b-4157-8136-e4ea59ca5fc6,3.3991606906056404,3.3991606906056404,3.0,1,1,1
/OrderService/GetOrderb4aee2e2-8be2-4286-8d0a-937fbde46553,1.5901941806077957,1.5901941806077957,3.0,1,1,1
/OrderService/GetOrderb583f1e1-c222-4ea2-aa62-1564f4585597,1.2957118451595306,1.2957118451595306,3.0,1,1,1
/OrderService/GetOrderb6cf3777-31a4-49ce-86a5-406b0c4d03ea,1.331075094640255,1.331075094640255,2.0,1,1,1
/OrderService/GetOrderb7fb1e9e-5e86-4467-8cbc-4324847f7dea,3.4261387772858143,3.4261387772858143,3.0,1,1,1
/OrderService/GetOrderbae52846-0997-4be2-ba04-be5d94c13fca,1.1793547309935093,1.1793547309935093,2.0,1,1,1
/OrderService/GetOrderbc3f758d-b385-4000-9c72-2b8ecbed09ba,1.5310491435229778,1.5310491435229778,3.0,1,1,1
/OrderService/GetOrderc5824514-5ecf-40b3-ad64-a1a17a8b2bf3,1.428042072802782,1.428042072802782,3.0,1,1,1
/OrderService/GetOrderc8ea7a89-e6cf-4fe5-a379-0c81ce58bb53,3.2123741693794727,3.2123741693794727,2.0,1,1,1
/OrderService/GetOrdercd17f9f4-a086-4855-b8d7-80b50d09b1aa,1.3959272764623165,1.3959272764623165,3.0,1,1,1
/OrderService/GetOrderd7d5afa8-7845-4221-9fdf-513a8dfebbd2,3.183952998369932,3.183952998369932,3.0,1,1,1
/OrderService/GetOrderdcd88a94-69c7-4bf0-9b2f-5f939c519cca,2.05184705555439,2.05184705555439,3.0,1,1,1
/OrderService/GetOrderdf565476-1dbc-40ed-9e6a-31ea4fc6028b,1.6302037984132767,1.6302037984132767,2.0,1,1,1
/OrderService/GetOrdere8094f1a-d134-4050-9b96-36f0dcaab97e,1.707018818706274,1.707018818706274,3.0,1,1,1
/OrderService/GetOrdere90a68fa-feb0-4bec-8868-d990cd186b20,1.722319982945919,1.722319982945919,3.0,1,1,1
/OrderService/GetOrderecac4ac6-8c66-4560-9649-37881b89217c,2.3972410708665848,2.3972410708665848,3.0,1,1,1
/OrderService/GetOrderf2487351-9ba3-4566-889d-fdf0b1ab7fe3,1.6906722448766232,1.6906722448766232,3.0,1,1,1
/OrderService/GetOrderf4cfc34a-c3d7-4678-bb49-229095014206,2.337533049285412,2.337533049285412,3.0,1,1,1
/OrderService/GetOrderf51408eb-072a-4abe-a665-ceac9a782ed9,1.8068533390760422,1.8068533390760422,3.0,1,1,1
/OrderService/GetOrderfa42c9f9-cc85-4fb4-be64-11f1735aa347,1.4572842046618462,1.4572842046618462,3.0,1,1,1
Aggregated,6.218469241139246,5.0,625.965625,-1,1,1
