Service,Average Response Time,Medium Response Time,Request Size,Request Type,Frequency,Size
/CatalogService/AddItem0fa9da44-8bbe-4980-9bfb-2ccf23d4affb,12.848569080233574,12.848569080233574,100000.0,1,0,2
/CatalogService/AddItem1f967e3c-ef9a-440b-9689-f53e177e6c25,15.066003892570734,15.066003892570734,100000.0,1,0,2
/CatalogService/AddItem63fba03c-44ab-43ef-a6bc-7e7ff4c0d0c8,17.47054373845458,17.47054373845458,100000.0,1,0,2
/CatalogService/AddItem6f54b604-8ac6-47be-ae8c-6c743801e272,15.273149125277996,15.273149125277996,100000.0,1,0,2
/CatalogService/AddItem7dcbec8a-a0b1-4382-a7a7-5d58fab886ec,12.0001002214849,12.0001002214849,100000.0,1,0,2
/CatalogService/AddItemace82d4d-cac1-48c6-add6-35b2862b8797,14.390373602509499,14.390373602509499,100000.0,1,0,2
/CatalogService/AddItemd9860438-b85e-46a1-b8ff-d1f807fd6806,17.880207858979702,17.880207858979702,100000.0,1,0,2
/CatalogService/AddItemdc38e05b-1de0-4a04-826d-b32db615df91,14.318531844764948,14.318531844764948,100000.0,1,0,2
/CatalogService/GetItem09b2eb12-1b6f-4e07-b97a-724c287c1e22,5.7830242440104485,5.7830242440104485,3.0,1,0,2
/CatalogService/GetItem3060e18b-e0a8-4b5b-89e9-90e6f78a54db,3.7490190006792545,3.7490190006792545,3.0,1,0,2
/CatalogService/GetItem6ccebb79-c1e7-4670-ae86-f761989b852f,4.009866155683994,4.009866155683994,3.0,1,0,2
/CatalogService/GetItem705ac3cd-6716-4ca3-b4e6-a3c28e5d0922,6.344567984342575,6.344567984342575,3.0,1,0,2
/CatalogService/GetItem76554dbc-f2f4-4df0-8e5e-fb471214e624,9.156540036201477,9.156540036201477,3.0,1,0,2
/CatalogService/GetItemafc3580e-2086-4c03-aa30-33f8b67931cf,4.965620581060648,4.965620581060648,3.0,1,0,2
/CatalogService/GetItemdc3d0a2e-706a-4e94-9089-aad16f2ea0d2,4.550125915557146,4.550125915557146,3.0,1,0,2
/CatalogService/GetIteme2b9f336-10f3-4d42-a59d-908f99ef66c6,3.6145010963082314,3.6145010963082314,3.0,1,0,2
/CatalogService/UpdateItem02bb26c4-8608-4ba4-9480-7867ccf4efaf,6.6421921364963055,6.6421921364963055,100000.0,1,0,2
/CatalogService/UpdateItem1a39a69d-7062-4fa0-9d7d-bc4a2ea9a73b,4.919236991554499,4.919236991554499,100000.0,1,0,2
/CatalogService/UpdateItem6cd839dd-67d3-448c-8d15-9f0c6673849f,17.538469284772873,17.538469284772873,100000.0,1,0,2
/CatalogService/UpdateItem751900f5-5447-4ea6-9d10-55bd93bed6ff,5.733121186494827,5.733121186494827,100000.0,1,0,2
/CatalogService/UpdateItem7687c168-70df-43df-b112-c7e0a57126b8,6.556205917149782,6.556205917149782,100000.0,1,0,2
/CatalogService/UpdateItema62ba56e-2fb5-4a5b-9627-3c24838a8adb,5.595192778855562,5.595192778855562,100000.0,1,0,2
/CatalogService/UpdateItemc48a3bfe-dfc1-40ef-bfc3-981cc3b96229,9.413712657988071,9.413712657988071,100000.0,1,0,2
/CatalogService/UpdateIteme19f0a89-0109-4232-b92d-d789afe4f02f,18.63528322428465,18.63528322428465,100000.0,1,0,2
/CustomerService/CreateCustomer275fad14-9d04-498c-9c59-5ed28e5666e0,19.262016750872135,19.262016750872135,100000.0,1,0,2
/CustomerService/CreateCustomer3b4c29b9-e581-40d9-a394-0de9caa51c4c,24.785007815808058,24.785007815808058,100000.0,1,0,2
/CustomerService/CreateCustomer49a21a39-7cbe-4103-bd93-2425f7408aef,26.616103947162628,26.616103947162628,100000.0,1,0,2
/CustomerService/CreateCustomer5baaeaa1-b20f-4456-b826-3e7bba88d232,28.402219992130995,28.402219992130995,100000.0,1,0,2
/CustomerService/CreateCustomer6986a075-7110-4e8a-8d28-729b7a5b8f4f,24.51941603794694,24.51941603794694,100000.0,1,0,2
/CustomerService/CreateCustomer99a77f6f-f72f-4362-950d-3b43d95a7493,22.015844006091356,22.015844006091356,100000.0,1,0,2
/CustomerService/CreateCustomerb4b03374-8dbe-4356-ba45-971566670cae,22.79742481186986,22.79742481186986,100000.0,1,0,2
/CustomerService/CreateCustomerca1cce13-8fb7-48ba-a38c-711e41fbaf38,28.845456894487143,28.845456894487143,100000.0,1,0,2
/CustomerService/UpdateCustomer307f4dca-aef2-46f6-96d7-5e7939295747,12.952910270541906,12.952910270541906,100000.0,1,0,2
/CustomerService/UpdateCustomer43b8e8ac-43f4-4acc-b2fe-fe49aaebe094,29.032713267952204,29.032713267952204,100000.0,1,0,2
/CustomerService/UpdateCustomer4bebec53-22fd-4386-a516-d23e28bfc01f,9.406931698322296,9.406931698322296,100000.0,1,0,2
/CustomerService/UpdateCustomer4cbb23c6-1f4d-4700-8e8e-a0f4e086648a,12.770872097462416,12.770872097462416,100000.0,1,0,2
/CustomerService/UpdateCustomer540e6e28-ca0e-46d3-9323-24d66c811a8a,10.38991380482912,10.38991380482912,100000.0,1,0,2
/CustomerService/UpdateCustomer6c868152-a1fb-4827-84f9-54181f4807e3,9.909620974212885,9.909620974212885,100000.0,1,0,2
/CustomerService/UpdateCustomera90b4d18-e330-481f-bdaa-25c34e8509ff,27.343055233359337,27.343055233359337,100000.0,1,0,2
/CustomerService/UpdateCustomerfdd95270-9996-4c99-ab21-7f0f8287a5ed,9.612950030714273,9.612950030714273,100000.0,1,0,2
/CustomerService/getCustomer2d367e23-0291-4751-9b9a-9543587bb395,2.7709947898983955,2.7709947898983955,2.0,1,0,2
/CustomerService/getCustomer4b4dc5db-5459-40fd-82ae-4137471fc1fa,3.382899798452854,3.382899798452854,2.0,1,0,2
/CustomerService/getCustomer6399be44-b5d5-43c1-abbd-22fe2fe10a88,1.9137682393193245,1.9137682393193245,2.0,1,0,2
/CustomerService/getCustomer8549d955-9dff-40db-b8e8-33a3013850ce,3.0139200389385223,3.0139200389385223,2.0,1,0,2
/CustomerService/getCustomer90fb803e-4cbb-461c-9898-44b61ea66b9e,2.1148757077753544,2.1148757077753544,2.0,1,0,2
/CustomerService/getCustomer911744ee-168a-4d28-a6a6-61007cfdfd06,4.971035290509462,4.971035290509462,2.0,1,0,2
/CustomerService/getCustomerb48ccf67-f72a-4d8a-a0b3-1dcb116da72f,4.937035962939262,4.937035962939262,2.0,1,0,2
/CustomerService/getCustomercff609cd-c982-47bd-b53c-3f42200b4ad0,5.519386846572161,5.519386846572161,2.0,1,0,2
/OrderService/CreateOrder0698624a-ee59-4525-af4e-22a7341e0fd6,26.49613982066512,26.49613982066512,100000.0,1,0,2
/OrderService/CreateOrder07067b15-cda4-49f4-a51f-81222b4edb57,28.81763782352209,28.81763782352209,100000.0,1,0,2
/OrderService/CreateOrder09084ce6-0fc1-47e4-a9fa-5103122c4c58,25.41918493807316,25.41918493807316,100000.0,1,0,2
/OrderService/CreateOrder4481059d-423a-400c-b519-57e218121e58,16.467595007270575,16.467595007270575,100000.0,1,0,2
/OrderService/CreateOrder9747c69d-3894-411a-b7a9-6772681c8c21,25.21555218845606,25.21555218845606,100000.0,1,0,2
/OrderService/CreateOrdera7f3fe78-727e-46bc-855c-e74ef1a860ed,16.416933853179216,16.416933853179216,100000.0,1,0,2
/OrderService/CreateOrderc55841d7-aaca-487d-8565-d757ba087d93,25.22262930870056,25.22262930870056,100000.0,1,0,2
/OrderService/CreateOrderc612ec19-a7ed-4368-9535-47b77fb5e76d,16.225032974034548,16.225032974034548,100000.0,1,0,2
/OrderService/GetOrder23d7a5b4-65da-4aac-a505-2c787e96a6ef,1.1692768894135952,1.1692768894135952,3.0,1,0,2
/OrderService/GetOrder41330a3c-b3bd-451b-96bf-2f939554f5e7,2.199753187596798,2.199753187596798,3.0,1,0,2
/OrderService/GetOrder537e0fc7-4303-4337-9899-8705b0f68f75,3.2295831479132175,3.2295831479132175,3.0,1,0,2
/OrderService/GetOrder68edafe9-2f65-4a23-b9d3-7605be68d9c9,2.664240077137947,2.664240077137947,3.0,1,0,2
/OrderService/GetOrder72c8690f-ebf0-40f3-bd8f-44a8b8d4a7cb,13.411163352429867,13.411163352429867,3.0,1,0,2
/OrderService/GetOrder782225ca-1fb0-44bb-9c24-f438a96402a0,6.837031804025173,6.837031804025173,3.0,1,0,2
/OrderService/GetOrderb25acecc-b61b-4094-8591-458b6d215c0b,4.947638139128685,4.947638139128685,3.0,1,0,2
/OrderService/GetOrdercbf617c7-8c07-4fb9-884a-152b5464baf6,14.676928985863924,14.676928985863924,3.0,1,0,2
Aggregated,12.705575849395245,10.0,62501.0,-1,0,2
