Service,Average Response Time,Medium Response Time,Request Size,Request Type,Frequency,Size
/CatalogService/AddItem01105eef-2668-41ef-92b3-366f7e9e8dc6,10.077883023768663,10.077883023768663,1000.0,1,1,1
/CatalogService/AddItem028a9935-225d-4101-94a4-977654d4402a,6.855575367808342,6.855575367808342,1000.0,1,1,1
/CatalogService/AddItem02f24cae-f26c-46ba-ba6c-ae994f05ee71,2.803219947963953,2.803219947963953,1000.0,1,1,1
/CatalogService/AddItem0302a0bf-dd90-4a50-b932-824c6f6e261c,8.364572189748287,8.364572189748287,1000.0,1,1,1
/CatalogService/AddItem040ccfef-5bf9-4f0f-9992-12f253ec0524,8.908820804208517,8.908820804208517,1000.0,1,1,1
/CatalogService/AddItem0572301a-255c-4ff1-a38b-4ddfdfb9fd0d,10.850169230252504,10.850169230252504,1000.0,1,1,1
/CatalogService/AddItem09a4776c-303d-42e0-8dd2-00a1453f5fa1,2.616056241095066,2.616056241095066,1000.0,1,1,1
/CatalogService/AddItem09e84b6b-5608-43dc-815a-a698c13d4655,7.889281027019024,7.889281027019024,1000.0,1,1,1
/CatalogService/AddItem0c380016-4f14-4389-b9c1-96dc58a022ae,4.677896853536367,4.677896853536367,1000.0,1,1,1
/CatalogService/AddItem0d391de0-e3ea-4abd-94fa-85260eb44034,8.735856972634792,8.735856972634792,1000.0,1,1,1
/CatalogService/AddItem0e60293e-3697-469f-ba49-dcff90bdf0f2,9.418974164873362,9.418974164873362,1000.0,1,1,1
/CatalogService/AddItem18569c06-d3f6-40d5-a47e-510a7543ff68,7.531806826591492,7.531806826591492,1000.0,1,1,1
/CatalogService/AddItem19585ec7-0eea-4d45-9942-81e919de12df,6.321803200989962,6.321803200989962,1000.0,1,1,1
/CatalogService/AddItem1c426cad-92fa-4ba0-9241-707d5b408332,7.924060802906752,7.924060802906752,1000.0,1,1,1
/CatalogService/AddItem1c68301d-6982-40e8-8eb5-1a1e4154f66a,6.5361857414245605,6.5361857414245605,1000.0,1,1,1
/CatalogService/AddItem1cb8f877-8747-4bad-8c28-5e828709d387,10.580325964838266,10.580325964838266,1000.0,1,1,1
/CatalogService/AddItem21da6d48-8eba-4db4-80e6-a4db784f8067,2.696945797652006,2.696945797652006,1000.0,1,1,1
/CatalogService/AddItem292aafa9-db46-4a0f-aaad-06735ab3570f,10.561946779489517,10.561946779489517,1000.0,1,1,1
/CatalogService/AddItem2f3f87db-646b-40d1-a4c4-71d43393b863,7.156293373554945,7.156293373554945,1000.0,1,1,1
/CatalogService/AddItem32d3bc52-87ea-4d06-ba6d-719a255ca42f,2.421319019049406,2.421319019049406,1000.0,1,1,1
/CatalogService/AddItem3fe54725-2c2c-4a44-91a5-6b87c124ac71,13.888085260987282,13.888085260987282,1000.0,1,1,1
/CatalogService/AddItem408353fb-af70-48b7-9d50-fde9ad01d2cb,10.403560940176249,10.403560940176249,1000.0,1,1,1
/CatalogService/AddItem446e8104-e251-4483-bce8-12d4819ca49e,9.026993997395039,9.026993997395039,1000.0,1,1,1
/CatalogService/AddItem46ba9a7d-37d9-4a36-ac05-301120c71491,10.260107927024364,10.260107927024364,1000.0,1,1,1
/CatalogService/AddItem47557bbd-88c7-48a3-80cc-0c049de767f7,8.849162142723799,8.849162142723799,1000.0,1,1,1
/CatalogService/AddItem4970c4ec-07af-40d1-91f3-e7f22f2def9f,8.42174794524908,8.42174794524908,1000.0,1,1,1
/CatalogService/AddItem4c1425e3-fcd5-41f5-ab33-6ca87b88b441,5.987726151943207,5.987726151943207,1000.0,1,1,1
/CatalogService/AddItem5131678a-84eb-4e8e-8db9-6a06578b9ee0,10.465361177921295,10.465361177921295,1000.0,1,1,1
/CatalogService/AddItem5461f137-fd63-416e-a705-2121b3fe7ff3,10.914788115769625,10.914788115769625,1000.0,1,1,1
/CatalogService/AddItem5c837536-3627-4d4e-9ef1-4943802a28d1,8.706389926373959,8.706389926373959,1000.0,1,1,1
/CatalogService/AddItem644131da-fcbf-46e1-b945-5cb603a02efd,2.223951742053032,2.223951742053032,1000.0,1,1,1
/CatalogService/AddItem65bd4d1f-a76c-4b10-87af-0a2f07d2093a,12.523713987320662,12.523713987320662,1000.0,1,1,1
/CatalogService/AddItem698ab6ea-8514-4549-acab-03c00af53cb3,9.075559675693512,9.075559675693512,1000.0,1,1,1
/CatalogService/AddItem6fe501b9-9c7c-45d2-9987-ec0fa9f87a0e,3.1456751748919487,3.1456751748919487,1000.0,1,1,1
/CatalogService/AddItem7013c4a5-bb22-4a83-92fe-e4cd4f9add5b,3.8036941550672054,3.8036941550672054,1000.0,1,1,1
/CatalogService/AddItem72ee74b4-da0b-46a2-8b1d-02a8a194afc1,11.308188084512949,11.308188084512949,1000.0,1,1,1
/CatalogService/AddItem75e85aaf-c004-4cae-8fba-c52d447456ae,2.592870034277439,2.592870034277439,1000.0,1,1,1
/CatalogService/AddItem7ac561fe-0fc9-49ec-9e09-262340b0225e,8.625016082078218,8.625016082078218,1000.0,1,1,1
/CatalogService/AddItem7bc8d916-4acf-4cf6-969a-ea4ebc4512b2,2.0217299461364746,2.0217299461364746,1000.0,1,1,1
/CatalogService/AddItem7d07c1cb-ffeb-4755-b609-4899c802d21f,10.534359142184258,10.534359142184258,1000.0,1,1,1
/CatalogService/AddItem7dfe7e71-f2a0-4840-b064-6211a84d1d43,5.130205303430557,5.130205303430557,1000.0,1,1,1
/CatalogService/AddItem87f98b2c-2a2a-4667-b5fc-bd8935d385ed,10.14760509133339,10.14760509133339,1000.0,1,1,1
/CatalogService/AddItem88b69958-f578-49ce-8981-4e23bb11421a,6.680968217551708,6.680968217551708,1000.0,1,1,1
/CatalogService/AddItem8f810106-a94e-42c5-8b2a-8ccb7f0c2db4,8.063085842877626,8.063085842877626,1000.0,1,1,1
/CatalogService/AddItem97d17786-9903-4971-acaf-811d64c0dfd6,2.4337181821465492,2.4337181821465492,1000.0,1,1,1
/CatalogService/AddItem9a02b652-d9cb-414b-a496-de232d66882a,10.343579109758139,10.343579109758139,1000.0,1,1,1
/CatalogService/AddItem9a16b01b-1538-44ac-a220-001f1c315013,6.752349901944399,6.752349901944399,1000.0,1,1,1
/CatalogService/AddItem9bd9e7d5-0232-4ee8-9f56-8b76c86dc6c0,11.091331951320171,11.091331951320171,1000.0,1,1,1
/CatalogService/AddItem9c1f2a92-e778-44da-bd03-22327755e59f,9.184073191136122,9.184073191136122,1000.0,1,1,1
/CatalogService/AddItema4401015-bd43-4e5b-b7c0-56aa45ff0f54,11.205388233065605,11.205388233065605,1000.0,1,1,1
/CatalogService/AddItema92b161a-0f2e-450c-87bd-4c18811eb7e3,10.164329782128334,10.164329782128334,1000.0,1,1,1
/CatalogService/AddItemad148792-26a0-411f-89ba-c4cdf1cb645f,6.9997659884393215,6.9997659884393215,1000.0,1,1,1
/CatalogService/AddItemb0b96d71-ea8c-4d74-8125-8e5e21824dd7,5.357454996556044,5.357454996556044,1000.0,1,1,1
/CatalogService/AddItemb266153a-b3bc-4fe7-b24a-279586a3ca51,15.509317163378,15.509317163378,1000.0,1,1,1
/CatalogService/AddItemb4ad83a1-435c-43e1-95ab-d0fdaf2fc033,10.440282057970762,10.440282057970762,1000.0,1,1,1
/CatalogService/AddItemb6b4336c-9cef-4bce-82a0-2a4e463bf6e8,7.027193903923035,7.027193903923035,1000.0,1,1,1
/CatalogService/AddItemb8b6a57b-9e29-4179-956a-f867450a907a,7.110087666660547,7.110087666660547,1000.0,1,1,1
/CatalogService/AddItembae4cc36-75bc-4698-886a-3dce072a223f,5.882078781723976,5.882078781723976,1000.0,1,1,1
/CatalogService/AddItembb850282-1f83-4efe-9243-cda7028a74f2,8.761940989643335,8.761940989643335,1000.0,1,1,1
/CatalogService/AddItembee6197e-e385-4f38-be4c-1aaf218011b6,9.85766388475895,9.85766388475895,1000.0,1,1,1
/CatalogService/AddItemc00cce1c-d5cb-415f-8571-cd4bc4457d0e,3.018162678927183,3.018162678927183,1000.0,1,1,1
/CatalogService/AddItemc03fe22f-d529-4df7-8709-d2501494fe38,9.061635006219149,9.061635006219149,1000.0,1,1,1
/CatalogService/AddItemc2d2da1f-a932-4ecf-b3fa-34fcfd2cf0c7,10.430910158902407,10.430910158902407,1000.0,1,1,1
/CatalogService/AddItemc8aaf2e8-0143-4bb6-a05d-0bcb6dc9e64d,7.130837999284267,7.130837999284267,1000.0,1,1,1
/CatalogService/AddItemca0d34ca-d182-4c25-bf90-deaf31fbcdaa,10.139245074242353,10.139245074242353,1000.0,1,1,1
/CatalogService/AddItemcd038976-9e93-4c9e-a34d-d97be5fe97c6,11.829725932329893,11.829725932329893,1000.0,1,1,1
/CatalogService/AddItemcef14469-f268-4578-a29a-282b92ee349c,10.314054787158966,10.314054787158966,1000.0,1,1,1
/CatalogService/AddItemdc7c2b31-35e8-4947-98ee-b918df8ccafc,10.91521279886365,10.91521279886365,1000.0,1,1,1
/CatalogService/AddItemdd9937e4-0e33-4544-8fe4-e10a085951b5,6.5222252160310745,6.5222252160310745,1000.0,1,1,1
/CatalogService/AddItemddd3f736-0d39-4a8f-a641-bcf1c2e44462,2.4188519455492496,2.4188519455492496,1000.0,1,1,1
/CatalogService/AddItemdfb837c7-c723-45ab-811d-f1bcb92a4d96,7.897645700722933,7.897645700722933,1000.0,1,1,1
/CatalogService/AddIteme4a3e44b-66cc-4cea-95d6-48a01f2fbe47,10.876780841499567,10.876780841499567,1000.0,1,1,1
/CatalogService/AddIteme59a5f9a-4fbb-470f-90c3-e1a0a9f6c041,2.8733620420098305,2.8733620420098305,1000.0,1,1,1
/CatalogService/AddIteme9701000-8239-4d28-bbbd-fd8809173d1d,5.54293766617775,5.54293766617775,1000.0,1,1,1
/CatalogService/AddItemeb140a39-e018-4154-a5da-5e686e01fe07,9.340283926576376,9.340283926576376,1000.0,1,1,1
/CatalogService/AddItemed1a7b09-3964-4544-a098-8489549615ef,8.328595198690891,8.328595198690891,1000.0,1,1,1
/CatalogService/AddItemefa87cce-5c83-4c52-9774-e788c563d1cf,9.600961580872536,9.600961580872536,1000.0,1,1,1
/CatalogService/AddItemf4f6bd88-01e5-452a-b7ef-aabc3decbf43,9.926455095410347,9.926455095410347,1000.0,1,1,1
/CatalogService/AddItemf511a671-8495-4cee-a7e6-c2e50ad5fcca,6.071137264370918,6.071137264370918,1000.0,1,1,1
/CatalogService/AddItemf77b22d2-2908-4dbc-bf36-779b8d71dace,7.201304193586111,7.201304193586111,1000.0,1,1,1
/CatalogService/GetItem0e10682d-b3d5-4a18-8a9f-df5f0b545e35,2.0290398970246315,2.0290398970246315,3.0,1,1,1
/CatalogService/GetItem0f7c4813-476f-499a-ab7b-2d759352637e,1.4037038199603558,1.4037038199603558,3.0,1,1,1
/CatalogService/GetItem1448cf32-9931-452b-9c4f-0044a976159e,5.0742533057928085,5.0742533057928085,3.0,1,1,1
/CatalogService/GetItem16455398-eeaa-458a-8ce4-b85558f64a97,2.283669076859951,2.283669076859951,3.0,1,1,1
/CatalogService/GetItem19922945-0dc8-4af9-9434-a5029cedb81e,2.4467497132718563,2.4467497132718563,3.0,1,1,1
/CatalogService/GetItem1b8a0ce6-b367-4fad-9f06-ba9adf906c07,2.818972337990999,2.818972337990999,3.0,1,1,1
/CatalogService/GetItem1c44a6d0-b4ab-484b-ab19-d553663580b7,8.319445885717869,8.319445885717869,3.0,1,1,1
/CatalogService/GetItem1d1e2952-d294-4476-ac17-76ffa5012e1a,3.4094490110874176,3.4094490110874176,3.0,1,1,1
/CatalogService/GetItem1e798ce0-dd42-459a-9f4b-6c4015bced49,3.6593289114534855,3.6593289114534855,3.0,1,1,1
/CatalogService/GetItem21f39994-270b-4d88-a0d3-f37ba5e8b685,4.88119013607502,4.88119013607502,3.0,1,1,1
/CatalogService/GetItem23c2019a-ef87-4563-870c-faf050e3b8c8,1.3840016908943653,1.3840016908943653,3.0,1,1,1
/CatalogService/GetItem27175775-fc50-4a55-ab0a-0147692d6275,12.266467791050673,12.266467791050673,3.0,1,1,1
/CatalogService/GetItem30855079-2729-46c8-8d59-3c349f686ce5,2.1273549646139145,2.1273549646139145,3.0,1,1,1
/CatalogService/GetItem3225700c-5c87-451f-b47c-4f9d00d7edb4,1.3667973689734936,1.3667973689734936,3.0,1,1,1
/CatalogService/GetItem324c363a-1688-4fba-8f2e-7653738ab15b,5.61221968382597,5.61221968382597,3.0,1,1,1
/CatalogService/GetItem4013c829-3a78-4b80-8bbb-87c819344bfb,2.5673657655715942,2.5673657655715942,3.0,1,1,1
/CatalogService/GetItem43e6d296-38cc-464c-8c4f-a983d204f3ab,2.249889075756073,2.249889075756073,3.0,1,1,1
/CatalogService/GetItem451badd2-225c-4d54-973b-f16e14588537,3.141614608466625,3.141614608466625,3.0,1,1,1
/CatalogService/GetItem47c4309d-f80d-4b93-9b66-65147800d351,5.0660609267652035,5.0660609267652035,3.0,1,1,1
/CatalogService/GetItem487ea3fb-4dc8-4f52-974d-516517d1edf1,6.586054805666208,6.586054805666208,3.0,1,1,1
/CatalogService/GetItem48bd2273-785b-4d44-99dc-c875f27ac437,4.37535485252738,4.37535485252738,3.0,1,1,1
/CatalogService/GetItem4c18ed64-8e6b-46bf-a733-05ccdb5805e8,2.8435997664928436,2.8435997664928436,3.0,1,1,1
/CatalogService/GetItem4dde406f-a385-4092-b076-eaf7142c7dca,5.337771959602833,5.337771959602833,3.0,1,1,1
/CatalogService/GetItem54ee6cbf-f963-4b44-a681-510c0ae0bf25,5.82934683188796,5.82934683188796,2.0,1,1,1
/CatalogService/GetItem5688c59e-03c3-4797-ba8c-0fa9e4068efe,2.2568111307919025,2.2568111307919025,3.0,1,1,1
/CatalogService/GetItem58c16afb-60eb-4011-be14-5f41df4f0d87,6.275446154177189,6.275446154177189,3.0,1,1,1
/CatalogService/GetItem5c8199d8-f8a0-432c-9c44-730c9274a054,4.7358437441289425,4.7358437441289425,3.0,1,1,1
/CatalogService/GetItem5f3f5e48-23e3-49bd-a967-510a160f88ce,2.5466280058026314,2.5466280058026314,3.0,1,1,1
/CatalogService/GetItem622438ac-3f7c-4724-b858-7edca2fad721,2.444043755531311,2.444043755531311,3.0,1,1,1
/CatalogService/GetItem66ef80b5-a980-4d8e-b7f0-7d96f08e2d85,7.060824893414974,7.060824893414974,3.0,1,1,1
/CatalogService/GetItem677b5ee6-86bf-4bd1-b50a-43eb84e5adb2,2.499751280993223,2.499751280993223,3.0,1,1,1
/CatalogService/GetItem6a0da3ea-9a2f-4bdf-bc6c-ea7a4fb6db68,40.55953398346901,40.55953398346901,3.0,1,1,1
/CatalogService/GetItem6e031860-2fab-4cbf-83cd-99bc771aebd3,2.4151187390089035,2.4151187390089035,3.0,1,1,1
/CatalogService/GetItem6e0b3146-7bd6-4992-83b6-3f0d14d5dc68,5.795343313366175,5.795343313366175,3.0,1,1,1
/CatalogService/GetItem6f29f56e-eb1f-430d-b355-52990ad227f8,3.2536061480641365,3.2536061480641365,3.0,1,1,1
/CatalogService/GetItem7139d9ff-5246-4385-a818-445269d7e825,1.5662913210690022,1.5662913210690022,3.0,1,1,1
/CatalogService/GetItem71534b1e-d276-4ba5-9eeb-044dbb7eafc5,5.693577695637941,5.693577695637941,3.0,1,1,1
/CatalogService/GetItem74a20897-5e97-4a3e-8249-c868ad0d7cdb,4.651640076190233,4.651640076190233,3.0,1,1,1
/CatalogService/GetItem778d85fe-6dfb-40f0-8fde-4e736efbe0cc,2.6704189367592335,2.6704189367592335,3.0,1,1,1
/CatalogService/GetItem784ff0dd-4a53-4901-a1ec-9d7d53f6db8e,4.017181228846312,4.017181228846312,3.0,1,1,1
/CatalogService/GetItem78d440a3-0225-4672-af5c-74369b19c7bf,2.426382154226303,2.426382154226303,3.0,1,1,1
/CatalogService/GetItem7cee9799-ec9d-49da-be39-35dce61dbd7f,3.7932819686830044,3.7932819686830044,3.0,1,1,1
/CatalogService/GetItem7e3a6b13-b0c4-4b11-9eab-7646de7d09fb,4.3640946969389915,4.3640946969389915,3.0,1,1,1
/CatalogService/GetItem7f6cbe06-a15f-4715-b4e0-2a44737f9fdd,3.2005151733756065,3.2005151733756065,3.0,1,1,1
/CatalogService/GetItem80d6e8b6-3aa5-4b9c-95df-78028fc3a3d4,6.25908188521862,6.25908188521862,3.0,1,1,1
/CatalogService/GetItem826a73d1-e2ae-4840-a025-bb71086ccbe2,1.5297681093215942,1.5297681093215942,3.0,1,1,1
/CatalogService/GetItem85ccc952-99d7-475d-9eaf-90fc07b45656,1.3545630499720573,1.3545630499720573,3.0,1,1,1
/CatalogService/GetItem87f19c91-bd0a-4878-a5b5-6ee2cc21a68e,2.361081074923277,2.361081074923277,3.0,1,1,1
/CatalogService/GetItem88e66402-2739-466d-afe2-8b39dedc3689,3.1187240965664387,3.1187240965664387,3.0,1,1,1
/CatalogService/GetItem9941a14c-1093-49c0-840c-2cc3ab922d5d,2.9584928415715694,2.9584928415715694,3.0,1,1,1
/CatalogService/GetItem9af8dc59-c7ef-4b83-8d00-feba0f3cac7a,2.631107345223427,2.631107345223427,3.0,1,1,1
/CatalogService/GetItem9ea74347-29af-49b4-aaf7-04606925f7fd,1.654272899031639,1.654272899031639,3.0,1,1,1
/CatalogService/GetItema36667fd-1072-4f4a-92b3-0c91d573c8ab,2.081052865833044,2.081052865833044,3.0,1,1,1
/CatalogService/GetItema3cb6396-1686-4006-a82f-f6f46d3bfb37,5.620032083243132,5.620032083243132,3.0,1,1,1
/CatalogService/GetItema7670382-219c-464a-8674-f9c64ba460b7,5.448706913739443,5.448706913739443,3.0,1,1,1
/CatalogService/GetItema9aefbb0-eb37-4f18-a301-372af8a1e915,5.73381595313549,5.73381595313549,3.0,1,1,1
/CatalogService/GetItema9ee75b9-65bb-4e62-9902-838307881dd6,2.277039922773838,2.277039922773838,3.0,1,1,1
/CatalogService/GetItemae04125a-77e0-49ab-bbc2-94bbfe445972,7.015872281044722,7.015872281044722,3.0,1,1,1
/CatalogService/GetItemaeff11ae-fa16-4460-a94b-9c16d3079110,6.463172845542431,6.463172845542431,3.0,1,1,1
/CatalogService/GetItemb2aa3bbf-3e33-496f-a4b9-39df3169ec60,4.241527058184147,4.241527058184147,3.0,1,1,1
/CatalogService/GetItemb774c9b0-d09a-445d-8bbe-5634a20dcee4,6.685326807200909,6.685326807200909,3.0,1,1,1
/CatalogService/GetItemc0b78716-5b06-4f9f-8e7a-b8d638c2e721,4.76252194494009,4.76252194494009,3.0,1,1,1
/CatalogService/GetItemc310a0bb-9ca8-4b6d-b1eb-46b3697ac0ce,5.65360626205802,5.65360626205802,3.0,1,1,1
/CatalogService/GetItemc94856de-12b3-4633-9413-23c30476d1fe,2.1528061479330063,2.1528061479330063,3.0,1,1,1
/CatalogService/GetItemca6cd854-428b-4f62-9181-95776fbee9a2,2.253976184874773,2.253976184874773,3.0,1,1,1
/CatalogService/GetItemcc2c58fe-de9e-4fd8-8134-49bb0bc0a140,3.5426970571279526,3.5426970571279526,3.0,1,1,1
/CatalogService/GetItemcdf7b032-e312-47bb-b653-8fee0e2687cc,2.8642751276493073,2.8642751276493073,3.0,1,1,1
/CatalogService/GetItemd32dc1c4-c233-4a0d-91c5-3cbdb5ac15cb,3.1765918247401714,3.1765918247401714,3.0,1,1,1
/CatalogService/GetItemd87f9d37-a118-4d7f-a22a-989aac42dd0c,5.970126949250698,5.970126949250698,3.0,1,1,1
/CatalogService/GetItemdb0f687d-4fda-4f2c-b0f4-c6222ee4f48d,2.3158020339906216,2.3158020339906216,3.0,1,1,1
/CatalogService/GetItemdc98f43e-cf14-4753-aee2-aedc97750c54,1.5167128294706345,1.5167128294706345,2.0,1,1,1
/CatalogService/GetIteme46bfca3-e567-4118-9dcd-219a9a9d9b32,4.6727522276341915,4.6727522276341915,3.0,1,1,1
/CatalogService/GetIteme6f656a4-e47b-4ca1-943e-e0f81a792883,5.2711619064211845,5.2711619064211845,3.0,1,1,1
/CatalogService/GetIteme82006dd-dfe9-4542-b839-160e9ea5141f,4.538966342806816,4.538966342806816,3.0,1,1,1
/CatalogService/GetIteme96b09ae-8f7b-43ea-9a18-a6db64ad2503,4.007040988653898,4.007040988653898,3.0,1,1,1
/CatalogService/GetItemef9d6ebc-6e74-40d6-8ce3-49a669ac6bc2,2.521695103496313,2.521695103496313,3.0,1,1,1
/CatalogService/GetItemf274fc8d-c7c5-484f-9497-dde462799ccd,4.484361968934536,4.484361968934536,3.0,1,1,1
/CatalogService/GetItemf31b44c9-09b2-4416-aed3-7594e6b283a6,9.691781364381313,9.691781364381313,2.0,1,1,1
/CatalogService/GetItemf7848513-8d47-464f-91fb-1432fe0a87a6,5.908446852117777,5.908446852117777,3.0,1,1,1
/CatalogService/GetItemfea52400-3b47-4de5-aa83-36a509109e7a,2.2639338858425617,2.2639338858425617,3.0,1,1,1
/CatalogService/UpdateItem08a87952-7ece-4924-8a99-5cbb2c44278b,22.048851009458303,22.048851009458303,1000.0,1,1,1
/CatalogService/UpdateItem0ab2bbc7-f42c-4117-b5bb-b3814c769469,6.747536826878786,6.747536826878786,1000.0,1,1,1
/CatalogService/UpdateItem0bc3b9eb-fe4b-458f-91cc-d25b3c414186,2.501402050256729,2.501402050256729,1000.0,1,1,1
/CatalogService/UpdateItem0cd7ba89-07c0-47c2-8870-05a75ba5e80e,11.207039933651686,11.207039933651686,1000.0,1,1,1
/CatalogService/UpdateItem12faae5c-83ef-42d1-9f00-d177fa9f9503,4.139483906328678,4.139483906328678,1000.0,1,1,1
/CatalogService/UpdateItem13f5560d-f6c2-4b51-96e7-3d76351eaeec,8.766504935920238,8.766504935920238,1000.0,1,1,1
/CatalogService/UpdateItem1692474b-ba23-414d-b6b4-fb2b99ac7d3f,11.278756894171238,11.278756894171238,1000.0,1,1,1
/CatalogService/UpdateItem18e2c9ac-ba50-473f-9579-a2c240846b64,8.295524399727583,8.295524399727583,1000.0,1,1,1
/CatalogService/UpdateItem1a3cc294-2fa2-45f7-9f9d-8d4ec2becd32,4.0032267570495605,4.0032267570495605,1000.0,1,1,1
/CatalogService/UpdateItem1a94b3b1-9499-43f0-a26e-df1617bcc886,8.858663961291313,8.858663961291313,1000.0,1,1,1
/CatalogService/UpdateItem1d4bfdf8-e36f-4c16-a27b-2ce232bb05e1,3.7492848932743073,3.7492848932743073,1000.0,1,1,1
/CatalogService/UpdateItem256d2b40-a4c7-4070-ad9e-dbe77a1fff31,3.5464433021843433,3.5464433021843433,1000.0,1,1,1
/CatalogService/UpdateItem256f7489-2138-4d1e-a5ae-d1a15b8b8fa7,7.3454128578305244,7.3454128578305244,1000.0,1,1,1
/CatalogService/UpdateItem319342da-9daf-4670-9cea-8df71097e300,4.59173321723938,4.59173321723938,1000.0,1,1,1
/CatalogService/UpdateItem31938ee7-0f58-4485-8999-10a31cd28e66,4.034502897411585,4.034502897411585,1000.0,1,1,1
/CatalogService/UpdateItem344bdd04-c92e-4231-9e0c-399439aa26be,3.798461053520441,3.798461053520441,1000.0,1,1,1
/CatalogService/UpdateItem36821f96-259e-46bb-bf69-6e5d00209f11,7.017440162599087,7.017440162599087,1000.0,1,1,1
/CatalogService/UpdateItem36acc2bc-dec6-42ff-9c10-8a0098d94b11,3.5953219048678875,3.5953219048678875,1000.0,1,1,1
/CatalogService/UpdateItem394a2923-0119-4519-bfc6-c63b3f3fce88,3.6038290709257126,3.6038290709257126,1000.0,1,1,1
/CatalogService/UpdateItem3a22ac87-b72f-4dce-b1f8-73cd1d47adfe,3.6368747241795063,3.6368747241795063,999.0,1,1,1
/CatalogService/UpdateItem3d7745e1-f1a9-4b94-90ed-eb71a411ff80,6.923649925738573,6.923649925738573,1000.0,1,1,1
/CatalogService/UpdateItem46163c34-e1e2-435a-b50f-c8947b3c7fde,5.150996148586273,5.150996148586273,1000.0,1,1,1
/CatalogService/UpdateItem4b6d26fd-211f-4901-8bc4-2fcca1c30148,8.961844258010387,8.961844258010387,1000.0,1,1,1
/CatalogService/UpdateItem4e3de3d0-c6d1-45cf-9e3b-95464d4c4386,3.394296858459711,3.394296858459711,1000.0,1,1,1
/CatalogService/UpdateItem50e92395-7979-4653-ae3d-e8e192b49cc4,3.727892879396677,3.727892879396677,1000.0,1,1,1
/CatalogService/UpdateItem539ac846-0b9c-4bd2-87fc-83470ca33663,4.613117780536413,4.613117780536413,1000.0,1,1,1
/CatalogService/UpdateItem5893826e-213c-4402-8919-48534cfa5b2b,3.7358878180384636,3.7358878180384636,1000.0,1,1,1
/CatalogService/UpdateItem60e323fa-dfb5-410b-b309-ba22c858b981,2.657403703778982,2.657403703778982,1000.0,1,1,1
/CatalogService/UpdateItem63085e64-5306-4452-a158-8ac35367656a,4.512658808380365,4.512658808380365,1000.0,1,1,1
/CatalogService/UpdateItem75738745-94eb-4234-8cb2-90c28af74f8f,3.3121537417173386,3.3121537417173386,1000.0,1,1,1
/CatalogService/UpdateItem792143e6-1392-45c0-88b9-61693cf16ca2,3.7127509713172913,3.7127509713172913,1000.0,1,1,1
/CatalogService/UpdateItem7a144974-7d62-45db-b056-80d6eab9cf48,7.600145880132914,7.600145880132914,1000.0,1,1,1
/CatalogService/UpdateItem7ac989d2-ae10-4916-97ef-7e1276312b5b,5.9981937520205975,5.9981937520205975,1000.0,1,1,1
/CatalogService/UpdateItem7c14cecc-bdae-4b60-a072-f2cde3a4574e,2.985136117786169,2.985136117786169,1000.0,1,1,1
/CatalogService/UpdateItem7e57240e-5e84-45df-a2c9-4fba91b9989c,6.697271950542927,6.697271950542927,1000.0,1,1,1
/CatalogService/UpdateItem883a5ed2-ae80-42d1-8587-805d7433cf22,6.1617703177034855,6.1617703177034855,999.0,1,1,1
/CatalogService/UpdateItem8a7d9745-893a-40e7-86f3-786e1bd872e7,3.244717139750719,3.244717139750719,1000.0,1,1,1
/CatalogService/UpdateItem8bfe1055-bbcd-4045-be02-061f94fcdc3b,3.6774291656911373,3.6774291656911373,1000.0,1,1,1
/CatalogService/UpdateItem8e5933fe-c8a8-43e4-9d9f-725e3c333e18,2.9005762189626694,2.9005762189626694,1000.0,1,1,1
/CatalogService/UpdateItem8ebad8ef-6b01-4087-9aa3-efadddf15add,6.196544039994478,6.196544039994478,1000.0,1,1,1
/CatalogService/UpdateItem8f299f8e-f6e7-48e1-9e09-4a81fe8c821d,6.786291021853685,6.786291021853685,1000.0,1,1,1
/CatalogService/UpdateItem901e06ea-864c-4ad5-8506-d1704c5fde1c,4.90903202444315,4.90903202444315,1000.0,1,1,1
/CatalogService/UpdateItem920345c2-bfde-476d-b9b7-649f78871643,3.438664134591818,3.438664134591818,1000.0,1,1,1
/CatalogService/UpdateItem945259ef-0103-4a1e-9830-69360c4fad44,3.0617997981607914,3.0617997981607914,1000.0,1,1,1
/CatalogService/UpdateItem9862b6e7-df7f-4bfa-9695-abc14ff973f7,5.939314607530832,5.939314607530832,1000.0,1,1,1
/CatalogService/UpdateItem9a7c6c73-bad0-4b63-8636-8ef598f548f6,4.523781128227711,4.523781128227711,1000.0,1,1,1
/CatalogService/UpdateItem9e6a2b24-b4dd-44f4-bf1e-24e9dbb6632b,4.497508984059095,4.497508984059095,1000.0,1,1,1
/CatalogService/UpdateItema64a8b50-07ab-4d1a-9cfc-4dce1711f566,3.8202209398150444,3.8202209398150444,1000.0,1,1,1
/CatalogService/UpdateItema6907ab5-2176-4867-8a5e-9bf04d874634,3.741042222827673,3.741042222827673,1000.0,1,1,1
/CatalogService/UpdateItema7915791-1f85-4149-a8ef-1b3466f5ebba,2.632895950227976,2.632895950227976,1000.0,1,1,1
/CatalogService/UpdateItema7c99c28-4a34-43e2-acee-d7d3f26b22b5,2.4309982545673847,2.4309982545673847,1000.0,1,1,1
/CatalogService/UpdateItema8a8f161-7b57-4baf-8841-2a1668768c14,7.526043336838484,7.526043336838484,1000.0,1,1,1
/CatalogService/UpdateItema9ae462e-fa49-48ca-a860-224a2138565f,2.9824553057551384,2.9824553057551384,1000.0,1,1,1
/CatalogService/UpdateItemac85a754-932b-4f3b-a40f-21e1d1633989,4.680640995502472,4.680640995502472,1000.0,1,1,1
/CatalogService/UpdateItemad33a06b-c6ab-4a25-aadb-267aa9499a6b,7.473472971469164,7.473472971469164,1000.0,1,1,1
/CatalogService/UpdateItemb75b8072-c7a2-4892-9754-51f4ac420ed2,7.2290729731321335,7.2290729731321335,1000.0,1,1,1
/CatalogService/UpdateItemb7c9cf05-f0be-4757-8690-a98d213353a6,10.903570335358381,10.903570335358381,1000.0,1,1,1
/CatalogService/UpdateItembbc135ac-5696-4153-bac5-4365c717262c,21.83667290955782,21.83667290955782,1000.0,1,1,1
/CatalogService/UpdateItembc9768c1-a0a6-4885-abe7-e000ebf7d8c7,12.039366643875837,12.039366643875837,1000.0,1,1,1
/CatalogService/UpdateItembca19410-ef1a-4062-a537-8ef5b8c31050,3.8896361365914345,3.8896361365914345,1000.0,1,1,1
/CatalogService/UpdateItembcb02cc5-9067-48f8-8281-18ca8a422b04,2.320827916264534,2.320827916264534,1000.0,1,1,1
/CatalogService/UpdateItembe9fa3a2-eda8-4e71-9b7e-d07a8176a6fb,6.424488965421915,6.424488965421915,1000.0,1,1,1
/CatalogService/UpdateItemc5dd7266-845d-4042-9c9d-0ad9ac11d758,9.00215096771717,9.00215096771717,1000.0,1,1,1
/CatalogService/UpdateItemc84590d9-526a-4679-abe2-4f2831175a71,4.348304588347673,4.348304588347673,1000.0,1,1,1
/CatalogService/UpdateItemcc25fca3-ce2d-452f-8d3c-f2b325b4e05b,6.135938223451376,6.135938223451376,1000.0,1,1,1
/CatalogService/UpdateItemd632a746-ddae-45e7-a609-0ea68c96613f,2.259237691760063,2.259237691760063,1000.0,1,1,1
/CatalogService/UpdateItemd96ee28b-52ea-49d5-aca5-33002657134d,3.998582251369953,3.998582251369953,1000.0,1,1,1
/CatalogService/UpdateItemdc5e3f07-b2e2-4804-b4d5-c041a2972155,4.23895288258791,4.23895288258791,1000.0,1,1,1
/CatalogService/UpdateItemdec286c6-096a-4d97-a12d-5ca37757509a,4.009449388831854,4.009449388831854,1000.0,1,1,1
/CatalogService/UpdateIteme0bff7ec-8ef0-4950-a8a3-d3a16e94df03,7.497557904571295,7.497557904571295,1000.0,1,1,1
/CatalogService/UpdateIteme2a6193c-532f-4e58-a3ff-5ee6209cad06,3.2401899807155132,3.2401899807155132,1000.0,1,1,1
/CatalogService/UpdateIteme71bfbf5-a5f9-440a-ae0a-b8ef4a1e94bc,4.377368371933699,4.377368371933699,1000.0,1,1,1
/CatalogService/UpdateIteme8559dcd-44bc-42e4-9de1-ee712aa01229,6.178731098771095,6.178731098771095,1000.0,1,1,1
/CatalogService/UpdateItemee552a70-617f-4706-8ddf-4c1ba2f33091,4.060626029968262,4.060626029968262,1000.0,1,1,1
/CatalogService/UpdateItemefa99ffb-b35a-4ee0-9d18-6689e0d088f8,6.244398187845945,6.244398187845945,1000.0,1,1,1
/CatalogService/UpdateItemfad0d876-de7a-43c8-947e-a2461f94b45e,3.9761574007570744,3.9761574007570744,1000.0,1,1,1
/CatalogService/UpdateItemfcafc571-fb29-44be-a52e-23e947924a68,2.8678900562226772,2.8678900562226772,1000.0,1,1,1
/CatalogService/UpdateItemfd57e2cb-ce0d-4538-aab4-812a39ff833c,7.6260981149971485,7.6260981149971485,1000.0,1,1,1
/CatalogService/UpdateItemfda671eb-1d76-44d0-be69-4e11795c4c3c,10.856038890779018,10.856038890779018,1000.0,1,1,1
/CatalogService/UpdateItemffe5b8d8-a55f-4084-818b-abeee0f57f4c,4.562083166092634,4.562083166092634,1000.0,1,1,1
/CustomerService/CreateCustomer061cb690-a191-4ffc-848f-6aab4549176a,22.572878748178482,22.572878748178482,1000.0,1,1,1
/CustomerService/CreateCustomer061d4421-619d-47aa-bfac-c61eeba19ffd,24.551699869334698,24.551699869334698,1000.0,1,1,1
/CustomerService/CreateCustomer07476cc4-7f4e-43e5-a85e-be9fedf0428b,5.789895076304674,5.789895076304674,1000.0,1,1,1
/CustomerService/CreateCustomer099faba5-cf1d-4e4f-97ff-c8eb9bb631fb,17.40335114300251,17.40335114300251,1000.0,1,1,1
/CustomerService/CreateCustomer0d0f338e-b9ef-43c7-8b5f-f208a5b70229,8.888955693691969,8.888955693691969,1000.0,1,1,1
/CustomerService/CreateCustomer0ff8f1e2-7610-40cb-b85f-5d07425447ae,7.48611381277442,7.48611381277442,1000.0,1,1,1
/CustomerService/CreateCustomer11980b43-9c1d-4cdb-b9e8-451a8b8e47f2,5.30617218464613,5.30617218464613,1000.0,1,1,1
/CustomerService/CreateCustomer1f4f4f04-d95c-47d7-bb1f-eb083475372b,13.867718167603016,13.867718167603016,1000.0,1,1,1
/CustomerService/CreateCustomer1f4f5882-dfbe-4782-a059-cd0dd3bafbd8,14.656139072030783,14.656139072030783,1000.0,1,1,1
/CustomerService/CreateCustomer215e19f1-51c6-4cd2-ace4-3dcb207629dc,16.931692138314247,16.931692138314247,1000.0,1,1,1
/CustomerService/CreateCustomer218fb688-0a0b-441d-b1e4-5881b11eb176,15.353556722402573,15.353556722402573,1000.0,1,1,1
/CustomerService/CreateCustomer256109fd-5ffa-4379-9183-e713d5ba8a5c,21.82172704488039,21.82172704488039,1000.0,1,1,1
/CustomerService/CreateCustomer2c34e7aa-9686-4f2b-b346-5b05fcabcea7,5.2107637748122215,5.2107637748122215,1000.0,1,1,1
/CustomerService/CreateCustomer2fc72caa-519d-4db1-abfe-4d92c62c020a,14.2095061019063,14.2095061019063,1000.0,1,1,1
/CustomerService/CreateCustomer31a01e92-e300-4df2-87f6-3cd711fc1124,13.243685942143202,13.243685942143202,1000.0,1,1,1
/CustomerService/CreateCustomer35b7ccca-90f1-404f-b023-c0974e5720ad,20.57658089324832,20.57658089324832,1000.0,1,1,1
/CustomerService/CreateCustomer36e5d910-d6c6-4b71-a9e7-83f3e9ab40e1,13.731507118791342,13.731507118791342,1000.0,1,1,1
/CustomerService/CreateCustomer387b5790-2ea8-4770-9345-9b288223d601,23.278649896383286,23.278649896383286,1000.0,1,1,1
/CustomerService/CreateCustomer38896a28-a17d-4434-9dbd-f9e274dfabe0,5.973893217742443,5.973893217742443,1000.0,1,1,1
/CustomerService/CreateCustomer4114c3ff-a87e-43c2-85bc-3f88acc95dfd,19.122871570289135,19.122871570289135,1000.0,1,1,1
/CustomerService/CreateCustomer4170859a-0175-4253-9b2f-c9c65b2c0209,24.302767124027014,24.302767124027014,1000.0,1,1,1
/CustomerService/CreateCustomer41a94133-6c95-47a7-94da-c2fe0c16f859,14.884095173329115,14.884095173329115,1000.0,1,1,1
/CustomerService/CreateCustomer4d73945a-75f6-4bfc-8bf3-60c377c41d9d,10.260506067425013,10.260506067425013,1000.0,1,1,1
/CustomerService/CreateCustomer4fb2c684-e776-4a74-a1e8-9e20d3bf94d7,5.8745830319821835,5.8745830319821835,1000.0,1,1,1
/CustomerService/CreateCustomer58f8286c-5574-4986-a3b1-b1125993f417,4.455416928976774,4.455416928976774,1000.0,1,1,1
/CustomerService/CreateCustomer5d52afc4-2728-4bbb-a9d4-834f3b2d32bb,8.498913142830133,8.498913142830133,1000.0,1,1,1
/CustomerService/CreateCustomer5ffb59d9-4950-4948-96c7-ddd0184b03ca,6.927607115358114,6.927607115358114,1000.0,1,1,1
/CustomerService/CreateCustomer65aa8a63-eaa5-4cd3-aafa-1a758a0bc478,12.282052077353,12.282052077353,1000.0,1,1,1
/CustomerService/CreateCustomer799fe303-051e-4fb1-8122-eac7d3bd23ae,21.514419931918383,21.514419931918383,1000.0,1,1,1
/CustomerService/CreateCustomer7cb51a9d-243c-4fad-a013-53d1a2fda4cb,18.76859599724412,18.76859599724412,1000.0,1,1,1
/CustomerService/CreateCustomer8179bbc9-0e33-4df5-9bdb-cc225bda0f5c,14.767051674425602,14.767051674425602,1000.0,1,1,1
/CustomerService/CreateCustomer87ff848b-6908-4d62-b817-83760c7693b4,22.569838911294937,22.569838911294937,1000.0,1,1,1
/CustomerService/CreateCustomer8b743d87-d26f-493f-a8ca-3dad98a91632,8.817373774945736,8.817373774945736,1000.0,1,1,1
/CustomerService/CreateCustomer8eef4bc3-be78-49c6-8df9-140bc3150f83,16.22971659526229,16.22971659526229,1000.0,1,1,1
/CustomerService/CreateCustomer8f339693-1a9f-41be-9813-3d95c05432ed,19.632696639746428,19.632696639746428,1000.0,1,1,1
/CustomerService/CreateCustomer96091b66-5d4a-4e79-8969-dc1731f90ba2,17.8463370539248,17.8463370539248,1000.0,1,1,1
/CustomerService/CreateCustomer971731fc-9a65-49f9-b6a3-70fe544f0021,19.611697178333998,19.611697178333998,1000.0,1,1,1
/CustomerService/CreateCustomer9a8c7a17-cf24-4ffa-946a-936b1f22e9de,6.582142785191536,6.582142785191536,1000.0,1,1,1
/CustomerService/CreateCustomer9af786dc-213a-45b9-970d-b67739937d74,5.275821313261986,5.275821313261986,1000.0,1,1,1
/CustomerService/CreateCustomer9dc81a64-54ff-4df5-bc53-6a79f0a20525,6.576779764145613,6.576779764145613,1000.0,1,1,1
/CustomerService/CreateCustomera2cced0d-6f2c-4c2e-b286-c97a3a721804,14.920984394848347,14.920984394848347,1000.0,1,1,1
/CustomerService/CreateCustomera51a222b-8881-4e43-b13a-d15b483bfc37,7.941567339003086,7.941567339003086,1000.0,1,1,1
/CustomerService/CreateCustomera59c68e9-6bf3-407d-8646-f2e329799548,6.3314856961369514,6.3314856961369514,1000.0,1,1,1
/CustomerService/CreateCustomerad23178a-ba27-4654-a202-a702db45dfff,18.383190035820007,18.383190035820007,1000.0,1,1,1
/CustomerService/CreateCustomerad677f63-f275-43e4-ad8b-b119cf5b167e,14.932218007743359,14.932218007743359,1000.0,1,1,1
/CustomerService/CreateCustomerb14512cd-79a7-425f-a932-7a2b959b6e76,5.567292217165232,5.567292217165232,1000.0,1,1,1
/CustomerService/CreateCustomerb1894771-76d6-440a-af06-935ac03987ab,14.03017994016409,14.03017994016409,1000.0,1,1,1
/CustomerService/CreateCustomerb1a7040d-977a-4cfd-8178-5bf09212bd94,11.013669427484274,11.013669427484274,1000.0,1,1,1
/CustomerService/CreateCustomerb2d719ce-04f9-4c63-9c14-44dde461208f,15.881395898759365,15.881395898759365,1000.0,1,1,1
/CustomerService/CreateCustomerb3ec9552-a1e4-4ded-8b32-0ae0ebc36146,13.025313150137663,13.025313150137663,1000.0,1,1,1
/CustomerService/CreateCustomerb4246d45-765d-430b-a9db-658895260bc8,13.632585294544697,13.632585294544697,1000.0,1,1,1
/CustomerService/CreateCustomerb73d388b-a881-4955-949c-d52fc336d073,4.769233055412769,4.769233055412769,1000.0,1,1,1
/CustomerService/CreateCustomerbedd8c39-07ab-42b8-ad01-06e6b499eaa8,19.055617973208427,19.055617973208427,1000.0,1,1,1
/CustomerService/CreateCustomerbfcc4f27-ebc7-4f54-8e83-93d9dbb7d62c,26.04473475366831,26.04473475366831,1000.0,1,1,1
/CustomerService/CreateCustomerc027dc02-d115-42c0-a6cf-187b2a8b54ff,7.8766802325844765,7.8766802325844765,1000.0,1,1,1
/CustomerService/CreateCustomerc13d8def-d675-4263-a2d1-efc8a4cb81d3,7.825972978025675,7.825972978025675,1000.0,1,1,1
/CustomerService/CreateCustomerc81e559d-553d-4275-99ac-479dee03ecd3,13.925598002970219,13.925598002970219,1000.0,1,1,1
/CustomerService/CreateCustomercb8eea70-8054-4dac-a913-876b47e69581,10.640427935868502,10.640427935868502,1000.0,1,1,1
/CustomerService/CreateCustomercc7490ee-e09f-4ed5-ba99-622fd033ac29,7.267785258591175,7.267785258591175,1000.0,1,1,1
/CustomerService/CreateCustomerccce9aba-0182-4f63-9228-f3dbb882b020,15.438754111528397,15.438754111528397,1000.0,1,1,1
/CustomerService/CreateCustomerce805e40-c02c-451b-b355-63b37cf2d5db,4.13243705406785,4.13243705406785,1000.0,1,1,1
/CustomerService/CreateCustomerd1560d12-c751-401c-b0cf-dc94c2821a18,12.422735802829266,12.422735802829266,1000.0,1,1,1
/CustomerService/CreateCustomerd8a6cc8a-1af3-4d29-ba0f-e396f37acd31,21.68748900294304,21.68748900294304,1000.0,1,1,1
/CustomerService/CreateCustomerd9424519-35de-443c-abe2-8ad6827bb0b9,14.32051183655858,14.32051183655858,1000.0,1,1,1
/CustomerService/CreateCustomerda9875a3-4228-4409-a8ca-4cbd52dc7618,14.611908700317144,14.611908700317144,1000.0,1,1,1
/CustomerService/CreateCustomerdc4ec2e4-e369-4692-86c4-c3a43762fa06,16.492233145982027,16.492233145982027,1000.0,1,1,1
/CustomerService/CreateCustomerdc9dffc9-12a6-4ea5-a68e-459d5d3848a1,19.390266854315996,19.390266854315996,1000.0,1,1,1
/CustomerService/CreateCustomerdec58b05-f5e5-4379-bfe7-201231ac1367,17.49412016943097,17.49412016943097,1000.0,1,1,1
/CustomerService/CreateCustomere0202bbf-f86b-4d5b-908f-f1b43af4a47c,5.4007419385015965,5.4007419385015965,1000.0,1,1,1
/CustomerService/CreateCustomere4364c2e-5666-4e3c-969f-6ca3023c3fe7,17.850329633802176,17.850329633802176,1000.0,1,1,1
/CustomerService/CreateCustomere57d2a80-b9f5-47b9-b2cf-a935bbbdcb3d,14.851766172796488,14.851766172796488,1000.0,1,1,1
/CustomerService/CreateCustomere6126daf-9916-4369-b50f-fd851c5eb6f5,5.916444119066,5.916444119066,1000.0,1,1,1
/CustomerService/CreateCustomere671387a-a882-4e64-a7b2-e85fd324c837,14.145670924335718,14.145670924335718,1000.0,1,1,1
/CustomerService/CreateCustomere679987c-5dbf-49d1-8fcf-d4ef4bfeb41b,15.268824063241482,15.268824063241482,1000.0,1,1,1
/CustomerService/CreateCustomereb4dbd4c-a28f-4f04-8656-b0160c615369,16.048073768615723,16.048073768615723,1000.0,1,1,1
/CustomerService/CreateCustomerecd7063c-60a3-44dd-8944-f107b2066f09,4.71494859084487,4.71494859084487,1000.0,1,1,1
/CustomerService/CreateCustomerf2edf9d5-1e04-415a-a3fe-483d2dc5abf1,16.101200133562088,16.101200133562088,1000.0,1,1,1
/CustomerService/CreateCustomerf31c6ec6-a952-4908-9388-34fdf56284cf,4.072422161698341,4.072422161698341,1000.0,1,1,1
/CustomerService/CreateCustomerf6e361b8-c6c5-4556-809e-d9f2694c61cf,22.365225944668055,22.365225944668055,1000.0,1,1,1
/CustomerService/CreateCustomerfa1803db-c45e-4f4f-88a3-a88ef91a8059,12.241467367857695,12.241467367857695,1000.0,1,1,1
/CustomerService/UpdateCustomer040f8e20-f0f6-4bbb-b0fa-6d80d68695d2,6.125100888311863,6.125100888311863,1000.0,1,1,1
/CustomerService/UpdateCustomer04fc4de5-e57c-4fa6-b669-fa413f4bbbcf,10.196597315371037,10.196597315371037,1000.0,1,1,1
/CustomerService/UpdateCustomer05782293-4494-4a67-bd66-c46be422ad66,7.446028757840395,7.446028757840395,1000.0,1,1,1
/CustomerService/UpdateCustomer0f5c6b2c-a0c8-47d2-abe5-b1a7115984c0,5.707792937755585,5.707792937755585,1000.0,1,1,1
/CustomerService/UpdateCustomer13e0bed1-c24b-468f-be8f-a29aea3238b5,6.345338188111782,6.345338188111782,1000.0,1,1,1
/CustomerService/UpdateCustomer16208bf1-d782-4256-869a-281dda5af9e2,4.723100923001766,4.723100923001766,1000.0,1,1,1
/CustomerService/UpdateCustomer1931ef68-b6eb-45c0-b472-f9f6bb1cc9a4,7.924975361675024,7.924975361675024,1000.0,1,1,1
/CustomerService/UpdateCustomer1b80cb4b-3cec-405a-bdf1-df36bda6f6a4,8.199130184948444,8.199130184948444,1000.0,1,1,1
/CustomerService/UpdateCustomer1bf11692-9744-4e23-a738-c72c64f61b27,5.755878984928131,5.755878984928131,1000.0,1,1,1
/CustomerService/UpdateCustomer1fd5624d-734b-4428-af3f-ff9374cbcecb,5.5199540220201015,5.5199540220201015,1000.0,1,1,1
/CustomerService/UpdateCustomer229b6106-7dea-4ba7-9d8d-5e139b26721c,6.700150202959776,6.700150202959776,1000.0,1,1,1
/CustomerService/UpdateCustomer2761f432-4f77-4730-ae06-e76cc189efb1,8.281387388706207,8.281387388706207,1000.0,1,1,1
/CustomerService/UpdateCustomer2905d704-1597-4f09-a297-e92554206e7c,6.158893927931786,6.158893927931786,1000.0,1,1,1
/CustomerService/UpdateCustomer2ac40917-9c93-4389-81eb-17aebfa3d3be,4.906906746327877,4.906906746327877,1000.0,1,1,1
/CustomerService/UpdateCustomer327db305-04ef-41e8-b127-57c5a0cc1b80,6.447681225836277,6.447681225836277,1000.0,1,1,1
/CustomerService/UpdateCustomer334145cb-4b10-4914-b5b8-0c9f3f3bb2e6,6.877813953906298,6.877813953906298,1000.0,1,1,1
/CustomerService/UpdateCustomer37a875a4-f8e6-4176-9572-47393bb1d63a,10.439408011734486,10.439408011734486,1000.0,1,1,1
/CustomerService/UpdateCustomer3a825719-1f69-4d2f-8f58-db9dcd6f344f,8.270486257970333,8.270486257970333,1000.0,1,1,1
/CustomerService/UpdateCustomer3b49c754-1f17-4ddd-bffc-2bab6c92cb2f,5.404746159911156,5.404746159911156,1000.0,1,1,1
/CustomerService/UpdateCustomer3c8ce849-37d2-48bf-93eb-d940ab4e429d,13.90900369733572,13.90900369733572,1000.0,1,1,1
/CustomerService/UpdateCustomer43e646c3-8a00-415a-a256-a4dc6b7a0c7e,5.637126974761486,5.637126974761486,1000.0,1,1,1
/CustomerService/UpdateCustomer48ebd709-4c46-4116-a43d-5a13b782cffb,7.198851089924574,7.198851089924574,1000.0,1,1,1
/CustomerService/UpdateCustomer4b25ebd0-7e41-4cb0-bec0-3c3b05f2bf98,4.823224153369665,4.823224153369665,1000.0,1,1,1
/CustomerService/UpdateCustomer545dba05-bab0-4f35-93e8-c169c3f9adfa,8.745031896978617,8.745031896978617,1000.0,1,1,1
/CustomerService/UpdateCustomer5518381c-3683-4cdf-96f2-f9eb4170e80c,8.644722867757082,8.644722867757082,1000.0,1,1,1
/CustomerService/UpdateCustomer55a7439c-f0d8-463d-af86-4f063794c938,6.046841852366924,6.046841852366924,1000.0,1,1,1
/CustomerService/UpdateCustomer57734df6-9be8-48f4-a167-c2ea6cc40f32,7.117019034922123,7.117019034922123,1000.0,1,1,1
/CustomerService/UpdateCustomer5a2e8ee9-f2a2-400a-9951-3bd9ed1b7b93,6.878077052533627,6.878077052533627,1000.0,1,1,1
/CustomerService/UpdateCustomer5cbb82af-3508-4d1d-be7e-6769560b9cea,7.134217768907547,7.134217768907547,1000.0,1,1,1
/CustomerService/UpdateCustomer5e8aa738-6e16-43cf-91f3-a8cf9df1d747,5.689973942935467,5.689973942935467,1000.0,1,1,1
/CustomerService/UpdateCustomer65f86aaf-2f20-4cbb-be51-a5b070e39e22,5.077389068901539,5.077389068901539,1000.0,1,1,1
/CustomerService/UpdateCustomer672a0376-594a-4d44-bf44-1983ef669604,4.128959029912949,4.128959029912949,1000.0,1,1,1
/CustomerService/UpdateCustomer6878869a-3989-4ad8-a15f-d1723bc531b4,11.77558908239007,11.77558908239007,1000.0,1,1,1
/CustomerService/UpdateCustomer6892d1d1-e71d-4bce-943e-301f6310395f,5.791776347905397,5.791776347905397,1000.0,1,1,1
/CustomerService/UpdateCustomer6cb122c9-9017-482e-9cfa-c2878e904424,15.616802033036947,15.616802033036947,1000.0,1,1,1
/CustomerService/UpdateCustomer7078e2f9-5d35-479e-a899-883d332bf20e,7.760870270431042,7.760870270431042,1000.0,1,1,1
/CustomerService/UpdateCustomer7380fc38-a6db-424e-86a5-27e62130af5d,5.968711338937283,5.968711338937283,1000.0,1,1,1
/CustomerService/UpdateCustomer739ee41a-57d2-4524-b121-73b336d60a45,8.001592941582203,8.001592941582203,1000.0,1,1,1
/CustomerService/UpdateCustomer73e1122b-e48d-42ae-b356-aed8dcff9ff2,4.9453238025307655,4.9453238025307655,1000.0,1,1,1
/CustomerService/UpdateCustomer7855ece3-2dca-431b-aa20-daf18e179dee,10.322699788957834,10.322699788957834,1000.0,1,1,1
/CustomerService/UpdateCustomer79dff445-5671-4287-85cd-1189316c7c77,4.897633101791143,4.897633101791143,1000.0,1,1,1
/CustomerService/UpdateCustomer7b878a8b-49b9-49c8-9e9d-b447a6ef12f7,13.143434654921293,13.143434654921293,1000.0,1,1,1
/CustomerService/UpdateCustomer8119a597-dcb5-4b7d-9207-bf619b227855,6.215645931661129,6.215645931661129,1000.0,1,1,1
/CustomerService/UpdateCustomer81b3d054-6425-424c-b87c-50fb45f51f28,6.539992056787014,6.539992056787014,1000.0,1,1,1
/CustomerService/UpdateCustomer82efbc1b-b406-483a-80eb-1497e6bc6f99,4.8033068887889385,4.8033068887889385,1000.0,1,1,1
/CustomerService/UpdateCustomer8447af30-9e35-4959-b134-a35e838a3e71,5.978596862405539,5.978596862405539,1000.0,1,1,1
/CustomerService/UpdateCustomer85fd5f08-2c93-45c7-bf9d-a083615d8cd0,9.488353971391916,9.488353971391916,1000.0,1,1,1
/CustomerService/UpdateCustomer9c002f84-f959-4a73-84b9-61f2e2bdcbaf,6.1529590748250484,6.1529590748250484,1000.0,1,1,1
/CustomerService/UpdateCustomer9f09343e-77ba-4651-b267-893d01c86910,7.621403783559799,7.621403783559799,1000.0,1,1,1
/CustomerService/UpdateCustomera4bb0794-1208-4fae-b40b-08f0217788c5,7.332550827413797,7.332550827413797,1000.0,1,1,1
/CustomerService/UpdateCustomera7281865-13db-42a6-bb97-07f40b5b2c65,6.449767854064703,6.449767854064703,1000.0,1,1,1
/CustomerService/UpdateCustomera7ddd489-9aa5-4014-a676-054725c06619,10.165638756006956,10.165638756006956,1000.0,1,1,1
/CustomerService/UpdateCustomera9ca4a43-e8a4-4ebe-950a-d1b8a8fc8e18,8.612744975835085,8.612744975835085,1000.0,1,1,1
/CustomerService/UpdateCustomerac9e094e-ffb0-48b9-bf21-949ca1eec7aa,9.56015009433031,9.56015009433031,1000.0,1,1,1
/CustomerService/UpdateCustomeracfceeb0-1e41-4135-8282-8fbee272d117,5.779955070465803,5.779955070465803,1000.0,1,1,1
/CustomerService/UpdateCustomerbc288aa5-5048-416a-b077-717224230001,5.766869056969881,5.766869056969881,1000.0,1,1,1
/CustomerService/UpdateCustomerc093ad9d-750d-41e7-9f06-833bbac17606,5.559665150940418,5.559665150940418,1000.0,1,1,1
/CustomerService/UpdateCustomerc167a245-188a-4589-90b5-dbac118343c3,7.050883024930954,7.050883024930954,1000.0,1,1,1
/CustomerService/UpdateCustomerc3422163-b866-4ad5-8a41-04e20e73900b,5.8785490691661835,5.8785490691661835,1000.0,1,1,1
/CustomerService/UpdateCustomerc4e85b19-9755-4be6-b07c-776720597096,6.399984005838633,6.399984005838633,1000.0,1,1,1
/CustomerService/UpdateCustomercac31c06-57f2-4cde-8f62-a6ffeb5ef897,6.975566036999226,6.975566036999226,1000.0,1,1,1
/CustomerService/UpdateCustomercad3d585-9ff0-4f43-9834-5b75614dcf72,7.17946607619524,7.17946607619524,1000.0,1,1,1
/CustomerService/UpdateCustomerccff70d2-6e93-43c6-bd4e-2811a1e0ddfd,8.248722180724144,8.248722180724144,1000.0,1,1,1
/CustomerService/UpdateCustomercdbbb5d1-43bd-4f0a-849d-949ec3a853c9,6.032510194927454,6.032510194927454,1000.0,1,1,1
/CustomerService/UpdateCustomercdf4bdb0-8433-4bf3-87a1-c64797d44faf,5.5086808279156685,5.5086808279156685,1000.0,1,1,1
/CustomerService/UpdateCustomerd6c36845-8eee-4c54-bbb6-6b884fe8baf0,5.345546640455723,5.345546640455723,1000.0,1,1,1
/CustomerService/UpdateCustomerd6f063bb-edf8-45d3-9e58-e12823b586dc,5.142043810337782,5.142043810337782,1000.0,1,1,1
/CustomerService/UpdateCustomerd8833296-fd71-417b-934e-0692769de03f,7.472015917301178,7.472015917301178,1000.0,1,1,1
/CustomerService/UpdateCustomere1110811-36f4-46f2-8174-57aff7b35a2f,6.814074702560902,6.814074702560902,1000.0,1,1,1
/CustomerService/UpdateCustomere1580e9b-03d1-49ef-b4c2-abaf7e7d088c,6.735836621373892,6.735836621373892,1000.0,1,1,1
/CustomerService/UpdateCustomere6f382ca-5de4-4122-893d-2f17795a2645,6.457893643528223,6.457893643528223,1000.0,1,1,1
/CustomerService/UpdateCustomere84c56ea-e4ed-4981-a9a4-497af8c29b46,6.2244851142168045,6.2244851142168045,1000.0,1,1,1
/CustomerService/UpdateCustomereb05e96e-8421-4845-b851-41b5f61add62,6.3925678841769695,6.3925678841769695,1000.0,1,1,1
/CustomerService/UpdateCustomerf288426f-7958-4922-9886-02e0af91f27c,12.5323380343616,12.5323380343616,1000.0,1,1,1
/CustomerService/UpdateCustomerf44ba835-5c2d-49bf-bf8b-f02c9a72470e,7.110110949724913,7.110110949724913,1000.0,1,1,1
/CustomerService/UpdateCustomerf46b820d-e601-4064-9569-fc8534a52e55,12.007241137325764,12.007241137325764,1000.0,1,1,1
/CustomerService/UpdateCustomerf53e4320-b684-449f-b261-37b9deb89794,6.037587765604258,6.037587765604258,1000.0,1,1,1
/CustomerService/UpdateCustomerfa7efe46-caca-4453-a1e6-6451f6efa15a,6.934988312423229,6.934988312423229,1000.0,1,1,1
/CustomerService/UpdateCustomerfdc0fe74-4e15-4e63-b7a6-720b64513040,7.6546319760382175,7.6546319760382175,1000.0,1,1,1
/CustomerService/UpdateCustomerff776bf8-5cdd-40e7-be3d-224c53bc8d0e,9.543118067085743,9.543118067085743,1000.0,1,1,1
/CustomerService/getCustomer005c46ad-7869-45a0-9ed6-2682b4e90935,2.3615150712430477,2.3615150712430477,2.0,1,1,1
/CustomerService/getCustomer01950820-97db-4683-9e3b-cf369305a3d0,3.6423001438379288,3.6423001438379288,2.0,1,1,1
/CustomerService/getCustomer06530b11-1608-4877-bf9b-1f35b682fdac,2.1682782098650932,2.1682782098650932,2.0,1,1,1
/CustomerService/getCustomer06837926-3e0f-4162-b8b7-a6dd189567ee,6.08727615326643,6.08727615326643,2.0,1,1,1
/CustomerService/getCustomer0a149ed8-881e-4833-85cc-eba53d31f329,2.7215112932026386,2.7215112932026386,2.0,1,1,1
/CustomerService/getCustomer1556103d-de5a-48d0-b980-f0f6bf402cd2,4.235879983752966,4.235879983752966,2.0,1,1,1
/CustomerService/getCustomer1688dca5-e51b-4852-9db5-dcaa50245de9,3.073515836149454,3.073515836149454,2.0,1,1,1
/CustomerService/getCustomer1d3309de-201a-41b5-b725-d99591b425b7,2.7018990367650986,2.7018990367650986,2.0,1,1,1
/CustomerService/getCustomer1e05b3b7-3bd7-4726-bad8-9c231e9111b2,3.7249140441417694,3.7249140441417694,2.0,1,1,1
/CustomerService/getCustomer222d20e0-92a8-4b86-9071-15a3e709aff9,2.71716620773077,2.71716620773077,2.0,1,1,1
/CustomerService/getCustomer23313405-ad89-43cd-a712-201b7f6eb09a,5.3836689330637455,5.3836689330637455,2.0,1,1,1
/CustomerService/getCustomer253bc2ca-374e-48b7-b28c-ac43a3dc4e4b,4.229775629937649,4.229775629937649,2.0,1,1,1
/CustomerService/getCustomer289512da-8eed-4e4c-acb7-4bb59943bfc4,2.3864819668233395,2.3864819668233395,2.0,1,1,1
/CustomerService/getCustomer2ae80faf-2fbd-4679-9403-e6c7a9808373,3.2156831584870815,3.2156831584870815,2.0,1,1,1
/CustomerService/getCustomer2aee26a7-c61e-4e6a-8cd3-423d7b0d67c3,1.7162137664854527,1.7162137664854527,2.0,1,1,1
/CustomerService/getCustomer2c8a3d2e-e2e1-470d-9b9b-9edab7ef41a7,2.8000222519040108,2.8000222519040108,2.0,1,1,1
/CustomerService/getCustomer30e70c49-8847-406d-9182-fbe321e51c04,3.8588419556617737,3.8588419556617737,2.0,1,1,1
/CustomerService/getCustomer34251b00-eb3c-492f-8ed3-0f44a0d7db9a,1.7502959817647934,1.7502959817647934,2.0,1,1,1
/CustomerService/getCustomer35dbd4a3-7d1f-4fb0-953b-323faaf21f11,2.0042848773300648,2.0042848773300648,2.0,1,1,1
/CustomerService/getCustomer370f296e-5741-4746-84c6-2028a90911b8,2.506554126739502,2.506554126739502,2.0,1,1,1
/CustomerService/getCustomer3aee05e6-7440-4554-862a-8a6fe5dd8741,7.434642408043146,7.434642408043146,2.0,1,1,1
/CustomerService/getCustomer3ea2e83f-8e6c-47ea-80ae-ab3908aacc27,3.7265741266310215,3.7265741266310215,2.0,1,1,1
/CustomerService/getCustomer4a3024d2-a917-4df0-8792-de9a1750f924,5.914567969739437,5.914567969739437,2.0,1,1,1
/CustomerService/getCustomer4e1f5a9b-6caf-477f-bb71-4243ce4e6756,2.275862731039524,2.275862731039524,2.0,1,1,1
/CustomerService/getCustomer5b99cc0d-3601-44b3-afdc-55bdfb14e885,1.8981220200657845,1.8981220200657845,2.0,1,1,1
/CustomerService/getCustomer5e42424f-539b-42a4-b742-4a844a8fc45a,4.594686441123486,4.594686441123486,2.0,1,1,1
/CustomerService/getCustomer5f4b1c78-6215-4321-9a03-485899891ba1,2.8920359909534454,2.8920359909534454,2.0,1,1,1
/CustomerService/getCustomer5fc2132d-f4bb-4620-b32d-141d708675e2,3.074066247791052,3.074066247791052,2.0,1,1,1
/CustomerService/getCustomer6273c17d-37e6-4d47-8376-785fd9158dae,3.1436430290341377,3.1436430290341377,2.0,1,1,1
/CustomerService/getCustomer63334ce7-a49e-46e1-8697-18048d948d52,3.662800882011652,3.662800882011652,2.0,1,1,1
/CustomerService/getCustomer64d6ecb8-edf0-4b8b-bc65-08a624a5606a,2.1909596398472786,2.1909596398472786,2.0,1,1,1
/CustomerService/getCustomer6a0624b0-18f7-420d-950f-a078433aec5e,2.8210231103003025,2.8210231103003025,2.0,1,1,1
/CustomerService/getCustomer6b8818a4-e4d1-40f0-a534-06ddb27bae26,2.896479796618223,2.896479796618223,2.0,1,1,1
/CustomerService/getCustomer6e522747-e898-4651-a77f-fe5b1e673803,3.367575816810131,3.367575816810131,2.0,1,1,1
/CustomerService/getCustomer6eacef2b-566a-432c-a928-abc7a5995383,2.5888020172715187,2.5888020172715187,2.0,1,1,1
/CustomerService/getCustomer6f2d6cec-ba43-4830-921b-d092c224edae,4.4728112407028675,4.4728112407028675,2.0,1,1,1
/CustomerService/getCustomer74ce550f-9c26-4676-b6a4-db335ca88194,4.40162280574441,4.40162280574441,2.0,1,1,1
/CustomerService/getCustomer7a050bfa-6002-4c48-9613-570aec2a6dc5,4.559646360576153,4.559646360576153,2.0,1,1,1
/CustomerService/getCustomer7c22545c-f502-43ea-b12d-6fb736de9eae,5.467891227453947,5.467891227453947,2.0,1,1,1
/CustomerService/getCustomer7cfdea03-e998-440f-ac99-31b72edfe152,3.0140592716634274,3.0140592716634274,2.0,1,1,1
/CustomerService/getCustomer8697419c-c4e9-4a28-b3b2-c0d573b06618,5.850725341588259,5.850725341588259,2.0,1,1,1
/CustomerService/getCustomer88101646-41da-4f26-b193-cdb7ee2c26e4,5.901066120713949,5.901066120713949,2.0,1,1,1
/CustomerService/getCustomer882b4fb6-bf6e-4371-8f8a-638eb564a7c4,3.345977049320936,3.345977049320936,2.0,1,1,1
/CustomerService/getCustomer899c5099-41fa-4f41-85a0-6ece3827f945,2.773039974272251,2.773039974272251,2.0,1,1,1
/CustomerService/getCustomer8f2fdfe3-9177-4480-ab77-eabbfc4961a5,8.484984748065472,8.484984748065472,2.0,1,1,1
/CustomerService/getCustomer92307f8e-36f2-4bec-a744-8fc37bc40b50,3.41232493519783,3.41232493519783,2.0,1,1,1
/CustomerService/getCustomer94756a1c-585b-4fe9-acbb-dc474760242e,21.437936928123236,21.437936928123236,2.0,1,1,1
/CustomerService/getCustomer965e2c22-9789-472f-8151-69d470fab9d0,2.120093908160925,2.120093908160925,2.0,1,1,1
/CustomerService/getCustomer98dbfcd2-15ec-443a-819a-fb5ea449fd6b,5.115759558975697,5.115759558975697,2.0,1,1,1
/CustomerService/getCustomer9ce50cad-19a4-4268-a3cd-a073c9e0f5e4,1.7501693218946457,1.7501693218946457,2.0,1,1,1
/CustomerService/getCustomer9f4de58e-78a3-4469-9933-e2ff7709621f,2.0635081455111504,2.0635081455111504,2.0,1,1,1
/CustomerService/getCustomer9f85ab46-74ad-45f7-b6a7-b38adddd962c,6.988113280385733,6.988113280385733,2.0,1,1,1
/CustomerService/getCustomera6d1ed19-aa39-483e-ada5-843addd5008a,3.27864196151495,3.27864196151495,2.0,1,1,1
/CustomerService/getCustomerad7c28f0-5c6d-4141-9309-acd94afc9c80,3.015644382685423,3.015644382685423,2.0,1,1,1
/CustomerService/getCustomerae05fa0e-9d29-417d-a6fb-9496fc95e385,2.5825868360698223,2.5825868360698223,2.0,1,1,1
/CustomerService/getCustomerbb33f687-a70a-44a9-b692-caf14bbd8a2d,2.681463025510311,2.681463025510311,2.0,1,1,1
/CustomerService/getCustomerbd1e4dd8-12a4-4b93-8412-d7ef6b23e631,2.7917418628931046,2.7917418628931046,2.0,1,1,1
/CustomerService/getCustomerc0e1d641-9376-4389-b3c6-f96afe9dc700,1.9699190743267536,1.9699190743267536,2.0,1,1,1
/CustomerService/getCustomerc31bf7ac-92fa-42ab-a415-ff86fd57ce28,5.759349092841148,5.759349092841148,2.0,1,1,1
/CustomerService/getCustomerc33afe09-2e95-452d-b187-3c3b330e6785,3.6179558373987675,3.6179558373987675,2.0,1,1,1
/CustomerService/getCustomerc5686a24-bb8f-4a91-ab51-61b83c6b1f21,2.146524377167225,2.146524377167225,2.0,1,1,1
/CustomerService/getCustomerc9ea5370-261f-4313-853d-54ed1d8f8895,2.2938507609069347,2.2938507609069347,2.0,1,1,1
/CustomerService/getCustomerd2c36ab5-291f-482d-993f-055b18e08777,2.8950488194823265,2.8950488194823265,2.0,1,1,1
/CustomerService/getCustomerd38be4b0-32ce-413d-b5cf-733f53cc0966,2.791713923215866,2.791713923215866,2.0,1,1,1
/CustomerService/getCustomerd3c63ede-8beb-4f1f-9a64-68debf74ca76,2.457043156027794,2.457043156027794,2.0,1,1,1
/CustomerService/getCustomerd5692b16-c97c-4aa7-b858-076f1533dc7f,3.0413311906158924,3.0413311906158924,2.0,1,1,1
/CustomerService/getCustomerd5d0442a-11e7-41cd-b949-21d573f80a2a,5.75894583016634,5.75894583016634,2.0,1,1,1
/CustomerService/getCustomerd6d8d66d-e945-449e-802d-bdca3e1bb937,2.0820037461817265,2.0820037461817265,2.0,1,1,1
/CustomerService/getCustomerd70d1cd2-6f7a-4217-956c-9561c70fefa9,3.1291148625314236,3.1291148625314236,2.0,1,1,1
/CustomerService/getCustomerd768e0f7-f305-45eb-866b-627b2046b0d1,2.864584792405367,2.864584792405367,2.0,1,1,1
/CustomerService/getCustomerd777a402-37c7-4fe3-a938-e370ef38383d,2.1777069196105003,2.1777069196105003,2.0,1,1,1
/CustomerService/getCustomerdb50adbf-c7ad-4bbc-8eb8-45c239a4c209,3.7523051723837852,3.7523051723837852,2.0,1,1,1
/CustomerService/getCustomerdc77e102-dde1-4f66-b525-c1c1432743c6,2.6028361171483994,2.6028361171483994,2.0,1,1,1
/CustomerService/getCustomere1fbe47c-3c9b-4d21-ba9f-e12a2b1073b8,6.687283981591463,6.687283981591463,2.0,1,1,1
/CustomerService/getCustomere29d5702-bfb9-455e-8f32-4637f958b709,2.353146206587553,2.353146206587553,2.0,1,1,1
/CustomerService/getCustomere5419019-5ad4-4a8a-aec7-3a8166f54661,7.926687132567167,7.926687132567167,2.0,1,1,1
/CustomerService/getCustomerf56a20b3-b0b0-44dc-8922-cb2a2e82b2ef,10.741186793893576,10.741186793893576,2.0,1,1,1
/CustomerService/getCustomerf6a03c6d-112c-4912-affd-3c66fc5e2f4a,2.8018588200211525,2.8018588200211525,2.0,1,1,1
/CustomerService/getCustomerfa2a3e68-583f-4f3d-9da8-a94149a0c0e2,6.208455190062523,6.208455190062523,2.0,1,1,1
/CustomerService/getCustomerffd94fb7-0f72-485a-8beb-39da3fdcf43a,5.6846472434699535,5.6846472434699535,2.0,1,1,1
/OrderService/CreateOrder043dce75-afaf-4640-897b-feb6a0d7829e,2.4759583175182343,2.4759583175182343,1000.0,1,1,1
/OrderService/CreateOrder0465e4e8-cf25-492c-b72e-998ceb724fed,4.423017147928476,4.423017147928476,999.0,1,1,1
/OrderService/CreateOrder069bee16-e95f-486e-ba42-c2ec6fb50df3,2.676531672477722,2.676531672477722,999.0,1,1,1
/OrderService/CreateOrder0710254b-7cec-4082-8b0b-4c0fec68caeb,3.175861667841673,3.175861667841673,1000.0,1,1,1
/OrderService/CreateOrder0aa6c2e6-bcbb-435d-81bb-7d9ad0c6c656,7.856962736696005,7.856962736696005,1000.0,1,1,1
/OrderService/CreateOrder0fb9069a-df0f-4d7a-8405-565c6fa58ffd,2.3941397666931152,2.3941397666931152,1000.0,1,1,1
/OrderService/CreateOrder174a43e5-c857-4ce1-a2af-cbb3227e6c32,2.417592331767082,2.417592331767082,1000.0,1,1,1
/OrderService/CreateOrder246080a5-c116-4be6-85fa-09d67c8fa5fe,2.302702981978655,2.302702981978655,1000.0,1,1,1
/OrderService/CreateOrder2490b309-55f1-46f8-8ae9-647429838983,2.8493544086813927,2.8493544086813927,1000.0,1,1,1
/OrderService/CreateOrder2493f290-d059-4b76-bdcf-596ae445dee7,2.9689129441976547,2.9689129441976547,1000.0,1,1,1
/OrderService/CreateOrder24a6396c-4b56-411e-a2bc-bc109ffec3b2,4.464928060770035,4.464928060770035,1000.0,1,1,1
/OrderService/CreateOrder25847938-60fe-48d1-9b76-c3a7d1ab38d6,2.294606063514948,2.294606063514948,999.0,1,1,1
/OrderService/CreateOrder25eef91e-01a7-4fba-adf3-a02c3c97bb13,8.788849227130413,8.788849227130413,999.0,1,1,1
/OrderService/CreateOrder278a2254-c615-4244-8c4d-df4cabeedcb3,2.6735877618193626,2.6735877618193626,1000.0,1,1,1
/OrderService/CreateOrder28c78946-c3b2-45ff-a03a-9cfb6146aad0,2.3940890096127987,2.3940890096127987,1000.0,1,1,1
/OrderService/CreateOrder38301a72-7cff-40d9-beac-cdef880628d0,2.8013172559440136,2.8013172559440136,1000.0,1,1,1
/OrderService/CreateOrder39254ae6-8257-4d3a-befd-b66f55f641e1,3.2541491091251373,3.2541491091251373,1000.0,1,1,1
/OrderService/CreateOrder39aeece6-66d1-4fb3-96be-e3f66f39dc9a,4.376897122710943,4.376897122710943,1000.0,1,1,1
/OrderService/CreateOrder3a3c986a-b569-44af-a50e-092812149a32,2.8722966089844704,2.8722966089844704,1000.0,1,1,1
/OrderService/CreateOrder3a9352ef-85e4-486b-a627-d0c1027f5084,2.22020223736763,2.22020223736763,1000.0,1,1,1
/OrderService/CreateOrder3b130206-673a-40d8-b99a-166a09b537a6,12.761825229972601,12.761825229972601,1000.0,1,1,1
/OrderService/CreateOrder3d79fb1e-4dad-425b-976f-404a5fdb64aa,5.628470331430435,5.628470331430435,1000.0,1,1,1
/OrderService/CreateOrder3e55aee1-650c-4423-9359-e52280b2921d,2.4290443398058414,2.4290443398058414,1000.0,1,1,1
/OrderService/CreateOrder3e8870d4-e43f-45cc-a864-4e0213ee876e,4.863006994128227,4.863006994128227,1000.0,1,1,1
/OrderService/CreateOrder44fc6d44-9962-421d-9dad-e1e520b1d2ee,3.085407894104719,3.085407894104719,1000.0,1,1,1
/OrderService/CreateOrder4a137d1b-3274-4e7e-983f-209d332ad912,4.323575180023909,4.323575180023909,1000.0,1,1,1
/OrderService/CreateOrder4d597238-644c-439c-b57a-5f26e7d722fb,2.886740956455469,2.886740956455469,1000.0,1,1,1
/OrderService/CreateOrder4e78be37-421c-47ae-bb91-bf6e054a4a34,5.372796207666397,5.372796207666397,1000.0,1,1,1
/OrderService/CreateOrder4e8e2c03-8d80-4ff2-ab4d-71dc973e6b67,2.728614956140518,2.728614956140518,1000.0,1,1,1
/OrderService/CreateOrder55597af4-d0d5-46c4-a42f-2cbd4e0f48d9,2.7292263694107533,2.7292263694107533,1000.0,1,1,1
/OrderService/CreateOrder57746781-f7a2-4bbc-8d2a-d3446021465a,3.0220337212085724,3.0220337212085724,1000.0,1,1,1
/OrderService/CreateOrder5819aa39-f3cd-4144-b7ee-06682ccad462,7.460054941475391,7.460054941475391,1000.0,1,1,1
/OrderService/CreateOrder5ad50d85-1c9d-4ea3-9fbd-c3183005c53a,2.6016379706561565,2.6016379706561565,1000.0,1,1,1
/OrderService/CreateOrder5dac1691-4aa1-4432-a329-cfde12a38048,3.0223848298192024,3.0223848298192024,999.0,1,1,1
/OrderService/CreateOrder601f2934-9e1f-42a0-bd2b-435d06b68152,2.3124143481254578,2.3124143481254578,1000.0,1,1,1
/OrderService/CreateOrder683a6f2a-8ce7-4427-8d01-03349ab478df,5.166385788470507,5.166385788470507,1000.0,1,1,1
/OrderService/CreateOrder68979020-94d1-4a4f-82a9-6bdb3e8a41c6,3.0934298411011696,3.0934298411011696,1000.0,1,1,1
/OrderService/CreateOrder697179d8-2b76-4eca-a376-3c6dfff26189,3.6103399470448494,3.6103399470448494,1000.0,1,1,1
/OrderService/CreateOrder6adfc556-f5c4-40d7-bb61-84c6d37cae40,2.6877829805016518,2.6877829805016518,1000.0,1,1,1
/OrderService/CreateOrder6bfc45a6-5e18-49e6-b1d0-911598d39672,2.6130718179047108,2.6130718179047108,1000.0,1,1,1
/OrderService/CreateOrder6e813035-1c23-41c1-86ac-e8711ace1250,2.6878919452428818,2.6878919452428818,1000.0,1,1,1
/OrderService/CreateOrder749409a2-7802-4811-a46d-cd5147ca4bab,3.6360430531203747,3.6360430531203747,1000.0,1,1,1
/OrderService/CreateOrder76de6754-6b2b-4f6c-bcad-0fa692494f04,2.4903020821511745,2.4903020821511745,1000.0,1,1,1
/OrderService/CreateOrder79058e5e-9260-47f5-81fb-d45f933b36e3,2.9184939339756966,2.9184939339756966,1000.0,1,1,1
/OrderService/CreateOrder7af4a5ed-c659-43ea-a084-70fdea71a066,2.8576781041920185,2.8576781041920185,1000.0,1,1,1
/OrderService/CreateOrder817bf0a4-acc8-40f7-bcd5-206d534ab888,2.4937400594353676,2.4937400594353676,1000.0,1,1,1
/OrderService/CreateOrder85a36f79-e253-45fb-9b40-f872eb66e205,2.3882100358605385,2.3882100358605385,1000.0,1,1,1
/OrderService/CreateOrder86d1498b-b4aa-44e6-9bd7-46275d03d154,2.441513352096081,2.441513352096081,1000.0,1,1,1
/OrderService/CreateOrder86eaa965-95fb-414c-b149-2661181124ef,2.1171472035348415,2.1171472035348415,1000.0,1,1,1
/OrderService/CreateOrder8ae0688a-6532-4139-88c1-351da4937620,4.710840992629528,4.710840992629528,1000.0,1,1,1
/OrderService/CreateOrder8fc906a1-90f1-466e-8234-3c7a23f67e41,2.665746957063675,2.665746957063675,1000.0,1,1,1
/OrderService/CreateOrder94248a9d-d429-4e2c-96d2-9961ad2c29a0,10.934959165751934,10.934959165751934,1000.0,1,1,1
/OrderService/CreateOrder9b28a6d2-63ce-46de-a442-d4e4fe99d535,2.8735329397022724,2.8735329397022724,1000.0,1,1,1
/OrderService/CreateOrdera2aef91a-5300-4a53-a438-bef32c1eccd1,2.9068700969219208,2.9068700969219208,1000.0,1,1,1
/OrderService/CreateOrdera57f5e44-b84f-4303-9528-1e23e6c52872,3.096211701631546,3.096211701631546,999.0,1,1,1
/OrderService/CreateOrdera9939155-c1b7-41c2-84b2-941686155f25,4.267056938260794,4.267056938260794,1000.0,1,1,1
/OrderService/CreateOrderaa7a7506-796e-49c0-b6cf-e665cd8582f5,2.5746128521859646,2.5746128521859646,1000.0,1,1,1
/OrderService/CreateOrderacc74ded-0781-43f8-84b0-07428cbcc0a6,1.9167899154126644,1.9167899154126644,999.0,1,1,1
/OrderService/CreateOrderb16968ad-063c-4ecf-88b4-50fc6df759d3,3.1647649593651295,3.1647649593651295,1000.0,1,1,1
/OrderService/CreateOrderb597e83d-1bd6-4d15-9a06-fe6c511642b1,5.060892086476088,5.060892086476088,1000.0,1,1,1
/OrderService/CreateOrderbd172535-6d1f-46e7-9e0e-cef08c9372e1,11.276246048510075,11.276246048510075,1000.0,1,1,1
/OrderService/CreateOrderc386376f-bc6c-4cf2-9167-a14c28efd490,2.623136155307293,2.623136155307293,1000.0,1,1,1
/OrderService/CreateOrderc3e54ecb-2a7a-45f8-8155-7c0e1202bd24,2.5738878175616264,2.5738878175616264,1000.0,1,1,1
/OrderService/CreateOrderc7d95342-9305-4c16-8826-fe575b3c59d9,2.0923293195664883,2.0923293195664883,1000.0,1,1,1
/OrderService/CreateOrderc7ea576a-b984-489a-a70f-7107e64087c2,1.8262770026922226,1.8262770026922226,1000.0,1,1,1
/OrderService/CreateOrdercd3879f4-9077-4b81-a453-52e357ac0224,3.0737570486962795,3.0737570486962795,1000.0,1,1,1
/OrderService/CreateOrdercd52bde5-acd6-4b5a-972f-c0e025c50bef,6.2245395965874195,6.2245395965874195,1000.0,1,1,1
/OrderService/CreateOrderd186408f-3892-4a9c-9708-2552a7a7caab,2.394242212176323,2.394242212176323,1000.0,1,1,1
/OrderService/CreateOrderd5ae8052-5ed8-47a7-87f7-31c8b6513e72,3.0347201973199844,3.0347201973199844,1000.0,1,1,1
/OrderService/CreateOrderd86d0e67-b9cd-42ce-a71b-652148c17acd,2.07233102992177,2.07233102992177,1000.0,1,1,1
/OrderService/CreateOrderdaa445c3-5398-484f-a7a5-bb474111114c,2.96334782615304,2.96334782615304,1000.0,1,1,1
/OrderService/CreateOrderdaeff437-d35c-4b36-8836-2ec2228b0ed0,2.1180249750614166,2.1180249750614166,1000.0,1,1,1
/OrderService/CreateOrderdb6d1bfc-90b4-4e05-96e1-22b6f7dff0fb,2.332535572350025,2.332535572350025,1000.0,1,1,1
/OrderService/CreateOrdere0f3a845-1f6c-4944-b5c0-83893a69e0fb,7.081031333655119,7.081031333655119,1000.0,1,1,1
/OrderService/CreateOrdere2b6d5c0-1400-4c3b-8d56-3bfe0d13de26,2.496416214853525,2.496416214853525,1000.0,1,1,1
/OrderService/CreateOrdere50f8c54-e5c1-4040-b6e1-c01f08aead79,6.356820929795504,6.356820929795504,1000.0,1,1,1
/OrderService/CreateOrderef8633b0-4233-4c77-9a8b-01c18c7c4e4f,2.2239857353270054,2.2239857353270054,1000.0,1,1,1
/OrderService/CreateOrderf5c828cd-ca1c-4eb8-b4f7-88eed3f655f0,5.962484981864691,5.962484981864691,1000.0,1,1,1
/OrderService/CreateOrderf80225fd-d940-49b3-9852-674c73439773,6.249814759939909,6.249814759939909,1000.0,1,1,1
/OrderService/CreateOrderf8d90e39-b6fd-4b83-9080-d3a278c98878,2.648143097758293,2.648143097758293,1000.0,1,1,1
/OrderService/GetOrder023bd1fe-7b4e-40e4-a4ff-eeb35ec530a1,1.89982820302248,1.89982820302248,3.0,1,1,1
/OrderService/GetOrder023c4c15-e1f0-469c-a6b7-e8419b344378,3.2241176813840866,3.2241176813840866,2.0,1,1,1
/OrderService/GetOrder060b848a-146d-4194-8b7d-cc20af62a209,1.352796796709299,1.352796796709299,3.0,1,1,1
/OrderService/GetOrder08885733-1158-476b-b618-2784c6e6dd30,2.3246556520462036,2.3246556520462036,2.0,1,1,1
/OrderService/GetOrder0ffa9b7f-a2a3-4609-ae7f-e0fd62a86db0,1.5595098957419395,1.5595098957419395,2.0,1,1,1
/OrderService/GetOrder10c14d86-3314-43e0-b655-98ea58ced379,1.5307902358472347,1.5307902358472347,3.0,1,1,1
/OrderService/GetOrder13a3c216-799a-4738-a7e5-c276360caca1,1.5622242353856564,1.5622242353856564,3.0,1,1,1
/OrderService/GetOrder14e2a361-0829-4d7c-bbf6-cee985b867b6,1.4906036667525768,1.4906036667525768,2.0,1,1,1
/OrderService/GetOrder19e95f4a-cc40-4b29-8282-0ff868ee8ea8,2.3087640292942524,2.3087640292942524,3.0,1,1,1
/OrderService/GetOrder1eaf7122-626b-4da3-b22f-1afdc202857c,2.297900151461363,2.297900151461363,3.0,1,1,1
/OrderService/GetOrder1ff3e0db-136f-42ed-b4a4-fa30b16318aa,2.145318780094385,2.145318780094385,3.0,1,1,1
/OrderService/GetOrder21bcd43a-6e2d-45ee-aed4-c00c56830bb8,1.6356422565877438,1.6356422565877438,3.0,1,1,1
/OrderService/GetOrder23064fcd-5c71-4889-966f-2675103faf57,1.6032429412007332,1.6032429412007332,3.0,1,1,1
/OrderService/GetOrder2788b404-7300-44e2-acfa-8c1b5cd55c13,1.9660391844809055,1.9660391844809055,3.0,1,1,1
/OrderService/GetOrder2f08b228-e814-4880-a10b-60e273d8292f,8.717644959688187,8.717644959688187,3.0,1,1,1
/OrderService/GetOrder32347f36-bc8d-45d3-aa84-5819895c0a2c,1.9033798016607761,1.9033798016607761,3.0,1,1,1
/OrderService/GetOrder35ec09bd-05ca-4f09-aa37-689580fa3bed,2.4807523004710674,2.4807523004710674,3.0,1,1,1
/OrderService/GetOrder38906327-609b-4829-bc50-19271ae570aa,1.8910858780145645,1.8910858780145645,3.0,1,1,1
/OrderService/GetOrder3b745a55-904f-4d30-9038-d93e4a6f22b7,3.5108402371406555,3.5108402371406555,3.0,1,1,1
/OrderService/GetOrder3e3165ed-8c73-40d4-87e2-679f01e125e1,1.4076270163059235,1.4076270163059235,3.0,1,1,1
/OrderService/GetOrder3f44f2bd-2aad-4e48-8b85-223471c08046,2.186056226491928,2.186056226491928,3.0,1,1,1
/OrderService/GetOrder4540715e-9e8f-4d8d-886a-f2efa1795795,1.5052887611091137,1.5052887611091137,3.0,1,1,1
/OrderService/GetOrder469dcbc4-3556-4fa9-84c9-011d01ec38f3,2.118741162121296,2.118741162121296,3.0,1,1,1
/OrderService/GetOrder4d8ca6c5-736f-44d0-9adb-a986832d528a,1.5874840319156647,1.5874840319156647,3.0,1,1,1
/OrderService/GetOrder574ab8c8-ae0d-4c70-8755-79901274b48f,1.947981771081686,1.947981771081686,3.0,1,1,1
/OrderService/GetOrder5e062f72-a42f-4274-a561-6c4065c32c88,1.397205051034689,1.397205051034689,3.0,1,1,1
/OrderService/GetOrder6144b75c-3d5f-45bb-a918-ae61cfe11963,2.4158991873264313,2.4158991873264313,3.0,1,1,1
/OrderService/GetOrder63516a42-2c0a-44fa-9591-6a18abe66b32,1.627091784030199,1.627091784030199,3.0,1,1,1
/OrderService/GetOrder6542cf05-1ad0-4ce6-a8a1-f3c8ee09c693,1.3488479889929295,1.3488479889929295,3.0,1,1,1
/OrderService/GetOrder6c22eef4-85ba-4cd2-8601-882ea6b009de,1.5606312081217766,1.5606312081217766,3.0,1,1,1
/OrderService/GetOrder6fc34d8c-96cd-45c7-8d44-4d2a7ea0e87c,2.4681747891008854,2.4681747891008854,3.0,1,1,1
/OrderService/GetOrder7062f4c7-fd89-4a75-a5d6-67de17f665a6,1.9603497348725796,1.9603497348725796,2.0,1,1,1
/OrderService/GetOrder71050d96-4dfd-42e2-a534-c5795ebf76ce,3.6770920269191265,3.6770920269191265,2.0,1,1,1
/OrderService/GetOrder721a3e61-277c-4000-a9fc-f1c6e0132152,1.5891348011791706,1.5891348011791706,3.0,1,1,1
/OrderService/GetOrder7580e4ed-bdc7-495a-8c92-5d5a2b423f2e,1.3172021135687828,1.3172021135687828,3.0,1,1,1
/OrderService/GetOrder7635f504-ffe8-488b-9790-759ce9298480,2.1492568776011467,2.1492568776011467,3.0,1,1,1
/OrderService/GetOrder7a6b1308-2c26-4679-934c-21550733f18c,4.4779181480407715,4.4779181480407715,3.0,1,1,1
/OrderService/GetOrder7b6d2d5e-a501-49bb-a567-eb22e5bb9262,1.4665131457149982,1.4665131457149982,3.0,1,1,1
/OrderService/GetOrder84a25076-f93c-418f-bd99-18c3fa29e41c,9.322636295109987,9.322636295109987,3.0,1,1,1
/OrderService/GetOrder873cf77e-3474-4c3a-815a-fb3b2024ad97,2.3126211017370224,2.3126211017370224,3.0,1,1,1
/OrderService/GetOrder881f5b8e-c4a1-4d51-b89e-7941cda88971,1.6821520403027534,1.6821520403027534,3.0,1,1,1
/OrderService/GetOrder889621ec-afed-42c7-b0b1-bde8ae56f38d,3.0578006990253925,3.0578006990253925,3.0,1,1,1
/OrderService/GetOrder88d4110e-b3eb-4617-affa-12a4d480f6a7,1.9407370127737522,1.9407370127737522,2.0,1,1,1
/OrderService/GetOrder89437c04-d8b9-4331-8eaa-cc9383522dc6,4.110748879611492,4.110748879611492,3.0,1,1,1
/OrderService/GetOrder8a08f299-c9e8-41c4-8a51-85c1c5bc946b,3.0695549212396145,3.0695549212396145,3.0,1,1,1
/OrderService/GetOrder9143ee9e-1f25-4b3f-8ea7-0f193a54e68c,1.4060931280255318,1.4060931280255318,3.0,1,1,1
/OrderService/GetOrdera4843bbc-8135-451f-b6f5-fd561b7df23f,1.471146009862423,1.471146009862423,3.0,1,1,1
/OrderService/GetOrdera487a947-cd2e-4389-842e-ac18a935e070,1.6365391202270985,1.6365391202270985,3.0,1,1,1
/OrderService/GetOrdera7d5f08e-6894-44bc-a092-11c52bd21a03,1.6067479737102985,1.6067479737102985,3.0,1,1,1
/OrderService/GetOrdera846424f-782f-4921-8184-48ff1b5ae61b,9.41864913329482,9.41864913329482,3.0,1,1,1
/OrderService/GetOrdera86a719a-a80d-41b1-ba83-df2b3a67d389,1.4153718948364258,1.4153718948364258,3.0,1,1,1
/OrderService/GetOrderaa7c9c53-be0f-4e27-9a72-634dcb46192b,2.2761058062314987,2.2761058062314987,3.0,1,1,1
/OrderService/GetOrderaca9f595-a2fd-4566-ba93-5fb3026473c2,2.136358991265297,2.136358991265297,3.0,1,1,1
/OrderService/GetOrderafcfbc0c-965f-4da8-9e43-6374ecd3bae2,2.1466310136020184,2.1466310136020184,3.0,1,1,1
/OrderService/GetOrderb62fc6e9-ab4f-4261-910c-e0dd04da2cb2,2.8216540813446045,2.8216540813446045,3.0,1,1,1
/OrderService/GetOrderb6df7b38-4f1c-4afc-9e0d-062a8ba490cc,1.8536970019340515,1.8536970019340515,3.0,1,1,1
/OrderService/GetOrderbdda0976-e137-474d-ad17-480fe16ab744,2.2652801126241684,2.2652801126241684,3.0,1,1,1
/OrderService/GetOrderbe3e0acc-2aa2-48fa-b9fc-9a40a69243e4,1.5854490920901299,1.5854490920901299,3.0,1,1,1
/OrderService/GetOrderbec68acd-32aa-40e1-aa30-8764be2c5126,1.3019214384257793,1.3019214384257793,2.0,1,1,1
/OrderService/GetOrderc19afab7-b2af-441e-8302-9e6d9cf7abc2,1.772420946508646,1.772420946508646,3.0,1,1,1
/OrderService/GetOrderc2c2e6c6-731f-4011-9f06-247264cfcddb,8.93366988748312,8.93366988748312,3.0,1,1,1
/OrderService/GetOrderc46b2253-6e0c-4d14-8156-1c57268eaba4,1.5976019203662872,1.5976019203662872,3.0,1,1,1
/OrderService/GetOrdercd211cbc-5af7-4289-b853-bf18dfc222f9,4.02169581502676,4.02169581502676,2.0,1,1,1
/OrderService/GetOrdercd7e55c6-d202-4d27-9c58-174fae83beab,2.2007618099451065,2.2007618099451065,3.0,1,1,1
/OrderService/GetOrderce60bad8-a785-43e2-b35c-8f5799bf3347,1.7676837742328644,1.7676837742328644,2.0,1,1,1
/OrderService/GetOrderd0414eeb-71d2-45cb-bfa0-3535fc04a92c,1.7641359008848667,1.7641359008848667,2.0,1,1,1
/OrderService/GetOrderd4dd0c81-6e3b-4234-81bf-01e290f71375,5.9752920642495155,5.9752920642495155,3.0,1,1,1
/OrderService/GetOrderd6e27637-cea3-4882-80c7-32802c48630b,1.4265249483287334,1.4265249483287334,3.0,1,1,1
/OrderService/GetOrderdaacab3a-e990-42c5-ab1b-651102b5500c,2.8317831456661224,2.8317831456661224,3.0,1,1,1
/OrderService/GetOrderdd396974-d7ea-46a9-9470-316956e23414,1.374024897813797,1.374024897813797,3.0,1,1,1
/OrderService/GetOrdere76a6573-4748-413d-8477-911d91b5c3a4,3.023293800652027,3.023293800652027,3.0,1,1,1
/OrderService/GetOrderea3ab2ed-1095-45db-b0b5-bd2395a091be,2.285329159349203,2.285329159349203,3.0,1,1,1
/OrderService/GetOrderecba3dac-6942-4279-8cac-1e38526b1e56,2.655040007084608,2.655040007084608,3.0,1,1,1
/OrderService/GetOrderefb5b9c7-bd87-4ba4-87a7-b906c826c792,1.8738983199000359,1.8738983199000359,3.0,1,1,1
/OrderService/GetOrderf1c33a81-0029-4c66-8a99-ed4657233cd0,2.1531949751079082,2.1531949751079082,3.0,1,1,1
/OrderService/GetOrderf58ad8b0-4c86-45f3-8082-d56d260deb09,2.1315240301191807,2.1315240301191807,3.0,1,1,1
/OrderService/GetOrderf6ba1b10-2373-47c6-bb31-8203cd541780,7.1980818174779415,7.1980818174779415,2.0,1,1,1
/OrderService/GetOrderf904bca1-af45-4f9a-9504-ea0a60349120,2.1033859811723232,2.1033859811723232,3.0,1,1,1
/OrderService/GetOrderfb78302a-18d5-4681-9590-ab956d862575,1.9525159150362015,1.9525159150362015,3.0,1,1,1
/OrderService/GetOrderfee28ee0-1ae8-4f88-9b91-9c65162dff54,4.816576838493347,4.816576838493347,2.0,1,1,1
Aggregated,6.122528687410522,5.0,625.9609375,-1,1,1
