Service,Average Response Time,Medium Response Time,Request Size,Request Type,Frequency,Size
/CatalogService/AddItem0a0f0cc1-9fe8-456b-80ad-43b329e6c46b,14.620481990277767,14.620481990277767,100000.0,1,0,2
/CatalogService/AddItem2dca4c2b-d311-465b-b579-e3a8d09ffbbd,10.334492661058903,10.334492661058903,100000.0,1,0,2
/CatalogService/AddItem394e006d-6424-4d54-adea-35c41bac35d6,10.85973996669054,10.85973996669054,100000.0,1,0,2
/CatalogService/AddItem7efe4b62-7fa5-449d-88d7-fa3b1963265a,16.58360892906785,16.58360892906785,100000.0,1,0,2
/CatalogService/AddItemad4007d3-cff6-42ef-a9d1-071eed623a22,16.666489653289318,16.666489653289318,100000.0,1,0,2
/CatalogService/AddItemae32362f-87bb-4ae2-b8e9-76ecff265d2a,11.024870909750462,11.024870909750462,100000.0,1,0,2
/CatalogService/AddItemdda9b44e-6915-4265-bad6-2027333e8ecb,8.229712955653667,8.229712955653667,100000.0,1,0,2
/CatalogService/AddIteme5a3bbaf-5106-468c-b3c6-6b83a3aaab59,7.919360417872667,7.919360417872667,100000.0,1,0,2
/CatalogService/GetItem32794073-9567-4052-9e27-ba73e66b89b1,6.642195861786604,6.642195861786604,3.0,1,0,2
/CatalogService/GetItem4ac75a94-94b0-4b92-87a3-6b0fc8507b7c,10.296819265931845,10.296819265931845,3.0,1,0,2
/CatalogService/GetItem557fdc34-41f5-4bb5-b0c2-33f508b296aa,10.34826086834073,10.34826086834073,3.0,1,0,2
/CatalogService/GetItem598ccb95-d8ec-4a54-819d-f69d5330d292,7.586408872157335,7.586408872157335,3.0,1,0,2
/CatalogService/GetItem6f4d1e6a-6445-4442-a78d-5ddd7df98b2b,2.421785145998001,2.421785145998001,3.0,1,0,2
/CatalogService/GetItema8555022-9509-4735-bd29-928bd3337597,6.673154886811972,6.673154886811972,3.0,1,0,2
/CatalogService/GetItemcc17a9a4-e3d7-4285-a5c1-77aed700f602,7.707549259066582,7.707549259066582,3.0,1,0,2
/CatalogService/GetIteme04b4004-dcfb-403c-9972-81b441121d4f,11.185656767338514,11.185656767338514,3.0,1,0,2
/CatalogService/UpdateItem1124f038-cb67-45dd-9231-40dd92c83540,7.769214920699596,7.769214920699596,100000.0,1,0,2
/CatalogService/UpdateItem3af1e5c6-c942-4062-8e1e-ae1e73e36366,10.129670146852732,10.129670146852732,100000.0,1,0,2
/CatalogService/UpdateItem4356bc41-69e4-4d7c-a7da-7aff2db2293b,10.0008649751544,10.0008649751544,100000.0,1,0,2
/CatalogService/UpdateItem87152f24-8361-4ad2-8863-3613e06d99ee,11.000949889421463,11.000949889421463,100000.0,1,0,2
/CatalogService/UpdateItemacbc2fc2-ac79-4d5e-a52b-9451ee4fbf8d,7.880990393459797,7.880990393459797,99999.0,1,0,2
/CatalogService/UpdateItemb685d9d8-dcca-4fa5-a59a-e0977ce40a6b,10.752358939498663,10.752358939498663,99999.0,1,0,2
/CatalogService/UpdateItembf674cd9-0d82-4d43-ac54-d0120ee1e99e,9.1674760915339,9.1674760915339,100000.0,1,0,2
/CatalogService/UpdateItemdce7be10-6843-4f21-a246-2efb38855b30,10.545309167355299,10.545309167355299,100000.0,1,0,2
/CustomerService/CreateCustomer05129b8d-1bd6-40ac-893d-7964dd194f2c,18.02242174744606,18.02242174744606,100000.0,1,0,2
/CustomerService/CreateCustomer46818087-d141-472c-974c-986bf671c16e,16.941188368946314,16.941188368946314,100000.0,1,0,2
/CustomerService/CreateCustomer50e52607-f3d5-48fd-a007-00a678c46247,15.80533618107438,15.80533618107438,100000.0,1,0,2
/CustomerService/CreateCustomer74317a5a-568d-4003-a0ab-12dae41ffff8,17.45024509727955,17.45024509727955,100000.0,1,0,2
/CustomerService/CreateCustomer9dbd159c-11a1-4340-b892-4af41a889241,15.793213155120611,15.793213155120611,100000.0,1,0,2
/CustomerService/CreateCustomerc70e1231-05e6-48b3-8a72-f57ddb698e63,18.54720711708069,18.54720711708069,100000.0,1,0,2
/CustomerService/CreateCustomerd5440245-6d8b-43ee-99ff-38d4683cf509,14.028098899871111,14.028098899871111,100000.0,1,0,2
/CustomerService/CreateCustomerdfc55bac-2083-4888-b65a-481baea877f5,15.603959094733,15.603959094733,100000.0,1,0,2
/CustomerService/UpdateCustomer24d348c0-c5d6-499d-a110-560301825439,12.91479729115963,12.91479729115963,100000.0,1,0,2
/CustomerService/UpdateCustomer385b874f-caec-4b70-96eb-ea5f7a3c3266,11.236793827265501,11.236793827265501,100000.0,1,0,2
/CustomerService/UpdateCustomer469b998c-661e-4d46-9633-adcbbb762ee6,18.024399876594543,18.024399876594543,100000.0,1,0,2
/CustomerService/UpdateCustomer4b358cc1-88bb-4279-9800-c580c522c9f1,7.68229691311717,7.68229691311717,100000.0,1,0,2
/CustomerService/UpdateCustomer7ab88533-d564-43ca-a86c-242a99e8b03b,8.867326192557812,8.867326192557812,100000.0,1,0,2
/CustomerService/UpdateCustomer7d452fba-39b9-4406-8ccc-b033981d0ec3,18.788232933729887,18.788232933729887,100000.0,1,0,2
/CustomerService/UpdateCustomerd47e03ca-302a-4875-8219-727d22452ce5,16.500850208103657,16.500850208103657,100000.0,1,0,2
/CustomerService/UpdateCustomerf5a5d7ba-a4ed-48d4-990a-5cc23e9ba50a,13.45296110957861,13.45296110957861,100000.0,1,0,2
/CustomerService/getCustomer09aa6053-0aef-4045-a715-237aa1cf5237,7.623353041708469,7.623353041708469,2.0,1,0,2
/CustomerService/getCustomer0e63ee66-9b10-4476-bbb5-6bb4104472d7,5.16339298337698,5.16339298337698,2.0,1,0,2
/CustomerService/getCustomer2dcf305d-8dbf-4cde-a28b-f6df64aa2df6,12.478216085582972,12.478216085582972,2.0,1,0,2
/CustomerService/getCustomerac1dbf3f-3694-4f8d-91fb-7bb12105b2c0,10.120905004441738,10.120905004441738,2.0,1,0,2
/CustomerService/getCustomerbde37317-3e6a-4f6b-bd20-463a4e22000e,7.215835154056549,7.215835154056549,2.0,1,0,2
/CustomerService/getCustomerc5434148-e028-44e5-9490-227031c1882a,6.408434361219406,6.408434361219406,2.0,1,0,2
/CustomerService/getCustomercba1e3ef-9627-4cd8-8047-493c7e8b504c,3.9838231168687344,3.9838231168687344,2.0,1,0,2
/CustomerService/getCustomerf5c56515-143e-4345-9b76-b6760bb36a2b,15.822560992091894,15.822560992091894,2.0,1,0,2
/OrderService/CreateOrder8a68d52c-84ee-4265-bbd6-58c3e12c0b47,7.130426820367575,7.130426820367575,100000.0,1,0,2
/OrderService/CreateOrder8c7dd72a-1d6f-4946-8fe8-7c5d75894671,5.176378879696131,5.176378879696131,100000.0,1,0,2
/OrderService/CreateOrder9bb71068-b1cd-4e6b-9e81-dc9d49c33e4d,9.604902938008308,9.604902938008308,100000.0,1,0,2
/OrderService/CreateOrdera395054e-e3c1-450a-94cf-da49083987bc,12.983032036572695,12.983032036572695,100000.0,1,0,2
/OrderService/CreateOrderd01af95d-3446-4b35-abb3-409acc4fee72,6.569419056177139,6.569419056177139,100000.0,1,0,2
/OrderService/CreateOrderd182ca0c-702c-4ee9-9e34-adaa7af49c0a,15.248830895870924,15.248830895870924,100000.0,1,0,2
/OrderService/CreateOrderdd0e6756-d929-4e94-9384-68cbb19f8e25,5.967455916106701,5.967455916106701,100000.0,1,0,2
/OrderService/CreateOrdere6f8337d-908d-4e9a-9360-d8822c53866f,5.58815523982048,5.58815523982048,100000.0,1,0,2
/OrderService/GetOrder082c644b-4dfd-4ea2-beaf-c9ef307f9f41,4.634013865143061,4.634013865143061,3.0,1,0,2
/OrderService/GetOrder141854ac-567e-4b8a-a909-eeac28b35d69,2.42861220613122,2.42861220613122,3.0,1,0,2
/OrderService/GetOrderb45c8ae2-844d-4351-aa05-26d0d96ae50c,2.913441974669695,2.913441974669695,3.0,1,0,2
/OrderService/GetOrderc0bb1ace-8044-4976-9650-3ea66fc0a480,7.149930112063885,7.149930112063885,3.0,1,0,2
/OrderService/GetOrderf2c1d578-2fc8-46d7-a2f9-7005f34b311c,3.7754462100565434,3.7754462100565434,2.0,1,0,2
/OrderService/GetOrderf3d165d5-2235-4e1d-bf92-c43e481fc7e3,8.362173568457365,8.362173568457365,2.0,1,0,2
/OrderService/GetOrderfa3dbf2a-ca4a-4a18-abd9-1be01e2785ab,3.0753379687666893,3.0753379687666893,3.0,1,0,2
/OrderService/GetOrderff02be6d-7cc7-4636-81ee-e9cd295bd7de,3.1127878464758396,3.1127878464758396,3.0,1,0,2
Aggregated,10.133494019100908,10.0,62500.9375,-1,0,2
