Service,Average Response Time,Medium Response Time,Request Size,Request Type,Frequency,Size
/CatalogService/AddItem0c70b606-ae19-4bc7-a0a1-980be5860196,13.957173097878695,13.957173097878695,50.0,1,0,0
/CatalogService/AddItem12ed417c-bbf5-4caa-afe9-3c3199363a29,13.198599684983492,13.198599684983492,50.0,1,0,0
/CatalogService/AddItem1b659878-1fb2-4878-9659-43dea030bcf2,4.993617068976164,4.993617068976164,50.0,1,0,0
/CatalogService/AddItem69f20e4d-f372-4c6a-8562-c45b33bc71ff,2.819447312504053,2.819447312504053,50.0,1,0,0
/CatalogService/AddItem9417d7f2-63e6-4571-816b-032b1e4874bc,11.45320339128375,11.45320339128375,50.0,1,0,0
/CatalogService/AddItemc1bfbac9-d95d-438e-9464-3f2b639cc602,6.5272171050310135,6.5272171050310135,50.0,1,0,0
/CatalogService/AddItemda97d5ae-ae68-42ab-b8d4-bca6a4d4767a,4.491847008466721,4.491847008466721,50.0,1,0,0
/CatalogService/AddItemf9582c3a-8b8c-4dd4-b874-a8768de0d37f,5.613438785076141,5.613438785076141,50.0,1,0,0
/CatalogService/GetItem076616fe-d369-4e6b-ab1c-558116b13381,3.7568951956927776,3.7568951956927776,3.0,1,0,0
/CatalogService/GetItem1960d47d-e2e0-43e8-b2d4-8dca8c99e312,6.920970045030117,6.920970045030117,3.0,1,0,0
/CatalogService/GetItem701f03f2-57c2-4148-ae7d-5db9df7b05ff,8.027036674320698,8.027036674320698,3.0,1,0,0
/CatalogService/GetItemacf7473c-f988-482c-925c-58f0ea3c1222,3.654035273939371,3.654035273939371,3.0,1,0,0
/CatalogService/GetItemb225b229-992a-499c-b23d-b898c71db091,7.263830862939358,7.263830862939358,3.0,1,0,0
/CatalogService/GetItemce27e86b-547d-4666-bd0a-37bed6236ce8,3.2395469024777412,3.2395469024777412,3.0,1,0,0
/CatalogService/GetItemdb8f2b99-8798-4c34-8045-09d4045d3cf2,6.844435352832079,6.844435352832079,3.0,1,0,0
/CatalogService/GetItemf8bb8c80-09b9-461b-86b5-0f018e09de88,1.5553482808172703,1.5553482808172703,3.0,1,0,0
/CatalogService/UpdateItem0000c6e7-c677-43aa-a753-c5fa0c4d3857,5.123290233314037,5.123290233314037,50.0,1,0,0
/CatalogService/UpdateItem1ba188bd-288e-4bcb-b9df-1c0254868f49,5.893839988857508,5.893839988857508,50.0,1,0,0
/CatalogService/UpdateItem1f1fe4ee-47e7-425b-90f3-0bcc84aebad6,12.464381288737059,12.464381288737059,50.0,1,0,0
/CatalogService/UpdateItem3177ad34-c79d-4f0d-90d4-b1ba783e3799,10.339766275137663,10.339766275137663,50.0,1,0,0
/CatalogService/UpdateItem792f4287-20ae-4110-a971-32921ff6698d,5.423982162028551,5.423982162028551,50.0,1,0,0
/CatalogService/UpdateItembc802a01-9a80-4458-8095-fae08d57f78b,5.149791948497295,5.149791948497295,50.0,1,0,0
/CatalogService/UpdateIteme52f0d64-6c6c-484a-919e-98f3728cda8c,7.610152941197157,7.610152941197157,50.0,1,0,0
/CatalogService/UpdateItemf8bc4d56-e318-4b5f-bddf-e2cecc8b77a4,2.8994972817599773,2.8994972817599773,50.0,1,0,0
/CustomerService/CreateCustomer08073f9c-e72c-4728-b1b0-47249a982905,16.777341719716787,16.777341719716787,50.0,1,0,0
/CustomerService/CreateCustomer1de1a76e-dd11-4456-a030-385ca4647ff5,19.875244237482548,19.875244237482548,50.0,1,0,0
/CustomerService/CreateCustomer28f9bd7a-c673-424c-8a66-ef94a9b23302,16.95693703368306,16.95693703368306,50.0,1,0,0
/CustomerService/CreateCustomer5c9f19e6-c3e3-43b4-b5c2-61a72e173945,18.364798743277788,18.364798743277788,50.0,1,0,0
/CustomerService/CreateCustomer5d622423-6e3c-4123-ba76-f6155c374182,14.615924097597599,14.615924097597599,50.0,1,0,0
/CustomerService/CreateCustomer6ffdb7de-bc7b-4376-a447-2c9f725d8805,18.74525798484683,18.74525798484683,50.0,1,0,0
/CustomerService/CreateCustomer8271fe8a-0804-439a-9209-684153558e52,19.28693801164627,19.28693801164627,50.0,1,0,0
/CustomerService/CreateCustomerc047073a-7806-40b9-b5bd-225170d57e3a,19.19125486165285,19.19125486165285,50.0,1,0,0
/CustomerService/UpdateCustomer0028a616-ba7b-4693-b4e6-d416d8ac264f,16.622235998511314,16.622235998511314,50.0,1,0,0
/CustomerService/UpdateCustomer483455fb-8605-436c-95d0-b73719197083,17.053562216460705,17.053562216460705,50.0,1,0,0
/CustomerService/UpdateCustomer5b71777e-6d85-404a-9449-d2eac70cf231,8.024725131690502,8.024725131690502,50.0,1,0,0
/CustomerService/UpdateCustomer7989fcdb-2122-499d-9129-b71a384c07ac,9.094930719584227,9.094930719584227,50.0,1,0,0
/CustomerService/UpdateCustomer909a5e01-ff5a-4cb6-b1f7-5fb90e6d449c,11.743478011339903,11.743478011339903,50.0,1,0,0
/CustomerService/UpdateCustomerbc319242-e178-43c4-b56a-7d780e56b81b,17.52930972725153,17.52930972725153,50.0,1,0,0
/CustomerService/UpdateCustomerbd761917-5fab-4945-8616-70fc9a10849f,7.728917989879847,7.728917989879847,50.0,1,0,0
/CustomerService/UpdateCustomeree0cffc6-d3a8-4bc5-8746-515478805ab3,11.131057981401682,11.131057981401682,50.0,1,0,0
/CustomerService/getCustomer06f4768d-3e38-4e91-b643-fd1942a1ae98,7.580928970128298,7.580928970128298,2.0,1,0,0
/CustomerService/getCustomer34b05ee4-5be0-4c71-ab1d-0d1c617c50bf,7.597585208714008,7.597585208714008,2.0,1,0,0
/CustomerService/getCustomer67bcd9f8-84a4-47de-9690-d673f57ec238,73.09356704354286,73.09356704354286,2.0,1,0,0
/CustomerService/getCustomer6ebe86ec-2d18-44c8-94f4-15d5268a6744,5.781092215329409,5.781092215329409,2.0,1,0,0
/CustomerService/getCustomer91c8f45a-2368-46e7-87e0-3ed4f788e7a0,66.90734019502997,66.90734019502997,2.0,1,0,0
/CustomerService/getCustomer9a77d0c0-127a-4a31-b880-3acdc3d0a9ee,8.338087238371372,8.338087238371372,2.0,1,0,0
/CustomerService/getCustomerbe0a511d-1808-4e8f-a966-9c0f46fdc38e,66.53543468564749,66.53543468564749,2.0,1,0,0
/CustomerService/getCustomercdcfa601-44b1-4db5-b094-aceacbf0465d,5.331851076334715,5.331851076334715,2.0,1,0,0
/OrderService/CreateOrder4105616c-f484-45e5-8c4c-69815d3b6cf0,4.609341733157635,4.609341733157635,50.0,1,0,0
/OrderService/CreateOrder5e209c8c-cd81-40ff-8488-816ca34bb32f,5.752631928771734,5.752631928771734,50.0,1,0,0
/OrderService/CreateOrder7be16f27-d035-4e88-be72-81ab0745acef,3.1385300680994987,3.1385300680994987,50.0,1,0,0
/OrderService/CreateOrder8712420f-1de6-4310-8290-6e3e44f7befc,3.5073012113571167,3.5073012113571167,50.0,1,0,0
/OrderService/CreateOrdera7e4a002-c4e9-4b5d-8718-2be04c77e0cf,2.3922850377857685,2.3922850377857685,50.0,1,0,0
/OrderService/CreateOrderad2ece0e-8863-4b01-8448-8f8a3fe9a80d,6.307888310402632,6.307888310402632,50.0,1,0,0
/OrderService/CreateOrdercc96d4b7-f3ae-4e48-a417-318bf480516a,11.839791666716337,11.839791666716337,50.0,1,0,0
/OrderService/CreateOrderee112d07-2982-4911-8a1a-4cf6b7d8c9b7,4.5379530638456345,4.5379530638456345,50.0,1,0,0
/OrderService/GetOrder1c3071d6-1394-4d07-babd-4d51268dcebc,1.8198848702013493,1.8198848702013493,3.0,1,0,0
/OrderService/GetOrder21d80748-8d35-4b01-b8ad-36baa1432e89,2.1156477741897106,2.1156477741897106,3.0,1,0,0
/OrderService/GetOrder3e950f4c-fb1f-43db-be9f-30e45d3a06e1,3.6083520390093327,3.6083520390093327,3.0,1,0,0
/OrderService/GetOrder43bb91ba-6b9b-4aec-9f5b-ae7b1150665a,4.310424905270338,4.310424905270338,3.0,1,0,0
/OrderService/GetOrder713fb7bf-ca8d-4469-af2b-5b4d12ce78a1,2.551910001784563,2.551910001784563,3.0,1,0,0
/OrderService/GetOrdera17a3aa2-03ee-4915-aa06-632800385bfb,2.549306023865938,2.549306023865938,3.0,1,0,0
/OrderService/GetOrderbb42299e-f797-4f1e-9f96-4616b3eec02d,1.8191058188676834,1.8191058188676834,3.0,1,0,0
/OrderService/GetOrderc73096b2-3285-4bd1-891a-7412e4507edb,3.1168367713689804,3.1168367713689804,2.0,1,0,0
Aggregated,11.048536507587414,7.0,32.234375,-1,0,0
