Service,Average Response Time,Medium Response Time,Request Size,Request Type,Frequency,Size
/CatalogService/AddItem10d7fb09-064e-4815-b07f-cb5b4edd5e93,4.965433850884438,4.965433850884438,1000.0,1,0,1
/CatalogService/AddItem487d0ee1-b86d-462c-8b9e-ea2c365dceda,4.978343844413757,4.978343844413757,1000.0,1,0,1
/CatalogService/AddItem4c8200d1-77d5-48aa-a2d8-4cf5a565a2f3,3.690512850880623,3.690512850880623,1000.0,1,0,1
/CatalogService/AddItem6a4d9a50-2759-4915-8844-a998d945b9bf,4.463217221200466,4.463217221200466,1000.0,1,0,1
/CatalogService/AddItem8f439066-1996-452e-abee-ee38914c7726,8.915075100958347,8.915075100958347,1000.0,1,0,1
/CatalogService/AddItema853293f-7975-49e1-8ea2-f4a5f747f487,8.425839710980654,8.425839710980654,1000.0,1,0,1
/CatalogService/AddItemab064c72-f4bc-433b-a86a-e0d557246874,3.318183124065399,3.318183124065399,1000.0,1,0,1
/CatalogService/AddItemf6a5533c-3cce-4479-bb80-da382633f4ed,9.355125948786736,9.355125948786736,1000.0,1,0,1
/CatalogService/GetItem1663d9da-ceac-4924-adfb-f872ab00540d,7.51839205622673,7.51839205622673,3.0,1,0,1
/CatalogService/GetItem3c5748cf-780c-4195-8be7-23947638a69e,4.901982843875885,4.901982843875885,3.0,1,0,1
/CatalogService/GetItem5ea4977c-7178-4ee3-bb65-c4b04e758e13,3.8344021886587143,3.8344021886587143,3.0,1,0,1
/CatalogService/GetItem6723e5c2-1abe-47a5-a54e-e0f0afc8c353,5.703036207705736,5.703036207705736,3.0,1,0,1
/CatalogService/GetItem6fd6345d-5449-40b4-91a8-223e2ba78e85,3.5379077307879925,3.5379077307879925,3.0,1,0,1
/CatalogService/GetItem9ac12754-60ad-4efc-b97d-38522b726428,2.8666378930211067,2.8666378930211067,3.0,1,0,1
/CatalogService/GetItemc024737c-8718-4e2f-bc1d-3007e146d9b5,2.734128851443529,2.734128851443529,3.0,1,0,1
/CatalogService/GetItemdf2ea01d-0df4-43fb-b318-d7193c026afb,3.0986303463578224,3.0986303463578224,3.0,1,0,1
/CatalogService/UpdateItem11ad34c1-f7a8-4d5e-a5f2-3e24979df022,3.6258790642023087,3.6258790642023087,1000.0,1,0,1
/CatalogService/UpdateItem2137b92e-78f6-406f-b09b-2a7ada388654,3.458606079220772,3.458606079220772,1000.0,1,0,1
/CatalogService/UpdateItem429e4201-8066-4b04-88ee-883d052a2e96,8.389831986278296,8.389831986278296,1000.0,1,0,1
/CatalogService/UpdateItem48af477a-a842-4f8a-9b02-47a1adbf43f5,3.393953200429678,3.393953200429678,1000.0,1,0,1
/CatalogService/UpdateItem78d89383-4daf-46bb-a161-71b43cdb7542,4.502128344029188,4.502128344029188,1000.0,1,0,1
/CatalogService/UpdateItem80105c6c-4c61-47cb-8452-7c3754f5b2be,3.3119916915893555,3.3119916915893555,1000.0,1,0,1
/CatalogService/UpdateItemc67cc43e-2d0b-441c-973b-68e40b5a1791,7.8517780639231205,7.8517780639231205,1000.0,1,0,1
/CatalogService/UpdateItemf2fbc0cc-223a-4917-9dcf-bb420d477975,5.378497764468193,5.378497764468193,999.0,1,0,1
/CustomerService/CreateCustomer10298b82-dad6-4ac4-b384-befe5635809e,9.73871722817421,9.73871722817421,1000.0,1,0,1
/CustomerService/CreateCustomer2631baa8-4914-4d69-a4d4-a6834889506f,9.964940138161182,9.964940138161182,1000.0,1,0,1
/CustomerService/CreateCustomer36ca13c0-1cda-454c-a0ca-99f62f7ee5cf,10.294571984559298,10.294571984559298,1000.0,1,0,1
/CustomerService/CreateCustomer5b6f219e-9b3a-45ee-89e1-b4a31a23598c,10.173678863793612,10.173678863793612,1000.0,1,0,1
/CustomerService/CreateCustomera95dbef4-3224-49f2-b662-3eb3f737950a,10.216339025646448,10.216339025646448,1000.0,1,0,1
/CustomerService/CreateCustomerdd15202b-c41f-40bf-9124-8722b0afc425,10.968627873808146,10.968627873808146,1000.0,1,0,1
/CustomerService/CreateCustomerecfc1a20-15ea-4499-94d8-7cd5412a8344,10.086394846439362,10.086394846439362,1000.0,1,0,1
/CustomerService/CreateCustomerfc3d5b19-4497-47d3-ab88-9710aed5bb38,10.244799312204123,10.244799312204123,1000.0,1,0,1
/CustomerService/UpdateCustomer2c3991e0-614e-483d-b40b-7cda8e72db7e,5.887492094188929,5.887492094188929,1000.0,1,0,1
/CustomerService/UpdateCustomer3bc4d3e9-6ba5-4377-ae7f-ee3a3ddfffe9,6.338284350931644,6.338284350931644,1000.0,1,0,1
/CustomerService/UpdateCustomer4eaefbdc-8bef-4511-9820-8198521fa360,7.313805632293224,7.313805632293224,1000.0,1,0,1
/CustomerService/UpdateCustomer7b7d9544-a8bf-47d6-80d1-3d2c474e2c29,5.072999745607376,5.072999745607376,1000.0,1,0,1
/CustomerService/UpdateCustomer851b6668-f32a-427b-920c-79c4fe810457,5.65143208950758,5.65143208950758,1000.0,1,0,1
/CustomerService/UpdateCustomerae40001a-1ad9-496f-9ec9-dd593cdbe601,6.810793653130531,6.810793653130531,1000.0,1,0,1
/CustomerService/UpdateCustomere5b0fe15-7840-4e33-90d8-e5e2516c1ab3,9.526124224066734,9.526124224066734,1000.0,1,0,1
/CustomerService/UpdateCustomerf91fda4f-a34b-44fd-92e6-810d5370083c,8.616670966148376,8.616670966148376,1000.0,1,0,1
/CustomerService/getCustomer08114a3d-d94f-4665-9392-e123314c8430,4.322008695453405,4.322008695453405,2.0,1,0,1
/CustomerService/getCustomer20d4ebd3-f17e-4ce5-bd4f-3f0059d912fe,7.166005205363035,7.166005205363035,2.0,1,0,1
/CustomerService/getCustomer43885b01-ceb3-4f31-833f-fd8c473ebf62,4.556533880531788,4.556533880531788,2.0,1,0,1
/CustomerService/getCustomer504cb4aa-b114-4721-bc78-1eddc9d7df02,5.106228869408369,5.106228869408369,2.0,1,0,1
/CustomerService/getCustomer7cb25bd7-810b-4d79-998b-4e15f735b996,4.570423159748316,4.570423159748316,2.0,1,0,1
/CustomerService/getCustomer8584293d-fcd4-401b-93ad-4dcb3b4fab0f,5.310357082635164,5.310357082635164,2.0,1,0,1
/CustomerService/getCustomer8ef887ed-4215-43e5-9b78-93bfba840c8c,4.610529635101557,4.610529635101557,2.0,1,0,1
/CustomerService/getCustomerd62692a0-59d3-4bc3-97f9-b70cdce20134,4.569359123706818,4.569359123706818,2.0,1,0,1
/OrderService/CreateOrder173d5b8a-5b7a-43b5-8027-e25f2fc26b73,10.736323893070221,10.736323893070221,1000.0,1,0,1
/OrderService/CreateOrder2fccf852-aadd-41ba-834a-e5b2456f13ce,5.538951605558395,5.538951605558395,1000.0,1,0,1
/OrderService/CreateOrder33ef4bf2-94ce-491b-abe3-af11ffb1b0cd,9.031538851559162,9.031538851559162,1000.0,1,0,1
/OrderService/CreateOrder3bb5f953-1d1d-421b-964a-2726c490c3ef,14.688543975353241,14.688543975353241,1000.0,1,0,1
/OrderService/CreateOrder3c8cd979-cc68-42a6-8c12-b01a77943c5e,7.1350522339344025,7.1350522339344025,1000.0,1,0,1
/OrderService/CreateOrder53d0f62f-a4d0-4381-9fc4-2a20ac530a28,2.7964068576693535,2.7964068576693535,1000.0,1,0,1
/OrderService/CreateOrdere4292889-4c69-4908-9690-d7a35eaa47f2,12.106116861104965,12.106116861104965,1000.0,1,0,1
/OrderService/CreateOrderf31406f8-6e01-4f62-8ecf-6666492719db,6.372138392180204,6.372138392180204,1000.0,1,0,1
/OrderService/GetOrder01d034d7-e8a9-4d66-be7d-b1b5181e96d4,3.0355690978467464,3.0355690978467464,3.0,1,0,1
/OrderService/GetOrder04c73851-dbe6-47fd-ad2e-aecce8e1c09e,5.051058251410723,5.051058251410723,3.0,1,0,1
/OrderService/GetOrder0567f360-35e0-4c5e-9553-51be6556b490,2.8805211186408997,2.8805211186408997,3.0,1,0,1
/OrderService/GetOrder0e522658-69b5-4577-b071-740e2532a258,2.2943676449358463,2.2943676449358463,3.0,1,0,1
/OrderService/GetOrdercb677f45-9f85-4296-b008-e9f4cea5686d,3.5671330988407135,3.5671330988407135,2.0,1,0,1
/OrderService/GetOrderd3a31c6f-2b2e-42d9-8517-2a4f3922ccf3,4.186003003269434,4.186003003269434,3.0,1,0,1
/OrderService/GetOrderd7d26e65-a5ec-4d96-a862-71061a8049b2,1.8761842511594296,1.8761842511594296,3.0,1,0,1
/OrderService/GetOrdere75bafd0-c063-4f5a-94ba-8a201fb851fc,3.747315611690283,3.747315611690283,3.0,1,0,1
Aggregated,6.162185287394095,5.0,625.96875,-1,0,1
