Service,Average Response Time,Medium Response Time,Request Size,Request Type,Frequency,Size
/CatalogService/AddItem0046c3b2-ef9e-4870-9287-826f3358ca09,7.706195116043091,7.706195116043091,1000.0,1,0,1
/CatalogService/AddItem6a49555f-9d5d-4865-a2ce-8285bbd74faa,10.167849715799093,10.167849715799093,1000.0,1,0,1
/CatalogService/AddItem78e8a7ff-d88e-46d0-910f-cc847c4b02f1,13.447315897792578,13.447315897792578,1000.0,1,0,1
/CatalogService/AddItem7afccac7-c973-4954-9212-d2c36d142f13,9.338798001408577,9.338798001408577,1000.0,1,0,1
/CatalogService/AddItem8b69a0d2-27ca-49ed-b6d3-ce374a664f4f,7.761381100863218,7.761381100863218,1000.0,1,0,1
/CatalogService/AddItem98bbc76e-fec5-4c60-9079-954d2be9cc12,10.465123690664768,10.465123690664768,1000.0,1,0,1
/CatalogService/AddItema78a003a-7e64-4514-87b6-432de7aba83c,11.262266896665096,11.262266896665096,1000.0,1,0,1
/CatalogService/AddItemdd931b76-3294-4c04-b80b-710fded1f3ed,10.784666053950787,10.784666053950787,1000.0,1,0,1
/CatalogService/GetItem07e9c49c-dd80-4685-af04-528916a506e1,5.057941190898418,5.057941190898418,2.0,1,0,1
/CatalogService/GetItem193dcefa-f0e0-4a2f-9653-f426313f0f7d,3.8374573923647404,3.8374573923647404,3.0,1,0,1
/CatalogService/GetItem31cc1ff6-0229-4fcf-ab6f-83a6b7c17953,4.852343816310167,4.852343816310167,2.0,1,0,1
/CatalogService/GetItem3840f77a-8c89-4aed-b406-c3ef63fa9006,4.9470472149550915,4.9470472149550915,3.0,1,0,1
/CatalogService/GetItem89113c83-795d-45fb-ab16-93c2286b8714,4.715277813374996,4.715277813374996,3.0,1,0,1
/CatalogService/GetItem8a9088cc-8e04-402c-ba94-bb213624628e,4.76526003330946,4.76526003330946,3.0,1,0,1
/CatalogService/GetItemb566763e-5e50-486e-9f8e-4a1ee3580c9d,4.343161359429359,4.343161359429359,3.0,1,0,1
/CatalogService/GetItemee135934-dd61-4d3c-bed7-469b09fe81e5,8.307706099003553,8.307706099003553,3.0,1,0,1
/CatalogService/UpdateItem18225e33-93e9-496f-b2af-5f155f38497d,5.462423898279667,5.462423898279667,1000.0,1,0,1
/CatalogService/UpdateItem3a8b5977-0c8e-4131-91f3-d1b4ff78d10b,12.054907158017159,12.054907158017159,999.0,1,0,1
/CatalogService/UpdateItem44dbbb23-d4e7-46d2-8ae5-860382ef2977,7.383397780358791,7.383397780358791,1000.0,1,0,1
/CatalogService/UpdateItem7d737e41-aa70-40ab-912c-447c1e708d3b,4.76911710575223,4.76911710575223,1000.0,1,0,1
/CatalogService/UpdateItem9b86315e-51c4-4c16-b634-befb18ba81d5,12.615036685019732,12.615036685019732,1000.0,1,0,1
/CatalogService/UpdateItem9dd2842a-989f-4ba5-b7a1-8d318c9964bc,6.775347050279379,6.775347050279379,1000.0,1,0,1
/CatalogService/UpdateItema21c1814-8ef6-43e2-b531-46728e9bc967,5.003317259252071,5.003317259252071,1000.0,1,0,1
/CatalogService/UpdateItemd96ab53f-6d5d-43af-b7db-c3fe32c66710,3.3935545943677425,3.3935545943677425,1000.0,1,0,1
/CustomerService/CreateCustomer0fee4b90-ed84-40be-bc45-2ce20472b09b,20.918051712214947,20.918051712214947,1000.0,1,0,1
/CustomerService/CreateCustomer67473676-d5a7-4bc2-af51-76d5ba84ca30,21.63221826776862,21.63221826776862,1000.0,1,0,1
/CustomerService/CreateCustomer9b51ebe3-e90a-4b8b-9784-eb50af310851,18.795188050717115,18.795188050717115,1000.0,1,0,1
/CustomerService/CreateCustomerc34f56e5-5c2e-442f-ad2a-80518ea220f4,19.38938396051526,19.38938396051526,1000.0,1,0,1
/CustomerService/CreateCustomerc6f3eed4-044e-44c7-89ea-2ce623ef5ef6,18.494468182325363,18.494468182325363,1000.0,1,0,1
/CustomerService/CreateCustomerd11934ec-d897-49ad-b1a5-dc3a2fccdaf6,23.922435007989407,23.922435007989407,1000.0,1,0,1
/CustomerService/CreateCustomere8909339-6694-4a14-884c-bbe7b26e12c7,24.179429281502962,24.179429281502962,1000.0,1,0,1
/CustomerService/CreateCustomeree3fa380-c909-4f87-9a1e-b897e7539fa2,23.18837307393551,23.18837307393551,1000.0,1,0,1
/CustomerService/UpdateCustomer248434f9-6da9-4f82-97eb-20fdc4753887,4.901165142655373,4.901165142655373,1000.0,1,0,1
/CustomerService/UpdateCustomer4e54848d-8b4f-4917-86bb-b03fbda8af1b,5.657154135406017,5.657154135406017,1000.0,1,0,1
/CustomerService/UpdateCustomer63336d1b-bc06-4079-b5c6-bdc176cced0d,15.542095992714167,15.542095992714167,1000.0,1,0,1
/CustomerService/UpdateCustomer733e7581-c88b-4779-a175-a1e107c08d51,15.42608579620719,15.42608579620719,1000.0,1,0,1
/CustomerService/UpdateCustomerc87ef4d6-4650-44b5-9352-8061ed27361a,9.032717440277338,9.032717440277338,1000.0,1,0,1
/CustomerService/UpdateCustomerd83858d4-37da-4bba-8bbd-80298cfbab6a,6.644375156611204,6.644375156611204,1000.0,1,0,1
/CustomerService/UpdateCustomeree54954f-2430-4439-a8aa-e4a89aa2fe45,7.081476040184498,7.081476040184498,1000.0,1,0,1
/CustomerService/UpdateCustomerf29c2e60-96f3-409c-a3ba-62252e3b3807,8.32259701564908,8.32259701564908,1000.0,1,0,1
/CustomerService/getCustomer06981d39-151b-487c-958b-7357dac3128f,4.331756848841906,4.331756848841906,2.0,1,0,1
/CustomerService/getCustomer54e2a3de-e421-4314-bd95-4fb5d2d19c49,1.7857691273093224,1.7857691273093224,2.0,1,0,1
/CustomerService/getCustomer5fd2d4eb-3a81-4a5c-be9a-313c003360db,1.7755231820046902,1.7755231820046902,2.0,1,0,1
/CustomerService/getCustomer89b2b326-4d23-42d8-b291-a72a32b79fb1,2.570641227066517,2.570641227066517,2.0,1,0,1
/CustomerService/getCustomer8bf50bc6-5100-4561-a9f4-f6b51246bcc3,2.820853143930435,2.820853143930435,2.0,1,0,1
/CustomerService/getCustomer9ec04a15-0436-40d0-8e17-16d1ff02e517,4.3621971271932125,4.3621971271932125,2.0,1,0,1
/CustomerService/getCustomerda7a7e12-3f52-480e-92cd-c7709a04f6e5,4.185833036899567,4.185833036899567,2.0,1,0,1
/CustomerService/getCustomerec0c5a03-4d4f-49ea-92a8-cfe85a2b2740,2.687028143554926,2.687028143554926,2.0,1,0,1
/OrderService/CreateOrder0d39345c-7b8a-44a5-b02a-265f4f050ee2,4.81900991871953,4.81900991871953,1000.0,1,0,1
/OrderService/CreateOrder2ea5b7ae-810f-4921-94ee-1f6569a97037,8.900743909180164,8.900743909180164,1000.0,1,0,1
/OrderService/CreateOrder3fc47efd-3734-4994-bf52-527b42f8b97b,4.336122889071703,4.336122889071703,1000.0,1,0,1
/OrderService/CreateOrder4011518a-17ed-4a37-9167-6ad2ca6dc8e6,10.60687517747283,10.60687517747283,1000.0,1,0,1
/OrderService/CreateOrder536187fb-13ed-4808-9d7a-4a9fb62340db,9.238730184733868,9.238730184733868,1000.0,1,0,1
/OrderService/CreateOrder8f7f5fbd-65f3-4bca-aca1-36abb641f13c,4.021016880869865,4.021016880869865,1000.0,1,0,1
/OrderService/CreateOrderc7d554e2-1c8c-4c53-99a9-f1fea398f880,6.048090290278196,6.048090290278196,1000.0,1,0,1
/OrderService/CreateOrdere254851d-f6ba-4412-96ba-aa4a5638c9c0,7.506052032113075,7.506052032113075,1000.0,1,0,1
/OrderService/GetOrder11353f1a-ee21-402f-a96a-e135cf8c682c,4.451240878552198,4.451240878552198,2.0,1,0,1
/OrderService/GetOrder2758494b-6df0-42e2-b77b-cbb33e15a3e6,3.578529693186283,3.578529693186283,2.0,1,0,1
/OrderService/GetOrder7b4e8a56-e558-46e5-86db-43373eb87d0e,2.912490162998438,2.912490162998438,3.0,1,0,1
/OrderService/GetOrdera04539fa-2355-4b5b-9157-1fe821074321,3.5949889570474625,3.5949889570474625,3.0,1,0,1
/OrderService/GetOrdera4cf3f32-ef8a-4348-b9b2-e3d8a88a5496,4.495186265558004,4.495186265558004,2.0,1,0,1
/OrderService/GetOrderd09d05d2-c5c0-4b8a-9aa8-0cb095984279,1.6535250470042229,1.6535250470042229,3.0,1,0,1
/OrderService/GetOrdere3d0b599-88aa-4869-91cc-e44e2aa3a982,3.5031307488679886,3.5031307488679886,2.0,1,0,1
/OrderService/GetOrderffce9395-1060-4b68-916d-120bceb732c6,2.3221787996590137,2.3221787996590137,3.0,1,0,1
Aggregated,8.2633065758273,6.0,625.890625,-1,0,1
