Service,Average Response Time,Medium Response Time,Request Size,Request Type,Frequency,Size
/CatalogService/AddItem00e9d835-3839-4a13-90f2-d5049d9b180c,3.862137906253338,3.862137906253338,1000.0,1,1,1
/CatalogService/AddItem0281ff5b-8d66-4e75-bd4e-421d0bfafa81,5.1316129975020885,5.1316129975020885,1000.0,1,1,1
/CatalogService/AddItem0605cdfd-f7e1-4aaf-81ce-562452082080,4.472785163670778,4.472785163670778,1000.0,1,1,1
/CatalogService/AddItem0ba6d867-c76b-4d34-847d-e68bc4faa3b3,8.107430767267942,8.107430767267942,1000.0,1,1,1
/CatalogService/AddItem0c181c01-c92d-4aa9-837a-08016349def4,3.5263868048787117,3.5263868048787117,1000.0,1,1,1
/CatalogService/AddItem0d406931-dfb4-4ea5-8789-c9709a7432b0,9.22292610630393,9.22292610630393,1000.0,1,1,1
/CatalogService/AddItem0eaabac3-7aad-422c-a715-7f6ed0f67390,10.287778917700052,10.287778917700052,1000.0,1,1,1
/CatalogService/AddItem12d6bf4a-26fd-4737-9f80-37c25b76d269,3.8191289640963078,3.8191289640963078,1000.0,1,1,1
/CatalogService/AddItem1500e8e5-78d2-475a-adcb-9ae9598966ab,4.621074069291353,4.621074069291353,1000.0,1,1,1
/CatalogService/AddItem16a23ab1-b805-46dd-83bb-76d612391e62,7.131629623472691,7.131629623472691,1000.0,1,1,1
/CatalogService/AddItem1eff1471-9698-4901-ba73-f1984ed54516,7.201824802905321,7.201824802905321,1000.0,1,1,1
/CatalogService/AddItem2676453b-b0b1-4166-9ff7-56c6c1b6e4fb,4.187903832644224,4.187903832644224,1000.0,1,1,1
/CatalogService/AddItem281fe5ad-4c0a-4166-b60f-f3327b85a54c,4.040012136101723,4.040012136101723,1000.0,1,1,1
/CatalogService/AddItem29b05981-ba6f-413c-b442-b6988731511e,3.2632900401949883,3.2632900401949883,1000.0,1,1,1
/CatalogService/AddItem2ab81e11-f44a-4ece-83cb-02f37f81db84,2.942706923931837,2.942706923931837,1000.0,1,1,1
/CatalogService/AddItem3053f7f3-7d0e-4588-a209-78a37b2645df,4.07416233792901,4.07416233792901,1000.0,1,1,1
/CatalogService/AddItem310738b2-ec1c-4e46-acd7-38265e170c60,3.529877867549658,3.529877867549658,1000.0,1,1,1
/CatalogService/AddItem33a1a08e-9243-4bb4-b6ce-ab2e69f7b60e,44.46608293801546,44.46608293801546,1000.0,1,1,1
/CatalogService/AddItem3479509f-928b-41ed-8e8e-a864cede6a00,4.750540945678949,4.750540945678949,1000.0,1,1,1
/CatalogService/AddItem3481416e-a1b4-459a-a184-d53fb5cb4f44,2.5381059385836124,2.5381059385836124,1000.0,1,1,1
/CatalogService/AddItem3760a1e8-0a33-4023-8774-4e45d0896c16,5.896457936614752,5.896457936614752,1000.0,1,1,1
/CatalogService/AddItem3b209465-3812-4fe7-8d57-3f9541131297,3.030654974281788,3.030654974281788,1000.0,1,1,1
/CatalogService/AddItem3d1e5b19-468e-4735-ae6c-94a383ccd4fa,4.848924931138754,4.848924931138754,1000.0,1,1,1
/CatalogService/AddItem3d22a822-0df4-4aee-a47b-7a37734fbfd2,2.6232870295643806,2.6232870295643806,1000.0,1,1,1
/CatalogService/AddItem4148509b-76c5-4027-b2a6-d116fedbb3c3,4.341890104115009,4.341890104115009,1000.0,1,1,1
/CatalogService/AddItem46c20821-b241-4af5-a8c4-b78d458500e5,3.1203520484268665,3.1203520484268665,1000.0,1,1,1
/CatalogService/AddItem4781d514-0c2b-4e90-9491-224445fdf10f,10.3264469653368,10.3264469653368,1000.0,1,1,1
/CatalogService/AddItem48fe63ce-2c30-4320-8622-56754fa479b4,2.7075582183897495,2.7075582183897495,1000.0,1,1,1
/CatalogService/AddItem4f31ba79-0b56-46e8-804a-d4eed2f40cfd,3.64476116374135,3.64476116374135,1000.0,1,1,1
/CatalogService/AddItem52e36065-5e09-4215-aee3-89bb06241fe1,3.6380807869136333,3.6380807869136333,1000.0,1,1,1
/CatalogService/AddItem5717d614-874a-4ab3-bf0e-baf6fcd7ffc2,4.011796787381172,4.011796787381172,1000.0,1,1,1
/CatalogService/AddItem58b6af0b-ed80-48a3-81dc-76936143748d,3.756072837859392,3.756072837859392,1000.0,1,1,1
/CatalogService/AddItem5a14ea0a-3bd1-4ce7-bcea-c782d590de6e,2.660239115357399,2.660239115357399,1000.0,1,1,1
/CatalogService/AddItem5e14f34c-908a-4343-9ba0-7bf4802f936a,5.164667032659054,5.164667032659054,1000.0,1,1,1
/CatalogService/AddItem5eab8ace-cb0e-470b-8402-bfc360156be9,10.987975634634495,10.987975634634495,1000.0,1,1,1
/CatalogService/AddItem655c9e3d-0ee6-452f-b03c-1f39a8abc082,2.878735773265362,2.878735773265362,1000.0,1,1,1
/CatalogService/AddItem6560a8fa-c88f-46dc-81f2-d44a2b3aff2f,4.3260823003947735,4.3260823003947735,1000.0,1,1,1
/CatalogService/AddItem6a55eb61-80b1-46c3-b8f7-adf1e1f64b9b,3.3034952357411385,3.3034952357411385,1000.0,1,1,1
/CatalogService/AddItem6e6112c8-45f1-412b-af3f-e842eff3c894,2.918465994298458,2.918465994298458,1000.0,1,1,1
/CatalogService/AddItem70ef1842-3cea-4cef-8a6f-f1e6d071476c,8.034389000386,8.034389000386,1000.0,1,1,1
/CatalogService/AddItem7681d1df-541e-442d-bb96-b5ff03a109d3,3.667606972157955,3.667606972157955,1000.0,1,1,1
/CatalogService/AddItem77c6c673-1d12-4279-aa3b-39356ba3e5fd,3.7360298447310925,3.7360298447310925,1000.0,1,1,1
/CatalogService/AddItem7ac0b770-c007-423e-b359-2f7e9aad4595,4.02032071724534,4.02032071724534,1000.0,1,1,1
/CatalogService/AddItem7b99e02e-0a55-4f9a-bc66-05b48ef722fa,3.7413579411804676,3.7413579411804676,1000.0,1,1,1
/CatalogService/AddItem835bffee-4d7d-4d42-8435-ff45ab476fdb,3.7989430129528046,3.7989430129528046,1000.0,1,1,1
/CatalogService/AddItem83d2510a-44f3-462c-b476-3d996e6f9d9a,3.137181978672743,3.137181978672743,1000.0,1,1,1
/CatalogService/AddItem846d26a9-5d0e-49dd-ac2b-8be3188ead17,3.3323941752314568,3.3323941752314568,1000.0,1,1,1
/CatalogService/AddItem86e4eae0-660b-4556-9cae-11596e5b5e36,3.356040921062231,3.356040921062231,1000.0,1,1,1
/CatalogService/AddItem875f4cf6-7ee9-4f05-b4d9-fad6f524bb65,4.752154927700758,4.752154927700758,1000.0,1,1,1
/CatalogService/AddItem89696bd8-d232-48dd-a6c9-e38038b8e3b5,4.004591144621372,4.004591144621372,1000.0,1,1,1
/CatalogService/AddItem8c063d8a-6902-4d38-9b32-49d914d92f62,2.2666659206151962,2.2666659206151962,1000.0,1,1,1
/CatalogService/AddItem91e4a088-dba8-45f2-889d-7e40e1727504,5.850702058523893,5.850702058523893,1000.0,1,1,1
/CatalogService/AddItem950b5f16-a73e-4636-b44c-fb65bd7ee08f,2.6908842846751213,2.6908842846751213,1000.0,1,1,1
/CatalogService/AddItem9a814f7e-be99-4095-ad49-b3eba0d0eaad,5.091365892440081,5.091365892440081,1000.0,1,1,1
/CatalogService/AddItem9b69fe90-ae27-49de-9c9a-cfadfd0a4501,3.5151736810803413,3.5151736810803413,1000.0,1,1,1
/CatalogService/AddItem9f2f469a-00b1-40a9-92ca-f78653a1f0ea,3.5860552452504635,3.5860552452504635,1000.0,1,1,1
/CatalogService/AddItema72933bf-c3c0-441f-a566-f8a0d95a96a6,3.130292985588312,3.130292985588312,1000.0,1,1,1
/CatalogService/AddItemaf182d64-f4cb-462a-b3c8-2ed22a6131d8,3.1614457257092,3.1614457257092,1000.0,1,1,1
/CatalogService/AddItemb0564d64-d7ca-45ba-8d9b-f13911ce79af,9.148721117526293,9.148721117526293,1000.0,1,1,1
/CatalogService/AddItemb39d290e-6dc8-440b-a951-79fd5c66bd96,13.008422683924437,13.008422683924437,1000.0,1,1,1
/CatalogService/AddItemb576d60a-a636-4f6b-ac13-5e8d6bc714ff,4.229225683957338,4.229225683957338,1000.0,1,1,1
/CatalogService/AddItemb5eb4e69-f729-4914-a443-d43a1f2e11b1,3.6747739650309086,3.6747739650309086,1000.0,1,1,1
/CatalogService/AddItembbbd3a61-db92-4426-b7d5-aaa799e2f3a6,3.710671793669462,3.710671793669462,1000.0,1,1,1
/CatalogService/AddItembdf33eb9-beea-478b-905b-b603cb69406a,11.574860662221909,11.574860662221909,1000.0,1,1,1
/CatalogService/AddItembec7a51e-84be-4cb4-a589-2967d0c07c42,3.478851169347763,3.478851169347763,1000.0,1,1,1
/CatalogService/AddItemc7679993-0e39-49e1-a379-b43f05ead559,6.573354359716177,6.573354359716177,1000.0,1,1,1
/CatalogService/AddItemc7de085f-3b36-4339-be35-f9cf26dac52b,6.2224301509559155,6.2224301509559155,1000.0,1,1,1
/CatalogService/AddItemc81a031f-773e-453d-937e-d6cdc17bfdc4,5.913302302360535,5.913302302360535,1000.0,1,1,1
/CatalogService/AddItemcc214cf7-1d79-4dec-aff2-a8bfbcd96262,2.9729483649134636,2.9729483649134636,1000.0,1,1,1
/CatalogService/AddItemd20c37ad-4f46-4685-82b4-6415cc7d5e6f,3.833581693470478,3.833581693470478,1000.0,1,1,1
/CatalogService/AddIteme0bf1764-ff08-4ff0-b18f-efbc047c6e26,4.158006981015205,4.158006981015205,1000.0,1,1,1
/CatalogService/AddIteme2abc6c1-1955-4a69-9481-194ebef4bd2e,2.81187379732728,2.81187379732728,1000.0,1,1,1
/CatalogService/AddIteme52e0880-2863-469f-8472-2506d3843360,4.762775730341673,4.762775730341673,1000.0,1,1,1
/CatalogService/AddItemeac635d2-457f-490e-ac6d-ae441f88fed9,10.663049295544624,10.663049295544624,1000.0,1,1,1
/CatalogService/AddItemec08fad1-32a4-4c35-8306-a351aaed2a91,4.776447080075741,4.776447080075741,1000.0,1,1,1
/CatalogService/AddItemf082c15d-c359-4bcb-9eca-945976f9a88e,3.9710127748548985,3.9710127748548985,1000.0,1,1,1
/CatalogService/AddItemf0ac1d4a-1185-49d8-a08c-1c7479ac4ca7,4.30040480569005,4.30040480569005,1000.0,1,1,1
/CatalogService/AddItemf642ea27-e445-4e29-a1fa-b69e2b8dd01c,3.543931059539318,3.543931059539318,1000.0,1,1,1
/CatalogService/AddItemf68eb80b-a677-49fa-9089-5d636249edec,5.3252424113452435,5.3252424113452435,1000.0,1,1,1
/CatalogService/AddItemfe9d2904-34c8-421d-9a35-20bc906c8cff,3.0266577377915382,3.0266577377915382,1000.0,1,1,1
/CatalogService/GetItem00e47ee8-15b6-413a-bed7-1594db74ff16,5.3680529817938805,5.3680529817938805,3.0,1,1,1
/CatalogService/GetItem10922a4b-32f8-4449-a14a-fac82e39c55a,2.761789131909609,2.761789131909609,3.0,1,1,1
/CatalogService/GetItem10a45a8f-af83-4425-b190-be5294824240,3.593043889850378,3.593043889850378,3.0,1,1,1
/CatalogService/GetItem10adad92-5b8f-49a7-b868-8b44ec1c3541,3.4386110492050648,3.4386110492050648,3.0,1,1,1
/CatalogService/GetItem146cdb69-1748-4a1d-9954-f349ab867eba,2.6513910852372646,2.6513910852372646,3.0,1,1,1
/CatalogService/GetItem17b0ed83-ff93-402a-9ed4-974ee6883a69,4.361272789537907,4.361272789537907,3.0,1,1,1
/CatalogService/GetItem18c35562-4f09-4e55-95d2-a6b31f955ff7,9.955376852303743,9.955376852303743,3.0,1,1,1
/CatalogService/GetItem1aac1609-957b-4738-9e10-edd6f466b902,2.8691617771983147,2.8691617771983147,3.0,1,1,1
/CatalogService/GetItem1cc7f326-5314-443f-9a0d-5a71dce7d638,4.720163065940142,4.720163065940142,3.0,1,1,1
/CatalogService/GetItem21f3eed2-a715-46d2-819e-cee30f2e0232,3.8341619074344635,3.8341619074344635,3.0,1,1,1
/CatalogService/GetItem23da099e-375f-4330-bafd-5257f87e09cb,2.813379280269146,2.813379280269146,3.0,1,1,1
/CatalogService/GetItem249753ba-3f99-4acb-9659-29a79e431c7b,7.542080245912075,7.542080245912075,3.0,1,1,1
/CatalogService/GetItem26183c54-602c-464c-8491-4fb5a0b9ffae,5.975507199764252,5.975507199764252,3.0,1,1,1
/CatalogService/GetItem26ae0e9e-8b67-4aca-afae-e240c6f73bd0,7.327494211494923,7.327494211494923,3.0,1,1,1
/CatalogService/GetItem27675379-f8c2-4f16-9912-3da4ccbc1d44,4.9591222777962685,4.9591222777962685,3.0,1,1,1
/CatalogService/GetItem2b55e849-5ed8-4f87-99e5-a864e1c85bcb,2.4488382041454315,2.4488382041454315,3.0,1,1,1
/CatalogService/GetItem2f359da2-e98f-4f97-8c21-ba80cbadaa60,2.6875478215515614,2.6875478215515614,3.0,1,1,1
/CatalogService/GetItem310e10f6-98cb-4105-86be-95eef126a29b,12.372502125799656,12.372502125799656,3.0,1,1,1
/CatalogService/GetItem355456fd-68cf-4c75-a132-2505e5ec0de1,1.9210008904337883,1.9210008904337883,3.0,1,1,1
/CatalogService/GetItem3ecf57e7-9aa5-4972-9f94-4c3724297110,2.942018210887909,2.942018210887909,3.0,1,1,1
/CatalogService/GetItem4b1fa121-62d2-42ba-8cfd-47148f3779d0,5.4625337943434715,5.4625337943434715,3.0,1,1,1
/CatalogService/GetItem4b4218bd-7b21-4ef8-a5a2-690ff80e8b16,2.2089402191340923,2.2089402191340923,3.0,1,1,1
/CatalogService/GetItem4cf004b1-2049-489b-859f-7d5c7ed26ff3,8.928977884352207,8.928977884352207,3.0,1,1,1
/CatalogService/GetItem4d1c7b45-d811-451e-a332-174567fc5dee,5.574830807745457,5.574830807745457,3.0,1,1,1
/CatalogService/GetItem4e6c1326-89bd-4b93-9461-315919a41d12,2.023841254413128,2.023841254413128,3.0,1,1,1
/CatalogService/GetItem4ec3e67f-670e-4a76-8d2c-3d699c660680,3.6970959044992924,3.6970959044992924,3.0,1,1,1
/CatalogService/GetItem50ea151d-0a80-4f0f-b0d5-0206b72c2fff,2.9153390787541866,2.9153390787541866,3.0,1,1,1
/CatalogService/GetItem51602172-06fd-4507-9d73-ae0bed57ea96,3.0665406957268715,3.0665406957268715,3.0,1,1,1
/CatalogService/GetItem536155f8-792d-4d68-8a76-5989667b62b3,2.0410786382853985,2.0410786382853985,3.0,1,1,1
/CatalogService/GetItem550fd861-ada9-41f1-be6d-de60bfad4546,3.5191322676837444,3.5191322676837444,3.0,1,1,1
/CatalogService/GetItem55124360-9c0a-44f8-a039-81faffa3e40b,2.39656213670969,2.39656213670969,3.0,1,1,1
/CatalogService/GetItem558deb58-f1a1-49da-8e4d-5b3cca4bf5dc,2.9578283429145813,2.9578283429145813,3.0,1,1,1
/CatalogService/GetItem586368a7-8dda-4cb5-b4e6-1d55297bf0e6,42.760948184877634,42.760948184877634,3.0,1,1,1
/CatalogService/GetItem5a45d8b3-7afb-4770-a0f5-754bcd52ac7e,2.0779776386916637,2.0779776386916637,3.0,1,1,1
/CatalogService/GetItem5c36f7d6-1421-40d3-9578-37dd7a8538cf,5.615327972918749,5.615327972918749,3.0,1,1,1
/CatalogService/GetItem5e56b55d-a7ea-4bef-882f-ab8e9ef492ae,7.311160210520029,7.311160210520029,3.0,1,1,1
/CatalogService/GetItem6015fe99-7e1b-4305-bc3c-22dca8d837a6,2.0444970577955246,2.0444970577955246,3.0,1,1,1
/CatalogService/GetItem60ffa540-6a2d-45d1-9993-364ff26b7677,8.091176860034466,8.091176860034466,3.0,1,1,1
/CatalogService/GetItem61e6a209-33ef-4b04-9b36-530c97ec85fe,10.380054824054241,10.380054824054241,3.0,1,1,1
/CatalogService/GetItem63e0d4e9-3c9b-46a8-a9bf-05a0debf71e6,3.8168849423527718,3.8168849423527718,3.0,1,1,1
/CatalogService/GetItem6c7227ff-76a9-46c8-8852-5482eae161c3,38.05336868390441,38.05336868390441,3.0,1,1,1
/CatalogService/GetItem6eadee17-3ffd-4e88-bfce-2a79a0217411,2.3405617102980614,2.3405617102980614,3.0,1,1,1
/CatalogService/GetItem7345b7f9-50ba-4187-bd54-8bdd7ac8ec6e,2.7433917857706547,2.7433917857706547,3.0,1,1,1
/CatalogService/GetItem7aeb26be-7dec-4a76-aece-9248a6d0b203,2.4264398962259293,2.4264398962259293,3.0,1,1,1
/CatalogService/GetItem830c329d-efeb-46fc-83a9-cd93baf246db,5.45433908700943,5.45433908700943,3.0,1,1,1
/CatalogService/GetItem87cd3cb8-d827-46a3-954d-0af62f76ee87,5.628316197544336,5.628316197544336,3.0,1,1,1
/CatalogService/GetItem8827a0a0-ace1-4d63-b825-06d8f888c9cd,1.961308065801859,1.961308065801859,3.0,1,1,1
/CatalogService/GetItem8de68b04-3736-4e3e-8669-c3a1873005b4,2.3834132589399815,2.3834132589399815,3.0,1,1,1
/CatalogService/GetItem8ed260e7-c243-4c72-beb9-a6bbfd34a605,5.959360860288143,5.959360860288143,3.0,1,1,1
/CatalogService/GetItem9077494c-6347-4c11-a902-9d7f9a9def09,4.907254129648209,4.907254129648209,3.0,1,1,1
/CatalogService/GetItem9130eb4d-7326-4a90-bed3-f425cfd04308,3.3171772956848145,3.3171772956848145,3.0,1,1,1
/CatalogService/GetItem930b86ac-9c56-4dff-946e-da8a91bb8190,7.337652146816254,7.337652146816254,3.0,1,1,1
/CatalogService/GetItem9612b987-6358-403a-81ea-1e5f8be5b51d,38.294415920972824,38.294415920972824,3.0,1,1,1
/CatalogService/GetItem99311a71-f59c-4253-b123-7324797981d7,6.89665088430047,6.89665088430047,2.0,1,1,1
/CatalogService/GetItem9f806076-54ed-46f6-bf34-36c8359ef773,6.337597966194153,6.337597966194153,2.0,1,1,1
/CatalogService/GetItem9fab5b70-2ce6-4308-9da6-600f92a37275,3.2348986715078354,3.2348986715078354,3.0,1,1,1
/CatalogService/GetItema288e46d-904e-45a7-9948-4bff473e1f40,2.9182909056544304,2.9182909056544304,3.0,1,1,1
/CatalogService/GetItema62b9ce7-954f-47d4-bdfe-99cfea2e9d45,9.599905926734209,9.599905926734209,3.0,1,1,1
/CatalogService/GetItema8de8bd1-328a-4f8f-b86f-ddba1f889fa2,3.962057176977396,3.962057176977396,3.0,1,1,1
/CatalogService/GetItema8ea4a74-ca1d-4920-a567-83b1948c6c32,2.0630527287721634,2.0630527287721634,3.0,1,1,1
/CatalogService/GetItema91705f1-21c7-45fe-90b5-f5cbbdc3db77,6.569476798176765,6.569476798176765,3.0,1,1,1
/CatalogService/GetItemaaab81e4-4ddf-40b1-882a-9b58034ac083,1.472029834985733,1.472029834985733,3.0,1,1,1
/CatalogService/GetItemab078df9-f901-4953-b581-d732b33029f9,2.036884892731905,2.036884892731905,3.0,1,1,1
/CatalogService/GetItemb0e8cd6a-c055-4de6-8fcf-cfe20b18a1c7,2.6593240909278393,2.6593240909278393,3.0,1,1,1
/CatalogService/GetItemb59d13bb-e967-4ee4-a8cf-067b72b9b41a,2.713001798838377,2.713001798838377,3.0,1,1,1
/CatalogService/GetItemb86bc0a2-8fd8-487e-8b3a-fdf54202dc06,1.6325144097208977,1.6325144097208977,3.0,1,1,1
/CatalogService/GetItemb96eb726-5c5a-4b33-9eeb-79bd3f65877c,6.122420076280832,6.122420076280832,3.0,1,1,1
/CatalogService/GetItembe5466b5-836a-4716-8d6d-b6528cfb0044,3.687753342092037,3.687753342092037,3.0,1,1,1
/CatalogService/GetItemcf508b23-1e6e-4c43-a8ab-f0d430812818,2.8795949183404446,2.8795949183404446,3.0,1,1,1
/CatalogService/GetItemd29fa6f5-e870-4f05-8d3e-a8d407efc6b4,2.4196370504796505,2.4196370504796505,3.0,1,1,1
/CatalogService/GetItemda2c9f7a-5b40-4e91-96ce-ffa9198f0f45,5.116905085742474,5.116905085742474,3.0,1,1,1
/CatalogService/GetItemde7c3bc3-f3b6-454d-8e77-a82936059d02,2.476796042174101,2.476796042174101,3.0,1,1,1
/CatalogService/GetIteme26ef8a7-3763-4894-a705-8784839cd30d,5.003391299396753,5.003391299396753,3.0,1,1,1
/CatalogService/GetIteme8bf4633-871a-47f2-8ae0-29485135c429,4.383984953165054,4.383984953165054,3.0,1,1,1
/CatalogService/GetItemf359a47e-6bff-4a05-9468-cef2794d4d5f,4.030355252325535,4.030355252325535,3.0,1,1,1
/CatalogService/GetItemf66b75b9-79f4-4416-aac4-b4dab3fba85d,3.378454130142927,3.378454130142927,3.0,1,1,1
/CatalogService/GetItemf70ca47f-7a9e-4e75-b70f-ba16968ff75f,5.8921389281749725,5.8921389281749725,3.0,1,1,1
/CatalogService/GetItemfb3ec058-8050-4e14-ba9a-f5e56405816d,13.327591121196747,13.327591121196747,3.0,1,1,1
/CatalogService/GetItemfeb0d57c-377e-4c0c-823c-9a58ae50470b,3.073437139391899,3.073437139391899,3.0,1,1,1
/CatalogService/GetItemff14d26b-9fb3-48e1-b7d6-2266b62dbb59,2.34391912817955,2.34391912817955,3.0,1,1,1
/CatalogService/UpdateItem0fd018d6-c052-442d-98ae-29ff6a9b4179,3.77662293612957,3.77662293612957,1000.0,1,1,1
/CatalogService/UpdateItem11668b13-ea13-48be-9386-519973b27925,3.416473977267742,3.416473977267742,1000.0,1,1,1
/CatalogService/UpdateItem18d8bdb4-5024-4a8f-9883-7edffdf529d9,4.566541872918606,4.566541872918606,1000.0,1,1,1
/CatalogService/UpdateItem18e5021b-7859-4bd9-b975-dd32a127b5fa,4.536447115242481,4.536447115242481,1000.0,1,1,1
/CatalogService/UpdateItem24c9df2f-0055-46ac-92f2-da4d0c45004b,8.858804125338793,8.858804125338793,1000.0,1,1,1
/CatalogService/UpdateItem26a0e7fa-995c-4e31-be47-5d01833f06a3,7.694726809859276,7.694726809859276,1000.0,1,1,1
/CatalogService/UpdateItem27634e71-dd0d-4f90-9cfa-7abb5796be74,2.5342758744955063,2.5342758744955063,1000.0,1,1,1
/CatalogService/UpdateItem27f95024-d6aa-4a25-87f2-064c7fd4125f,9.716201573610306,9.716201573610306,1000.0,1,1,1
/CatalogService/UpdateItem2ac61d11-4ed5-4090-9aa2-ee7db39ea59b,3.960717935115099,3.960717935115099,1000.0,1,1,1
/CatalogService/UpdateItem2ec0224e-9576-4b01-ad16-6770e5b88860,7.954454980790615,7.954454980790615,1000.0,1,1,1
/CatalogService/UpdateItem318deadc-645d-4c65-bb26-680285cdddb8,6.676943972706795,6.676943972706795,1000.0,1,1,1
/CatalogService/UpdateItem321296c0-59b2-4770-9068-64da663f629c,3.904792945832014,3.904792945832014,1000.0,1,1,1
/CatalogService/UpdateItem38487d8d-2cb6-4fc2-80ff-25a4bc5e8c8f,3.7586502730846405,3.7586502730846405,1000.0,1,1,1
/CatalogService/UpdateItem3a1ecc28-78a9-42bd-a4b5-342fd48fbaa9,3.747583832591772,3.747583832591772,1000.0,1,1,1
/CatalogService/UpdateItem3cefde43-ee49-4901-88e1-47e3ab5125c3,6.0830432921648026,6.0830432921648026,999.0,1,1,1
/CatalogService/UpdateItem42b01ffd-a7ba-4e54-bba6-bad67680bea4,15.810842160135508,15.810842160135508,999.0,1,1,1
/CatalogService/UpdateItem438eef96-ad93-4af8-9bf3-98bc83868b44,7.085828110575676,7.085828110575676,1000.0,1,1,1
/CatalogService/UpdateItem451acf78-0081-49f7-b4a6-900534edb0ef,14.979424886405468,14.979424886405468,1000.0,1,1,1
/CatalogService/UpdateItem457e7669-a6e6-4f56-b578-fc7a0ad1bf15,3.650419879704714,3.650419879704714,1000.0,1,1,1
/CatalogService/UpdateItem45874f73-4433-44d4-b580-0bc1af2fe78e,8.634707890450954,8.634707890450954,1000.0,1,1,1
/CatalogService/UpdateItem499480bd-3d2a-4cea-8240-f226e16d9529,4.2632329277694225,4.2632329277694225,1000.0,1,1,1
/CatalogService/UpdateItem4a25200e-fa85-4553-92ba-767c505ec3fa,7.761787157505751,7.761787157505751,1000.0,1,1,1
/CatalogService/UpdateItem51677437-cbe7-4c9d-b253-ec204c7c1477,12.27920688688755,12.27920688688755,1000.0,1,1,1
/CatalogService/UpdateItem52181470-31fd-42ce-b4f4-8c5dcdbc7cf0,11.254769749939442,11.254769749939442,1000.0,1,1,1
/CatalogService/UpdateItem527d4f08-6e41-4a44-bed1-6d6168c076d6,3.6909878253936768,3.6909878253936768,1000.0,1,1,1
/CatalogService/UpdateItem53aaccb1-87ee-4424-bdc3-730beb27ef81,8.853519335389137,8.853519335389137,1000.0,1,1,1
/CatalogService/UpdateItem5757628a-855e-4248-b7ac-6d7a04afb75f,3.5591567866504192,3.5591567866504192,1000.0,1,1,1
/CatalogService/UpdateItem594d4496-10e4-4ed1-92e9-56d5490a5703,3.6051608622074127,3.6051608622074127,1000.0,1,1,1
/CatalogService/UpdateItem60783b5d-279d-4e2e-a616-85e46163b67b,13.494045939296484,13.494045939296484,1000.0,1,1,1
/CatalogService/UpdateItem683993b6-daee-4686-9a9f-131e8fa3e726,7.7819800935685635,7.7819800935685635,1000.0,1,1,1
/CatalogService/UpdateItem68c2c8ba-68c6-45db-be19-b42df0cbc492,7.094054948538542,7.094054948538542,1000.0,1,1,1
/CatalogService/UpdateItem6e9afe4f-2763-4964-91b2-23d140bc18fa,3.9347256533801556,3.9347256533801556,1000.0,1,1,1
/CatalogService/UpdateItem70632f72-374f-41ef-979b-8ea50444be8d,4.788659978657961,4.788659978657961,1000.0,1,1,1
/CatalogService/UpdateItem76037048-e888-43d0-8c07-11dcf3d490fa,5.374928005039692,5.374928005039692,1000.0,1,1,1
/CatalogService/UpdateItem76b87e1d-891e-4356-9b23-5512b59a3798,3.9718695916235447,3.9718695916235447,1000.0,1,1,1
/CatalogService/UpdateItem77a45173-9f23-4917-80ff-e2d460ffcc43,14.749518129974604,14.749518129974604,1000.0,1,1,1
/CatalogService/UpdateItem7af70fcf-a62e-4f3f-9123-5b7f49e073a0,5.554430652409792,5.554430652409792,1000.0,1,1,1
/CatalogService/UpdateItem7d108ab0-8d4b-4b11-83ed-fa1703719278,4.824659321457148,4.824659321457148,999.0,1,1,1
/CatalogService/UpdateItem7e84e5e5-4406-48cc-a72c-1409a14eaef9,3.7275603972375393,3.7275603972375393,1000.0,1,1,1
/CatalogService/UpdateItem8c7a24f3-198c-40cf-bf27-7e15639c7309,5.0043342635035515,5.0043342635035515,1000.0,1,1,1
/CatalogService/UpdateItem923694e0-6c47-467e-9e47-eb0451afe89a,4.6576750464737415,4.6576750464737415,999.0,1,1,1
/CatalogService/UpdateItem94ec4cc1-7de2-46e8-9433-bf688141c736,11.589169036597013,11.589169036597013,1000.0,1,1,1
/CatalogService/UpdateItem9901c9fb-bd48-4d57-bada-a5e1c3815c2a,7.532273419201374,7.532273419201374,1000.0,1,1,1
/CatalogService/UpdateItem9d1ccc73-64dc-417c-812b-f2b06741f98d,6.737187970429659,6.737187970429659,1000.0,1,1,1
/CatalogService/UpdateItema0a0ef13-1718-4d22-a7e6-eb99dab67b5e,6.839631125330925,6.839631125330925,1000.0,1,1,1
/CatalogService/UpdateItema16f66fb-0767-40fb-8a80-29e9bd6799b9,4.667220637202263,4.667220637202263,1000.0,1,1,1
/CatalogService/UpdateItema9f023a1-e799-482c-bb3a-c9c2cf0e8736,8.331948891282082,8.331948891282082,1000.0,1,1,1
/CatalogService/UpdateItemac0ed8eb-e2c1-4d43-9a12-e40a8792d88c,3.9830938912928104,3.9830938912928104,1000.0,1,1,1
/CatalogService/UpdateItemad6f10a1-85b2-444f-bf80-9565dd53e833,4.159875214099884,4.159875214099884,1000.0,1,1,1
/CatalogService/UpdateItemae5cef35-ff22-449f-8063-f14b63cac1b8,13.421643059700727,13.421643059700727,1000.0,1,1,1
/CatalogService/UpdateItemaf57d597-8fac-4de8-8e69-a62763c7f6b0,2.9938146471977234,2.9938146471977234,1000.0,1,1,1
/CatalogService/UpdateItemb094da99-dc3b-4c60-ae64-431e5c4785fa,5.448517855256796,5.448517855256796,1000.0,1,1,1
/CatalogService/UpdateItemb2fa100c-4a3c-49ed-8ed0-37e6cf797416,3.4452201798558235,3.4452201798558235,1000.0,1,1,1
/CatalogService/UpdateItemb4e69607-9d35-40c1-a825-f179170bd0ea,5.254528019577265,5.254528019577265,1000.0,1,1,1
/CatalogService/UpdateItemba73584b-7cd8-4457-a612-ebb91ebb274d,5.279909819364548,5.279909819364548,1000.0,1,1,1
/CatalogService/UpdateItembb495096-974e-4624-9589-ef9edd56ce5e,5.647883750498295,5.647883750498295,1000.0,1,1,1
/CatalogService/UpdateItemc84e4fc1-626b-41d1-97bb-eb2e8da63673,4.179156851023436,4.179156851023436,1000.0,1,1,1
/CatalogService/UpdateItemc8d1791a-65a1-40fb-be9c-a4c75976e124,7.32085108757019,7.32085108757019,1000.0,1,1,1
/CatalogService/UpdateItemc9267aa9-c380-4acd-a81d-da8ba2579119,4.148663021624088,4.148663021624088,1000.0,1,1,1
/CatalogService/UpdateItemcd77ae8f-2df6-4f90-b83b-2a50ebd38cc9,6.225242279469967,6.225242279469967,1000.0,1,1,1
/CatalogService/UpdateItemcf414edc-9b3b-4ebf-9849-d60e236f21f8,2.817536238580942,2.817536238580942,1000.0,1,1,1
/CatalogService/UpdateItemd0f0f279-7b46-492d-a41b-d91f15bff76b,13.067554216831923,13.067554216831923,1000.0,1,1,1
/CatalogService/UpdateItemd1a4ec8f-c090-4d17-bf9e-a0bc2fc51585,11.01621799170971,11.01621799170971,1000.0,1,1,1
/CatalogService/UpdateItemd28082fd-01de-4159-bf0b-cf743af3e964,4.30336082354188,4.30336082354188,1000.0,1,1,1
/CatalogService/UpdateItemde5461fe-e07d-4d34-89ef-e99b551392bf,3.868306986987591,3.868306986987591,1000.0,1,1,1
/CatalogService/UpdateIteme13cbd98-9df7-4cc9-a1a4-9a2e154b5e7d,9.103020187467337,9.103020187467337,1000.0,1,1,1
/CatalogService/UpdateIteme1714590-5749-4282-b2af-41810c03195b,9.00487182661891,9.00487182661891,1000.0,1,1,1
/CatalogService/UpdateIteme3cb209f-d634-4857-9011-e670284c7405,2.2652102634310722,2.2652102634310722,1000.0,1,1,1
/CatalogService/UpdateIteme4075946-74c7-4187-8a6d-50201bd59750,3.02607798948884,3.02607798948884,1000.0,1,1,1
/CatalogService/UpdateIteme61cf394-710c-414b-a15f-5ba4042f0d9a,7.937194779515266,7.937194779515266,1000.0,1,1,1
/CatalogService/UpdateIteme8a5b8eb-e2e4-4d2f-98d5-affc646d0e14,3.4832479432225227,3.4832479432225227,1000.0,1,1,1
/CatalogService/UpdateItemec0866a8-d622-47a7-ad46-909c7de6309e,12.314894702285528,12.314894702285528,1000.0,1,1,1
/CatalogService/UpdateItemef623117-0b82-4aa7-bc92-81680ac0f8a4,6.465555168688297,6.465555168688297,1000.0,1,1,1
/CatalogService/UpdateItemf065eb53-424e-4d13-a9f8-b026ac2eab6d,3.752922173589468,3.752922173589468,1000.0,1,1,1
/CatalogService/UpdateItemf3898610-a146-4738-a24c-9c970ac84273,3.5354578867554665,3.5354578867554665,1000.0,1,1,1
/CatalogService/UpdateItemf97f2cf7-d938-449a-925f-69a1be942b5e,3.700786270201206,3.700786270201206,1000.0,1,1,1
/CatalogService/UpdateItemfbd731f9-3283-4bf8-b926-670a5eafb4e9,4.085797816514969,4.085797816514969,1000.0,1,1,1
/CatalogService/UpdateItemfbdd6444-edef-4b76-8ca6-13e9b4bd9241,5.814705044031143,5.814705044031143,1000.0,1,1,1
/CatalogService/UpdateItemfd012124-17d3-4717-b60f-4ec14b12ab18,7.489423733204603,7.489423733204603,1000.0,1,1,1
/CatalogService/UpdateItemffd6b22b-a987-4f79-bba9-d5a7fdb7eecf,6.629021838307381,6.629021838307381,1000.0,1,1,1
/CustomerService/CreateCustomer053af27d-3748-4093-ad1a-f78b0c476498,15.305324923247099,15.305324923247099,1000.0,1,1,1
/CustomerService/CreateCustomer054e66e4-215f-4fec-b313-704ee2d6c36f,13.358777854591608,13.358777854591608,1000.0,1,1,1
/CustomerService/CreateCustomer09f9dadc-424c-4d28-a08e-b70e021e8a16,17.598840408027172,17.598840408027172,1000.0,1,1,1
/CustomerService/CreateCustomer0bae1edf-e227-4d43-a0f5-9061a0af0a2d,21.91143622621894,21.91143622621894,1000.0,1,1,1
/CustomerService/CreateCustomer0bc80cfe-34ee-4b10-94d0-4e0557dbca79,19.864575937390327,19.864575937390327,1000.0,1,1,1
/CustomerService/CreateCustomer14a47240-4cdd-4901-bcdd-21905dd6cd1e,13.904442079365253,13.904442079365253,1000.0,1,1,1
/CustomerService/CreateCustomer17e39e8f-2fa0-437d-bbf7-8d8e39c44d9e,18.335393629968166,18.335393629968166,1000.0,1,1,1
/CustomerService/CreateCustomer1dcde1cb-446e-4f72-ae5c-143d7f675259,4.6306937001645565,4.6306937001645565,1000.0,1,1,1
/CustomerService/CreateCustomer1df27440-9d98-44a4-9d43-35f63450190a,19.798285327851772,19.798285327851772,1000.0,1,1,1
/CustomerService/CreateCustomer22fa1d7f-2640-4979-ae9b-37a254e2dea2,15.63401473686099,15.63401473686099,1000.0,1,1,1
/CustomerService/CreateCustomer259aa0b0-4d13-4c08-b61b-611cde043f23,13.521460816264153,13.521460816264153,1000.0,1,1,1
/CustomerService/CreateCustomer26c3e363-43d0-48f8-b8f9-88c89e8f6ee6,18.16397299990058,18.16397299990058,1000.0,1,1,1
/CustomerService/CreateCustomer2c27b5c7-92c7-4911-8c37-eba495fa515c,24.30618228390813,24.30618228390813,1000.0,1,1,1
/CustomerService/CreateCustomer3537d418-e1e0-4b4e-b119-fd0c731ad591,15.293377917259932,15.293377917259932,1000.0,1,1,1
/CustomerService/CreateCustomer387d1e5e-3840-4bb9-bca7-a6ac05f36688,13.90719972550869,13.90719972550869,1000.0,1,1,1
/CustomerService/CreateCustomer39d93f58-4463-4ce7-918a-9ada3e4c2086,15.130093786865473,15.130093786865473,1000.0,1,1,1
/CustomerService/CreateCustomer3a94e185-e717-45b6-91aa-8f23708cef1b,19.07070493325591,19.07070493325591,1000.0,1,1,1
/CustomerService/CreateCustomer3dbddb8e-51d7-4610-9f3f-1964b47e54c4,19.10768821835518,19.10768821835518,1000.0,1,1,1
/CustomerService/CreateCustomer3e4b3380-bc1f-466e-a13b-f17758c6ddc6,13.227775692939758,13.227775692939758,1000.0,1,1,1
/CustomerService/CreateCustomer480d6a47-7b93-4219-b0cb-083df206d71a,15.66365361213684,15.66365361213684,1000.0,1,1,1
/CustomerService/CreateCustomer4e6fddd1-f9bc-4572-bb44-3b9168f36d8b,9.610652923583984,9.610652923583984,1000.0,1,1,1
/CustomerService/CreateCustomer4f50f596-7f6a-4064-bb8c-579d0c69c1a6,6.82048499584198,6.82048499584198,1000.0,1,1,1
/CustomerService/CreateCustomer4fd16b98-8d1a-48bf-88f6-a7189bd279b1,14.808360952883959,14.808360952883959,1000.0,1,1,1
/CustomerService/CreateCustomer53e8e386-8486-43ae-9a59-11b9b74d3d4c,14.108528848737478,14.108528848737478,1000.0,1,1,1
/CustomerService/CreateCustomer547adf20-4d2d-4a45-ac64-5fccaf443e41,6.502598058432341,6.502598058432341,1000.0,1,1,1
/CustomerService/CreateCustomer621673a6-bff9-4fe3-ae7c-50fa5a7a56b9,12.984021101146936,12.984021101146936,1000.0,1,1,1
/CustomerService/CreateCustomer645e9f26-7936-45f4-a79a-ea521387536e,19.180572126060724,19.180572126060724,1000.0,1,1,1
/CustomerService/CreateCustomer6a16a4fe-4da2-4e64-b004-49abbd2458c8,14.166409149765968,14.166409149765968,1000.0,1,1,1
/CustomerService/CreateCustomer6ca91cc4-7c42-4ac9-91fb-aeb00677feaa,14.776801224797964,14.776801224797964,1000.0,1,1,1
/CustomerService/CreateCustomer7200a429-9bf3-4f8d-bdf3-836cd30cfe85,5.087737925350666,5.087737925350666,1000.0,1,1,1
/CustomerService/CreateCustomer7220ce9f-32f2-4092-ba73-cbf616a0ca8b,11.882845778018236,11.882845778018236,1000.0,1,1,1
/CustomerService/CreateCustomer726e10a6-edd7-4ee2-897e-f61cc281908d,5.783503409475088,5.783503409475088,1000.0,1,1,1
/CustomerService/CreateCustomer75c190cb-8734-4920-895a-f7609e54a657,17.722120974212885,17.722120974212885,1000.0,1,1,1
/CustomerService/CreateCustomer767a5b6a-6bb7-43cf-837d-1ec5dfab84df,7.353354245424271,7.353354245424271,1000.0,1,1,1
/CustomerService/CreateCustomer7a962798-eeee-4257-a57d-7ea430b01473,12.640906032174826,12.640906032174826,1000.0,1,1,1
/CustomerService/CreateCustomer7bb72ad6-827e-4270-a1e9-4ecaab7a4378,19.51718796044588,19.51718796044588,1000.0,1,1,1
/CustomerService/CreateCustomer81638c54-694c-4959-94da-0fe9ecdfbc4d,5.765043199062347,5.765043199062347,1000.0,1,1,1
/CustomerService/CreateCustomer8300739b-fe0f-41d0-bb22-aa3a88c9c42b,8.350352756679058,8.350352756679058,1000.0,1,1,1
/CustomerService/CreateCustomer8a678047-57a7-4c20-8a5b-526cd09575b6,20.088001154363155,20.088001154363155,1000.0,1,1,1
/CustomerService/CreateCustomer8f11fcf0-365c-4281-9ebb-7e08eb67340b,18.4153039008379,18.4153039008379,1000.0,1,1,1
/CustomerService/CreateCustomer934916bf-1e58-4587-80f5-d3dd88186caa,16.822297126054764,16.822297126054764,1000.0,1,1,1
/CustomerService/CreateCustomer951741a2-97c9-4f4f-bfd3-ab941d9bb374,6.528310012072325,6.528310012072325,1000.0,1,1,1
/CustomerService/CreateCustomer98428f32-0032-4f27-8098-2d917b4f5fc6,4.462780896574259,4.462780896574259,1000.0,1,1,1
/CustomerService/CreateCustomer98c172ca-512b-4236-a4ed-d5b1cae09393,5.616036709398031,5.616036709398031,1000.0,1,1,1
/CustomerService/CreateCustomer9bbda666-cacf-41f1-8cd4-4b1e7d5d6c34,7.185596041381359,7.185596041381359,1000.0,1,1,1
/CustomerService/CreateCustomer9ed2a418-eaf9-461f-919b-d5a4a49c67ff,12.474746908992529,12.474746908992529,1000.0,1,1,1
/CustomerService/CreateCustomera34362b0-0092-4133-bdac-b0943617d4b0,5.324154626578093,5.324154626578093,1000.0,1,1,1
/CustomerService/CreateCustomera616cf9e-121d-4c29-b1a5-703987d5cd9d,15.792405232787132,15.792405232787132,1000.0,1,1,1
/CustomerService/CreateCustomera6a31827-a76f-4efc-aaad-036502e91840,18.464537803083658,18.464537803083658,1000.0,1,1,1
/CustomerService/CreateCustomera73e528f-47b9-432f-9767-021d8745aea6,5.467335227876902,5.467335227876902,1000.0,1,1,1
/CustomerService/CreateCustomera7bc59e2-7ab1-4154-87a5-527f34809d3a,19.400724209845066,19.400724209845066,1000.0,1,1,1
/CustomerService/CreateCustomerac4d2a32-7464-4c9c-b646-feb865d2a7a2,7.2146267630159855,7.2146267630159855,1000.0,1,1,1
/CustomerService/CreateCustomerafc2cc2d-440a-46cd-a0b8-26377c093c74,15.693743247538805,15.693743247538805,1000.0,1,1,1
/CustomerService/CreateCustomerbb4ae7cf-661b-4380-92e9-f76c13f1e175,6.771623156964779,6.771623156964779,1000.0,1,1,1
/CustomerService/CreateCustomerc2e2d260-781c-4243-9c31-d628fbbee80d,6.671426817774773,6.671426817774773,1000.0,1,1,1
/CustomerService/CreateCustomerc5fc5a0d-f958-475c-96aa-85766810344d,12.370342388749123,12.370342388749123,1000.0,1,1,1
/CustomerService/CreateCustomerc6ca02f9-c695-4b37-8115-5916313ce11b,17.72959204390645,17.72959204390645,1000.0,1,1,1
/CustomerService/CreateCustomerc6f05ace-2528-475d-b3f9-0089e6b296b0,12.374881189316511,12.374881189316511,1000.0,1,1,1
/CustomerService/CreateCustomercbd03f23-9f7d-4c81-b035-3c5f44c9a11a,5.451180972158909,5.451180972158909,1000.0,1,1,1
/CustomerService/CreateCustomercf02cee8-4d48-4531-b875-d1def1241a94,18.838251009583473,18.838251009583473,1000.0,1,1,1
/CustomerService/CreateCustomercfd6b28d-a2bd-4d5e-a28f-ef3b4fb3d5aa,21.144812926650047,21.144812926650047,1000.0,1,1,1
/CustomerService/CreateCustomerda7ce8e3-4743-4bb8-ba5d-0f3e86d06352,19.118319265544415,19.118319265544415,1000.0,1,1,1
/CustomerService/CreateCustomerdb08d1ff-d243-4b1b-82c9-b3ddfc4b3b81,6.509494036436081,6.509494036436081,1000.0,1,1,1
/CustomerService/CreateCustomerdb7f43fe-d735-4641-bf9c-72ca2857db19,14.870248269289732,14.870248269289732,1000.0,1,1,1
/CustomerService/CreateCustomerdc058316-3e80-4e78-bac6-718cfb5e0c1d,5.208142101764679,5.208142101764679,1000.0,1,1,1
/CustomerService/CreateCustomerdf4879e2-e952-4f48-b783-140bd6816242,6.513928063213825,6.513928063213825,1000.0,1,1,1
/CustomerService/CreateCustomere3797c4a-77b9-4cfa-b607-7762806ba8d3,15.341038815677166,15.341038815677166,1000.0,1,1,1
/CustomerService/CreateCustomere3d955d2-8508-4709-ae2a-c2bcba953786,19.318483769893646,19.318483769893646,1000.0,1,1,1
/CustomerService/CreateCustomere4ca17e1-ada9-4632-86d8-fbf68e4ea9bf,17.64966081827879,17.64966081827879,1000.0,1,1,1
/CustomerService/CreateCustomere52a82b7-572b-43c3-939c-7e3e2b7ab230,6.475057918578386,6.475057918578386,1000.0,1,1,1
/CustomerService/CreateCustomere6edd8ed-2a9c-4571-83b7-21016a2c8999,15.385591890662909,15.385591890662909,1000.0,1,1,1
/CustomerService/CreateCustomerea5d419e-fab6-465a-b8f8-5c45890054ab,6.499683018773794,6.499683018773794,1000.0,1,1,1
/CustomerService/CreateCustomerea9e385b-1c6f-4bd5-9561-1f499f635603,13.936280272901058,13.936280272901058,1000.0,1,1,1
/CustomerService/CreateCustomeree2c9d3a-25bb-49a8-a0ac-17fe773dd819,7.347851991653442,7.347851991653442,1000.0,1,1,1
/CustomerService/CreateCustomereecce853-60d8-450c-b9fe-3cfe05e1b322,6.652629934251308,6.652629934251308,1000.0,1,1,1
/CustomerService/CreateCustomeref4b11f2-1a72-4a7f-8659-534ca50f9294,10.697464924305677,10.697464924305677,1000.0,1,1,1
/CustomerService/CreateCustomerf207786f-0b61-40e1-b4b9-a85e5b07bfbf,13.791817706078291,13.791817706078291,1000.0,1,1,1
/CustomerService/CreateCustomerf8ebc55c-9d7b-428f-8b28-3bd3cbb6ec7e,23.298530373722315,23.298530373722315,1000.0,1,1,1
/CustomerService/CreateCustomerfd248201-c558-4daf-93f8-9ac5b6b35366,5.266798194497824,5.266798194497824,1000.0,1,1,1
/CustomerService/CreateCustomerfe83d05e-0a91-4571-9ef4-b400be2b1738,20.6997306086123,20.6997306086123,1000.0,1,1,1
/CustomerService/UpdateCustomer03daba1f-cdcd-464b-b08a-8bf286210519,5.63172809779644,5.63172809779644,1000.0,1,1,1
/CustomerService/UpdateCustomer0405a71d-c79c-46a7-99ad-64618228eaf7,6.323460955172777,6.323460955172777,1000.0,1,1,1
/CustomerService/UpdateCustomer04d22143-aca4-4436-8442-fc16699582a7,5.561454221606255,5.561454221606255,1000.0,1,1,1
/CustomerService/UpdateCustomer057d9df9-cccf-489c-85ae-81e0268517c9,8.408308029174805,8.408308029174805,1000.0,1,1,1
/CustomerService/UpdateCustomer09086b6e-07d6-4702-86fd-5fe8a8cd38e9,5.893584806472063,5.893584806472063,1000.0,1,1,1
/CustomerService/UpdateCustomer0e690066-5dc5-4255-8ae2-8cc62a8f5d55,8.090578950941563,8.090578950941563,1000.0,1,1,1
/CustomerService/UpdateCustomer0efc5170-1a40-4890-acdc-81039b19ba8d,5.747470073401928,5.747470073401928,1000.0,1,1,1
/CustomerService/UpdateCustomer0f5b9634-dfe6-4551-8343-998679387bd0,6.338954903185368,6.338954903185368,1000.0,1,1,1
/CustomerService/UpdateCustomer1142edd4-eec3-47e6-80f1-facfd6a13124,8.369934279471636,8.369934279471636,1000.0,1,1,1
/CustomerService/UpdateCustomer118ed423-76e4-4b8f-81d9-b618f03ef4c3,6.424844730645418,6.424844730645418,1000.0,1,1,1
/CustomerService/UpdateCustomer179b4291-ac78-4430-bd81-599b283c1a6a,7.076751906424761,7.076751906424761,1000.0,1,1,1
/CustomerService/UpdateCustomer21361bb2-acc9-41aa-b611-0f68928859ed,7.911473978310823,7.911473978310823,1000.0,1,1,1
/CustomerService/UpdateCustomer244bb2f1-b62a-40d8-8176-3209b3ca6cd0,11.357781011611223,11.357781011611223,1000.0,1,1,1
/CustomerService/UpdateCustomer2880b3ba-e6ca-494f-9510-0436c52d571d,6.345152854919434,6.345152854919434,1000.0,1,1,1
/CustomerService/UpdateCustomer2951f855-5aa9-443b-aae4-ae1ad11d34e3,8.0957873724401,8.0957873724401,1000.0,1,1,1
/CustomerService/UpdateCustomer2b237d0e-1f48-4561-ab0e-f955d67a6b8d,6.138775963336229,6.138775963336229,1000.0,1,1,1
/CustomerService/UpdateCustomer3426f1e5-27d3-4521-b28e-53bdaba3fa82,5.836766213178635,5.836766213178635,1000.0,1,1,1
/CustomerService/UpdateCustomer3998f406-603d-4b42-ab0e-c5bdb9205efe,7.298734970390797,7.298734970390797,1000.0,1,1,1
/CustomerService/UpdateCustomer3b3e1685-d1e4-4c1c-8530-189a295ce594,5.728778894990683,5.728778894990683,1000.0,1,1,1
/CustomerService/UpdateCustomer3bf0135b-9aa8-4523-ad93-996d4840ec47,8.238604757934809,8.238604757934809,1000.0,1,1,1
/CustomerService/UpdateCustomer3dcd1a52-d9fb-4264-87e4-9da6229ebf00,5.967521108686924,5.967521108686924,1000.0,1,1,1
/CustomerService/UpdateCustomer403114a3-9dca-4708-ba1c-6578e9f289b1,9.19914385303855,9.19914385303855,1000.0,1,1,1
/CustomerService/UpdateCustomer4376a68c-e8f8-4088-a72f-e5c3cb9f2c2c,4.1320123709738255,4.1320123709738255,1000.0,1,1,1
/CustomerService/UpdateCustomer43b45d8b-e842-4c2d-95d7-ebd6cbd3af37,8.590776938945055,8.590776938945055,1000.0,1,1,1
/CustomerService/UpdateCustomer4798805a-1f20-4cd6-ac4b-0c9f0dceafbe,12.0464526116848,12.0464526116848,1000.0,1,1,1
/CustomerService/UpdateCustomer48ad0ef4-9d6a-4007-8dde-ac37bd407fac,38.1423020735383,38.1423020735383,1000.0,1,1,1
/CustomerService/UpdateCustomer51963099-e9e2-4307-9f75-4adf6b8d084e,8.279824629426003,8.279824629426003,1000.0,1,1,1
/CustomerService/UpdateCustomer5448c687-301b-4636-b5f8-fb3b28ffc8b7,11.665586847811937,11.665586847811937,1000.0,1,1,1
/CustomerService/UpdateCustomer5639485a-1d45-4f2a-90eb-d4ae7a9348ce,10.345655959099531,10.345655959099531,1000.0,1,1,1
/CustomerService/UpdateCustomer5b6c20d0-211c-4c5a-bb97-329d73dc66fc,5.862364079803228,5.862364079803228,1000.0,1,1,1
/CustomerService/UpdateCustomer5e54bb21-8f61-429d-9898-f0eafc884146,5.268733017146587,5.268733017146587,1000.0,1,1,1
/CustomerService/UpdateCustomer652d5eee-cd67-41d8-b224-ba716bb9b1c3,15.977152157574892,15.977152157574892,1000.0,1,1,1
/CustomerService/UpdateCustomer67b724f7-c88b-4a82-947e-ab513aa62f4c,6.095428019762039,6.095428019762039,1000.0,1,1,1
/CustomerService/UpdateCustomer6b3ec477-350a-46fa-b0a5-bc1589a453f1,7.594251073896885,7.594251073896885,1000.0,1,1,1
/CustomerService/UpdateCustomer6bbeec00-8f0c-447b-8b1c-80676c90d846,17.282044049352407,17.282044049352407,1000.0,1,1,1
/CustomerService/UpdateCustomer6c6290b0-7e4d-474e-b67a-2ef895a43593,8.374488912522793,8.374488912522793,1000.0,1,1,1
/CustomerService/UpdateCustomer7013261e-0832-4b4e-81ca-901caa10a380,12.780385091900826,12.780385091900826,1000.0,1,1,1
/CustomerService/UpdateCustomer72a607c1-9268-4cfe-b135-65e1d0923228,5.158405750989914,5.158405750989914,1000.0,1,1,1
/CustomerService/UpdateCustomer7918c5d7-c183-4a95-9371-dac6438ce547,6.564131937921047,6.564131937921047,1000.0,1,1,1
/CustomerService/UpdateCustomer79f2dae1-a640-4a4c-ac31-a2e3954e3c1a,7.8859832137823105,7.8859832137823105,1000.0,1,1,1
/CustomerService/UpdateCustomer7c9bfd11-0dd3-43b7-bc65-e7e6734f41e7,5.330631043761969,5.330631043761969,1000.0,1,1,1
/CustomerService/UpdateCustomer7d47b6b8-cbd6-428e-b83a-2bd9e4889e81,6.955601740628481,6.955601740628481,1000.0,1,1,1
/CustomerService/UpdateCustomer7dcedda1-4dcd-4808-982f-c40c84e9467d,7.299711927771568,7.299711927771568,1000.0,1,1,1
/CustomerService/UpdateCustomer80b0c56c-649c-43bb-9bcb-edc7a6ec76b6,13.691065832972527,13.691065832972527,1000.0,1,1,1
/CustomerService/UpdateCustomer81ffde9b-a179-4616-bf7a-2edb9fb20fed,6.631514988839626,6.631514988839626,1000.0,1,1,1
/CustomerService/UpdateCustomer82d2730f-7862-48fa-b99a-a2a802b21043,4.789596889168024,4.789596889168024,1000.0,1,1,1
/CustomerService/UpdateCustomer865a3aa8-e866-471b-b74c-d59d15c5cc55,9.491079952567816,9.491079952567816,1000.0,1,1,1
/CustomerService/UpdateCustomer86822b39-7d81-42fc-af80-f76db73d735e,5.142453126609325,5.142453126609325,1000.0,1,1,1
/CustomerService/UpdateCustomer88309fc9-ee93-4c04-9064-88d34fe2756e,4.619045183062553,4.619045183062553,1000.0,1,1,1
/CustomerService/UpdateCustomer8918f42a-fa71-4733-b4a9-473c5508e572,7.2624050080776215,7.2624050080776215,1000.0,1,1,1
/CustomerService/UpdateCustomer892e0209-6142-45ce-8768-eb5b7517fdea,9.34885535389185,9.34885535389185,1000.0,1,1,1
/CustomerService/UpdateCustomer8b0a6af0-240d-4bb7-8958-31a8a00c1e97,8.187185041606426,8.187185041606426,1000.0,1,1,1
/CustomerService/UpdateCustomer8d19fd50-aae5-4e6d-bade-aecf4c579031,4.88771079108119,4.88771079108119,1000.0,1,1,1
/CustomerService/UpdateCustomer90c7d288-08d9-4310-aa3e-ee344ba8f104,8.0622723326087,8.0622723326087,1000.0,1,1,1
/CustomerService/UpdateCustomer9113dedd-ea03-4b4a-96af-3ee38b089978,6.872666999697685,6.872666999697685,1000.0,1,1,1
/CustomerService/UpdateCustomer9187b80f-4c7c-4b7b-8ccf-d4257bec12ed,6.762784905731678,6.762784905731678,1000.0,1,1,1
/CustomerService/UpdateCustomer921d5cdf-a9a0-496c-b165-02d73e1ccc18,8.918240200728178,8.918240200728178,1000.0,1,1,1
/CustomerService/UpdateCustomer978b1f92-76c1-4f8f-b800-4f816a8f39b3,8.59710993245244,8.59710993245244,1000.0,1,1,1
/CustomerService/UpdateCustomer994d5929-1de5-4502-8a53-e1ed06321fa2,8.306446019560099,8.306446019560099,1000.0,1,1,1
/CustomerService/UpdateCustomer99d711ca-dc69-4979-907f-0ab6e7b32173,7.311317138373852,7.311317138373852,1000.0,1,1,1
/CustomerService/UpdateCustomer9a33c5ae-80ed-4292-8f01-6aa16325ca3b,7.908159866929054,7.908159866929054,1000.0,1,1,1
/CustomerService/UpdateCustomera1427c75-abf1-4973-875e-6e32ab370a2c,6.26987311989069,6.26987311989069,1000.0,1,1,1
/CustomerService/UpdateCustomera80eebd5-759d-4b40-b245-da29980591ba,5.5059632286429405,5.5059632286429405,1000.0,1,1,1
/CustomerService/UpdateCustomeraa131a1d-f75d-454c-9926-b977ce41b8c3,4.194183740764856,4.194183740764856,1000.0,1,1,1
/CustomerService/UpdateCustomerab9d8765-f928-42c7-9466-961a58e819ee,6.780317984521389,6.780317984521389,1000.0,1,1,1
/CustomerService/UpdateCustomerb3caad20-f2cd-496a-960f-6e1983eec5b6,6.576106883585453,6.576106883585453,1000.0,1,1,1
/CustomerService/UpdateCustomerb402b3cd-4f37-4011-838a-6a2a64f762fd,6.13302830606699,6.13302830606699,1000.0,1,1,1
/CustomerService/UpdateCustomerb94228ed-fac8-4f6d-9d1c-56f8a6e768bc,8.255309890955687,8.255309890955687,1000.0,1,1,1
/CustomerService/UpdateCustomerb9987f85-649b-45ea-b3d6-c4774d51b447,5.710644647479057,5.710644647479057,1000.0,1,1,1
/CustomerService/UpdateCustomerbb5e242f-67b3-468a-810c-b97a32b39e62,6.6174110397696495,6.6174110397696495,1000.0,1,1,1
/CustomerService/UpdateCustomerbe03a15b-188f-4fe3-9295-e2bce531bbcd,7.726804818958044,7.726804818958044,1000.0,1,1,1
/CustomerService/UpdateCustomerbfb6c72b-2854-4b6e-a424-cbcb2a88034f,5.427228752523661,5.427228752523661,1000.0,1,1,1
/CustomerService/UpdateCustomerc1f65115-d75f-4a1f-b968-9d93654e47d9,5.524193402379751,5.524193402379751,1000.0,1,1,1
/CustomerService/UpdateCustomercdf7addc-966c-44f3-93ee-cfb6f25a137f,5.707528907805681,5.707528907805681,1000.0,1,1,1
/CustomerService/UpdateCustomerd1a3731b-c802-458e-b5a4-a5de9ff6de3f,6.720653269439936,6.720653269439936,1000.0,1,1,1
/CustomerService/UpdateCustomerd2819359-4a29-482b-914d-fb5505b5808b,7.377868052572012,7.377868052572012,1000.0,1,1,1
/CustomerService/UpdateCustomerd380f3ef-6c1b-4859-80bf-60eaad6bc4f7,14.574021100997925,14.574021100997925,1000.0,1,1,1
/CustomerService/UpdateCustomerdfdce4a2-d410-4300-9471-7f2d1e86ff44,5.634121131151915,5.634121131151915,1000.0,1,1,1
/CustomerService/UpdateCustomeref51947e-520d-4be8-bbfc-548efd5629d2,6.024054251611233,6.024054251611233,1000.0,1,1,1
/CustomerService/UpdateCustomerfd9f0fc9-5437-434a-9d0d-11b4a63f8325,6.675059907138348,6.675059907138348,1000.0,1,1,1
/CustomerService/getCustomer00b5b8ac-8a8c-4c97-8437-43da3b8d6248,2.624204847961664,2.624204847961664,2.0,1,1,1
/CustomerService/getCustomer02233adb-f682-4563-bd51-e615c12bdfd0,3.222249448299408,3.222249448299408,2.0,1,1,1
/CustomerService/getCustomer04ddf3e9-3722-4f97-910f-199d280a4952,3.698896151036024,3.698896151036024,2.0,1,1,1
/CustomerService/getCustomer05540180-97b5-4638-8e6b-136e9962e8bb,4.058024846017361,4.058024846017361,2.0,1,1,1
/CustomerService/getCustomer05bd157b-79f3-4c52-b4b4-1563503b4bd0,3.353782929480076,3.353782929480076,2.0,1,1,1
/CustomerService/getCustomer05d60e90-5a35-4f0b-9ca4-0eef926b6274,2.9645320028066635,2.9645320028066635,2.0,1,1,1
/CustomerService/getCustomer0cbbac3e-57eb-4200-982e-2bc75a91a83a,2.8141317889094353,2.8141317889094353,2.0,1,1,1
/CustomerService/getCustomer12982f32-a897-46aa-9de9-f1b8942b2971,2.8920872136950493,2.8920872136950493,2.0,1,1,1
/CustomerService/getCustomer13d9e4e8-fec0-42ec-a3a4-2ae3dbd3f9c1,2.9030381701886654,2.9030381701886654,2.0,1,1,1
/CustomerService/getCustomer18524409-c5a6-4877-8590-7ca50d543ee9,2.7697402983903885,2.7697402983903885,2.0,1,1,1
/CustomerService/getCustomer1c413e0f-96de-4ac5-bde3-28bce7e5ea98,4.32910118252039,4.32910118252039,2.0,1,1,1
/CustomerService/getCustomer287ce9b0-e362-477b-b9d4-dff40383c05c,3.3894646912813187,3.3894646912813187,2.0,1,1,1
/CustomerService/getCustomer2ab42256-63f8-47fd-bafe-05906a583cc6,2.019627019762993,2.019627019762993,2.0,1,1,1
/CustomerService/getCustomer2f491200-ab81-4df6-9754-38ac1b55be2d,2.6950668543577194,2.6950668543577194,2.0,1,1,1
/CustomerService/getCustomer3828e662-1e49-4168-b31e-e6e1b4af9e42,5.224811844527721,5.224811844527721,2.0,1,1,1
/CustomerService/getCustomer3badf978-7a30-4d67-b37f-5f84c8939c0b,3.175267018377781,3.175267018377781,2.0,1,1,1
/CustomerService/getCustomer43463f11-15a7-4303-80e7-0188415e1c4d,4.720242228358984,4.720242228358984,2.0,1,1,1
/CustomerService/getCustomer44239894-6331-49a0-91ca-314ebd8e391c,2.486639656126499,2.486639656126499,2.0,1,1,1
/CustomerService/getCustomer4ad87c54-4e1c-4832-9560-8c587f557178,2.276516053825617,2.276516053825617,2.0,1,1,1
/CustomerService/getCustomer4d829a51-7f06-4c7a-bc31-892f2183abf9,3.3168550580739975,3.3168550580739975,2.0,1,1,1
/CustomerService/getCustomer4de1e29b-b17b-4313-b608-3366ec34ad79,1.5578786842525005,1.5578786842525005,2.0,1,1,1
/CustomerService/getCustomer4e1ce849-d6eb-41bb-9327-c7e79881a795,3.199645783752203,3.199645783752203,2.0,1,1,1
/CustomerService/getCustomer4f77c51b-892d-425f-96a4-ab864435fdab,2.210990060120821,2.210990060120821,2.0,1,1,1
/CustomerService/getCustomer52066dcf-d5e7-4f78-b9a4-1a1aebbeebb3,3.175636287778616,3.175636287778616,2.0,1,1,1
/CustomerService/getCustomer52a13cac-3006-4325-b902-c0198999c9cf,3.758335020393133,3.758335020393133,2.0,1,1,1
/CustomerService/getCustomer52d3178b-c65c-4457-b6d5-7cf12c75dc9b,2.7089188806712627,2.7089188806712627,2.0,1,1,1
/CustomerService/getCustomer533f2ec5-0430-4651-80fe-00dd67d0be99,2.7350131422281265,2.7350131422281265,2.0,1,1,1
/CustomerService/getCustomer557ebee7-1367-4bad-9495-1d23144c7320,3.9050159975886345,3.9050159975886345,2.0,1,1,1
/CustomerService/getCustomer56636299-8365-47dc-b7c3-1d3721140fdd,8.661617059260607,8.661617059260607,2.0,1,1,1
/CustomerService/getCustomer575d0846-b49f-4725-8c8c-e1cf97024a6f,4.063895437866449,4.063895437866449,2.0,1,1,1
/CustomerService/getCustomer5ec6a3ac-0f33-4d01-a893-b5e06aafde9b,2.796111162751913,2.796111162751913,2.0,1,1,1
/CustomerService/getCustomer60719994-8f76-4353-88e2-4193383567e9,3.41911893337965,3.41911893337965,2.0,1,1,1
/CustomerService/getCustomer630ab17c-bf7f-40d7-943a-bf4d7cc2d461,2.3507457226514816,2.3507457226514816,2.0,1,1,1
/CustomerService/getCustomer66f80436-0fdf-4fcd-95a1-d6594c7f9407,2.8335126116871834,2.8335126116871834,2.0,1,1,1
/CustomerService/getCustomer6854c5da-fe1c-4163-b407-446f83d866c6,4.830101039260626,4.830101039260626,2.0,1,1,1
/CustomerService/getCustomer69aeb968-d263-4010-bff7-89ded5fddd1d,2.118328120559454,2.118328120559454,2.0,1,1,1
/CustomerService/getCustomer6bcab521-5199-48bc-a5ea-c45c7b32f489,2.7429326437413692,2.7429326437413692,2.0,1,1,1
/CustomerService/getCustomer6ce18495-2d31-42dd-9eb1-658c61c3dda0,2.580704167485237,2.580704167485237,2.0,1,1,1
/CustomerService/getCustomer6d73a659-0ef9-4c0a-a49c-c479b44d0225,9.357337839901447,9.357337839901447,2.0,1,1,1
/CustomerService/getCustomer726cb2fa-69a5-4b74-a800-6d547993e152,2.5332686491310596,2.5332686491310596,2.0,1,1,1
/CustomerService/getCustomer765fa362-6f6d-4960-809e-75ce58544c95,2.2188141010701656,2.2188141010701656,2.0,1,1,1
/CustomerService/getCustomer7e13dd38-01f7-4013-babe-f9ee658abd76,2.895304001867771,2.895304001867771,2.0,1,1,1
/CustomerService/getCustomer7e3f1068-99b0-4366-823b-1ecf7d5a54b8,4.140354692935944,4.140354692935944,2.0,1,1,1
/CustomerService/getCustomer81d7fab6-f763-4748-b428-38a0d963681a,1.82782718911767,1.82782718911767,2.0,1,1,1
/CustomerService/getCustomer82f3e7dc-3ad3-4d80-9d86-f5fb19dff68f,9.267764631658792,9.267764631658792,2.0,1,1,1
/CustomerService/getCustomer83aa0ddf-2042-4d86-a740-1e1d18d1c96e,7.235880941152573,7.235880941152573,2.0,1,1,1
/CustomerService/getCustomer84c75a20-4b29-44e1-a3f8-42731443757a,3.344685770571232,3.344685770571232,2.0,1,1,1
/CustomerService/getCustomer86ef87cd-8dfa-4aab-81f7-b175e948cae0,3.1039100140333176,3.1039100140333176,2.0,1,1,1
/CustomerService/getCustomer8b7a9966-5311-4086-adb0-0fd1edfb3156,3.377262968569994,3.377262968569994,2.0,1,1,1
/CustomerService/getCustomer919d54a9-bc7b-47dd-8803-f98fa753eb4a,2.8422209434211254,2.8422209434211254,2.0,1,1,1
/CustomerService/getCustomer91df22e1-a08d-43e9-a218-e7e22ea09746,3.235591109842062,3.235591109842062,2.0,1,1,1
/CustomerService/getCustomer942b82ab-b064-494e-b527-5ccd809c2412,2.9866411350667477,2.9866411350667477,2.0,1,1,1
/CustomerService/getCustomera1b8421a-0070-495b-a2fe-febd6c459189,3.6343997344374657,3.6343997344374657,2.0,1,1,1
/CustomerService/getCustomera56d3a15-2afa-4aa6-9a8e-9ae847d33bb8,3.451191820204258,3.451191820204258,2.0,1,1,1
/CustomerService/getCustomera8dffe09-7c4c-403e-a91b-62a95b287e42,2.6504728011786938,2.6504728011786938,2.0,1,1,1
/CustomerService/getCustomeraa39dace-0ee1-4426-abef-2d5d65458a31,3.0906638130545616,3.0906638130545616,2.0,1,1,1
/CustomerService/getCustomerac96484d-a17e-4381-9bbc-fff37175d6d8,6.202238146215677,6.202238146215677,2.0,1,1,1
/CustomerService/getCustomerad09e1f5-128b-47fa-9da8-d0ab0d419e65,2.6121665723621845,2.6121665723621845,2.0,1,1,1
/CustomerService/getCustomerb1705a80-03fa-4066-a6b8-e2469b9b77e5,4.4674258679151535,4.4674258679151535,2.0,1,1,1
/CustomerService/getCustomerb5e2971d-c748-4548-bf7f-f9e8c6a04bd9,4.506074823439121,4.506074823439121,2.0,1,1,1
/CustomerService/getCustomerbc167586-fa22-41e5-9347-0cea50efcab4,3.1137443147599697,3.1137443147599697,2.0,1,1,1
/CustomerService/getCustomerbcdc8b35-e371-4432-8840-dbbf7ea874df,2.3482018150389194,2.3482018150389194,2.0,1,1,1
/CustomerService/getCustomerbff93e25-330d-4928-9922-cd55caabfc85,3.811741713434458,3.811741713434458,2.0,1,1,1
/CustomerService/getCustomerc0bfebfd-8aca-42bf-ab9e-6897f31f2e55,3.10329906642437,3.10329906642437,2.0,1,1,1
/CustomerService/getCustomerc3971a5f-440d-45ae-8ba6-3a92a155b839,8.554423693567514,8.554423693567514,2.0,1,1,1
/CustomerService/getCustomerc5c43b7a-f69f-4b59-a27a-0f60f84d4e94,2.6403339579701424,2.6403339579701424,2.0,1,1,1
/CustomerService/getCustomerc7800bdc-1c51-4c9f-a226-2b2d1c9af3da,4.1352431289851665,4.1352431289851665,2.0,1,1,1
/CustomerService/getCustomerd29095bc-bc25-4e8e-9a31-14c49812bb79,3.453820012509823,3.453820012509823,2.0,1,1,1
/CustomerService/getCustomerd4523b4f-8a9a-403d-b4fd-8e4cbd504fd2,3.876246977597475,3.876246977597475,2.0,1,1,1
/CustomerService/getCustomerd4b7b3de-8139-47b9-90a4-17c63ae4fe74,2.7518202550709248,2.7518202550709248,2.0,1,1,1
/CustomerService/getCustomere3b59e2e-c0d5-4655-9764-968a36200ca8,1.9317730329930782,1.9317730329930782,2.0,1,1,1
/CustomerService/getCustomere611df02-205e-4733-ace2-4b5b61b30ddf,2.8213178738951683,2.8213178738951683,2.0,1,1,1
/CustomerService/getCustomere8b1bba0-558a-4725-9146-0974acc361b9,8.571913000196218,8.571913000196218,2.0,1,1,1
/CustomerService/getCustomere97f8bb9-9af0-4914-9ec9-3edb18052f53,3.08831874281168,3.08831874281168,2.0,1,1,1
/CustomerService/getCustomereb6d21a2-1b15-4d28-92ac-bbbc878e2f74,2.81017879024148,2.81017879024148,2.0,1,1,1
/CustomerService/getCustomeref08b315-b50a-489e-ab8c-f18f10585361,2.3929961025714874,2.3929961025714874,2.0,1,1,1
/CustomerService/getCustomerf00b3c39-dc67-464e-a07a-0d6b4707518f,2.568233758211136,2.568233758211136,2.0,1,1,1
/CustomerService/getCustomerf23216e9-f168-4065-a3d1-b5285ce39c12,8.414407726377249,8.414407726377249,2.0,1,1,1
/CustomerService/getCustomerf3dfc3cb-4c52-40be-88bd-79376797ae31,2.3704790510237217,2.3704790510237217,2.0,1,1,1
/CustomerService/getCustomerf5927dbc-a612-4cdc-baae-c92ee360ac5d,22.050300147384405,22.050300147384405,2.0,1,1,1
/OrderService/CreateOrder002ca2df-806a-43c7-b64e-bb6da4a72907,2.598544117063284,2.598544117063284,1000.0,1,1,1
/OrderService/CreateOrder07d7dd58-03d3-483c-86e1-e4628bd6c325,2.8562191873788834,2.8562191873788834,1000.0,1,1,1
/OrderService/CreateOrder095907e7-c27c-4acf-bd7f-f8f1a4bf5a52,3.6909980699419975,3.6909980699419975,1000.0,1,1,1
/OrderService/CreateOrder0acd6b8a-9edc-4690-8375-d029f30a90ee,2.8433077968657017,2.8433077968657017,1000.0,1,1,1
/OrderService/CreateOrder0be63334-9d12-4662-a9ad-85dda115b316,4.5477221719920635,4.5477221719920635,1000.0,1,1,1
/OrderService/CreateOrder0e26dec7-a348-4fed-9a95-71b73b68b3d6,3.913777880370617,3.913777880370617,1000.0,1,1,1
/OrderService/CreateOrder0ee08040-38c1-4747-919e-ca3b39c4e17c,2.7861660346388817,2.7861660346388817,1000.0,1,1,1
/OrderService/CreateOrder11fd610b-9de8-4cf2-b08b-8045448ae94d,4.780606832355261,4.780606832355261,1000.0,1,1,1
/OrderService/CreateOrder13e1c190-d4ae-4f14-a0c0-eae32b21d645,8.491411805152893,8.491411805152893,1000.0,1,1,1
/OrderService/CreateOrder13f45652-b45e-4841-bfee-77d649d4e7e7,4.533924162387848,4.533924162387848,1000.0,1,1,1
/OrderService/CreateOrder15b9bdfe-66c5-40d1-907d-798f82f2cf00,2.710243221372366,2.710243221372366,1000.0,1,1,1
/OrderService/CreateOrder17d6f31e-eee4-4e40-8fff-d9ce63a7984c,3.407529089599848,3.407529089599848,1000.0,1,1,1
/OrderService/CreateOrder1906f5e9-ccc1-473b-90c4-718823aafce7,2.3939483799040318,2.3939483799040318,1000.0,1,1,1
/OrderService/CreateOrder1959ccff-e927-4a04-9608-0e0c7aadda11,3.226952161639929,3.226952161639929,1000.0,1,1,1
/OrderService/CreateOrder1cef1a0e-8c37-4962-ac3c-885ff622b0bb,2.537153661251068,2.537153661251068,1000.0,1,1,1
/OrderService/CreateOrder219ed8d6-1d3e-4c8b-a476-7578e8bf9a59,2.6699118316173553,2.6699118316173553,1000.0,1,1,1
/OrderService/CreateOrder25c7680b-8e9d-4625-a755-e25ffbbabf6c,3.360888920724392,3.360888920724392,1000.0,1,1,1
/OrderService/CreateOrder284ba3a1-b416-4bb0-8ed5-aaa8b917934b,3.2890900038182735,3.2890900038182735,1000.0,1,1,1
/OrderService/CreateOrder3073b722-2688-400b-bd6c-5970b7221d9a,2.2892598062753677,2.2892598062753677,1000.0,1,1,1
/OrderService/CreateOrder3660ebc2-d13d-4395-afcb-e77b78ee800f,2.4675866588950157,2.4675866588950157,1000.0,1,1,1
/OrderService/CreateOrder36d497ab-2d4e-47f2-a18e-cd710cdd009a,2.7714790776371956,2.7714790776371956,1000.0,1,1,1
/OrderService/CreateOrder378c2317-4e50-449e-b020-0d6285130c9f,2.9151192866265774,2.9151192866265774,1000.0,1,1,1
/OrderService/CreateOrder3b862123-f88d-4b83-9a7a-4d0aed797e4f,2.9930290766060352,2.9930290766060352,1000.0,1,1,1
/OrderService/CreateOrder3b972f5d-c61f-43be-826b-c18238590cdf,4.976133815944195,4.976133815944195,1000.0,1,1,1
/OrderService/CreateOrder3eae5c35-d5cb-456e-9e78-4fc88f1edc4a,2.7626901865005493,2.7626901865005493,1000.0,1,1,1
/OrderService/CreateOrder416a8c6d-1f28-4d3d-b7e3-917db8dffc38,3.0413330532610416,3.0413330532610416,1000.0,1,1,1
/OrderService/CreateOrder418feb8f-0eea-4d03-8ab9-5da4ba0e5bec,1.8194499425590038,1.8194499425590038,1000.0,1,1,1
/OrderService/CreateOrder42d8da2f-fe0e-4948-8c1c-2e7a01c69d35,2.2032177075743675,2.2032177075743675,1000.0,1,1,1
/OrderService/CreateOrder435fd474-f68b-4943-a37f-2d82ca20e6e9,2.8141620568931103,2.8141620568931103,1000.0,1,1,1
/OrderService/CreateOrder44427c7e-b0b7-47e1-b883-80e823791b99,2.1599363535642624,2.1599363535642624,1000.0,1,1,1
/OrderService/CreateOrder4565a2ad-eb04-40ef-8059-3b5192321a3a,1.6305958852171898,1.6305958852171898,1000.0,1,1,1
/OrderService/CreateOrder477e7440-5b6f-49bd-b65f-630f56a38f04,3.2412088476121426,3.2412088476121426,1000.0,1,1,1
/OrderService/CreateOrder48841266-7265-40d9-b0c6-289a1893e2aa,2.9475069604814053,2.9475069604814053,1000.0,1,1,1
/OrderService/CreateOrder4c6be1f7-a856-4f8a-8e87-667ccf942afe,6.090815179049969,6.090815179049969,1000.0,1,1,1
/OrderService/CreateOrder4c9b515f-4697-4052-9816-bc8319e9fb9a,4.298520274460316,4.298520274460316,1000.0,1,1,1
/OrderService/CreateOrder4ea15eb4-1a60-4b5b-bbb2-7a24dd3963a5,5.516299977898598,5.516299977898598,1000.0,1,1,1
/OrderService/CreateOrder56c95edc-71c3-4f43-a8ea-c8874bee90b4,3.7957830354571342,3.7957830354571342,1000.0,1,1,1
/OrderService/CreateOrder5971075a-edcc-46da-a059-6f84f3db9bef,2.1598590537905693,2.1598590537905693,1000.0,1,1,1
/OrderService/CreateOrder6871e9e4-c84d-42ae-891b-6af641263a5f,2.5911731645464897,2.5911731645464897,1000.0,1,1,1
/OrderService/CreateOrder6c06f1fb-a604-46f3-923b-b988384455c3,2.646236214786768,2.646236214786768,1000.0,1,1,1
/OrderService/CreateOrder6e86bea1-980a-4ced-ac5f-162205402820,2.2608712315559387,2.2608712315559387,1000.0,1,1,1
/OrderService/CreateOrder78f2dfdd-c9df-437e-bb42-2b970aee7658,2.0968951284885406,2.0968951284885406,1000.0,1,1,1
/OrderService/CreateOrder795c29bd-a2c4-4a55-8409-2d6122ede829,2.8384309262037277,2.8384309262037277,1000.0,1,1,1
/OrderService/CreateOrder7aa17d36-dac2-49f7-b3ac-7339d2fd0d6f,3.141764085739851,3.141764085739851,1000.0,1,1,1
/OrderService/CreateOrder7b5dfa0e-4f42-4a7b-9bc6-885b8a8eefd6,9.150749072432518,9.150749072432518,1000.0,1,1,1
/OrderService/CreateOrder82517eb4-ddd6-4918-a1ff-fcebe95bbca4,2.7139708399772644,2.7139708399772644,1000.0,1,1,1
/OrderService/CreateOrder8330419c-0e9f-45c4-86c8-ef8334dda9a2,6.2826150096952915,6.2826150096952915,1000.0,1,1,1
/OrderService/CreateOrder869f4c76-c543-43c9-9e85-7e46c71475e5,7.875204086303711,7.875204086303711,1000.0,1,1,1
/OrderService/CreateOrder86b91040-4f8e-4517-a73e-53c711ef63cf,6.036847364157438,6.036847364157438,1000.0,1,1,1
/OrderService/CreateOrder8a59cc1e-e851-4875-b32a-98a926bfb668,6.597079336643219,6.597079336643219,1000.0,1,1,1
/OrderService/CreateOrder8f406bb6-38df-48bc-bca5-adb1aa7457b5,4.9943700432777405,4.9943700432777405,1000.0,1,1,1
/OrderService/CreateOrder91ddfc0f-6924-4395-bdc3-818ff8e12e22,6.1607882380485535,6.1607882380485535,1000.0,1,1,1
/OrderService/CreateOrder998aa475-84c9-4340-97f6-f266d6087d8c,3.5636709071695805,3.5636709071695805,1000.0,1,1,1
/OrderService/CreateOrder9a056b52-dbde-4273-96f2-d2b396490048,3.049470018595457,3.049470018595457,1000.0,1,1,1
/OrderService/CreateOrder9a61bd44-2b39-44ec-8a3a-ff74c5bf7f11,4.957590252161026,4.957590252161026,1000.0,1,1,1
/OrderService/CreateOrder9b9fab9b-5ae8-4950-9cab-a2cee6813b68,2.9214811511337757,2.9214811511337757,1000.0,1,1,1
/OrderService/CreateOrder9cc9bed4-4104-418a-a0e7-8f9c7f8c97e0,3.4699048846960068,3.4699048846960068,1000.0,1,1,1
/OrderService/CreateOrdera2bc0dd3-5418-4ab7-9f46-1aa741c7a974,7.318345829844475,7.318345829844475,1000.0,1,1,1
/OrderService/CreateOrdera38ecac9-acad-47a9-8298-3fc15e94bb3a,2.5700749829411507,2.5700749829411507,999.0,1,1,1
/OrderService/CreateOrderadc4512d-6783-4c2e-a3b3-fb0fce6242c9,6.989242043346167,6.989242043346167,1000.0,1,1,1
/OrderService/CreateOrderaddc1ede-aac3-4089-938a-130b734ba427,3.022857941687107,3.022857941687107,1000.0,1,1,1
/OrderService/CreateOrderb0b65efe-ee84-49f6-b7af-7318c0e0de81,3.150921780616045,3.150921780616045,1000.0,1,1,1
/OrderService/CreateOrderb19ef518-2b70-4c72-a4d3-ef08610fd60d,2.5549503043293953,2.5549503043293953,1000.0,1,1,1
/OrderService/CreateOrderb4b2fcc8-33e5-4ab6-8e69-cd2592de95dc,2.4486947804689407,2.4486947804689407,1000.0,1,1,1
/OrderService/CreateOrderbb4c7c79-9711-4451-9a13-c2176e57f90d,3.005228005349636,3.005228005349636,1000.0,1,1,1
/OrderService/CreateOrderbd757991-7238-4a2f-a5b1-f1f0eccd4a11,5.040938034653664,5.040938034653664,1000.0,1,1,1
/OrderService/CreateOrderbe4428e0-c4dc-4d64-b518-aeddcd856f44,2.603178843855858,2.603178843855858,1000.0,1,1,1
/OrderService/CreateOrderc15aa47a-e66a-4063-a8a0-ef8ff5de5a7c,6.712243892252445,6.712243892252445,1000.0,1,1,1
/OrderService/CreateOrderc8ee99ee-d8d0-4491-b7e7-3a5864d20bf8,2.650731708854437,2.650731708854437,1000.0,1,1,1
/OrderService/CreateOrderce113930-1bbb-4852-a890-1c4ec0f1f392,2.447216771543026,2.447216771543026,1000.0,1,1,1
/OrderService/CreateOrderd056a538-f46d-4439-83dc-b75b4cec35fe,2.2421679459512234,2.2421679459512234,1000.0,1,1,1
/OrderService/CreateOrderd27ea8f3-34b8-45f8-924d-b2fb4ea74d70,9.27090272307396,9.27090272307396,1000.0,1,1,1
/OrderService/CreateOrderd333c090-2eaa-4a1e-a7d2-a906ef35a4ac,3.015273716300726,3.015273716300726,1000.0,1,1,1
/OrderService/CreateOrderd8509fec-7812-4fbb-804f-6016aea88656,4.399590659886599,4.399590659886599,1000.0,1,1,1
/OrderService/CreateOrderddb21de8-ab43-461c-8f84-08a8affff7ed,2.7608261443674564,2.7608261443674564,1000.0,1,1,1
/OrderService/CreateOrdere2b2ce1d-230e-4443-9227-1270ddeb21f9,2.2108443081378937,2.2108443081378937,1000.0,1,1,1
/OrderService/CreateOrdere4d09727-20bc-44c0-b7cd-d6cc3a7bc691,8.926454931497574,8.926454931497574,1000.0,1,1,1
/OrderService/CreateOrderf319d83e-9d07-4312-a224-07046cae65d4,13.461806811392307,13.461806811392307,999.0,1,1,1
/OrderService/CreateOrderf4e35a2e-8a56-4cf1-bd0d-9c514aebd324,2.854519058018923,2.854519058018923,1000.0,1,1,1
/OrderService/CreateOrderf5d841d1-ac9c-4952-b9c4-a806dc2dc13c,3.0561680905520916,3.0561680905520916,1000.0,1,1,1
/OrderService/GetOrder034b9161-707f-4669-bb78-6edede0d51f8,1.8663788214325905,1.8663788214325905,3.0,1,1,1
/OrderService/GetOrder06a64fd0-a52a-4e5d-b283-39d8ce702492,1.8746200948953629,1.8746200948953629,2.0,1,1,1
/OrderService/GetOrder079846f9-cb95-447d-8f94-11e68bcc4b79,2.2089718841016293,2.2089718841016293,3.0,1,1,1
/OrderService/GetOrder0960ce6c-8761-4670-916b-5638612752dd,1.9376091659069061,1.9376091659069061,3.0,1,1,1
/OrderService/GetOrder09e82600-035f-41d1-aecf-d08000b14550,2.355725970119238,2.355725970119238,3.0,1,1,1
/OrderService/GetOrder1010d423-832e-4a6e-a3c8-36cf37a89fe0,2.0647640340030193,2.0647640340030193,3.0,1,1,1
/OrderService/GetOrder10878e86-e20b-4254-acf0-bba33b6d6ecf,1.8129190430045128,1.8129190430045128,3.0,1,1,1
/OrderService/GetOrder117f2d6a-227a-4eb4-98f5-6ef827193ba2,2.1635950542986393,2.1635950542986393,3.0,1,1,1
/OrderService/GetOrder153dda8c-4cd4-4020-9196-0ec85963d2c3,1.7422148957848549,1.7422148957848549,3.0,1,1,1
/OrderService/GetOrder17f025c6-72ce-45b2-af06-c7f0f50b8508,6.927172653377056,6.927172653377056,3.0,1,1,1
/OrderService/GetOrder19999a4d-82e7-47ef-953b-05ce5e579eba,2.3022289387881756,2.3022289387881756,3.0,1,1,1
/OrderService/GetOrder1bed10aa-d157-4c30-918c-1746cb7f13e6,1.695576123893261,1.695576123893261,3.0,1,1,1
/OrderService/GetOrder1e63c54b-55f5-414f-8605-4c5cd33f6065,1.0710232891142368,1.0710232891142368,3.0,1,1,1
/OrderService/GetOrder22aff7a9-c856-4102-a5fb-b1cd851c4845,3.4858863800764084,3.4858863800764084,3.0,1,1,1
/OrderService/GetOrder24dbcf2e-c2ff-4c8e-91c7-035b6713df53,1.7066369764506817,1.7066369764506817,3.0,1,1,1
/OrderService/GetOrder24fb776b-fd51-4ea0-bbf9-84a2debe003a,2.4305758997797966,2.4305758997797966,3.0,1,1,1
/OrderService/GetOrder284b3d20-bb4b-493b-bdbf-3134413d6ace,2.2944300435483456,2.2944300435483456,2.0,1,1,1
/OrderService/GetOrder28f69510-926a-4cb7-8f5d-ed60c562d71d,1.5717828646302223,1.5717828646302223,3.0,1,1,1
/OrderService/GetOrder2c4dc936-f30b-4de0-8690-c4cd2060493f,1.8442990258336067,1.8442990258336067,3.0,1,1,1
/OrderService/GetOrder2f74ac7f-6f7c-44f8-aac6-a465a622f983,2.293297089636326,2.293297089636326,3.0,1,1,1
/OrderService/GetOrder35f12897-f473-49ed-9497-fdf5e7876367,2.3410613648593426,2.3410613648593426,3.0,1,1,1
/OrderService/GetOrder36400712-5196-4ea4-b022-0b4066d0f7b1,1.977741252630949,1.977741252630949,2.0,1,1,1
/OrderService/GetOrder3ad851f7-6ecb-47a4-8832-011b6471a779,2.0462670363485813,2.0462670363485813,3.0,1,1,1
/OrderService/GetOrder3b53539f-b392-4b83-b088-7104d64c12f9,1.508904155343771,1.508904155343771,3.0,1,1,1
/OrderService/GetOrder3ea27f23-b59b-406b-83a5-1b53a09d3e42,5.189982708543539,5.189982708543539,3.0,1,1,1
/OrderService/GetOrder3f049c0d-a2bb-4b96-b454-b9c2004f5179,2.83395079895854,2.83395079895854,3.0,1,1,1
/OrderService/GetOrder3f1e0247-c858-49e8-a11b-fdcd41ab026f,3.1390381045639515,3.1390381045639515,3.0,1,1,1
/OrderService/GetOrder432cd9af-a6a0-4b49-b361-2b2cb71149ca,1.5603979118168354,1.5603979118168354,3.0,1,1,1
/OrderService/GetOrder46ca964d-ed4b-4786-a22b-64f6bc86eb36,2.6795752346515656,2.6795752346515656,3.0,1,1,1
/OrderService/GetOrder5399d34c-3359-4249-86ae-489366482cec,6.0189589858055115,6.0189589858055115,3.0,1,1,1
/OrderService/GetOrder55751c0c-01be-49f8-b3de-bcd6eab22f45,1.8092459067702293,1.8092459067702293,3.0,1,1,1
/OrderService/GetOrder562a9d77-1dfc-43b5-b487-a3b1f4957c60,4.323085770010948,4.323085770010948,3.0,1,1,1
/OrderService/GetOrder59c94586-befa-4907-8036-9eed4bbebf3e,1.8554679118096828,1.8554679118096828,3.0,1,1,1
/OrderService/GetOrder5adc1362-27e5-44a0-b4c8-86f6c49b8542,2.7005053125321865,2.7005053125321865,3.0,1,1,1
/OrderService/GetOrder5bc0b4a4-9bee-4e03-bf84-5650f3fd3db2,3.322059288620949,3.322059288620949,3.0,1,1,1
/OrderService/GetOrder62a32a0e-a18d-4ada-8feb-685f62ab42ff,2.362153958529234,2.362153958529234,3.0,1,1,1
/OrderService/GetOrder6c510873-98df-466d-83a3-b628a23bc1c9,1.2263469398021698,1.2263469398021698,3.0,1,1,1
/OrderService/GetOrder6fe01d2d-9edb-433d-8cd9-d2cca1b9a196,6.135322153568268,6.135322153568268,3.0,1,1,1
/OrderService/GetOrder7557ff53-698c-4315-ad3a-b74344109ccb,3.3867619931697845,3.3867619931697845,3.0,1,1,1
/OrderService/GetOrder763a0c5c-7acc-4127-8db3-9851d3d3d264,1.8753879703581333,1.8753879703581333,3.0,1,1,1
/OrderService/GetOrder799e0bff-e489-4db2-818c-f0ce0c04d939,3.988121636211872,3.988121636211872,3.0,1,1,1
/OrderService/GetOrder7ba24297-279a-4350-ac42-e0b52ba32aca,3.495332784950733,3.495332784950733,3.0,1,1,1
/OrderService/GetOrder809380bf-2448-4e89-8b54-3721d72a89ec,2.395428717136383,2.395428717136383,3.0,1,1,1
/OrderService/GetOrder818bf4c8-d49b-4974-8121-a38a7dfe7cf8,1.67521508410573,1.67521508410573,3.0,1,1,1
/OrderService/GetOrder81fbdd61-4da9-428a-9a48-997354a8aa00,3.6765197291970253,3.6765197291970253,3.0,1,1,1
/OrderService/GetOrder8219aa76-449e-49ed-a54c-83fc2988a0d9,2.8349393978714943,2.8349393978714943,3.0,1,1,1
/OrderService/GetOrder8e50bca3-6e85-4738-87bf-f1e760778385,7.392751984298229,7.392751984298229,3.0,1,1,1
/OrderService/GetOrder955fa8d4-50ce-4c5e-87d4-10142073bc9b,2.9371092095971107,2.9371092095971107,2.0,1,1,1
/OrderService/GetOrder9b28115a-cf35-4a1d-93c4-6d31ee1fe09f,1.902816817164421,1.902816817164421,3.0,1,1,1
/OrderService/GetOrder9c5308d9-26f5-4698-ad05-3ea6e36eb309,3.717488143593073,3.717488143593073,3.0,1,1,1
/OrderService/GetOrder9d7f1623-3611-4153-b325-6f898956a2b6,2.1851249039173126,2.1851249039173126,2.0,1,1,1
/OrderService/GetOrder9fd104bd-dc30-4173-b9ac-57f3fd9bd04c,1.611009705811739,1.611009705811739,3.0,1,1,1
/OrderService/GetOrdera1e30445-b770-415c-ae7b-8f89df53665a,1.8693311139941216,1.8693311139941216,3.0,1,1,1
/OrderService/GetOrdera527a165-5b51-476f-9661-71b9d8b4b206,2.6963907293975353,2.6963907293975353,3.0,1,1,1
/OrderService/GetOrdera8872e3a-a02a-43d1-833c-dc456638dc64,1.9221268594264984,1.9221268594264984,3.0,1,1,1
/OrderService/GetOrderaf1762df-d0a5-4d86-869e-fb31f765df03,4.862912930548191,4.862912930548191,3.0,1,1,1
/OrderService/GetOrderafc82c63-5949-45a4-a22f-988051c2ca55,2.2385139018297195,2.2385139018297195,3.0,1,1,1
/OrderService/GetOrderb3c38c6f-f01c-4455-9ba8-944896d069c5,2.209578175097704,2.209578175097704,3.0,1,1,1
/OrderService/GetOrderb58c2494-3ff5-4ee5-9901-106ff1fc9d79,2.2631241008639336,2.2631241008639336,3.0,1,1,1
/OrderService/GetOrderb73a6156-c0ff-4278-a093-0a52bd2c790c,3.1310152262449265,3.1310152262449265,3.0,1,1,1
/OrderService/GetOrderbe3a4498-2c78-436b-80a9-78cc1fdaab64,2.124220132827759,2.124220132827759,2.0,1,1,1
/OrderService/GetOrderbe445085-b19b-4bbb-a715-ff8e44015d4c,2.8572226874530315,2.8572226874530315,3.0,1,1,1
/OrderService/GetOrderc174d292-9bea-4a95-b96c-d17d086b3699,9.084036108106375,9.084036108106375,3.0,1,1,1
/OrderService/GetOrderc7e931b1-9303-4a88-b47b-c5484de8f924,2.8793266974389553,2.8793266974389553,3.0,1,1,1
/OrderService/GetOrderccfae2ee-74e1-4419-9c69-720a19c8d751,3.7627038545906544,3.7627038545906544,2.0,1,1,1
/OrderService/GetOrderceb619d8-fd68-422a-ba8a-ba7c6d7cea6b,1.834305003285408,1.834305003285408,3.0,1,1,1
/OrderService/GetOrderd2a87e38-1d3e-4da0-b4fc-adaadfd2d76f,2.394096925854683,2.394096925854683,3.0,1,1,1
/OrderService/GetOrderd4377592-d200-4eaf-aaa0-5437419f5e17,1.6530840657651424,1.6530840657651424,3.0,1,1,1
/OrderService/GetOrderd4c726be-5c5a-4e59-9057-2b18c3d61bed,1.7952839843928814,1.7952839843928814,3.0,1,1,1
/OrderService/GetOrderdebf7861-ef03-454b-a8ff-4368cdac9d58,2.1181819029152393,2.1181819029152393,3.0,1,1,1
/OrderService/GetOrdere7a51272-67fc-4c13-9800-e6d01d42e8a3,2.1074991673231125,2.1074991673231125,3.0,1,1,1
/OrderService/GetOrdere98611e1-a112-43af-bbf6-5598574e457b,1.5148939564824104,1.5148939564824104,3.0,1,1,1
/OrderService/GetOrderee76533c-e698-45f3-87ed-c47647a2e231,4.858803935348988,4.858803935348988,3.0,1,1,1
/OrderService/GetOrdereef76a53-3924-46f3-bad4-7f60c14b380c,1.9560279324650764,1.9560279324650764,3.0,1,1,1
/OrderService/GetOrderef3f0c2f-e329-4ff4-bc34-2b4aadf4c5a4,2.5611971504986286,2.5611971504986286,2.0,1,1,1
/OrderService/GetOrderf056e283-124b-4301-bf2d-8405788c8761,1.9364841282367706,1.9364841282367706,3.0,1,1,1
/OrderService/GetOrderf2beb52f-6bf4-4eef-aaa9-1950233d7144,1.4414801262319088,1.4414801262319088,3.0,1,1,1
/OrderService/GetOrderf8a4d902-6dee-464c-83e5-94964c955eab,7.713639177381992,7.713639177381992,3.0,1,1,1
/OrderService/GetOrderfc243297-be2d-4055-a4ae-c74c7ec316e0,2.276141196489334,2.276141196489334,3.0,1,1,1
/OrderService/GetOrderfc5207de-16e1-4195-a3f6-c042f4978be2,4.279922228306532,4.279922228306532,3.0,1,1,1
Aggregated,6.125678531680023,4.0,625.975,-1,1,1
